solid OpenSCAD_Model
  facet normal -0.290182 0.956971 0
    outer loop
      vertex 15.3006 23.1294 0
      vertex 14.9817 23.0327 0.799999
      vertex 15.3006 23.1294 0.799999
    endloop
  endfacet
  facet normal -0.290182 0.956971 0
    outer loop
      vertex 14.9817 23.0327 0.799999
      vertex 15.3006 23.1294 0
      vertex 14.9817 23.0327 0
    endloop
  endfacet
  facet normal -0.956971 -0.290182 0
    outer loop
      vertex 16.3173 25.0317 0
      vertex 16.2206 25.3506 0.799999
      vertex 16.2206 25.3506 0
    endloop
  endfacet
  facet normal -0.956971 -0.290182 0
    outer loop
      vertex 16.2206 25.3506 0.799999
      vertex 16.3173 25.0317 0
      vertex 16.3173 25.0317 0.799999
    endloop
  endfacet
  facet normal -0.995176 -0.0981075 0
    outer loop
      vertex 16.35 24.7 0
      vertex 16.3173 25.0317 0.799999
      vertex 16.3173 25.0317 0
    endloop
  endfacet
  facet normal -0.995176 -0.0981075 0
    outer loop
      vertex 16.3173 25.0317 0.799999
      vertex 16.35 24.7 0
      vertex 16.35 24.7 0.799999
    endloop
  endfacet
  facet normal -0.881912 -0.471413 0
    outer loop
      vertex 16.2206 25.3506 0
      vertex 16.0635 25.6445 0.799999
      vertex 16.0635 25.6445 0
    endloop
  endfacet
  facet normal -0.881912 -0.471413 0
    outer loop
      vertex 16.0635 25.6445 0.799999
      vertex 16.2206 25.3506 0
      vertex 16.2206 25.3506 0.799999
    endloop
  endfacet
  facet normal 0.881912 0.471413 0
    outer loop
      vertex 13.2365 23.7555 0.799999
      vertex 13.0794 24.0494 0
      vertex 13.0794 24.0494 0.799999
    endloop
  endfacet
  facet normal 0.881912 0.471413 0
    outer loop
      vertex 13.0794 24.0494 0
      vertex 13.2365 23.7555 0.799999
      vertex 13.2365 23.7555 0
    endloop
  endfacet
  facet normal -0.290182 -0.956971 0
    outer loop
      vertex 14.9817 26.3673 0
      vertex 15.3006 26.2706 0.799999
      vertex 14.9817 26.3673 0.799999
    endloop
  endfacet
  facet normal -0.290182 -0.956971 -0
    outer loop
      vertex 15.3006 26.2706 0.799999
      vertex 14.9817 26.3673 0
      vertex 15.3006 26.2706 0
    endloop
  endfacet
  facet normal 0.0981075 -0.995176 0
    outer loop
      vertex 14.3183 26.3673 0
      vertex 14.65 26.4 0.799999
      vertex 14.3183 26.3673 0.799999
    endloop
  endfacet
  facet normal 0.0981075 -0.995176 0
    outer loop
      vertex 14.65 26.4 0.799999
      vertex 14.3183 26.3673 0
      vertex 14.65 26.4 0
    endloop
  endfacet
  facet normal 0.471413 0.881912 -0
    outer loop
      vertex 13.9994 23.1294 0
      vertex 13.7055 23.2865 0.799999
      vertex 13.9994 23.1294 0.799999
    endloop
  endfacet
  facet normal 0.471413 0.881912 0
    outer loop
      vertex 13.7055 23.2865 0.799999
      vertex 13.9994 23.1294 0
      vertex 13.7055 23.2865 0
    endloop
  endfacet
  facet normal 0.471413 -0.881912 0
    outer loop
      vertex 13.7055 26.1135 0
      vertex 13.9994 26.2706 0.799999
      vertex 13.7055 26.1135 0.799999
    endloop
  endfacet
  facet normal 0.471413 -0.881912 0
    outer loop
      vertex 13.9994 26.2706 0.799999
      vertex 13.7055 26.1135 0
      vertex 13.9994 26.2706 0
    endloop
  endfacet
  facet normal -0.471413 0.881912 0
    outer loop
      vertex 15.5945 23.2865 0
      vertex 15.3006 23.1294 0.799999
      vertex 15.5945 23.2865 0.799999
    endloop
  endfacet
  facet normal -0.471413 0.881912 0
    outer loop
      vertex 15.3006 23.1294 0.799999
      vertex 15.5945 23.2865 0
      vertex 15.3006 23.1294 0
    endloop
  endfacet
  facet normal 0.773021 -0.634381 0
    outer loop
      vertex 13.2365 25.6445 0.799999
      vertex 13.4479 25.9021 0
      vertex 13.4479 25.9021 0.799999
    endloop
  endfacet
  facet normal 0.773021 -0.634381 0
    outer loop
      vertex 13.4479 25.9021 0
      vertex 13.2365 25.6445 0.799999
      vertex 13.2365 25.6445 0
    endloop
  endfacet
  facet normal -0.773021 -0.634381 0
    outer loop
      vertex 16.0635 25.6445 0
      vertex 15.8521 25.9021 0.799999
      vertex 15.8521 25.9021 0
    endloop
  endfacet
  facet normal -0.773021 -0.634381 0
    outer loop
      vertex 15.8521 25.9021 0.799999
      vertex 16.0635 25.6445 0
      vertex 16.0635 25.6445 0.799999
    endloop
  endfacet
  facet normal -0.773021 0.634381 0
    outer loop
      vertex 15.8521 23.4979 0
      vertex 16.0635 23.7555 0.799999
      vertex 16.0635 23.7555 0
    endloop
  endfacet
  facet normal -0.773021 0.634381 0
    outer loop
      vertex 16.0635 23.7555 0.799999
      vertex 15.8521 23.4979 0
      vertex 15.8521 23.4979 0.799999
    endloop
  endfacet
  facet normal 0.0981075 0.995176 -0
    outer loop
      vertex 14.65 23 0
      vertex 14.3183 23.0327 0.799999
      vertex 14.65 23 0.799999
    endloop
  endfacet
  facet normal 0.0981075 0.995176 0
    outer loop
      vertex 14.3183 23.0327 0.799999
      vertex 14.65 23 0
      vertex 14.3183 23.0327 0
    endloop
  endfacet
  facet normal 0.290182 -0.956971 0
    outer loop
      vertex 13.9994 26.2706 0
      vertex 14.3183 26.3673 0.799999
      vertex 13.9994 26.2706 0.799999
    endloop
  endfacet
  facet normal 0.290182 -0.956971 0
    outer loop
      vertex 14.3183 26.3673 0.799999
      vertex 13.9994 26.2706 0
      vertex 14.3183 26.3673 0
    endloop
  endfacet
  facet normal -0.634381 0.773021 0
    outer loop
      vertex 15.8521 23.4979 0
      vertex 15.5945 23.2865 0.799999
      vertex 15.8521 23.4979 0.799999
    endloop
  endfacet
  facet normal -0.634381 0.773021 0
    outer loop
      vertex 15.5945 23.2865 0.799999
      vertex 15.8521 23.4979 0
      vertex 15.5945 23.2865 0
    endloop
  endfacet
  facet normal -0.995176 0.0981075 0
    outer loop
      vertex 16.3173 24.3683 0
      vertex 16.35 24.7 0.799999
      vertex 16.35 24.7 0
    endloop
  endfacet
  facet normal -0.995176 0.0981075 0
    outer loop
      vertex 16.35 24.7 0.799999
      vertex 16.3173 24.3683 0
      vertex 16.3173 24.3683 0.799999
    endloop
  endfacet
  facet normal 0.290182 0.956971 -0
    outer loop
      vertex 14.3183 23.0327 0
      vertex 13.9994 23.1294 0.799999
      vertex 14.3183 23.0327 0.799999
    endloop
  endfacet
  facet normal 0.290182 0.956971 0
    outer loop
      vertex 13.9994 23.1294 0.799999
      vertex 14.3183 23.0327 0
      vertex 13.9994 23.1294 0
    endloop
  endfacet
  facet normal -0.956971 0.290182 0
    outer loop
      vertex 16.2206 24.0494 0
      vertex 16.3173 24.3683 0.799999
      vertex 16.3173 24.3683 0
    endloop
  endfacet
  facet normal -0.956971 0.290182 0
    outer loop
      vertex 16.3173 24.3683 0.799999
      vertex 16.2206 24.0494 0
      vertex 16.2206 24.0494 0.799999
    endloop
  endfacet
  facet normal 0.956971 0.290182 0
    outer loop
      vertex 13.0794 24.0494 0.799999
      vertex 12.9827 24.3683 0
      vertex 12.9827 24.3683 0.799999
    endloop
  endfacet
  facet normal 0.956971 0.290182 0
    outer loop
      vertex 12.9827 24.3683 0
      vertex 13.0794 24.0494 0.799999
      vertex 13.0794 24.0494 0
    endloop
  endfacet
  facet normal -0.881912 0.471413 0
    outer loop
      vertex 16.0635 23.7555 0
      vertex 16.2206 24.0494 0.799999
      vertex 16.2206 24.0494 0
    endloop
  endfacet
  facet normal -0.881912 0.471413 0
    outer loop
      vertex 16.2206 24.0494 0.799999
      vertex 16.0635 23.7555 0
      vertex 16.0635 23.7555 0.799999
    endloop
  endfacet
  facet normal 0.995176 -0.0981075 0
    outer loop
      vertex 12.95 24.7 0.799999
      vertex 12.9827 25.0317 0
      vertex 12.9827 25.0317 0.799999
    endloop
  endfacet
  facet normal 0.995176 -0.0981075 0
    outer loop
      vertex 12.9827 25.0317 0
      vertex 12.95 24.7 0.799999
      vertex 12.95 24.7 0
    endloop
  endfacet
  facet normal -0.0981075 -0.995176 0
    outer loop
      vertex 14.65 26.4 0
      vertex 14.9817 26.3673 0.799999
      vertex 14.65 26.4 0.799999
    endloop
  endfacet
  facet normal -0.0981075 -0.995176 -0
    outer loop
      vertex 14.9817 26.3673 0.799999
      vertex 14.65 26.4 0
      vertex 14.9817 26.3673 0
    endloop
  endfacet
  facet normal 0.634381 -0.773021 0
    outer loop
      vertex 13.4479 25.9021 0
      vertex 13.7055 26.1135 0.799999
      vertex 13.4479 25.9021 0.799999
    endloop
  endfacet
  facet normal 0.634381 -0.773021 0
    outer loop
      vertex 13.7055 26.1135 0.799999
      vertex 13.4479 25.9021 0
      vertex 13.7055 26.1135 0
    endloop
  endfacet
  facet normal -0.634381 -0.773021 0
    outer loop
      vertex 15.5945 26.1135 0
      vertex 15.8521 25.9021 0.799999
      vertex 15.5945 26.1135 0.799999
    endloop
  endfacet
  facet normal -0.634381 -0.773021 -0
    outer loop
      vertex 15.8521 25.9021 0.799999
      vertex 15.5945 26.1135 0
      vertex 15.8521 25.9021 0
    endloop
  endfacet
  facet normal -0.0981075 0.995176 0
    outer loop
      vertex 14.9817 23.0327 0
      vertex 14.65 23 0.799999
      vertex 14.9817 23.0327 0.799999
    endloop
  endfacet
  facet normal -0.0981075 0.995176 0
    outer loop
      vertex 14.65 23 0.799999
      vertex 14.9817 23.0327 0
      vertex 14.65 23 0
    endloop
  endfacet
  facet normal -0.471413 -0.881912 0
    outer loop
      vertex 15.3006 26.2706 0
      vertex 15.5945 26.1135 0.799999
      vertex 15.3006 26.2706 0.799999
    endloop
  endfacet
  facet normal -0.471413 -0.881912 -0
    outer loop
      vertex 15.5945 26.1135 0.799999
      vertex 15.3006 26.2706 0
      vertex 15.5945 26.1135 0
    endloop
  endfacet
  facet normal 0.773021 0.634381 0
    outer loop
      vertex 13.4479 23.4979 0.799999
      vertex 13.2365 23.7555 0
      vertex 13.2365 23.7555 0.799999
    endloop
  endfacet
  facet normal 0.773021 0.634381 0
    outer loop
      vertex 13.2365 23.7555 0
      vertex 13.4479 23.4979 0.799999
      vertex 13.4479 23.4979 0
    endloop
  endfacet
  facet normal 0.634381 0.773021 -0
    outer loop
      vertex 13.7055 23.2865 0
      vertex 13.4479 23.4979 0.799999
      vertex 13.7055 23.2865 0.799999
    endloop
  endfacet
  facet normal 0.634381 0.773021 0
    outer loop
      vertex 13.4479 23.4979 0.799999
      vertex 13.7055 23.2865 0
      vertex 13.4479 23.4979 0
    endloop
  endfacet
  facet normal 0.956971 -0.290182 0
    outer loop
      vertex 12.9827 25.0317 0.799999
      vertex 13.0794 25.3506 0
      vertex 13.0794 25.3506 0.799999
    endloop
  endfacet
  facet normal 0.956971 -0.290182 0
    outer loop
      vertex 13.0794 25.3506 0
      vertex 12.9827 25.0317 0.799999
      vertex 12.9827 25.0317 0
    endloop
  endfacet
  facet normal 0.881912 -0.471413 0
    outer loop
      vertex 13.0794 25.3506 0.799999
      vertex 13.2365 25.6445 0
      vertex 13.2365 25.6445 0.799999
    endloop
  endfacet
  facet normal 0.881912 -0.471413 0
    outer loop
      vertex 13.2365 25.6445 0
      vertex 13.0794 25.3506 0.799999
      vertex 13.0794 25.3506 0
    endloop
  endfacet
  facet normal 0.995176 0.0981075 0
    outer loop
      vertex 12.9827 24.3683 0.799999
      vertex 12.95 24.7 0
      vertex 12.95 24.7 0.799999
    endloop
  endfacet
  facet normal 0.995176 0.0981075 0
    outer loop
      vertex 12.95 24.7 0
      vertex 12.9827 24.3683 0.799999
      vertex 12.9827 24.3683 0
    endloop
  endfacet
  facet normal -0.290291 0.956939 0
    outer loop
      vertex 15.8363 21.836 0.799999
      vertex 15.2548 21.6596 3
      vertex 15.8363 21.836 3
    endloop
  endfacet
  facet normal -0.290291 0.956939 0
    outer loop
      vertex 15.2548 21.6596 3
      vertex 15.8363 21.836 0.799999
      vertex 15.2548 21.6596 0.799999
    endloop
  endfacet
  facet normal -0.956939 -0.290291 0
    outer loop
      vertex 17.6904 25.3048 0.799999
      vertex 17.514 25.8863 3
      vertex 17.514 25.8863 0.799999
    endloop
  endfacet
  facet normal -0.956939 -0.290291 0
    outer loop
      vertex 17.514 25.8863 3
      vertex 17.6904 25.3048 0.799999
      vertex 17.6904 25.3048 3
    endloop
  endfacet
  facet normal -0.99518 -0.0980699 0
    outer loop
      vertex 17.75 24.7 0.799999
      vertex 17.6904 25.3048 3
      vertex 17.6904 25.3048 0.799999
    endloop
  endfacet
  facet normal -0.99518 -0.0980699 0
    outer loop
      vertex 17.6904 25.3048 3
      vertex 17.75 24.7 0.799999
      vertex 17.75 24.7 3
    endloop
  endfacet
  facet normal -0.881988 -0.471271 0
    outer loop
      vertex 17.514 25.8863 0.799999
      vertex 17.2276 26.4223 3
      vertex 17.2276 26.4223 0.799999
    endloop
  endfacet
  facet normal -0.881988 -0.471271 0
    outer loop
      vertex 17.2276 26.4223 3
      vertex 17.514 25.8863 0.799999
      vertex 17.514 25.8863 3
    endloop
  endfacet
  facet normal 0 0 1
    outer loop
      vertex 16.35 24.7 0.799999
      vertex 17.75 24.7 0.799999
      vertex 17.6904 25.3048 0.799999
    endloop
  endfacet
  facet normal 0 0 1
    outer loop
      vertex 16.3173 25.0317 0.799999
      vertex 17.6904 25.3048 0.799999
      vertex 17.514 25.8863 0.799999
    endloop
  endfacet
  facet normal 0 0 1
    outer loop
      vertex 17.75 24.7 0.799999
      vertex 16.35 24.7 0.799999
      vertex 17.6904 24.0952 0.799999
    endloop
  endfacet
  facet normal 0 0 1
    outer loop
      vertex 16.2206 25.3506 0.799999
      vertex 17.514 25.8863 0.799999
      vertex 17.2276 26.4223 0.799999
    endloop
  endfacet
  facet normal -0 0 1
    outer loop
      vertex 16.3173 24.3683 0.799999
      vertex 17.6904 24.0952 0.799999
      vertex 16.35 24.7 0.799999
    endloop
  endfacet
  facet normal 0 0 1
    outer loop
      vertex 16.0635 25.6445 0.799999
      vertex 17.2276 26.4223 0.799999
      vertex 16.842 26.892 0.799999
    endloop
  endfacet
  facet normal 0 0 1
    outer loop
      vertex 17.6904 24.0952 0.799999
      vertex 16.3173 24.3683 0.799999
      vertex 17.514 23.5137 0.799999
    endloop
  endfacet
  facet normal 0 0 1
    outer loop
      vertex 15.8521 25.9021 0.799999
      vertex 16.842 26.892 0.799999
      vertex 16.3723 27.2776 0.799999
    endloop
  endfacet
  facet normal -0 0 1
    outer loop
      vertex 16.2206 24.0494 0.799999
      vertex 17.514 23.5137 0.799999
      vertex 16.3173 24.3683 0.799999
    endloop
  endfacet
  facet normal 0 0 1
    outer loop
      vertex 17.514 23.5137 0.799999
      vertex 16.2206 24.0494 0.799999
      vertex 17.2276 22.9777 0.799999
    endloop
  endfacet
  facet normal 0 0 1
    outer loop
      vertex 17.6904 25.3048 0.799999
      vertex 16.3173 25.0317 0.799999
      vertex 16.35 24.7 0.799999
    endloop
  endfacet
  facet normal 0 0 1
    outer loop
      vertex 17.514 25.8863 0.799999
      vertex 16.2206 25.3506 0.799999
      vertex 16.3173 25.0317 0.799999
    endloop
  endfacet
  facet normal 0 0 1
    outer loop
      vertex 17.2276 26.4223 0.799999
      vertex 16.0635 25.6445 0.799999
      vertex 16.2206 25.3506 0.799999
    endloop
  endfacet
  facet normal 0 0 1
    outer loop
      vertex 16.842 26.892 0.799999
      vertex 15.8521 25.9021 0.799999
      vertex 16.0635 25.6445 0.799999
    endloop
  endfacet
  facet normal 0 0 1
    outer loop
      vertex 15.5945 26.1135 0.799999
      vertex 16.3723 27.2776 0.799999
      vertex 15.8363 27.564 0.799999
    endloop
  endfacet
  facet normal 0 0 1
    outer loop
      vertex 16.3723 27.2776 0.799999
      vertex 15.5945 26.1135 0.799999
      vertex 15.8521 25.9021 0.799999
    endloop
  endfacet
  facet normal 0 0 1
    outer loop
      vertex 15.8363 27.564 0.799999
      vertex 15.3006 26.2706 0.799999
      vertex 15.5945 26.1135 0.799999
    endloop
  endfacet
  facet normal 0 0 1
    outer loop
      vertex 15.2548 27.7404 0.799999
      vertex 15.3006 26.2706 0.799999
      vertex 15.8363 27.564 0.799999
    endloop
  endfacet
  facet normal 0 0 1
    outer loop
      vertex 15.2548 27.7404 0.799999
      vertex 14.9817 26.3673 0.799999
      vertex 15.3006 26.2706 0.799999
    endloop
  endfacet
  facet normal 0 0 1
    outer loop
      vertex 14.65 27.8 0.799999
      vertex 14.9817 26.3673 0.799999
      vertex 15.2548 27.7404 0.799999
    endloop
  endfacet
  facet normal 0 0 1
    outer loop
      vertex 14.65 27.8 0.799999
      vertex 14.65 26.4 0.799999
      vertex 14.9817 26.3673 0.799999
    endloop
  endfacet
  facet normal 0 0 1
    outer loop
      vertex 14.65 27.8 0.799999
      vertex 14.3183 26.3673 0.799999
      vertex 14.65 26.4 0.799999
    endloop
  endfacet
  facet normal -0 0 1
    outer loop
      vertex 14.0452 27.7404 0.799999
      vertex 14.3183 26.3673 0.799999
      vertex 14.65 27.8 0.799999
    endloop
  endfacet
  facet normal 0 0 1
    outer loop
      vertex 14.0452 27.7404 0.799999
      vertex 13.9994 26.2706 0.799999
      vertex 14.3183 26.3673 0.799999
    endloop
  endfacet
  facet normal -0 0 1
    outer loop
      vertex 13.4637 27.564 0.799999
      vertex 13.9994 26.2706 0.799999
      vertex 14.0452 27.7404 0.799999
    endloop
  endfacet
  facet normal 0 0 1
    outer loop
      vertex 13.9994 26.2706 0.799999
      vertex 13.4637 27.564 0.799999
      vertex 13.7055 26.1135 0.799999
    endloop
  endfacet
  facet normal -0 0 1
    outer loop
      vertex 12.9277 27.2776 0.799999
      vertex 13.7055 26.1135 0.799999
      vertex 13.4637 27.564 0.799999
    endloop
  endfacet
  facet normal 0 0 1
    outer loop
      vertex 13.7055 26.1135 0.799999
      vertex 12.9277 27.2776 0.799999
      vertex 13.4479 25.9021 0.799999
    endloop
  endfacet
  facet normal -0 0 1
    outer loop
      vertex 12.458 26.892 0.799999
      vertex 13.4479 25.9021 0.799999
      vertex 12.9277 27.2776 0.799999
    endloop
  endfacet
  facet normal 0 0 1
    outer loop
      vertex 13.4479 25.9021 0.799999
      vertex 12.458 26.892 0.799999
      vertex 13.2365 25.6445 0.799999
    endloop
  endfacet
  facet normal 0 0 1
    outer loop
      vertex 13.2365 25.6445 0.799999
      vertex 12.0724 26.4223 0.799999
      vertex 13.0794 25.3506 0.799999
    endloop
  endfacet
  facet normal -0 0 1
    outer loop
      vertex 12.0724 26.4223 0.799999
      vertex 13.2365 25.6445 0.799999
      vertex 12.458 26.892 0.799999
    endloop
  endfacet
  facet normal -0 0 1
    outer loop
      vertex 16.0635 23.7555 0.799999
      vertex 17.2276 22.9777 0.799999
      vertex 16.2206 24.0494 0.799999
    endloop
  endfacet
  facet normal 0 0 1
    outer loop
      vertex 17.2276 22.9777 0.799999
      vertex 16.0635 23.7555 0.799999
      vertex 16.842 22.508 0.799999
    endloop
  endfacet
  facet normal -0 0 1
    outer loop
      vertex 15.8521 23.4979 0.799999
      vertex 16.842 22.508 0.799999
      vertex 16.0635 23.7555 0.799999
    endloop
  endfacet
  facet normal 0 0 1
    outer loop
      vertex 16.842 22.508 0.799999
      vertex 15.8521 23.4979 0.799999
      vertex 16.3723 22.1224 0.799999
    endloop
  endfacet
  facet normal -0 0 1
    outer loop
      vertex 15.5945 23.2865 0.799999
      vertex 16.3723 22.1224 0.799999
      vertex 15.8521 23.4979 0.799999
    endloop
  endfacet
  facet normal 0 0 1
    outer loop
      vertex 16.3723 22.1224 0.799999
      vertex 15.5945 23.2865 0.799999
      vertex 15.8363 21.836 0.799999
    endloop
  endfacet
  facet normal -0 0 1
    outer loop
      vertex 15.3006 23.1294 0.799999
      vertex 15.8363 21.836 0.799999
      vertex 15.5945 23.2865 0.799999
    endloop
  endfacet
  facet normal 0 0 1
    outer loop
      vertex 15.3006 23.1294 0.799999
      vertex 15.2548 21.6596 0.799999
      vertex 15.8363 21.836 0.799999
    endloop
  endfacet
  facet normal -0 0 1
    outer loop
      vertex 14.9817 23.0327 0.799999
      vertex 15.2548 21.6596 0.799999
      vertex 15.3006 23.1294 0.799999
    endloop
  endfacet
  facet normal -0 0 1
    outer loop
      vertex 14.65 23 0.799999
      vertex 15.2548 21.6596 0.799999
      vertex 14.9817 23.0327 0.799999
    endloop
  endfacet
  facet normal 0 0 1
    outer loop
      vertex 14.65 23 0.799999
      vertex 14.65 21.6 0.799999
      vertex 15.2548 21.6596 0.799999
    endloop
  endfacet
  facet normal 0 0 1
    outer loop
      vertex 14.3183 23.0327 0.799999
      vertex 14.65 21.6 0.799999
      vertex 14.65 23 0.799999
    endloop
  endfacet
  facet normal 0 0 1
    outer loop
      vertex 14.3183 23.0327 0.799999
      vertex 14.0452 21.6596 0.799999
      vertex 14.65 21.6 0.799999
    endloop
  endfacet
  facet normal 0 0 1
    outer loop
      vertex 13.9994 23.1294 0.799999
      vertex 14.0452 21.6596 0.799999
      vertex 14.3183 23.0327 0.799999
    endloop
  endfacet
  facet normal 0 0 1
    outer loop
      vertex 13.4637 21.836 0.799999
      vertex 13.9994 23.1294 0.799999
      vertex 13.7055 23.2865 0.799999
    endloop
  endfacet
  facet normal 0 0 1
    outer loop
      vertex 13.9994 23.1294 0.799999
      vertex 13.4637 21.836 0.799999
      vertex 14.0452 21.6596 0.799999
    endloop
  endfacet
  facet normal 0 0 1
    outer loop
      vertex 12.9277 22.1224 0.799999
      vertex 13.7055 23.2865 0.799999
      vertex 13.4479 23.4979 0.799999
    endloop
  endfacet
  facet normal 0 0 1
    outer loop
      vertex 12.458 22.508 0.799999
      vertex 13.4479 23.4979 0.799999
      vertex 13.2365 23.7555 0.799999
    endloop
  endfacet
  facet normal 0 0 1
    outer loop
      vertex 12.0724 22.9777 0.799999
      vertex 13.2365 23.7555 0.799999
      vertex 13.0794 24.0494 0.799999
    endloop
  endfacet
  facet normal 0 0 1
    outer loop
      vertex 11.786 23.5137 0.799999
      vertex 13.0794 24.0494 0.799999
      vertex 12.9827 24.3683 0.799999
    endloop
  endfacet
  facet normal 0 0 1
    outer loop
      vertex 13.7055 23.2865 0.799999
      vertex 12.9277 22.1224 0.799999
      vertex 13.4637 21.836 0.799999
    endloop
  endfacet
  facet normal 0 0 1
    outer loop
      vertex 11.6096 24.0952 0.799999
      vertex 12.9827 24.3683 0.799999
      vertex 12.95 24.7 0.799999
    endloop
  endfacet
  facet normal -0 0 1
    outer loop
      vertex 11.786 25.8863 0.799999
      vertex 13.0794 25.3506 0.799999
      vertex 12.0724 26.4223 0.799999
    endloop
  endfacet
  facet normal 0 0 1
    outer loop
      vertex 13.0794 25.3506 0.799999
      vertex 11.786 25.8863 0.799999
      vertex 12.9827 25.0317 0.799999
    endloop
  endfacet
  facet normal 0 0 1
    outer loop
      vertex 13.4479 23.4979 0.799999
      vertex 12.458 22.508 0.799999
      vertex 12.9277 22.1224 0.799999
    endloop
  endfacet
  facet normal -0 0 1
    outer loop
      vertex 11.6096 25.3048 0.799999
      vertex 12.9827 25.0317 0.799999
      vertex 11.786 25.8863 0.799999
    endloop
  endfacet
  facet normal 0 0 1
    outer loop
      vertex 13.2365 23.7555 0.799999
      vertex 12.0724 22.9777 0.799999
      vertex 12.458 22.508 0.799999
    endloop
  endfacet
  facet normal 0 0 1
    outer loop
      vertex 12.9827 25.0317 0.799999
      vertex 11.6096 25.3048 0.799999
      vertex 12.95 24.7 0.799999
    endloop
  endfacet
  facet normal 0 0 1
    outer loop
      vertex 13.0794 24.0494 0.799999
      vertex 11.786 23.5137 0.799999
      vertex 12.0724 22.9777 0.799999
    endloop
  endfacet
  facet normal 0 0 1
    outer loop
      vertex 11.55 24.7 0.799999
      vertex 12.95 24.7 0.799999
      vertex 11.6096 25.3048 0.799999
    endloop
  endfacet
  facet normal 0 0 1
    outer loop
      vertex 12.9827 24.3683 0.799999
      vertex 11.6096 24.0952 0.799999
      vertex 11.786 23.5137 0.799999
    endloop
  endfacet
  facet normal 0 0 1
    outer loop
      vertex 12.95 24.7 0.799999
      vertex 11.55 24.7 0.799999
      vertex 11.6096 24.0952 0.799999
    endloop
  endfacet
  facet normal 0.881988 0.471271 0
    outer loop
      vertex 12.0724 22.9777 3
      vertex 11.786 23.5137 0.799999
      vertex 11.786 23.5137 3
    endloop
  endfacet
  facet normal 0.881988 0.471271 0
    outer loop
      vertex 11.786 23.5137 0.799999
      vertex 12.0724 22.9777 3
      vertex 12.0724 22.9777 0.799999
    endloop
  endfacet
  facet normal -0.290291 -0.956939 0
    outer loop
      vertex 15.2548 27.7404 0.799999
      vertex 15.8363 27.564 3
      vertex 15.2548 27.7404 3
    endloop
  endfacet
  facet normal -0.290291 -0.956939 -0
    outer loop
      vertex 15.8363 27.564 3
      vertex 15.2548 27.7404 0.799999
      vertex 15.8363 27.564 0.799999
    endloop
  endfacet
  facet normal 0.0980699 -0.99518 0
    outer loop
      vertex 14.0452 27.7404 0.799999
      vertex 14.65 27.8 3
      vertex 14.0452 27.7404 3
    endloop
  endfacet
  facet normal 0.0980699 -0.99518 0
    outer loop
      vertex 14.65 27.8 3
      vertex 14.0452 27.7404 0.799999
      vertex 14.65 27.8 0.799999
    endloop
  endfacet
  facet normal 0.471271 0.881988 -0
    outer loop
      vertex 13.4637 21.836 0.799999
      vertex 12.9277 22.1224 3
      vertex 13.4637 21.836 3
    endloop
  endfacet
  facet normal 0.471271 0.881988 0
    outer loop
      vertex 12.9277 22.1224 3
      vertex 13.4637 21.836 0.799999
      vertex 12.9277 22.1224 0.799999
    endloop
  endfacet
  facet normal 0.471271 -0.881988 0
    outer loop
      vertex 12.9277 27.2776 0.799999
      vertex 13.4637 27.564 3
      vertex 12.9277 27.2776 3
    endloop
  endfacet
  facet normal 0.471271 -0.881988 0
    outer loop
      vertex 13.4637 27.564 3
      vertex 12.9277 27.2776 0.799999
      vertex 13.4637 27.564 0.799999
    endloop
  endfacet
  facet normal -0.471271 0.881988 0
    outer loop
      vertex 16.3723 22.1224 0.799999
      vertex 15.8363 21.836 3
      vertex 16.3723 22.1224 3
    endloop
  endfacet
  facet normal -0.471271 0.881988 0
    outer loop
      vertex 15.8363 21.836 3
      vertex 16.3723 22.1224 0.799999
      vertex 15.8363 21.836 0.799999
    endloop
  endfacet
  facet normal 0.772908 -0.634518 0
    outer loop
      vertex 12.0724 26.4223 3
      vertex 12.458 26.892 0.799999
      vertex 12.458 26.892 3
    endloop
  endfacet
  facet normal 0.772908 -0.634518 0
    outer loop
      vertex 12.458 26.892 0.799999
      vertex 12.0724 26.4223 3
      vertex 12.0724 26.4223 0.799999
    endloop
  endfacet
  facet normal -0.772908 -0.634518 0
    outer loop
      vertex 17.2276 26.4223 0.799999
      vertex 16.842 26.892 3
      vertex 16.842 26.892 0.799999
    endloop
  endfacet
  facet normal -0.772908 -0.634518 0
    outer loop
      vertex 16.842 26.892 3
      vertex 17.2276 26.4223 0.799999
      vertex 17.2276 26.4223 3
    endloop
  endfacet
  facet normal -0.772908 0.634518 0
    outer loop
      vertex 16.842 22.508 0.799999
      vertex 17.2276 22.9777 3
      vertex 17.2276 22.9777 0.799999
    endloop
  endfacet
  facet normal -0.772908 0.634518 0
    outer loop
      vertex 17.2276 22.9777 3
      vertex 16.842 22.508 0.799999
      vertex 16.842 22.508 3
    endloop
  endfacet
  facet normal 0.0980699 0.99518 -0
    outer loop
      vertex 14.65 21.6 0.799999
      vertex 14.0452 21.6596 3
      vertex 14.65 21.6 3
    endloop
  endfacet
  facet normal 0.0980699 0.99518 0
    outer loop
      vertex 14.0452 21.6596 3
      vertex 14.65 21.6 0.799999
      vertex 14.0452 21.6596 0.799999
    endloop
  endfacet
  facet normal 0.290291 -0.956939 0
    outer loop
      vertex 13.4637 27.564 0.799999
      vertex 14.0452 27.7404 3
      vertex 13.4637 27.564 3
    endloop
  endfacet
  facet normal 0.290291 -0.956939 0
    outer loop
      vertex 14.0452 27.7404 3
      vertex 13.4637 27.564 0.799999
      vertex 14.0452 27.7404 0.799999
    endloop
  endfacet
  facet normal -0.634518 0.772908 0
    outer loop
      vertex 16.842 22.508 0.799999
      vertex 16.3723 22.1224 3
      vertex 16.842 22.508 3
    endloop
  endfacet
  facet normal -0.634518 0.772908 0
    outer loop
      vertex 16.3723 22.1224 3
      vertex 16.842 22.508 0.799999
      vertex 16.3723 22.1224 0.799999
    endloop
  endfacet
  facet normal -0.99518 0.0980699 0
    outer loop
      vertex 17.6904 24.0952 0.799999
      vertex 17.75 24.7 3
      vertex 17.75 24.7 0.799999
    endloop
  endfacet
  facet normal -0.99518 0.0980699 0
    outer loop
      vertex 17.75 24.7 3
      vertex 17.6904 24.0952 0.799999
      vertex 17.6904 24.0952 3
    endloop
  endfacet
  facet normal 0.290291 0.956939 -0
    outer loop
      vertex 14.0452 21.6596 0.799999
      vertex 13.4637 21.836 3
      vertex 14.0452 21.6596 3
    endloop
  endfacet
  facet normal 0.290291 0.956939 0
    outer loop
      vertex 13.4637 21.836 3
      vertex 14.0452 21.6596 0.799999
      vertex 13.4637 21.836 0.799999
    endloop
  endfacet
  facet normal -0.956939 0.290291 0
    outer loop
      vertex 17.514 23.5137 0.799999
      vertex 17.6904 24.0952 3
      vertex 17.6904 24.0952 0.799999
    endloop
  endfacet
  facet normal -0.956939 0.290291 0
    outer loop
      vertex 17.6904 24.0952 3
      vertex 17.514 23.5137 0.799999
      vertex 17.514 23.5137 3
    endloop
  endfacet
  facet normal 0.956939 0.290291 0
    outer loop
      vertex 11.786 23.5137 3
      vertex 11.6096 24.0952 0.799999
      vertex 11.6096 24.0952 3
    endloop
  endfacet
  facet normal 0.956939 0.290291 0
    outer loop
      vertex 11.6096 24.0952 0.799999
      vertex 11.786 23.5137 3
      vertex 11.786 23.5137 0.799999
    endloop
  endfacet
  facet normal -0.881988 0.471271 0
    outer loop
      vertex 17.2276 22.9777 0.799999
      vertex 17.514 23.5137 3
      vertex 17.514 23.5137 0.799999
    endloop
  endfacet
  facet normal -0.881988 0.471271 0
    outer loop
      vertex 17.514 23.5137 3
      vertex 17.2276 22.9777 0.799999
      vertex 17.2276 22.9777 3
    endloop
  endfacet
  facet normal 0.99518 -0.0980699 0
    outer loop
      vertex 11.55 24.7 3
      vertex 11.6096 25.3048 0.799999
      vertex 11.6096 25.3048 3
    endloop
  endfacet
  facet normal 0.99518 -0.0980699 0
    outer loop
      vertex 11.6096 25.3048 0.799999
      vertex 11.55 24.7 3
      vertex 11.55 24.7 0.799999
    endloop
  endfacet
  facet normal -0.0980699 -0.99518 0
    outer loop
      vertex 14.65 27.8 0.799999
      vertex 15.2548 27.7404 3
      vertex 14.65 27.8 3
    endloop
  endfacet
  facet normal -0.0980699 -0.99518 -0
    outer loop
      vertex 15.2548 27.7404 3
      vertex 14.65 27.8 0.799999
      vertex 15.2548 27.7404 0.799999
    endloop
  endfacet
  facet normal 0.634518 -0.772908 0
    outer loop
      vertex 12.458 26.892 0.799999
      vertex 12.9277 27.2776 3
      vertex 12.458 26.892 3
    endloop
  endfacet
  facet normal 0.634518 -0.772908 0
    outer loop
      vertex 12.9277 27.2776 3
      vertex 12.458 26.892 0.799999
      vertex 12.9277 27.2776 0.799999
    endloop
  endfacet
  facet normal -0.634518 -0.772908 0
    outer loop
      vertex 16.3723 27.2776 0.799999
      vertex 16.842 26.892 3
      vertex 16.3723 27.2776 3
    endloop
  endfacet
  facet normal -0.634518 -0.772908 -0
    outer loop
      vertex 16.842 26.892 3
      vertex 16.3723 27.2776 0.799999
      vertex 16.842 26.892 0.799999
    endloop
  endfacet
  facet normal -0.0980699 0.99518 0
    outer loop
      vertex 15.2548 21.6596 0.799999
      vertex 14.65 21.6 3
      vertex 15.2548 21.6596 3
    endloop
  endfacet
  facet normal -0.0980699 0.99518 0
    outer loop
      vertex 14.65 21.6 3
      vertex 15.2548 21.6596 0.799999
      vertex 14.65 21.6 0.799999
    endloop
  endfacet
  facet normal -0.471271 -0.881988 0
    outer loop
      vertex 15.8363 27.564 0.799999
      vertex 16.3723 27.2776 3
      vertex 15.8363 27.564 3
    endloop
  endfacet
  facet normal -0.471271 -0.881988 -0
    outer loop
      vertex 16.3723 27.2776 3
      vertex 15.8363 27.564 0.799999
      vertex 16.3723 27.2776 0.799999
    endloop
  endfacet
  facet normal 0.772908 0.634518 0
    outer loop
      vertex 12.458 22.508 3
      vertex 12.0724 22.9777 0.799999
      vertex 12.0724 22.9777 3
    endloop
  endfacet
  facet normal 0.772908 0.634518 0
    outer loop
      vertex 12.0724 22.9777 0.799999
      vertex 12.458 22.508 3
      vertex 12.458 22.508 0.799999
    endloop
  endfacet
  facet normal 0.634518 0.772908 -0
    outer loop
      vertex 12.9277 22.1224 0.799999
      vertex 12.458 22.508 3
      vertex 12.9277 22.1224 3
    endloop
  endfacet
  facet normal 0.634518 0.772908 0
    outer loop
      vertex 12.458 22.508 3
      vertex 12.9277 22.1224 0.799999
      vertex 12.458 22.508 0.799999
    endloop
  endfacet
  facet normal 0.956939 -0.290291 0
    outer loop
      vertex 11.6096 25.3048 3
      vertex 11.786 25.8863 0.799999
      vertex 11.786 25.8863 3
    endloop
  endfacet
  facet normal 0.956939 -0.290291 0
    outer loop
      vertex 11.786 25.8863 0.799999
      vertex 11.6096 25.3048 3
      vertex 11.6096 25.3048 0.799999
    endloop
  endfacet
  facet normal 0.881988 -0.471271 0
    outer loop
      vertex 11.786 25.8863 3
      vertex 12.0724 26.4223 0.799999
      vertex 12.0724 26.4223 3
    endloop
  endfacet
  facet normal 0.881988 -0.471271 0
    outer loop
      vertex 12.0724 26.4223 0.799999
      vertex 11.786 25.8863 3
      vertex 11.786 25.8863 0.799999
    endloop
  endfacet
  facet normal 0.99518 0.0980699 0
    outer loop
      vertex 11.6096 24.0952 3
      vertex 11.55 24.7 0.799999
      vertex 11.55 24.7 3
    endloop
  endfacet
  facet normal 0.99518 0.0980699 0
    outer loop
      vertex 11.55 24.7 0.799999
      vertex 11.6096 24.0952 3
      vertex 11.6096 24.0952 0.799999
    endloop
  endfacet
  facet normal -0.956971 -0.290182 0
    outer loop
      vertex -12.9827 25.0317 0
      vertex -13.0794 25.3506 0.799999
      vertex -13.0794 25.3506 0
    endloop
  endfacet
  facet normal -0.956971 -0.290182 0
    outer loop
      vertex -13.0794 25.3506 0.799999
      vertex -12.9827 25.0317 0
      vertex -12.9827 25.0317 0.799999
    endloop
  endfacet
  facet normal -0.995176 -0.0981075 0
    outer loop
      vertex -12.95 24.7 0
      vertex -12.9827 25.0317 0.799999
      vertex -12.9827 25.0317 0
    endloop
  endfacet
  facet normal -0.995176 -0.0981075 0
    outer loop
      vertex -12.9827 25.0317 0.799999
      vertex -12.95 24.7 0
      vertex -12.95 24.7 0.799999
    endloop
  endfacet
  facet normal -0.881912 -0.471413 0
    outer loop
      vertex -13.0794 25.3506 0
      vertex -13.2365 25.6445 0.799999
      vertex -13.2365 25.6445 0
    endloop
  endfacet
  facet normal -0.881912 -0.471413 0
    outer loop
      vertex -13.2365 25.6445 0.799999
      vertex -13.0794 25.3506 0
      vertex -13.0794 25.3506 0.799999
    endloop
  endfacet
  facet normal -0.634381 -0.773021 0
    outer loop
      vertex -13.7055 26.1135 0
      vertex -13.4479 25.9021 0.799999
      vertex -13.7055 26.1135 0.799999
    endloop
  endfacet
  facet normal -0.634381 -0.773021 -0
    outer loop
      vertex -13.4479 25.9021 0.799999
      vertex -13.7055 26.1135 0
      vertex -13.4479 25.9021 0
    endloop
  endfacet
  facet normal -0.773021 -0.634381 0
    outer loop
      vertex -13.2365 25.6445 0
      vertex -13.4479 25.9021 0.799999
      vertex -13.4479 25.9021 0
    endloop
  endfacet
  facet normal -0.773021 -0.634381 0
    outer loop
      vertex -13.4479 25.9021 0.799999
      vertex -13.2365 25.6445 0
      vertex -13.2365 25.6445 0.799999
    endloop
  endfacet
  facet normal -0.0981075 -0.995176 0
    outer loop
      vertex -14.65 26.4 0
      vertex -14.3183 26.3673 0.799999
      vertex -14.65 26.4 0.799999
    endloop
  endfacet
  facet normal -0.0981075 -0.995176 -0
    outer loop
      vertex -14.3183 26.3673 0.799999
      vertex -14.65 26.4 0
      vertex -14.3183 26.3673 0
    endloop
  endfacet
  facet normal 0.995176 0.0981075 0
    outer loop
      vertex -16.3173 24.3683 0.799999
      vertex -16.35 24.7 0
      vertex -16.35 24.7 0.799999
    endloop
  endfacet
  facet normal 0.995176 0.0981075 0
    outer loop
      vertex -16.35 24.7 0
      vertex -16.3173 24.3683 0.799999
      vertex -16.3173 24.3683 0
    endloop
  endfacet
  facet normal -0.881912 0.471413 0
    outer loop
      vertex -13.2365 23.7555 0
      vertex -13.0794 24.0494 0.799999
      vertex -13.0794 24.0494 0
    endloop
  endfacet
  facet normal -0.881912 0.471413 0
    outer loop
      vertex -13.0794 24.0494 0.799999
      vertex -13.2365 23.7555 0
      vertex -13.2365 23.7555 0.799999
    endloop
  endfacet
  facet normal -0.471413 -0.881912 0
    outer loop
      vertex -13.9994 26.2706 0
      vertex -13.7055 26.1135 0.799999
      vertex -13.9994 26.2706 0.799999
    endloop
  endfacet
  facet normal -0.471413 -0.881912 -0
    outer loop
      vertex -13.7055 26.1135 0.799999
      vertex -13.9994 26.2706 0
      vertex -13.7055 26.1135 0
    endloop
  endfacet
  facet normal 0.290182 -0.956971 0
    outer loop
      vertex -15.3006 26.2706 0
      vertex -14.9817 26.3673 0.799999
      vertex -15.3006 26.2706 0.799999
    endloop
  endfacet
  facet normal 0.290182 -0.956971 0
    outer loop
      vertex -14.9817 26.3673 0.799999
      vertex -15.3006 26.2706 0
      vertex -14.9817 26.3673 0
    endloop
  endfacet
  facet normal -0.471413 0.881912 0
    outer loop
      vertex -13.7055 23.2865 0
      vertex -13.9994 23.1294 0.799999
      vertex -13.7055 23.2865 0.799999
    endloop
  endfacet
  facet normal -0.471413 0.881912 0
    outer loop
      vertex -13.9994 23.1294 0.799999
      vertex -13.7055 23.2865 0
      vertex -13.9994 23.1294 0
    endloop
  endfacet
  facet normal -0.773021 0.634381 0
    outer loop
      vertex -13.4479 23.4979 0
      vertex -13.2365 23.7555 0.799999
      vertex -13.2365 23.7555 0
    endloop
  endfacet
  facet normal -0.773021 0.634381 0
    outer loop
      vertex -13.2365 23.7555 0.799999
      vertex -13.4479 23.4979 0
      vertex -13.4479 23.4979 0.799999
    endloop
  endfacet
  facet normal 0.634381 0.773021 -0
    outer loop
      vertex -15.5945 23.2865 0
      vertex -15.8521 23.4979 0.799999
      vertex -15.5945 23.2865 0.799999
    endloop
  endfacet
  facet normal 0.634381 0.773021 0
    outer loop
      vertex -15.8521 23.4979 0.799999
      vertex -15.5945 23.2865 0
      vertex -15.8521 23.4979 0
    endloop
  endfacet
  facet normal 0.956971 -0.290182 0
    outer loop
      vertex -16.3173 25.0317 0.799999
      vertex -16.2206 25.3506 0
      vertex -16.2206 25.3506 0.799999
    endloop
  endfacet
  facet normal 0.956971 -0.290182 0
    outer loop
      vertex -16.2206 25.3506 0
      vertex -16.3173 25.0317 0.799999
      vertex -16.3173 25.0317 0
    endloop
  endfacet
  facet normal -0.956971 0.290182 0
    outer loop
      vertex -13.0794 24.0494 0
      vertex -12.9827 24.3683 0.799999
      vertex -12.9827 24.3683 0
    endloop
  endfacet
  facet normal -0.956971 0.290182 0
    outer loop
      vertex -12.9827 24.3683 0.799999
      vertex -13.0794 24.0494 0
      vertex -13.0794 24.0494 0.799999
    endloop
  endfacet
  facet normal -0.995176 0.0981075 0
    outer loop
      vertex -12.9827 24.3683 0
      vertex -12.95 24.7 0.799999
      vertex -12.95 24.7 0
    endloop
  endfacet
  facet normal -0.995176 0.0981075 0
    outer loop
      vertex -12.95 24.7 0.799999
      vertex -12.9827 24.3683 0
      vertex -12.9827 24.3683 0.799999
    endloop
  endfacet
  facet normal 0.634381 -0.773021 0
    outer loop
      vertex -15.8521 25.9021 0
      vertex -15.5945 26.1135 0.799999
      vertex -15.8521 25.9021 0.799999
    endloop
  endfacet
  facet normal 0.634381 -0.773021 0
    outer loop
      vertex -15.5945 26.1135 0.799999
      vertex -15.8521 25.9021 0
      vertex -15.5945 26.1135 0
    endloop
  endfacet
  facet normal 0.881912 0.471413 0
    outer loop
      vertex -16.0635 23.7555 0.799999
      vertex -16.2206 24.0494 0
      vertex -16.2206 24.0494 0.799999
    endloop
  endfacet
  facet normal 0.881912 0.471413 0
    outer loop
      vertex -16.2206 24.0494 0
      vertex -16.0635 23.7555 0.799999
      vertex -16.0635 23.7555 0
    endloop
  endfacet
  facet normal 0.773021 0.634381 0
    outer loop
      vertex -15.8521 23.4979 0.799999
      vertex -16.0635 23.7555 0
      vertex -16.0635 23.7555 0.799999
    endloop
  endfacet
  facet normal 0.773021 0.634381 0
    outer loop
      vertex -16.0635 23.7555 0
      vertex -15.8521 23.4979 0.799999
      vertex -15.8521 23.4979 0
    endloop
  endfacet
  facet normal 0.471413 -0.881912 0
    outer loop
      vertex -15.5945 26.1135 0
      vertex -15.3006 26.2706 0.799999
      vertex -15.5945 26.1135 0.799999
    endloop
  endfacet
  facet normal 0.471413 -0.881912 0
    outer loop
      vertex -15.3006 26.2706 0.799999
      vertex -15.5945 26.1135 0
      vertex -15.3006 26.2706 0
    endloop
  endfacet
  facet normal 0.773021 -0.634381 0
    outer loop
      vertex -16.0635 25.6445 0.799999
      vertex -15.8521 25.9021 0
      vertex -15.8521 25.9021 0.799999
    endloop
  endfacet
  facet normal 0.773021 -0.634381 0
    outer loop
      vertex -15.8521 25.9021 0
      vertex -16.0635 25.6445 0.799999
      vertex -16.0635 25.6445 0
    endloop
  endfacet
  facet normal 0.0981075 -0.995176 0
    outer loop
      vertex -14.9817 26.3673 0
      vertex -14.65 26.4 0.799999
      vertex -14.9817 26.3673 0.799999
    endloop
  endfacet
  facet normal 0.0981075 -0.995176 0
    outer loop
      vertex -14.65 26.4 0.799999
      vertex -14.9817 26.3673 0
      vertex -14.65 26.4 0
    endloop
  endfacet
  facet normal 0.881912 -0.471413 0
    outer loop
      vertex -16.2206 25.3506 0.799999
      vertex -16.0635 25.6445 0
      vertex -16.0635 25.6445 0.799999
    endloop
  endfacet
  facet normal 0.881912 -0.471413 0
    outer loop
      vertex -16.0635 25.6445 0
      vertex -16.2206 25.3506 0.799999
      vertex -16.2206 25.3506 0
    endloop
  endfacet
  facet normal -0.290182 0.956971 0
    outer loop
      vertex -13.9994 23.1294 0
      vertex -14.3183 23.0327 0.799999
      vertex -13.9994 23.1294 0.799999
    endloop
  endfacet
  facet normal -0.290182 0.956971 0
    outer loop
      vertex -14.3183 23.0327 0.799999
      vertex -13.9994 23.1294 0
      vertex -14.3183 23.0327 0
    endloop
  endfacet
  facet normal 0.471413 0.881912 -0
    outer loop
      vertex -15.3006 23.1294 0
      vertex -15.5945 23.2865 0.799999
      vertex -15.3006 23.1294 0.799999
    endloop
  endfacet
  facet normal 0.471413 0.881912 0
    outer loop
      vertex -15.5945 23.2865 0.799999
      vertex -15.3006 23.1294 0
      vertex -15.5945 23.2865 0
    endloop
  endfacet
  facet normal -0.0981075 0.995176 0
    outer loop
      vertex -14.3183 23.0327 0
      vertex -14.65 23 0.799999
      vertex -14.3183 23.0327 0.799999
    endloop
  endfacet
  facet normal -0.0981075 0.995176 0
    outer loop
      vertex -14.65 23 0.799999
      vertex -14.3183 23.0327 0
      vertex -14.65 23 0
    endloop
  endfacet
  facet normal 0.995176 -0.0981075 0
    outer loop
      vertex -16.35 24.7 0.799999
      vertex -16.3173 25.0317 0
      vertex -16.3173 25.0317 0.799999
    endloop
  endfacet
  facet normal 0.995176 -0.0981075 0
    outer loop
      vertex -16.3173 25.0317 0
      vertex -16.35 24.7 0.799999
      vertex -16.35 24.7 0
    endloop
  endfacet
  facet normal -0.634381 0.773021 0
    outer loop
      vertex -13.4479 23.4979 0
      vertex -13.7055 23.2865 0.799999
      vertex -13.4479 23.4979 0.799999
    endloop
  endfacet
  facet normal -0.634381 0.773021 0
    outer loop
      vertex -13.7055 23.2865 0.799999
      vertex -13.4479 23.4979 0
      vertex -13.7055 23.2865 0
    endloop
  endfacet
  facet normal 0.956971 0.290182 0
    outer loop
      vertex -16.2206 24.0494 0.799999
      vertex -16.3173 24.3683 0
      vertex -16.3173 24.3683 0.799999
    endloop
  endfacet
  facet normal 0.956971 0.290182 0
    outer loop
      vertex -16.3173 24.3683 0
      vertex -16.2206 24.0494 0.799999
      vertex -16.2206 24.0494 0
    endloop
  endfacet
  facet normal -0.290182 -0.956971 0
    outer loop
      vertex -14.3183 26.3673 0
      vertex -13.9994 26.2706 0.799999
      vertex -14.3183 26.3673 0.799999
    endloop
  endfacet
  facet normal -0.290182 -0.956971 -0
    outer loop
      vertex -13.9994 26.2706 0.799999
      vertex -14.3183 26.3673 0
      vertex -13.9994 26.2706 0
    endloop
  endfacet
  facet normal 0.0981075 0.995176 -0
    outer loop
      vertex -14.65 23 0
      vertex -14.9817 23.0327 0.799999
      vertex -14.65 23 0.799999
    endloop
  endfacet
  facet normal 0.0981075 0.995176 0
    outer loop
      vertex -14.9817 23.0327 0.799999
      vertex -14.65 23 0
      vertex -14.9817 23.0327 0
    endloop
  endfacet
  facet normal 0.290182 0.956971 -0
    outer loop
      vertex -14.9817 23.0327 0
      vertex -15.3006 23.1294 0.799999
      vertex -14.9817 23.0327 0.799999
    endloop
  endfacet
  facet normal 0.290182 0.956971 0
    outer loop
      vertex -15.3006 23.1294 0.799999
      vertex -14.9817 23.0327 0
      vertex -15.3006 23.1294 0
    endloop
  endfacet
  facet normal 0.956939 0.290291 0
    outer loop
      vertex -17.514 23.5137 3
      vertex -17.6904 24.0952 0.799999
      vertex -17.6904 24.0952 3
    endloop
  endfacet
  facet normal 0.956939 0.290291 0
    outer loop
      vertex -17.6904 24.0952 0.799999
      vertex -17.514 23.5137 3
      vertex -17.514 23.5137 0.799999
    endloop
  endfacet
  facet normal -0.956939 -0.290291 0
    outer loop
      vertex -11.6096 25.3048 0.799999
      vertex -11.786 25.8863 3
      vertex -11.786 25.8863 0.799999
    endloop
  endfacet
  facet normal -0.956939 -0.290291 0
    outer loop
      vertex -11.786 25.8863 3
      vertex -11.6096 25.3048 0.799999
      vertex -11.6096 25.3048 3
    endloop
  endfacet
  facet normal -0.99518 -0.0980699 0
    outer loop
      vertex -11.55 24.7 0.799999
      vertex -11.6096 25.3048 3
      vertex -11.6096 25.3048 0.799999
    endloop
  endfacet
  facet normal -0.99518 -0.0980699 0
    outer loop
      vertex -11.6096 25.3048 3
      vertex -11.55 24.7 0.799999
      vertex -11.55 24.7 3
    endloop
  endfacet
  facet normal -0.881988 -0.471271 0
    outer loop
      vertex -11.786 25.8863 0.799999
      vertex -12.0724 26.4223 3
      vertex -12.0724 26.4223 0.799999
    endloop
  endfacet
  facet normal -0.881988 -0.471271 0
    outer loop
      vertex -12.0724 26.4223 3
      vertex -11.786 25.8863 0.799999
      vertex -11.786 25.8863 3
    endloop
  endfacet
  facet normal 0.634518 0.772908 -0
    outer loop
      vertex -16.3723 22.1224 0.799999
      vertex -16.842 22.508 3
      vertex -16.3723 22.1224 3
    endloop
  endfacet
  facet normal 0.634518 0.772908 0
    outer loop
      vertex -16.842 22.508 3
      vertex -16.3723 22.1224 0.799999
      vertex -16.842 22.508 0.799999
    endloop
  endfacet
  facet normal -0.0980699 0.99518 0
    outer loop
      vertex -14.0452 21.6596 0.799999
      vertex -14.65 21.6 3
      vertex -14.0452 21.6596 3
    endloop
  endfacet
  facet normal -0.0980699 0.99518 0
    outer loop
      vertex -14.65 21.6 3
      vertex -14.0452 21.6596 0.799999
      vertex -14.65 21.6 0.799999
    endloop
  endfacet
  facet normal 0.634518 -0.772908 0
    outer loop
      vertex -16.842 26.892 0.799999
      vertex -16.3723 27.2776 3
      vertex -16.842 26.892 3
    endloop
  endfacet
  facet normal 0.634518 -0.772908 0
    outer loop
      vertex -16.3723 27.2776 3
      vertex -16.842 26.892 0.799999
      vertex -16.3723 27.2776 0.799999
    endloop
  endfacet
  facet normal 0.99518 0.0980699 0
    outer loop
      vertex -17.6904 24.0952 3
      vertex -17.75 24.7 0.799999
      vertex -17.75 24.7 3
    endloop
  endfacet
  facet normal 0.99518 0.0980699 0
    outer loop
      vertex -17.75 24.7 0.799999
      vertex -17.6904 24.0952 3
      vertex -17.6904 24.0952 0.799999
    endloop
  endfacet
  facet normal -0.772908 -0.634518 0
    outer loop
      vertex -12.0724 26.4223 0.799999
      vertex -12.458 26.892 3
      vertex -12.458 26.892 0.799999
    endloop
  endfacet
  facet normal -0.772908 -0.634518 0
    outer loop
      vertex -12.458 26.892 3
      vertex -12.0724 26.4223 0.799999
      vertex -12.0724 26.4223 3
    endloop
  endfacet
  facet normal 0.0980699 -0.99518 0
    outer loop
      vertex -15.2548 27.7404 0.799999
      vertex -14.65 27.8 3
      vertex -15.2548 27.7404 3
    endloop
  endfacet
  facet normal 0.0980699 -0.99518 0
    outer loop
      vertex -14.65 27.8 3
      vertex -15.2548 27.7404 0.799999
      vertex -14.65 27.8 0.799999
    endloop
  endfacet
  facet normal 0.290291 -0.956939 0
    outer loop
      vertex -15.8363 27.564 0.799999
      vertex -15.2548 27.7404 3
      vertex -15.8363 27.564 3
    endloop
  endfacet
  facet normal 0.290291 -0.956939 0
    outer loop
      vertex -15.2548 27.7404 3
      vertex -15.8363 27.564 0.799999
      vertex -15.2548 27.7404 0.799999
    endloop
  endfacet
  facet normal -0.772908 0.634518 0
    outer loop
      vertex -12.458 22.508 0.799999
      vertex -12.0724 22.9777 3
      vertex -12.0724 22.9777 0.799999
    endloop
  endfacet
  facet normal -0.772908 0.634518 0
    outer loop
      vertex -12.0724 22.9777 3
      vertex -12.458 22.508 0.799999
      vertex -12.458 22.508 3
    endloop
  endfacet
  facet normal -0.881988 0.471271 0
    outer loop
      vertex -12.0724 22.9777 0.799999
      vertex -11.786 23.5137 3
      vertex -11.786 23.5137 0.799999
    endloop
  endfacet
  facet normal -0.881988 0.471271 0
    outer loop
      vertex -11.786 23.5137 3
      vertex -12.0724 22.9777 0.799999
      vertex -12.0724 22.9777 3
    endloop
  endfacet
  facet normal 0.772908 -0.634518 0
    outer loop
      vertex -17.2276 26.4223 3
      vertex -16.842 26.892 0.799999
      vertex -16.842 26.892 3
    endloop
  endfacet
  facet normal 0.772908 -0.634518 0
    outer loop
      vertex -16.842 26.892 0.799999
      vertex -17.2276 26.4223 3
      vertex -17.2276 26.4223 0.799999
    endloop
  endfacet
  facet normal -0.99518 0.0980699 0
    outer loop
      vertex -11.6096 24.0952 0.799999
      vertex -11.55 24.7 3
      vertex -11.55 24.7 0.799999
    endloop
  endfacet
  facet normal -0.99518 0.0980699 0
    outer loop
      vertex -11.55 24.7 3
      vertex -11.6096 24.0952 0.799999
      vertex -11.6096 24.0952 3
    endloop
  endfacet
  facet normal -0.471271 -0.881988 0
    outer loop
      vertex -13.4637 27.564 0.799999
      vertex -12.9277 27.2776 3
      vertex -13.4637 27.564 3
    endloop
  endfacet
  facet normal -0.471271 -0.881988 -0
    outer loop
      vertex -12.9277 27.2776 3
      vertex -13.4637 27.564 0.799999
      vertex -12.9277 27.2776 0.799999
    endloop
  endfacet
  facet normal -0.956939 0.290291 0
    outer loop
      vertex -11.786 23.5137 0.799999
      vertex -11.6096 24.0952 3
      vertex -11.6096 24.0952 0.799999
    endloop
  endfacet
  facet normal -0.956939 0.290291 0
    outer loop
      vertex -11.6096 24.0952 3
      vertex -11.786 23.5137 0.799999
      vertex -11.786 23.5137 3
    endloop
  endfacet
  facet normal 0.881988 -0.471271 0
    outer loop
      vertex -17.514 25.8863 3
      vertex -17.2276 26.4223 0.799999
      vertex -17.2276 26.4223 3
    endloop
  endfacet
  facet normal 0.881988 -0.471271 0
    outer loop
      vertex -17.2276 26.4223 0.799999
      vertex -17.514 25.8863 3
      vertex -17.514 25.8863 0.799999
    endloop
  endfacet
  facet normal 0.471271 -0.881988 0
    outer loop
      vertex -16.3723 27.2776 0.799999
      vertex -15.8363 27.564 3
      vertex -16.3723 27.2776 3
    endloop
  endfacet
  facet normal 0.471271 -0.881988 0
    outer loop
      vertex -15.8363 27.564 3
      vertex -16.3723 27.2776 0.799999
      vertex -15.8363 27.564 0.799999
    endloop
  endfacet
  facet normal -0.634518 0.772908 0
    outer loop
      vertex -12.458 22.508 0.799999
      vertex -12.9277 22.1224 3
      vertex -12.458 22.508 3
    endloop
  endfacet
  facet normal -0.634518 0.772908 0
    outer loop
      vertex -12.9277 22.1224 3
      vertex -12.458 22.508 0.799999
      vertex -12.9277 22.1224 0.799999
    endloop
  endfacet
  facet normal -0.290291 -0.956939 0
    outer loop
      vertex -14.0452 27.7404 0.799999
      vertex -13.4637 27.564 3
      vertex -14.0452 27.7404 3
    endloop
  endfacet
  facet normal -0.290291 -0.956939 -0
    outer loop
      vertex -13.4637 27.564 3
      vertex -14.0452 27.7404 0.799999
      vertex -13.4637 27.564 0.799999
    endloop
  endfacet
  facet normal 0.956939 -0.290291 0
    outer loop
      vertex -17.6904 25.3048 3
      vertex -17.514 25.8863 0.799999
      vertex -17.514 25.8863 3
    endloop
  endfacet
  facet normal 0.956939 -0.290291 0
    outer loop
      vertex -17.514 25.8863 0.799999
      vertex -17.6904 25.3048 3
      vertex -17.6904 25.3048 0.799999
    endloop
  endfacet
  facet normal -0.290291 0.956939 0
    outer loop
      vertex -13.4637 21.836 0.799999
      vertex -14.0452 21.6596 3
      vertex -13.4637 21.836 3
    endloop
  endfacet
  facet normal -0.290291 0.956939 0
    outer loop
      vertex -14.0452 21.6596 3
      vertex -13.4637 21.836 0.799999
      vertex -14.0452 21.6596 0.799999
    endloop
  endfacet
  facet normal 0.99518 -0.0980699 0
    outer loop
      vertex -17.75 24.7 3
      vertex -17.6904 25.3048 0.799999
      vertex -17.6904 25.3048 3
    endloop
  endfacet
  facet normal 0.99518 -0.0980699 0
    outer loop
      vertex -17.6904 25.3048 0.799999
      vertex -17.75 24.7 3
      vertex -17.75 24.7 0.799999
    endloop
  endfacet
  facet normal -0.471271 0.881988 0
    outer loop
      vertex -12.9277 22.1224 0.799999
      vertex -13.4637 21.836 3
      vertex -12.9277 22.1224 3
    endloop
  endfacet
  facet normal -0.471271 0.881988 0
    outer loop
      vertex -13.4637 21.836 3
      vertex -12.9277 22.1224 0.799999
      vertex -13.4637 21.836 0.799999
    endloop
  endfacet
  facet normal 0.471271 0.881988 -0
    outer loop
      vertex -15.8363 21.836 0.799999
      vertex -16.3723 22.1224 3
      vertex -15.8363 21.836 3
    endloop
  endfacet
  facet normal 0.471271 0.881988 0
    outer loop
      vertex -16.3723 22.1224 3
      vertex -15.8363 21.836 0.799999
      vertex -16.3723 22.1224 0.799999
    endloop
  endfacet
  facet normal -0.634518 -0.772908 0
    outer loop
      vertex -12.9277 27.2776 0.799999
      vertex -12.458 26.892 3
      vertex -12.9277 27.2776 3
    endloop
  endfacet
  facet normal -0.634518 -0.772908 -0
    outer loop
      vertex -12.458 26.892 3
      vertex -12.9277 27.2776 0.799999
      vertex -12.458 26.892 0.799999
    endloop
  endfacet
  facet normal 0.0980699 0.99518 -0
    outer loop
      vertex -14.65 21.6 0.799999
      vertex -15.2548 21.6596 3
      vertex -14.65 21.6 3
    endloop
  endfacet
  facet normal 0.0980699 0.99518 0
    outer loop
      vertex -15.2548 21.6596 3
      vertex -14.65 21.6 0.799999
      vertex -15.2548 21.6596 0.799999
    endloop
  endfacet
  facet normal -0.0980699 -0.99518 0
    outer loop
      vertex -14.65 27.8 0.799999
      vertex -14.0452 27.7404 3
      vertex -14.65 27.8 3
    endloop
  endfacet
  facet normal -0.0980699 -0.99518 -0
    outer loop
      vertex -14.0452 27.7404 3
      vertex -14.65 27.8 0.799999
      vertex -14.0452 27.7404 0.799999
    endloop
  endfacet
  facet normal 0.881988 0.471271 0
    outer loop
      vertex -17.2276 22.9777 3
      vertex -17.514 23.5137 0.799999
      vertex -17.514 23.5137 3
    endloop
  endfacet
  facet normal 0.881988 0.471271 0
    outer loop
      vertex -17.514 23.5137 0.799999
      vertex -17.2276 22.9777 3
      vertex -17.2276 22.9777 0.799999
    endloop
  endfacet
  facet normal 0.772908 0.634518 0
    outer loop
      vertex -16.842 22.508 3
      vertex -17.2276 22.9777 0.799999
      vertex -17.2276 22.9777 3
    endloop
  endfacet
  facet normal 0.772908 0.634518 0
    outer loop
      vertex -17.2276 22.9777 0.799999
      vertex -16.842 22.508 3
      vertex -16.842 22.508 0.799999
    endloop
  endfacet
  facet normal 0 0 1
    outer loop
      vertex -12.95 24.7 0.799999
      vertex -11.55 24.7 0.799999
      vertex -11.6096 25.3048 0.799999
    endloop
  endfacet
  facet normal 0 0 1
    outer loop
      vertex -12.9827 25.0317 0.799999
      vertex -11.6096 25.3048 0.799999
      vertex -11.786 25.8863 0.799999
    endloop
  endfacet
  facet normal 0 0 1
    outer loop
      vertex -11.55 24.7 0.799999
      vertex -12.95 24.7 0.799999
      vertex -11.6096 24.0952 0.799999
    endloop
  endfacet
  facet normal 0 0 1
    outer loop
      vertex -13.0794 25.3506 0.799999
      vertex -11.786 25.8863 0.799999
      vertex -12.0724 26.4223 0.799999
    endloop
  endfacet
  facet normal -0 0 1
    outer loop
      vertex -12.9827 24.3683 0.799999
      vertex -11.6096 24.0952 0.799999
      vertex -12.95 24.7 0.799999
    endloop
  endfacet
  facet normal 0 0 1
    outer loop
      vertex -13.2365 25.6445 0.799999
      vertex -12.0724 26.4223 0.799999
      vertex -12.458 26.892 0.799999
    endloop
  endfacet
  facet normal 0 0 1
    outer loop
      vertex -11.6096 24.0952 0.799999
      vertex -12.9827 24.3683 0.799999
      vertex -11.786 23.5137 0.799999
    endloop
  endfacet
  facet normal 0 0 1
    outer loop
      vertex -13.4479 25.9021 0.799999
      vertex -12.458 26.892 0.799999
      vertex -12.9277 27.2776 0.799999
    endloop
  endfacet
  facet normal -0 0 1
    outer loop
      vertex -13.0794 24.0494 0.799999
      vertex -11.786 23.5137 0.799999
      vertex -12.9827 24.3683 0.799999
    endloop
  endfacet
  facet normal 0 0 1
    outer loop
      vertex -11.786 23.5137 0.799999
      vertex -13.0794 24.0494 0.799999
      vertex -12.0724 22.9777 0.799999
    endloop
  endfacet
  facet normal 0 0 1
    outer loop
      vertex -11.6096 25.3048 0.799999
      vertex -12.9827 25.0317 0.799999
      vertex -12.95 24.7 0.799999
    endloop
  endfacet
  facet normal 0 0 1
    outer loop
      vertex -11.786 25.8863 0.799999
      vertex -13.0794 25.3506 0.799999
      vertex -12.9827 25.0317 0.799999
    endloop
  endfacet
  facet normal 0 0 1
    outer loop
      vertex -12.0724 26.4223 0.799999
      vertex -13.2365 25.6445 0.799999
      vertex -13.0794 25.3506 0.799999
    endloop
  endfacet
  facet normal 0 0 1
    outer loop
      vertex -12.458 26.892 0.799999
      vertex -13.4479 25.9021 0.799999
      vertex -13.2365 25.6445 0.799999
    endloop
  endfacet
  facet normal 0 0 1
    outer loop
      vertex -13.7055 26.1135 0.799999
      vertex -12.9277 27.2776 0.799999
      vertex -13.4637 27.564 0.799999
    endloop
  endfacet
  facet normal 0 0 1
    outer loop
      vertex -12.9277 27.2776 0.799999
      vertex -13.7055 26.1135 0.799999
      vertex -13.4479 25.9021 0.799999
    endloop
  endfacet
  facet normal 0 0 1
    outer loop
      vertex -13.4637 27.564 0.799999
      vertex -13.9994 26.2706 0.799999
      vertex -13.7055 26.1135 0.799999
    endloop
  endfacet
  facet normal 0 0 1
    outer loop
      vertex -14.0452 27.7404 0.799999
      vertex -13.9994 26.2706 0.799999
      vertex -13.4637 27.564 0.799999
    endloop
  endfacet
  facet normal 0 0 1
    outer loop
      vertex -14.0452 27.7404 0.799999
      vertex -14.3183 26.3673 0.799999
      vertex -13.9994 26.2706 0.799999
    endloop
  endfacet
  facet normal 0 0 1
    outer loop
      vertex -14.65 27.8 0.799999
      vertex -14.3183 26.3673 0.799999
      vertex -14.0452 27.7404 0.799999
    endloop
  endfacet
  facet normal 0 0 1
    outer loop
      vertex -14.65 27.8 0.799999
      vertex -14.65 26.4 0.799999
      vertex -14.3183 26.3673 0.799999
    endloop
  endfacet
  facet normal 0 0 1
    outer loop
      vertex -14.65 27.8 0.799999
      vertex -14.9817 26.3673 0.799999
      vertex -14.65 26.4 0.799999
    endloop
  endfacet
  facet normal -0 0 1
    outer loop
      vertex -15.2548 27.7404 0.799999
      vertex -14.9817 26.3673 0.799999
      vertex -14.65 27.8 0.799999
    endloop
  endfacet
  facet normal 0 0 1
    outer loop
      vertex -15.2548 27.7404 0.799999
      vertex -15.3006 26.2706 0.799999
      vertex -14.9817 26.3673 0.799999
    endloop
  endfacet
  facet normal -0 0 1
    outer loop
      vertex -15.8363 27.564 0.799999
      vertex -15.3006 26.2706 0.799999
      vertex -15.2548 27.7404 0.799999
    endloop
  endfacet
  facet normal 0 0 1
    outer loop
      vertex -15.3006 26.2706 0.799999
      vertex -15.8363 27.564 0.799999
      vertex -15.5945 26.1135 0.799999
    endloop
  endfacet
  facet normal -0 0 1
    outer loop
      vertex -16.3723 27.2776 0.799999
      vertex -15.5945 26.1135 0.799999
      vertex -15.8363 27.564 0.799999
    endloop
  endfacet
  facet normal 0 0 1
    outer loop
      vertex -15.5945 26.1135 0.799999
      vertex -16.3723 27.2776 0.799999
      vertex -15.8521 25.9021 0.799999
    endloop
  endfacet
  facet normal -0 0 1
    outer loop
      vertex -16.842 26.892 0.799999
      vertex -15.8521 25.9021 0.799999
      vertex -16.3723 27.2776 0.799999
    endloop
  endfacet
  facet normal 0 0 1
    outer loop
      vertex -15.8521 25.9021 0.799999
      vertex -16.842 26.892 0.799999
      vertex -16.0635 25.6445 0.799999
    endloop
  endfacet
  facet normal 0 0 1
    outer loop
      vertex -16.0635 25.6445 0.799999
      vertex -17.2276 26.4223 0.799999
      vertex -16.2206 25.3506 0.799999
    endloop
  endfacet
  facet normal -0 0 1
    outer loop
      vertex -17.2276 26.4223 0.799999
      vertex -16.0635 25.6445 0.799999
      vertex -16.842 26.892 0.799999
    endloop
  endfacet
  facet normal -0 0 1
    outer loop
      vertex -13.2365 23.7555 0.799999
      vertex -12.0724 22.9777 0.799999
      vertex -13.0794 24.0494 0.799999
    endloop
  endfacet
  facet normal 0 0 1
    outer loop
      vertex -12.0724 22.9777 0.799999
      vertex -13.2365 23.7555 0.799999
      vertex -12.458 22.508 0.799999
    endloop
  endfacet
  facet normal -0 0 1
    outer loop
      vertex -13.4479 23.4979 0.799999
      vertex -12.458 22.508 0.799999
      vertex -13.2365 23.7555 0.799999
    endloop
  endfacet
  facet normal 0 0 1
    outer loop
      vertex -12.458 22.508 0.799999
      vertex -13.4479 23.4979 0.799999
      vertex -12.9277 22.1224 0.799999
    endloop
  endfacet
  facet normal -0 0 1
    outer loop
      vertex -13.7055 23.2865 0.799999
      vertex -12.9277 22.1224 0.799999
      vertex -13.4479 23.4979 0.799999
    endloop
  endfacet
  facet normal 0 0 1
    outer loop
      vertex -12.9277 22.1224 0.799999
      vertex -13.7055 23.2865 0.799999
      vertex -13.4637 21.836 0.799999
    endloop
  endfacet
  facet normal -0 0 1
    outer loop
      vertex -13.9994 23.1294 0.799999
      vertex -13.4637 21.836 0.799999
      vertex -13.7055 23.2865 0.799999
    endloop
  endfacet
  facet normal 0 0 1
    outer loop
      vertex -13.9994 23.1294 0.799999
      vertex -14.0452 21.6596 0.799999
      vertex -13.4637 21.836 0.799999
    endloop
  endfacet
  facet normal -0 0 1
    outer loop
      vertex -14.3183 23.0327 0.799999
      vertex -14.0452 21.6596 0.799999
      vertex -13.9994 23.1294 0.799999
    endloop
  endfacet
  facet normal -0 0 1
    outer loop
      vertex -14.65 23 0.799999
      vertex -14.0452 21.6596 0.799999
      vertex -14.3183 23.0327 0.799999
    endloop
  endfacet
  facet normal 0 0 1
    outer loop
      vertex -14.65 23 0.799999
      vertex -14.65 21.6 0.799999
      vertex -14.0452 21.6596 0.799999
    endloop
  endfacet
  facet normal 0 0 1
    outer loop
      vertex -14.9817 23.0327 0.799999
      vertex -14.65 21.6 0.799999
      vertex -14.65 23 0.799999
    endloop
  endfacet
  facet normal 0 0 1
    outer loop
      vertex -14.9817 23.0327 0.799999
      vertex -15.2548 21.6596 0.799999
      vertex -14.65 21.6 0.799999
    endloop
  endfacet
  facet normal 0 0 1
    outer loop
      vertex -15.3006 23.1294 0.799999
      vertex -15.2548 21.6596 0.799999
      vertex -14.9817 23.0327 0.799999
    endloop
  endfacet
  facet normal 0 0 1
    outer loop
      vertex -15.8363 21.836 0.799999
      vertex -15.3006 23.1294 0.799999
      vertex -15.5945 23.2865 0.799999
    endloop
  endfacet
  facet normal 0 0 1
    outer loop
      vertex -15.3006 23.1294 0.799999
      vertex -15.8363 21.836 0.799999
      vertex -15.2548 21.6596 0.799999
    endloop
  endfacet
  facet normal 0 0 1
    outer loop
      vertex -16.3723 22.1224 0.799999
      vertex -15.5945 23.2865 0.799999
      vertex -15.8521 23.4979 0.799999
    endloop
  endfacet
  facet normal 0 0 1
    outer loop
      vertex -16.842 22.508 0.799999
      vertex -15.8521 23.4979 0.799999
      vertex -16.0635 23.7555 0.799999
    endloop
  endfacet
  facet normal 0 0 1
    outer loop
      vertex -17.2276 22.9777 0.799999
      vertex -16.0635 23.7555 0.799999
      vertex -16.2206 24.0494 0.799999
    endloop
  endfacet
  facet normal 0 0 1
    outer loop
      vertex -17.514 23.5137 0.799999
      vertex -16.2206 24.0494 0.799999
      vertex -16.3173 24.3683 0.799999
    endloop
  endfacet
  facet normal 0 0 1
    outer loop
      vertex -15.5945 23.2865 0.799999
      vertex -16.3723 22.1224 0.799999
      vertex -15.8363 21.836 0.799999
    endloop
  endfacet
  facet normal 0 0 1
    outer loop
      vertex -17.6904 24.0952 0.799999
      vertex -16.3173 24.3683 0.799999
      vertex -16.35 24.7 0.799999
    endloop
  endfacet
  facet normal -0 0 1
    outer loop
      vertex -17.514 25.8863 0.799999
      vertex -16.2206 25.3506 0.799999
      vertex -17.2276 26.4223 0.799999
    endloop
  endfacet
  facet normal 0 0 1
    outer loop
      vertex -16.2206 25.3506 0.799999
      vertex -17.514 25.8863 0.799999
      vertex -16.3173 25.0317 0.799999
    endloop
  endfacet
  facet normal 0 0 1
    outer loop
      vertex -15.8521 23.4979 0.799999
      vertex -16.842 22.508 0.799999
      vertex -16.3723 22.1224 0.799999
    endloop
  endfacet
  facet normal -0 0 1
    outer loop
      vertex -17.6904 25.3048 0.799999
      vertex -16.3173 25.0317 0.799999
      vertex -17.514 25.8863 0.799999
    endloop
  endfacet
  facet normal 0 0 1
    outer loop
      vertex -16.0635 23.7555 0.799999
      vertex -17.2276 22.9777 0.799999
      vertex -16.842 22.508 0.799999
    endloop
  endfacet
  facet normal 0 0 1
    outer loop
      vertex -16.3173 25.0317 0.799999
      vertex -17.6904 25.3048 0.799999
      vertex -16.35 24.7 0.799999
    endloop
  endfacet
  facet normal 0 0 1
    outer loop
      vertex -16.2206 24.0494 0.799999
      vertex -17.514 23.5137 0.799999
      vertex -17.2276 22.9777 0.799999
    endloop
  endfacet
  facet normal 0 0 1
    outer loop
      vertex -17.75 24.7 0.799999
      vertex -16.35 24.7 0.799999
      vertex -17.6904 25.3048 0.799999
    endloop
  endfacet
  facet normal 0 0 1
    outer loop
      vertex -16.3173 24.3683 0.799999
      vertex -17.6904 24.0952 0.799999
      vertex -17.514 23.5137 0.799999
    endloop
  endfacet
  facet normal 0 0 1
    outer loop
      vertex -16.35 24.7 0.799999
      vertex -17.75 24.7 0.799999
      vertex -17.6904 24.0952 0.799999
    endloop
  endfacet
  facet normal 0.290291 0.956939 -0
    outer loop
      vertex -15.2548 21.6596 0.799999
      vertex -15.8363 21.836 3
      vertex -15.2548 21.6596 3
    endloop
  endfacet
  facet normal 0.290291 0.956939 0
    outer loop
      vertex -15.8363 21.836 3
      vertex -15.2548 21.6596 0.799999
      vertex -15.8363 21.836 0.799999
    endloop
  endfacet
  facet normal -0.0981075 -0.995176 0
    outer loop
      vertex 14.65 -24.72 0
      vertex 14.9817 -24.7527 0.799999
      vertex 14.65 -24.72 0.799999
    endloop
  endfacet
  facet normal -0.0981075 -0.995176 -0
    outer loop
      vertex 14.9817 -24.7527 0.799999
      vertex 14.65 -24.72 0
      vertex 14.9817 -24.7527 0
    endloop
  endfacet
  facet normal -0.773021 0.634381 0
    outer loop
      vertex 15.8521 -27.6221 0
      vertex 16.0635 -27.3645 0.799999
      vertex 16.0635 -27.3645 0
    endloop
  endfacet
  facet normal -0.773021 0.634381 0
    outer loop
      vertex 16.0635 -27.3645 0.799999
      vertex 15.8521 -27.6221 0
      vertex 15.8521 -27.6221 0.799999
    endloop
  endfacet
  facet normal -0.956971 -0.290182 0
    outer loop
      vertex 16.3173 -26.0883 0
      vertex 16.2206 -25.7694 0.799999
      vertex 16.2206 -25.7694 0
    endloop
  endfacet
  facet normal -0.956971 -0.290182 0
    outer loop
      vertex 16.2206 -25.7694 0.799999
      vertex 16.3173 -26.0883 0
      vertex 16.3173 -26.0883 0.799999
    endloop
  endfacet
  facet normal -0.995176 -0.0981075 0
    outer loop
      vertex 16.35 -26.42 0
      vertex 16.3173 -26.0883 0.799999
      vertex 16.3173 -26.0883 0
    endloop
  endfacet
  facet normal -0.995176 -0.0981075 0
    outer loop
      vertex 16.3173 -26.0883 0.799999
      vertex 16.35 -26.42 0
      vertex 16.35 -26.42 0.799999
    endloop
  endfacet
  facet normal -0.881912 -0.471413 0
    outer loop
      vertex 16.2206 -25.7694 0
      vertex 16.0635 -25.4755 0.799999
      vertex 16.0635 -25.4755 0
    endloop
  endfacet
  facet normal -0.881912 -0.471413 0
    outer loop
      vertex 16.0635 -25.4755 0.799999
      vertex 16.2206 -25.7694 0
      vertex 16.2206 -25.7694 0.799999
    endloop
  endfacet
  facet normal 0.290182 0.956971 -0
    outer loop
      vertex 14.3183 -28.0873 0
      vertex 13.9994 -27.9906 0.799999
      vertex 14.3183 -28.0873 0.799999
    endloop
  endfacet
  facet normal 0.290182 0.956971 0
    outer loop
      vertex 13.9994 -27.9906 0.799999
      vertex 14.3183 -28.0873 0
      vertex 13.9994 -27.9906 0
    endloop
  endfacet
  facet normal -0.995176 0.0981075 0
    outer loop
      vertex 16.3173 -26.7517 0
      vertex 16.35 -26.42 0.799999
      vertex 16.35 -26.42 0
    endloop
  endfacet
  facet normal -0.995176 0.0981075 0
    outer loop
      vertex 16.35 -26.42 0.799999
      vertex 16.3173 -26.7517 0
      vertex 16.3173 -26.7517 0.799999
    endloop
  endfacet
  facet normal 0.0981075 0.995176 -0
    outer loop
      vertex 14.65 -28.12 0
      vertex 14.3183 -28.0873 0.799999
      vertex 14.65 -28.12 0.799999
    endloop
  endfacet
  facet normal 0.0981075 0.995176 0
    outer loop
      vertex 14.3183 -28.0873 0.799999
      vertex 14.65 -28.12 0
      vertex 14.3183 -28.0873 0
    endloop
  endfacet
  facet normal -0.773021 -0.634381 0
    outer loop
      vertex 16.0635 -25.4755 0
      vertex 15.8521 -25.2179 0.799999
      vertex 15.8521 -25.2179 0
    endloop
  endfacet
  facet normal -0.773021 -0.634381 0
    outer loop
      vertex 15.8521 -25.2179 0.799999
      vertex 16.0635 -25.4755 0
      vertex 16.0635 -25.4755 0.799999
    endloop
  endfacet
  facet normal -0.290182 0.956971 0
    outer loop
      vertex 15.3006 -27.9906 0
      vertex 14.9817 -28.0873 0.799999
      vertex 15.3006 -27.9906 0.799999
    endloop
  endfacet
  facet normal -0.290182 0.956971 0
    outer loop
      vertex 14.9817 -28.0873 0.799999
      vertex 15.3006 -27.9906 0
      vertex 14.9817 -28.0873 0
    endloop
  endfacet
  facet normal 0.881912 0.471413 0
    outer loop
      vertex 13.2365 -27.3645 0.799999
      vertex 13.0794 -27.0706 0
      vertex 13.0794 -27.0706 0.799999
    endloop
  endfacet
  facet normal 0.881912 0.471413 0
    outer loop
      vertex 13.0794 -27.0706 0
      vertex 13.2365 -27.3645 0.799999
      vertex 13.2365 -27.3645 0
    endloop
  endfacet
  facet normal 0.956971 -0.290182 0
    outer loop
      vertex 12.9827 -26.0883 0.799999
      vertex 13.0794 -25.7694 0
      vertex 13.0794 -25.7694 0.799999
    endloop
  endfacet
  facet normal 0.956971 -0.290182 0
    outer loop
      vertex 13.0794 -25.7694 0
      vertex 12.9827 -26.0883 0.799999
      vertex 12.9827 -26.0883 0
    endloop
  endfacet
  facet normal -0.956971 0.290182 0
    outer loop
      vertex 16.2206 -27.0706 0
      vertex 16.3173 -26.7517 0.799999
      vertex 16.3173 -26.7517 0
    endloop
  endfacet
  facet normal -0.956971 0.290182 0
    outer loop
      vertex 16.3173 -26.7517 0.799999
      vertex 16.2206 -27.0706 0
      vertex 16.2206 -27.0706 0.799999
    endloop
  endfacet
  facet normal -0.471413 -0.881912 0
    outer loop
      vertex 15.3006 -24.8494 0
      vertex 15.5945 -25.0065 0.799999
      vertex 15.3006 -24.8494 0.799999
    endloop
  endfacet
  facet normal -0.471413 -0.881912 -0
    outer loop
      vertex 15.5945 -25.0065 0.799999
      vertex 15.3006 -24.8494 0
      vertex 15.5945 -25.0065 0
    endloop
  endfacet
  facet normal -0.290182 -0.956971 0
    outer loop
      vertex 14.9817 -24.7527 0
      vertex 15.3006 -24.8494 0.799999
      vertex 14.9817 -24.7527 0.799999
    endloop
  endfacet
  facet normal -0.290182 -0.956971 -0
    outer loop
      vertex 15.3006 -24.8494 0.799999
      vertex 14.9817 -24.7527 0
      vertex 15.3006 -24.8494 0
    endloop
  endfacet
  facet normal 0.634381 -0.773021 0
    outer loop
      vertex 13.4479 -25.2179 0
      vertex 13.7055 -25.0065 0.799999
      vertex 13.4479 -25.2179 0.799999
    endloop
  endfacet
  facet normal 0.634381 -0.773021 0
    outer loop
      vertex 13.7055 -25.0065 0.799999
      vertex 13.4479 -25.2179 0
      vertex 13.7055 -25.0065 0
    endloop
  endfacet
  facet normal 0.471413 -0.881912 0
    outer loop
      vertex 13.7055 -25.0065 0
      vertex 13.9994 -24.8494 0.799999
      vertex 13.7055 -25.0065 0.799999
    endloop
  endfacet
  facet normal 0.471413 -0.881912 0
    outer loop
      vertex 13.9994 -24.8494 0.799999
      vertex 13.7055 -25.0065 0
      vertex 13.9994 -24.8494 0
    endloop
  endfacet
  facet normal 0.0981075 -0.995176 0
    outer loop
      vertex 14.3183 -24.7527 0
      vertex 14.65 -24.72 0.799999
      vertex 14.3183 -24.7527 0.799999
    endloop
  endfacet
  facet normal 0.0981075 -0.995176 0
    outer loop
      vertex 14.65 -24.72 0.799999
      vertex 14.3183 -24.7527 0
      vertex 14.65 -24.72 0
    endloop
  endfacet
  facet normal -0.881912 0.471413 0
    outer loop
      vertex 16.0635 -27.3645 0
      vertex 16.2206 -27.0706 0.799999
      vertex 16.2206 -27.0706 0
    endloop
  endfacet
  facet normal -0.881912 0.471413 0
    outer loop
      vertex 16.2206 -27.0706 0.799999
      vertex 16.0635 -27.3645 0
      vertex 16.0635 -27.3645 0.799999
    endloop
  endfacet
  facet normal -0.634381 -0.773021 0
    outer loop
      vertex 15.5945 -25.0065 0
      vertex 15.8521 -25.2179 0.799999
      vertex 15.5945 -25.0065 0.799999
    endloop
  endfacet
  facet normal -0.634381 -0.773021 -0
    outer loop
      vertex 15.8521 -25.2179 0.799999
      vertex 15.5945 -25.0065 0
      vertex 15.8521 -25.2179 0
    endloop
  endfacet
  facet normal -0.634381 0.773021 0
    outer loop
      vertex 15.8521 -27.6221 0
      vertex 15.5945 -27.8335 0.799999
      vertex 15.8521 -27.6221 0.799999
    endloop
  endfacet
  facet normal -0.634381 0.773021 0
    outer loop
      vertex 15.5945 -27.8335 0.799999
      vertex 15.8521 -27.6221 0
      vertex 15.5945 -27.8335 0
    endloop
  endfacet
  facet normal 0.290182 -0.956971 0
    outer loop
      vertex 13.9994 -24.8494 0
      vertex 14.3183 -24.7527 0.799999
      vertex 13.9994 -24.8494 0.799999
    endloop
  endfacet
  facet normal 0.290182 -0.956971 0
    outer loop
      vertex 14.3183 -24.7527 0.799999
      vertex 13.9994 -24.8494 0
      vertex 14.3183 -24.7527 0
    endloop
  endfacet
  facet normal -0.0981075 0.995176 0
    outer loop
      vertex 14.9817 -28.0873 0
      vertex 14.65 -28.12 0.799999
      vertex 14.9817 -28.0873 0.799999
    endloop
  endfacet
  facet normal -0.0981075 0.995176 0
    outer loop
      vertex 14.65 -28.12 0.799999
      vertex 14.9817 -28.0873 0
      vertex 14.65 -28.12 0
    endloop
  endfacet
  facet normal 0.956971 0.290182 0
    outer loop
      vertex 13.0794 -27.0706 0.799999
      vertex 12.9827 -26.7517 0
      vertex 12.9827 -26.7517 0.799999
    endloop
  endfacet
  facet normal 0.956971 0.290182 0
    outer loop
      vertex 12.9827 -26.7517 0
      vertex 13.0794 -27.0706 0.799999
      vertex 13.0794 -27.0706 0
    endloop
  endfacet
  facet normal 0.773021 -0.634381 0
    outer loop
      vertex 13.2365 -25.4755 0.799999
      vertex 13.4479 -25.2179 0
      vertex 13.4479 -25.2179 0.799999
    endloop
  endfacet
  facet normal 0.773021 -0.634381 0
    outer loop
      vertex 13.4479 -25.2179 0
      vertex 13.2365 -25.4755 0.799999
      vertex 13.2365 -25.4755 0
    endloop
  endfacet
  facet normal -0.471413 0.881912 0
    outer loop
      vertex 15.5945 -27.8335 0
      vertex 15.3006 -27.9906 0.799999
      vertex 15.5945 -27.8335 0.799999
    endloop
  endfacet
  facet normal -0.471413 0.881912 0
    outer loop
      vertex 15.3006 -27.9906 0.799999
      vertex 15.5945 -27.8335 0
      vertex 15.3006 -27.9906 0
    endloop
  endfacet
  facet normal 0.773021 0.634381 0
    outer loop
      vertex 13.4479 -27.6221 0.799999
      vertex 13.2365 -27.3645 0
      vertex 13.2365 -27.3645 0.799999
    endloop
  endfacet
  facet normal 0.773021 0.634381 0
    outer loop
      vertex 13.2365 -27.3645 0
      vertex 13.4479 -27.6221 0.799999
      vertex 13.4479 -27.6221 0
    endloop
  endfacet
  facet normal 0.634381 0.773021 -0
    outer loop
      vertex 13.7055 -27.8335 0
      vertex 13.4479 -27.6221 0.799999
      vertex 13.7055 -27.8335 0.799999
    endloop
  endfacet
  facet normal 0.634381 0.773021 0
    outer loop
      vertex 13.4479 -27.6221 0.799999
      vertex 13.7055 -27.8335 0
      vertex 13.4479 -27.6221 0
    endloop
  endfacet
  facet normal 0.995176 0.0981075 0
    outer loop
      vertex 12.9827 -26.7517 0.799999
      vertex 12.95 -26.42 0
      vertex 12.95 -26.42 0.799999
    endloop
  endfacet
  facet normal 0.995176 0.0981075 0
    outer loop
      vertex 12.95 -26.42 0
      vertex 12.9827 -26.7517 0.799999
      vertex 12.9827 -26.7517 0
    endloop
  endfacet
  facet normal 0.995176 -0.0981075 0
    outer loop
      vertex 12.95 -26.42 0.799999
      vertex 12.9827 -26.0883 0
      vertex 12.9827 -26.0883 0.799999
    endloop
  endfacet
  facet normal 0.995176 -0.0981075 0
    outer loop
      vertex 12.9827 -26.0883 0
      vertex 12.95 -26.42 0.799999
      vertex 12.95 -26.42 0
    endloop
  endfacet
  facet normal 0.471413 0.881912 -0
    outer loop
      vertex 13.9994 -27.9906 0
      vertex 13.7055 -27.8335 0.799999
      vertex 13.9994 -27.9906 0.799999
    endloop
  endfacet
  facet normal 0.471413 0.881912 0
    outer loop
      vertex 13.7055 -27.8335 0.799999
      vertex 13.9994 -27.9906 0
      vertex 13.7055 -27.8335 0
    endloop
  endfacet
  facet normal 0.881912 -0.471413 0
    outer loop
      vertex 13.0794 -25.7694 0.799999
      vertex 13.2365 -25.4755 0
      vertex 13.2365 -25.4755 0.799999
    endloop
  endfacet
  facet normal 0.881912 -0.471413 0
    outer loop
      vertex 13.2365 -25.4755 0
      vertex 13.0794 -25.7694 0.799999
      vertex 13.0794 -25.7694 0
    endloop
  endfacet
  facet normal -0.290291 0.956939 0
    outer loop
      vertex 15.8363 -29.284 0.799999
      vertex 15.2548 -29.4604 3
      vertex 15.8363 -29.284 3
    endloop
  endfacet
  facet normal -0.290291 0.956939 0
    outer loop
      vertex 15.2548 -29.4604 3
      vertex 15.8363 -29.284 0.799999
      vertex 15.2548 -29.4604 0.799999
    endloop
  endfacet
  facet normal -0.956939 -0.290291 0
    outer loop
      vertex 17.6904 -25.8152 0.799999
      vertex 17.514 -25.2337 3
      vertex 17.514 -25.2337 0.799999
    endloop
  endfacet
  facet normal -0.956939 -0.290291 0
    outer loop
      vertex 17.514 -25.2337 3
      vertex 17.6904 -25.8152 0.799999
      vertex 17.6904 -25.8152 3
    endloop
  endfacet
  facet normal -0.99518 -0.0980699 0
    outer loop
      vertex 17.75 -26.42 0.799999
      vertex 17.6904 -25.8152 3
      vertex 17.6904 -25.8152 0.799999
    endloop
  endfacet
  facet normal -0.99518 -0.0980699 0
    outer loop
      vertex 17.6904 -25.8152 3
      vertex 17.75 -26.42 0.799999
      vertex 17.75 -26.42 3
    endloop
  endfacet
  facet normal -0.881988 -0.471271 0
    outer loop
      vertex 17.514 -25.2337 0.799999
      vertex 17.2276 -24.6977 3
      vertex 17.2276 -24.6977 0.799999
    endloop
  endfacet
  facet normal -0.881988 -0.471271 0
    outer loop
      vertex 17.2276 -24.6977 3
      vertex 17.514 -25.2337 0.799999
      vertex 17.514 -25.2337 3
    endloop
  endfacet
  facet normal 0 0 1
    outer loop
      vertex 16.35 -26.42 0.799999
      vertex 17.75 -26.42 0.799999
      vertex 17.6904 -25.8152 0.799999
    endloop
  endfacet
  facet normal 0 0 1
    outer loop
      vertex 16.3173 -26.0883 0.799999
      vertex 17.6904 -25.8152 0.799999
      vertex 17.514 -25.2337 0.799999
    endloop
  endfacet
  facet normal 0 0 1
    outer loop
      vertex 17.75 -26.42 0.799999
      vertex 16.35 -26.42 0.799999
      vertex 17.6904 -27.0248 0.799999
    endloop
  endfacet
  facet normal 0 0 1
    outer loop
      vertex 16.2206 -25.7694 0.799999
      vertex 17.514 -25.2337 0.799999
      vertex 17.2276 -24.6977 0.799999
    endloop
  endfacet
  facet normal -0 0 1
    outer loop
      vertex 16.3173 -26.7517 0.799999
      vertex 17.6904 -27.0248 0.799999
      vertex 16.35 -26.42 0.799999
    endloop
  endfacet
  facet normal 0 0 1
    outer loop
      vertex 16.0635 -25.4755 0.799999
      vertex 17.2276 -24.6977 0.799999
      vertex 16.842 -24.228 0.799999
    endloop
  endfacet
  facet normal 0 0 1
    outer loop
      vertex 17.6904 -27.0248 0.799999
      vertex 16.3173 -26.7517 0.799999
      vertex 17.514 -27.6063 0.799999
    endloop
  endfacet
  facet normal 0 0 1
    outer loop
      vertex 15.8521 -25.2179 0.799999
      vertex 16.842 -24.228 0.799999
      vertex 16.3723 -23.8424 0.799999
    endloop
  endfacet
  facet normal -0 0 1
    outer loop
      vertex 16.2206 -27.0706 0.799999
      vertex 17.514 -27.6063 0.799999
      vertex 16.3173 -26.7517 0.799999
    endloop
  endfacet
  facet normal 0 0 1
    outer loop
      vertex 17.514 -27.6063 0.799999
      vertex 16.2206 -27.0706 0.799999
      vertex 17.2276 -28.1423 0.799999
    endloop
  endfacet
  facet normal 0 0 1
    outer loop
      vertex 17.6904 -25.8152 0.799999
      vertex 16.3173 -26.0883 0.799999
      vertex 16.35 -26.42 0.799999
    endloop
  endfacet
  facet normal 0 0 1
    outer loop
      vertex 17.514 -25.2337 0.799999
      vertex 16.2206 -25.7694 0.799999
      vertex 16.3173 -26.0883 0.799999
    endloop
  endfacet
  facet normal 0 0 1
    outer loop
      vertex 17.2276 -24.6977 0.799999
      vertex 16.0635 -25.4755 0.799999
      vertex 16.2206 -25.7694 0.799999
    endloop
  endfacet
  facet normal 0 0 1
    outer loop
      vertex 16.842 -24.228 0.799999
      vertex 15.8521 -25.2179 0.799999
      vertex 16.0635 -25.4755 0.799999
    endloop
  endfacet
  facet normal 0 0 1
    outer loop
      vertex 15.5945 -25.0065 0.799999
      vertex 16.3723 -23.8424 0.799999
      vertex 15.8363 -23.556 0.799999
    endloop
  endfacet
  facet normal 0 0 1
    outer loop
      vertex 16.3723 -23.8424 0.799999
      vertex 15.5945 -25.0065 0.799999
      vertex 15.8521 -25.2179 0.799999
    endloop
  endfacet
  facet normal 0 0 1
    outer loop
      vertex 15.8363 -23.556 0.799999
      vertex 15.3006 -24.8494 0.799999
      vertex 15.5945 -25.0065 0.799999
    endloop
  endfacet
  facet normal 0 0 1
    outer loop
      vertex 15.2548 -23.3796 0.799999
      vertex 15.3006 -24.8494 0.799999
      vertex 15.8363 -23.556 0.799999
    endloop
  endfacet
  facet normal 0 0 1
    outer loop
      vertex 15.2548 -23.3796 0.799999
      vertex 14.9817 -24.7527 0.799999
      vertex 15.3006 -24.8494 0.799999
    endloop
  endfacet
  facet normal 0 0 1
    outer loop
      vertex 14.65 -23.32 0.799999
      vertex 14.9817 -24.7527 0.799999
      vertex 15.2548 -23.3796 0.799999
    endloop
  endfacet
  facet normal 0 0 1
    outer loop
      vertex 14.65 -23.32 0.799999
      vertex 14.65 -24.72 0.799999
      vertex 14.9817 -24.7527 0.799999
    endloop
  endfacet
  facet normal 0 0 1
    outer loop
      vertex 14.65 -23.32 0.799999
      vertex 14.3183 -24.7527 0.799999
      vertex 14.65 -24.72 0.799999
    endloop
  endfacet
  facet normal -0 0 1
    outer loop
      vertex 14.0452 -23.3796 0.799999
      vertex 14.3183 -24.7527 0.799999
      vertex 14.65 -23.32 0.799999
    endloop
  endfacet
  facet normal 0 0 1
    outer loop
      vertex 14.0452 -23.3796 0.799999
      vertex 13.9994 -24.8494 0.799999
      vertex 14.3183 -24.7527 0.799999
    endloop
  endfacet
  facet normal -0 0 1
    outer loop
      vertex 13.4637 -23.556 0.799999
      vertex 13.9994 -24.8494 0.799999
      vertex 14.0452 -23.3796 0.799999
    endloop
  endfacet
  facet normal 0 0 1
    outer loop
      vertex 13.9994 -24.8494 0.799999
      vertex 13.4637 -23.556 0.799999
      vertex 13.7055 -25.0065 0.799999
    endloop
  endfacet
  facet normal -0 0 1
    outer loop
      vertex 12.9277 -23.8424 0.799999
      vertex 13.7055 -25.0065 0.799999
      vertex 13.4637 -23.556 0.799999
    endloop
  endfacet
  facet normal 0 0 1
    outer loop
      vertex 13.7055 -25.0065 0.799999
      vertex 12.9277 -23.8424 0.799999
      vertex 13.4479 -25.2179 0.799999
    endloop
  endfacet
  facet normal -0 0 1
    outer loop
      vertex 12.458 -24.228 0.799999
      vertex 13.4479 -25.2179 0.799999
      vertex 12.9277 -23.8424 0.799999
    endloop
  endfacet
  facet normal 0 0 1
    outer loop
      vertex 13.4479 -25.2179 0.799999
      vertex 12.458 -24.228 0.799999
      vertex 13.2365 -25.4755 0.799999
    endloop
  endfacet
  facet normal 0 0 1
    outer loop
      vertex 13.2365 -25.4755 0.799999
      vertex 12.0724 -24.6977 0.799999
      vertex 13.0794 -25.7694 0.799999
    endloop
  endfacet
  facet normal -0 0 1
    outer loop
      vertex 12.0724 -24.6977 0.799999
      vertex 13.2365 -25.4755 0.799999
      vertex 12.458 -24.228 0.799999
    endloop
  endfacet
  facet normal -0 0 1
    outer loop
      vertex 16.0635 -27.3645 0.799999
      vertex 17.2276 -28.1423 0.799999
      vertex 16.2206 -27.0706 0.799999
    endloop
  endfacet
  facet normal 0 0 1
    outer loop
      vertex 17.2276 -28.1423 0.799999
      vertex 16.0635 -27.3645 0.799999
      vertex 16.842 -28.612 0.799999
    endloop
  endfacet
  facet normal -0 0 1
    outer loop
      vertex 15.8521 -27.6221 0.799999
      vertex 16.842 -28.612 0.799999
      vertex 16.0635 -27.3645 0.799999
    endloop
  endfacet
  facet normal 0 0 1
    outer loop
      vertex 16.842 -28.612 0.799999
      vertex 15.8521 -27.6221 0.799999
      vertex 16.3723 -28.9976 0.799999
    endloop
  endfacet
  facet normal -0 0 1
    outer loop
      vertex 15.5945 -27.8335 0.799999
      vertex 16.3723 -28.9976 0.799999
      vertex 15.8521 -27.6221 0.799999
    endloop
  endfacet
  facet normal 0 0 1
    outer loop
      vertex 16.3723 -28.9976 0.799999
      vertex 15.5945 -27.8335 0.799999
      vertex 15.8363 -29.284 0.799999
    endloop
  endfacet
  facet normal -0 0 1
    outer loop
      vertex 15.3006 -27.9906 0.799999
      vertex 15.8363 -29.284 0.799999
      vertex 15.5945 -27.8335 0.799999
    endloop
  endfacet
  facet normal 0 0 1
    outer loop
      vertex 15.3006 -27.9906 0.799999
      vertex 15.2548 -29.4604 0.799999
      vertex 15.8363 -29.284 0.799999
    endloop
  endfacet
  facet normal -0 0 1
    outer loop
      vertex 14.9817 -28.0873 0.799999
      vertex 15.2548 -29.4604 0.799999
      vertex 15.3006 -27.9906 0.799999
    endloop
  endfacet
  facet normal -0 0 1
    outer loop
      vertex 14.65 -28.12 0.799999
      vertex 15.2548 -29.4604 0.799999
      vertex 14.9817 -28.0873 0.799999
    endloop
  endfacet
  facet normal 0 0 1
    outer loop
      vertex 14.65 -28.12 0.799999
      vertex 14.65 -29.52 0.799999
      vertex 15.2548 -29.4604 0.799999
    endloop
  endfacet
  facet normal 0 0 1
    outer loop
      vertex 14.3183 -28.0873 0.799999
      vertex 14.65 -29.52 0.799999
      vertex 14.65 -28.12 0.799999
    endloop
  endfacet
  facet normal 0 0 1
    outer loop
      vertex 14.3183 -28.0873 0.799999
      vertex 14.0452 -29.4604 0.799999
      vertex 14.65 -29.52 0.799999
    endloop
  endfacet
  facet normal 0 0 1
    outer loop
      vertex 13.9994 -27.9906 0.799999
      vertex 14.0452 -29.4604 0.799999
      vertex 14.3183 -28.0873 0.799999
    endloop
  endfacet
  facet normal 0 0 1
    outer loop
      vertex 13.4637 -29.284 0.799999
      vertex 13.9994 -27.9906 0.799999
      vertex 13.7055 -27.8335 0.799999
    endloop
  endfacet
  facet normal 0 0 1
    outer loop
      vertex 13.9994 -27.9906 0.799999
      vertex 13.4637 -29.284 0.799999
      vertex 14.0452 -29.4604 0.799999
    endloop
  endfacet
  facet normal 0 0 1
    outer loop
      vertex 12.9277 -28.9976 0.799999
      vertex 13.7055 -27.8335 0.799999
      vertex 13.4479 -27.6221 0.799999
    endloop
  endfacet
  facet normal 0 0 1
    outer loop
      vertex 12.458 -28.612 0.799999
      vertex 13.4479 -27.6221 0.799999
      vertex 13.2365 -27.3645 0.799999
    endloop
  endfacet
  facet normal 0 0 1
    outer loop
      vertex 12.0724 -28.1423 0.799999
      vertex 13.2365 -27.3645 0.799999
      vertex 13.0794 -27.0706 0.799999
    endloop
  endfacet
  facet normal 0 0 1
    outer loop
      vertex 11.786 -27.6063 0.799999
      vertex 13.0794 -27.0706 0.799999
      vertex 12.9827 -26.7517 0.799999
    endloop
  endfacet
  facet normal 0 0 1
    outer loop
      vertex 13.7055 -27.8335 0.799999
      vertex 12.9277 -28.9976 0.799999
      vertex 13.4637 -29.284 0.799999
    endloop
  endfacet
  facet normal 0 0 1
    outer loop
      vertex 11.6096 -27.0248 0.799999
      vertex 12.9827 -26.7517 0.799999
      vertex 12.95 -26.42 0.799999
    endloop
  endfacet
  facet normal -0 0 1
    outer loop
      vertex 11.786 -25.2337 0.799999
      vertex 13.0794 -25.7694 0.799999
      vertex 12.0724 -24.6977 0.799999
    endloop
  endfacet
  facet normal 0 0 1
    outer loop
      vertex 13.0794 -25.7694 0.799999
      vertex 11.786 -25.2337 0.799999
      vertex 12.9827 -26.0883 0.799999
    endloop
  endfacet
  facet normal 0 0 1
    outer loop
      vertex 13.4479 -27.6221 0.799999
      vertex 12.458 -28.612 0.799999
      vertex 12.9277 -28.9976 0.799999
    endloop
  endfacet
  facet normal -0 0 1
    outer loop
      vertex 11.6096 -25.8152 0.799999
      vertex 12.9827 -26.0883 0.799999
      vertex 11.786 -25.2337 0.799999
    endloop
  endfacet
  facet normal 0 0 1
    outer loop
      vertex 13.2365 -27.3645 0.799999
      vertex 12.0724 -28.1423 0.799999
      vertex 12.458 -28.612 0.799999
    endloop
  endfacet
  facet normal 0 0 1
    outer loop
      vertex 12.9827 -26.0883 0.799999
      vertex 11.6096 -25.8152 0.799999
      vertex 12.95 -26.42 0.799999
    endloop
  endfacet
  facet normal 0 0 1
    outer loop
      vertex 13.0794 -27.0706 0.799999
      vertex 11.786 -27.6063 0.799999
      vertex 12.0724 -28.1423 0.799999
    endloop
  endfacet
  facet normal 0 0 1
    outer loop
      vertex 11.55 -26.42 0.799999
      vertex 12.95 -26.42 0.799999
      vertex 11.6096 -25.8152 0.799999
    endloop
  endfacet
  facet normal 0 0 1
    outer loop
      vertex 12.9827 -26.7517 0.799999
      vertex 11.6096 -27.0248 0.799999
      vertex 11.786 -27.6063 0.799999
    endloop
  endfacet
  facet normal 0 0 1
    outer loop
      vertex 12.95 -26.42 0.799999
      vertex 11.55 -26.42 0.799999
      vertex 11.6096 -27.0248 0.799999
    endloop
  endfacet
  facet normal 0.881988 0.471271 0
    outer loop
      vertex 12.0724 -28.1423 3
      vertex 11.786 -27.6063 0.799999
      vertex 11.786 -27.6063 3
    endloop
  endfacet
  facet normal 0.881988 0.471271 0
    outer loop
      vertex 11.786 -27.6063 0.799999
      vertex 12.0724 -28.1423 3
      vertex 12.0724 -28.1423 0.799999
    endloop
  endfacet
  facet normal -0.290291 -0.956939 0
    outer loop
      vertex 15.2548 -23.3796 0.799999
      vertex 15.8363 -23.556 3
      vertex 15.2548 -23.3796 3
    endloop
  endfacet
  facet normal -0.290291 -0.956939 -0
    outer loop
      vertex 15.8363 -23.556 3
      vertex 15.2548 -23.3796 0.799999
      vertex 15.8363 -23.556 0.799999
    endloop
  endfacet
  facet normal 0.0980699 -0.99518 0
    outer loop
      vertex 14.0452 -23.3796 0.799999
      vertex 14.65 -23.32 3
      vertex 14.0452 -23.3796 3
    endloop
  endfacet
  facet normal 0.0980699 -0.99518 0
    outer loop
      vertex 14.65 -23.32 3
      vertex 14.0452 -23.3796 0.799999
      vertex 14.65 -23.32 0.799999
    endloop
  endfacet
  facet normal 0.471271 0.881988 -0
    outer loop
      vertex 13.4637 -29.284 0.799999
      vertex 12.9277 -28.9976 3
      vertex 13.4637 -29.284 3
    endloop
  endfacet
  facet normal 0.471271 0.881988 0
    outer loop
      vertex 12.9277 -28.9976 3
      vertex 13.4637 -29.284 0.799999
      vertex 12.9277 -28.9976 0.799999
    endloop
  endfacet
  facet normal 0.471271 -0.881988 0
    outer loop
      vertex 12.9277 -23.8424 0.799999
      vertex 13.4637 -23.556 3
      vertex 12.9277 -23.8424 3
    endloop
  endfacet
  facet normal 0.471271 -0.881988 0
    outer loop
      vertex 13.4637 -23.556 3
      vertex 12.9277 -23.8424 0.799999
      vertex 13.4637 -23.556 0.799999
    endloop
  endfacet
  facet normal -0.471271 0.881988 0
    outer loop
      vertex 16.3723 -28.9976 0.799999
      vertex 15.8363 -29.284 3
      vertex 16.3723 -28.9976 3
    endloop
  endfacet
  facet normal -0.471271 0.881988 0
    outer loop
      vertex 15.8363 -29.284 3
      vertex 16.3723 -28.9976 0.799999
      vertex 15.8363 -29.284 0.799999
    endloop
  endfacet
  facet normal 0.772908 -0.634518 0
    outer loop
      vertex 12.0724 -24.6977 3
      vertex 12.458 -24.228 0.799999
      vertex 12.458 -24.228 3
    endloop
  endfacet
  facet normal 0.772908 -0.634518 0
    outer loop
      vertex 12.458 -24.228 0.799999
      vertex 12.0724 -24.6977 3
      vertex 12.0724 -24.6977 0.799999
    endloop
  endfacet
  facet normal -0.772908 -0.634518 0
    outer loop
      vertex 17.2276 -24.6977 0.799999
      vertex 16.842 -24.228 3
      vertex 16.842 -24.228 0.799999
    endloop
  endfacet
  facet normal -0.772908 -0.634518 0
    outer loop
      vertex 16.842 -24.228 3
      vertex 17.2276 -24.6977 0.799999
      vertex 17.2276 -24.6977 3
    endloop
  endfacet
  facet normal -0.772908 0.634518 0
    outer loop
      vertex 16.842 -28.612 0.799999
      vertex 17.2276 -28.1423 3
      vertex 17.2276 -28.1423 0.799999
    endloop
  endfacet
  facet normal -0.772908 0.634518 0
    outer loop
      vertex 17.2276 -28.1423 3
      vertex 16.842 -28.612 0.799999
      vertex 16.842 -28.612 3
    endloop
  endfacet
  facet normal 0.290291 -0.956939 0
    outer loop
      vertex 13.4637 -23.556 0.799999
      vertex 14.0452 -23.3796 3
      vertex 13.4637 -23.556 3
    endloop
  endfacet
  facet normal 0.290291 -0.956939 0
    outer loop
      vertex 14.0452 -23.3796 3
      vertex 13.4637 -23.556 0.799999
      vertex 14.0452 -23.3796 0.799999
    endloop
  endfacet
  facet normal -0.634518 0.772908 0
    outer loop
      vertex 16.842 -28.612 0.799999
      vertex 16.3723 -28.9976 3
      vertex 16.842 -28.612 3
    endloop
  endfacet
  facet normal -0.634518 0.772908 0
    outer loop
      vertex 16.3723 -28.9976 3
      vertex 16.842 -28.612 0.799999
      vertex 16.3723 -28.9976 0.799999
    endloop
  endfacet
  facet normal -0.99518 0.0980699 0
    outer loop
      vertex 17.6904 -27.0248 0.799999
      vertex 17.75 -26.42 3
      vertex 17.75 -26.42 0.799999
    endloop
  endfacet
  facet normal -0.99518 0.0980699 0
    outer loop
      vertex 17.75 -26.42 3
      vertex 17.6904 -27.0248 0.799999
      vertex 17.6904 -27.0248 3
    endloop
  endfacet
  facet normal 0.290291 0.956939 -0
    outer loop
      vertex 14.0452 -29.4604 0.799999
      vertex 13.4637 -29.284 3
      vertex 14.0452 -29.4604 3
    endloop
  endfacet
  facet normal 0.290291 0.956939 0
    outer loop
      vertex 13.4637 -29.284 3
      vertex 14.0452 -29.4604 0.799999
      vertex 13.4637 -29.284 0.799999
    endloop
  endfacet
  facet normal -0.956939 0.290291 0
    outer loop
      vertex 17.514 -27.6063 0.799999
      vertex 17.6904 -27.0248 3
      vertex 17.6904 -27.0248 0.799999
    endloop
  endfacet
  facet normal -0.956939 0.290291 0
    outer loop
      vertex 17.6904 -27.0248 3
      vertex 17.514 -27.6063 0.799999
      vertex 17.514 -27.6063 3
    endloop
  endfacet
  facet normal 0.956939 0.290291 0
    outer loop
      vertex 11.786 -27.6063 3
      vertex 11.6096 -27.0248 0.799999
      vertex 11.6096 -27.0248 3
    endloop
  endfacet
  facet normal 0.956939 0.290291 0
    outer loop
      vertex 11.6096 -27.0248 0.799999
      vertex 11.786 -27.6063 3
      vertex 11.786 -27.6063 0.799999
    endloop
  endfacet
  facet normal -0.881988 0.471271 0
    outer loop
      vertex 17.2276 -28.1423 0.799999
      vertex 17.514 -27.6063 3
      vertex 17.514 -27.6063 0.799999
    endloop
  endfacet
  facet normal -0.881988 0.471271 0
    outer loop
      vertex 17.514 -27.6063 3
      vertex 17.2276 -28.1423 0.799999
      vertex 17.2276 -28.1423 3
    endloop
  endfacet
  facet normal 0.99518 -0.0980699 0
    outer loop
      vertex 11.55 -26.42 3
      vertex 11.6096 -25.8152 0.799999
      vertex 11.6096 -25.8152 3
    endloop
  endfacet
  facet normal 0.99518 -0.0980699 0
    outer loop
      vertex 11.6096 -25.8152 0.799999
      vertex 11.55 -26.42 3
      vertex 11.55 -26.42 0.799999
    endloop
  endfacet
  facet normal -0.0980699 -0.99518 0
    outer loop
      vertex 14.65 -23.32 0.799999
      vertex 15.2548 -23.3796 3
      vertex 14.65 -23.32 3
    endloop
  endfacet
  facet normal -0.0980699 -0.99518 -0
    outer loop
      vertex 15.2548 -23.3796 3
      vertex 14.65 -23.32 0.799999
      vertex 15.2548 -23.3796 0.799999
    endloop
  endfacet
  facet normal 0.634518 -0.772908 0
    outer loop
      vertex 12.458 -24.228 0.799999
      vertex 12.9277 -23.8424 3
      vertex 12.458 -24.228 3
    endloop
  endfacet
  facet normal 0.634518 -0.772908 0
    outer loop
      vertex 12.9277 -23.8424 3
      vertex 12.458 -24.228 0.799999
      vertex 12.9277 -23.8424 0.799999
    endloop
  endfacet
  facet normal -0.634518 -0.772908 0
    outer loop
      vertex 16.3723 -23.8424 0.799999
      vertex 16.842 -24.228 3
      vertex 16.3723 -23.8424 3
    endloop
  endfacet
  facet normal -0.634518 -0.772908 -0
    outer loop
      vertex 16.842 -24.228 3
      vertex 16.3723 -23.8424 0.799999
      vertex 16.842 -24.228 0.799999
    endloop
  endfacet
  facet normal -0.0980699 0.99518 0
    outer loop
      vertex 15.2548 -29.4604 0.799999
      vertex 14.65 -29.52 3
      vertex 15.2548 -29.4604 3
    endloop
  endfacet
  facet normal -0.0980699 0.99518 0
    outer loop
      vertex 14.65 -29.52 3
      vertex 15.2548 -29.4604 0.799999
      vertex 14.65 -29.52 0.799999
    endloop
  endfacet
  facet normal -0.471271 -0.881988 0
    outer loop
      vertex 15.8363 -23.556 0.799999
      vertex 16.3723 -23.8424 3
      vertex 15.8363 -23.556 3
    endloop
  endfacet
  facet normal -0.471271 -0.881988 -0
    outer loop
      vertex 16.3723 -23.8424 3
      vertex 15.8363 -23.556 0.799999
      vertex 16.3723 -23.8424 0.799999
    endloop
  endfacet
  facet normal 0.772908 0.634518 0
    outer loop
      vertex 12.458 -28.612 3
      vertex 12.0724 -28.1423 0.799999
      vertex 12.0724 -28.1423 3
    endloop
  endfacet
  facet normal 0.772908 0.634518 0
    outer loop
      vertex 12.0724 -28.1423 0.799999
      vertex 12.458 -28.612 3
      vertex 12.458 -28.612 0.799999
    endloop
  endfacet
  facet normal 0.0980699 0.99518 -0
    outer loop
      vertex 14.65 -29.52 0.799999
      vertex 14.0452 -29.4604 3
      vertex 14.65 -29.52 3
    endloop
  endfacet
  facet normal 0.0980699 0.99518 0
    outer loop
      vertex 14.0452 -29.4604 3
      vertex 14.65 -29.52 0.799999
      vertex 14.0452 -29.4604 0.799999
    endloop
  endfacet
  facet normal 0.634518 0.772908 -0
    outer loop
      vertex 12.9277 -28.9976 0.799999
      vertex 12.458 -28.612 3
      vertex 12.9277 -28.9976 3
    endloop
  endfacet
  facet normal 0.634518 0.772908 0
    outer loop
      vertex 12.458 -28.612 3
      vertex 12.9277 -28.9976 0.799999
      vertex 12.458 -28.612 0.799999
    endloop
  endfacet
  facet normal 0.956939 -0.290291 0
    outer loop
      vertex 11.6096 -25.8152 3
      vertex 11.786 -25.2337 0.799999
      vertex 11.786 -25.2337 3
    endloop
  endfacet
  facet normal 0.956939 -0.290291 0
    outer loop
      vertex 11.786 -25.2337 0.799999
      vertex 11.6096 -25.8152 3
      vertex 11.6096 -25.8152 0.799999
    endloop
  endfacet
  facet normal 0.881988 -0.471271 0
    outer loop
      vertex 11.786 -25.2337 3
      vertex 12.0724 -24.6977 0.799999
      vertex 12.0724 -24.6977 3
    endloop
  endfacet
  facet normal 0.881988 -0.471271 0
    outer loop
      vertex 12.0724 -24.6977 0.799999
      vertex 11.786 -25.2337 3
      vertex 11.786 -25.2337 0.799999
    endloop
  endfacet
  facet normal 0.99518 0.0980699 0
    outer loop
      vertex 11.6096 -27.0248 3
      vertex 11.55 -26.42 0.799999
      vertex 11.55 -26.42 3
    endloop
  endfacet
  facet normal 0.99518 0.0980699 0
    outer loop
      vertex 11.55 -26.42 0.799999
      vertex 11.6096 -27.0248 3
      vertex 11.6096 -27.0248 0.799999
    endloop
  endfacet
  facet normal -0.956971 -0.290182 0
    outer loop
      vertex -12.9827 -26.0883 0
      vertex -13.0794 -25.7694 0.799999
      vertex -13.0794 -25.7694 0
    endloop
  endfacet
  facet normal -0.956971 -0.290182 0
    outer loop
      vertex -13.0794 -25.7694 0.799999
      vertex -12.9827 -26.0883 0
      vertex -12.9827 -26.0883 0.799999
    endloop
  endfacet
  facet normal -0.995176 -0.0981075 0
    outer loop
      vertex -12.95 -26.42 0
      vertex -12.9827 -26.0883 0.799999
      vertex -12.9827 -26.0883 0
    endloop
  endfacet
  facet normal -0.995176 -0.0981075 0
    outer loop
      vertex -12.9827 -26.0883 0.799999
      vertex -12.95 -26.42 0
      vertex -12.95 -26.42 0.799999
    endloop
  endfacet
  facet normal -0.881912 -0.471413 0
    outer loop
      vertex -13.0794 -25.7694 0
      vertex -13.2365 -25.4755 0.799999
      vertex -13.2365 -25.4755 0
    endloop
  endfacet
  facet normal -0.881912 -0.471413 0
    outer loop
      vertex -13.2365 -25.4755 0.799999
      vertex -13.0794 -25.7694 0
      vertex -13.0794 -25.7694 0.799999
    endloop
  endfacet
  facet normal -0.995176 0.0981075 0
    outer loop
      vertex -12.9827 -26.7517 0
      vertex -12.95 -26.42 0.799999
      vertex -12.95 -26.42 0
    endloop
  endfacet
  facet normal -0.995176 0.0981075 0
    outer loop
      vertex -12.95 -26.42 0.799999
      vertex -12.9827 -26.7517 0
      vertex -12.9827 -26.7517 0.799999
    endloop
  endfacet
  facet normal 0.634381 -0.773021 0
    outer loop
      vertex -15.8521 -25.2179 0
      vertex -15.5945 -25.0065 0.799999
      vertex -15.8521 -25.2179 0.799999
    endloop
  endfacet
  facet normal 0.634381 -0.773021 0
    outer loop
      vertex -15.5945 -25.0065 0.799999
      vertex -15.8521 -25.2179 0
      vertex -15.5945 -25.0065 0
    endloop
  endfacet
  facet normal -0.290182 -0.956971 0
    outer loop
      vertex -14.3183 -24.7527 0
      vertex -13.9994 -24.8494 0.799999
      vertex -14.3183 -24.7527 0.799999
    endloop
  endfacet
  facet normal -0.290182 -0.956971 -0
    outer loop
      vertex -13.9994 -24.8494 0.799999
      vertex -14.3183 -24.7527 0
      vertex -13.9994 -24.8494 0
    endloop
  endfacet
  facet normal -0.634381 -0.773021 0
    outer loop
      vertex -13.7055 -25.0065 0
      vertex -13.4479 -25.2179 0.799999
      vertex -13.7055 -25.0065 0.799999
    endloop
  endfacet
  facet normal -0.634381 -0.773021 -0
    outer loop
      vertex -13.4479 -25.2179 0.799999
      vertex -13.7055 -25.0065 0
      vertex -13.4479 -25.2179 0
    endloop
  endfacet
  facet normal 0.471413 -0.881912 0
    outer loop
      vertex -15.5945 -25.0065 0
      vertex -15.3006 -24.8494 0.799999
      vertex -15.5945 -25.0065 0.799999
    endloop
  endfacet
  facet normal 0.471413 -0.881912 0
    outer loop
      vertex -15.3006 -24.8494 0.799999
      vertex -15.5945 -25.0065 0
      vertex -15.3006 -24.8494 0
    endloop
  endfacet
  facet normal 0.634381 0.773021 -0
    outer loop
      vertex -15.5945 -27.8335 0
      vertex -15.8521 -27.6221 0.799999
      vertex -15.5945 -27.8335 0.799999
    endloop
  endfacet
  facet normal 0.634381 0.773021 0
    outer loop
      vertex -15.8521 -27.6221 0.799999
      vertex -15.5945 -27.8335 0
      vertex -15.8521 -27.6221 0
    endloop
  endfacet
  facet normal -0.634381 0.773021 0
    outer loop
      vertex -13.4479 -27.6221 0
      vertex -13.7055 -27.8335 0.799999
      vertex -13.4479 -27.6221 0.799999
    endloop
  endfacet
  facet normal -0.634381 0.773021 0
    outer loop
      vertex -13.7055 -27.8335 0.799999
      vertex -13.4479 -27.6221 0
      vertex -13.7055 -27.8335 0
    endloop
  endfacet
  facet normal 0.956971 -0.290182 0
    outer loop
      vertex -16.3173 -26.0883 0.799999
      vertex -16.2206 -25.7694 0
      vertex -16.2206 -25.7694 0.799999
    endloop
  endfacet
  facet normal 0.956971 -0.290182 0
    outer loop
      vertex -16.2206 -25.7694 0
      vertex -16.3173 -26.0883 0.799999
      vertex -16.3173 -26.0883 0
    endloop
  endfacet
  facet normal -0.0981075 -0.995176 0
    outer loop
      vertex -14.65 -24.72 0
      vertex -14.3183 -24.7527 0.799999
      vertex -14.65 -24.72 0.799999
    endloop
  endfacet
  facet normal -0.0981075 -0.995176 -0
    outer loop
      vertex -14.3183 -24.7527 0.799999
      vertex -14.65 -24.72 0
      vertex -14.3183 -24.7527 0
    endloop
  endfacet
  facet normal -0.290182 0.956971 0
    outer loop
      vertex -13.9994 -27.9906 0
      vertex -14.3183 -28.0873 0.799999
      vertex -13.9994 -27.9906 0.799999
    endloop
  endfacet
  facet normal -0.290182 0.956971 0
    outer loop
      vertex -14.3183 -28.0873 0.799999
      vertex -13.9994 -27.9906 0
      vertex -14.3183 -28.0873 0
    endloop
  endfacet
  facet normal 0.290182 -0.956971 0
    outer loop
      vertex -15.3006 -24.8494 0
      vertex -14.9817 -24.7527 0.799999
      vertex -15.3006 -24.8494 0.799999
    endloop
  endfacet
  facet normal 0.290182 -0.956971 0
    outer loop
      vertex -14.9817 -24.7527 0.799999
      vertex -15.3006 -24.8494 0
      vertex -14.9817 -24.7527 0
    endloop
  endfacet
  facet normal 0.773021 -0.634381 0
    outer loop
      vertex -16.0635 -25.4755 0.799999
      vertex -15.8521 -25.2179 0
      vertex -15.8521 -25.2179 0.799999
    endloop
  endfacet
  facet normal 0.773021 -0.634381 0
    outer loop
      vertex -15.8521 -25.2179 0
      vertex -16.0635 -25.4755 0.799999
      vertex -16.0635 -25.4755 0
    endloop
  endfacet
  facet normal -0.956971 0.290182 0
    outer loop
      vertex -13.0794 -27.0706 0
      vertex -12.9827 -26.7517 0.799999
      vertex -12.9827 -26.7517 0
    endloop
  endfacet
  facet normal -0.956971 0.290182 0
    outer loop
      vertex -12.9827 -26.7517 0.799999
      vertex -13.0794 -27.0706 0
      vertex -13.0794 -27.0706 0.799999
    endloop
  endfacet
  facet normal 0.881912 0.471413 0
    outer loop
      vertex -16.0635 -27.3645 0.799999
      vertex -16.2206 -27.0706 0
      vertex -16.2206 -27.0706 0.799999
    endloop
  endfacet
  facet normal 0.881912 0.471413 0
    outer loop
      vertex -16.2206 -27.0706 0
      vertex -16.0635 -27.3645 0.799999
      vertex -16.0635 -27.3645 0
    endloop
  endfacet
  facet normal -0.773021 -0.634381 0
    outer loop
      vertex -13.2365 -25.4755 0
      vertex -13.4479 -25.2179 0.799999
      vertex -13.4479 -25.2179 0
    endloop
  endfacet
  facet normal -0.773021 -0.634381 0
    outer loop
      vertex -13.4479 -25.2179 0.799999
      vertex -13.2365 -25.4755 0
      vertex -13.2365 -25.4755 0.799999
    endloop
  endfacet
  facet normal -0.471413 -0.881912 0
    outer loop
      vertex -13.9994 -24.8494 0
      vertex -13.7055 -25.0065 0.799999
      vertex -13.9994 -24.8494 0.799999
    endloop
  endfacet
  facet normal -0.471413 -0.881912 -0
    outer loop
      vertex -13.7055 -25.0065 0.799999
      vertex -13.9994 -24.8494 0
      vertex -13.7055 -25.0065 0
    endloop
  endfacet
  facet normal -0.0981075 0.995176 0
    outer loop
      vertex -14.3183 -28.0873 0
      vertex -14.65 -28.12 0.799999
      vertex -14.3183 -28.0873 0.799999
    endloop
  endfacet
  facet normal -0.0981075 0.995176 0
    outer loop
      vertex -14.65 -28.12 0.799999
      vertex -14.3183 -28.0873 0
      vertex -14.65 -28.12 0
    endloop
  endfacet
  facet normal -0.471413 0.881912 0
    outer loop
      vertex -13.7055 -27.8335 0
      vertex -13.9994 -27.9906 0.799999
      vertex -13.7055 -27.8335 0.799999
    endloop
  endfacet
  facet normal -0.471413 0.881912 0
    outer loop
      vertex -13.9994 -27.9906 0.799999
      vertex -13.7055 -27.8335 0
      vertex -13.9994 -27.9906 0
    endloop
  endfacet
  facet normal -0.881912 0.471413 0
    outer loop
      vertex -13.2365 -27.3645 0
      vertex -13.0794 -27.0706 0.799999
      vertex -13.0794 -27.0706 0
    endloop
  endfacet
  facet normal -0.881912 0.471413 0
    outer loop
      vertex -13.0794 -27.0706 0.799999
      vertex -13.2365 -27.3645 0
      vertex -13.2365 -27.3645 0.799999
    endloop
  endfacet
  facet normal 0.0981075 0.995176 -0
    outer loop
      vertex -14.65 -28.12 0
      vertex -14.9817 -28.0873 0.799999
      vertex -14.65 -28.12 0.799999
    endloop
  endfacet
  facet normal 0.0981075 0.995176 0
    outer loop
      vertex -14.9817 -28.0873 0.799999
      vertex -14.65 -28.12 0
      vertex -14.9817 -28.0873 0
    endloop
  endfacet
  facet normal 0.0981075 -0.995176 0
    outer loop
      vertex -14.9817 -24.7527 0
      vertex -14.65 -24.72 0.799999
      vertex -14.9817 -24.7527 0.799999
    endloop
  endfacet
  facet normal 0.0981075 -0.995176 0
    outer loop
      vertex -14.65 -24.72 0.799999
      vertex -14.9817 -24.7527 0
      vertex -14.65 -24.72 0
    endloop
  endfacet
  facet normal 0.881912 -0.471413 0
    outer loop
      vertex -16.2206 -25.7694 0.799999
      vertex -16.0635 -25.4755 0
      vertex -16.0635 -25.4755 0.799999
    endloop
  endfacet
  facet normal 0.881912 -0.471413 0
    outer loop
      vertex -16.0635 -25.4755 0
      vertex -16.2206 -25.7694 0.799999
      vertex -16.2206 -25.7694 0
    endloop
  endfacet
  facet normal 0.956971 0.290182 0
    outer loop
      vertex -16.2206 -27.0706 0.799999
      vertex -16.3173 -26.7517 0
      vertex -16.3173 -26.7517 0.799999
    endloop
  endfacet
  facet normal 0.956971 0.290182 0
    outer loop
      vertex -16.3173 -26.7517 0
      vertex -16.2206 -27.0706 0.799999
      vertex -16.2206 -27.0706 0
    endloop
  endfacet
  facet normal 0.995176 0.0981075 0
    outer loop
      vertex -16.3173 -26.7517 0.799999
      vertex -16.35 -26.42 0
      vertex -16.35 -26.42 0.799999
    endloop
  endfacet
  facet normal 0.995176 0.0981075 0
    outer loop
      vertex -16.35 -26.42 0
      vertex -16.3173 -26.7517 0.799999
      vertex -16.3173 -26.7517 0
    endloop
  endfacet
  facet normal 0.773021 0.634381 0
    outer loop
      vertex -15.8521 -27.6221 0.799999
      vertex -16.0635 -27.3645 0
      vertex -16.0635 -27.3645 0.799999
    endloop
  endfacet
  facet normal 0.773021 0.634381 0
    outer loop
      vertex -16.0635 -27.3645 0
      vertex -15.8521 -27.6221 0.799999
      vertex -15.8521 -27.6221 0
    endloop
  endfacet
  facet normal 0.471413 0.881912 -0
    outer loop
      vertex -15.3006 -27.9906 0
      vertex -15.5945 -27.8335 0.799999
      vertex -15.3006 -27.9906 0.799999
    endloop
  endfacet
  facet normal 0.471413 0.881912 0
    outer loop
      vertex -15.5945 -27.8335 0.799999
      vertex -15.3006 -27.9906 0
      vertex -15.5945 -27.8335 0
    endloop
  endfacet
  facet normal -0.773021 0.634381 0
    outer loop
      vertex -13.4479 -27.6221 0
      vertex -13.2365 -27.3645 0.799999
      vertex -13.2365 -27.3645 0
    endloop
  endfacet
  facet normal -0.773021 0.634381 0
    outer loop
      vertex -13.2365 -27.3645 0.799999
      vertex -13.4479 -27.6221 0
      vertex -13.4479 -27.6221 0.799999
    endloop
  endfacet
  facet normal 0.995176 -0.0981075 0
    outer loop
      vertex -16.35 -26.42 0.799999
      vertex -16.3173 -26.0883 0
      vertex -16.3173 -26.0883 0.799999
    endloop
  endfacet
  facet normal 0.995176 -0.0981075 0
    outer loop
      vertex -16.3173 -26.0883 0
      vertex -16.35 -26.42 0.799999
      vertex -16.35 -26.42 0
    endloop
  endfacet
  facet normal 0.290182 0.956971 -0
    outer loop
      vertex -14.9817 -28.0873 0
      vertex -15.3006 -27.9906 0.799999
      vertex -14.9817 -28.0873 0.799999
    endloop
  endfacet
  facet normal 0.290182 0.956971 0
    outer loop
      vertex -15.3006 -27.9906 0.799999
      vertex -14.9817 -28.0873 0
      vertex -15.3006 -27.9906 0
    endloop
  endfacet
  facet normal -0.956939 -0.290291 0
    outer loop
      vertex -11.6096 -25.8152 0.799999
      vertex -11.786 -25.2337 3
      vertex -11.786 -25.2337 0.799999
    endloop
  endfacet
  facet normal -0.956939 -0.290291 0
    outer loop
      vertex -11.786 -25.2337 3
      vertex -11.6096 -25.8152 0.799999
      vertex -11.6096 -25.8152 3
    endloop
  endfacet
  facet normal -0.99518 -0.0980699 0
    outer loop
      vertex -11.55 -26.42 0.799999
      vertex -11.6096 -25.8152 3
      vertex -11.6096 -25.8152 0.799999
    endloop
  endfacet
  facet normal -0.99518 -0.0980699 0
    outer loop
      vertex -11.6096 -25.8152 3
      vertex -11.55 -26.42 0.799999
      vertex -11.55 -26.42 3
    endloop
  endfacet
  facet normal -0.881988 -0.471271 0
    outer loop
      vertex -11.786 -25.2337 0.799999
      vertex -12.0724 -24.6977 3
      vertex -12.0724 -24.6977 0.799999
    endloop
  endfacet
  facet normal -0.881988 -0.471271 0
    outer loop
      vertex -12.0724 -24.6977 3
      vertex -11.786 -25.2337 0.799999
      vertex -11.786 -25.2337 3
    endloop
  endfacet
  facet normal 0.881988 0.471271 0
    outer loop
      vertex -17.2276 -28.1423 3
      vertex -17.514 -27.6063 0.799999
      vertex -17.514 -27.6063 3
    endloop
  endfacet
  facet normal 0.881988 0.471271 0
    outer loop
      vertex -17.514 -27.6063 0.799999
      vertex -17.2276 -28.1423 3
      vertex -17.2276 -28.1423 0.799999
    endloop
  endfacet
  facet normal 0.634518 -0.772908 0
    outer loop
      vertex -16.842 -24.228 0.799999
      vertex -16.3723 -23.8424 3
      vertex -16.842 -24.228 3
    endloop
  endfacet
  facet normal 0.634518 -0.772908 0
    outer loop
      vertex -16.3723 -23.8424 3
      vertex -16.842 -24.228 0.799999
      vertex -16.3723 -23.8424 0.799999
    endloop
  endfacet
  facet normal -0.772908 -0.634518 0
    outer loop
      vertex -12.0724 -24.6977 0.799999
      vertex -12.458 -24.228 3
      vertex -12.458 -24.228 0.799999
    endloop
  endfacet
  facet normal -0.772908 -0.634518 0
    outer loop
      vertex -12.458 -24.228 3
      vertex -12.0724 -24.6977 0.799999
      vertex -12.0724 -24.6977 3
    endloop
  endfacet
  facet normal 0.290291 -0.956939 0
    outer loop
      vertex -15.8363 -23.556 0.799999
      vertex -15.2548 -23.3796 3
      vertex -15.8363 -23.556 3
    endloop
  endfacet
  facet normal 0.290291 -0.956939 0
    outer loop
      vertex -15.2548 -23.3796 3
      vertex -15.8363 -23.556 0.799999
      vertex -15.2548 -23.3796 0.799999
    endloop
  endfacet
  facet normal -0.471271 0.881988 0
    outer loop
      vertex -12.9277 -28.9976 0.799999
      vertex -13.4637 -29.284 3
      vertex -12.9277 -28.9976 3
    endloop
  endfacet
  facet normal -0.471271 0.881988 0
    outer loop
      vertex -13.4637 -29.284 3
      vertex -12.9277 -28.9976 0.799999
      vertex -13.4637 -29.284 0.799999
    endloop
  endfacet
  facet normal 0.772908 -0.634518 0
    outer loop
      vertex -17.2276 -24.6977 3
      vertex -16.842 -24.228 0.799999
      vertex -16.842 -24.228 3
    endloop
  endfacet
  facet normal 0.772908 -0.634518 0
    outer loop
      vertex -16.842 -24.228 0.799999
      vertex -17.2276 -24.6977 3
      vertex -17.2276 -24.6977 0.799999
    endloop
  endfacet
  facet normal -0.99518 0.0980699 0
    outer loop
      vertex -11.6096 -27.0248 0.799999
      vertex -11.55 -26.42 3
      vertex -11.55 -26.42 0.799999
    endloop
  endfacet
  facet normal -0.99518 0.0980699 0
    outer loop
      vertex -11.55 -26.42 3
      vertex -11.6096 -27.0248 0.799999
      vertex -11.6096 -27.0248 3
    endloop
  endfacet
  facet normal -0.634518 0.772908 0
    outer loop
      vertex -12.458 -28.612 0.799999
      vertex -12.9277 -28.9976 3
      vertex -12.458 -28.612 3
    endloop
  endfacet
  facet normal -0.634518 0.772908 0
    outer loop
      vertex -12.9277 -28.9976 3
      vertex -12.458 -28.612 0.799999
      vertex -12.9277 -28.9976 0.799999
    endloop
  endfacet
  facet normal -0.956939 0.290291 0
    outer loop
      vertex -11.786 -27.6063 0.799999
      vertex -11.6096 -27.0248 3
      vertex -11.6096 -27.0248 0.799999
    endloop
  endfacet
  facet normal -0.956939 0.290291 0
    outer loop
      vertex -11.6096 -27.0248 3
      vertex -11.786 -27.6063 0.799999
      vertex -11.786 -27.6063 3
    endloop
  endfacet
  facet normal -0.0980699 -0.99518 0
    outer loop
      vertex -14.65 -23.32 0.799999
      vertex -14.0452 -23.3796 3
      vertex -14.65 -23.32 3
    endloop
  endfacet
  facet normal -0.0980699 -0.99518 -0
    outer loop
      vertex -14.0452 -23.3796 3
      vertex -14.65 -23.32 0.799999
      vertex -14.0452 -23.3796 0.799999
    endloop
  endfacet
  facet normal 0.290291 0.956939 -0
    outer loop
      vertex -15.2548 -29.4604 0.799999
      vertex -15.8363 -29.284 3
      vertex -15.2548 -29.4604 3
    endloop
  endfacet
  facet normal 0.290291 0.956939 0
    outer loop
      vertex -15.8363 -29.284 3
      vertex -15.2548 -29.4604 0.799999
      vertex -15.8363 -29.284 0.799999
    endloop
  endfacet
  facet normal -0.290291 -0.956939 0
    outer loop
      vertex -14.0452 -23.3796 0.799999
      vertex -13.4637 -23.556 3
      vertex -14.0452 -23.3796 3
    endloop
  endfacet
  facet normal -0.290291 -0.956939 -0
    outer loop
      vertex -13.4637 -23.556 3
      vertex -14.0452 -23.3796 0.799999
      vertex -13.4637 -23.556 0.799999
    endloop
  endfacet
  facet normal 0.471271 -0.881988 0
    outer loop
      vertex -16.3723 -23.8424 0.799999
      vertex -15.8363 -23.556 3
      vertex -16.3723 -23.8424 3
    endloop
  endfacet
  facet normal 0.471271 -0.881988 0
    outer loop
      vertex -15.8363 -23.556 3
      vertex -16.3723 -23.8424 0.799999
      vertex -15.8363 -23.556 0.799999
    endloop
  endfacet
  facet normal 0.634518 0.772908 -0
    outer loop
      vertex -16.3723 -28.9976 0.799999
      vertex -16.842 -28.612 3
      vertex -16.3723 -28.9976 3
    endloop
  endfacet
  facet normal 0.634518 0.772908 0
    outer loop
      vertex -16.842 -28.612 3
      vertex -16.3723 -28.9976 0.799999
      vertex -16.842 -28.612 0.799999
    endloop
  endfacet
  facet normal -0.881988 0.471271 0
    outer loop
      vertex -12.0724 -28.1423 0.799999
      vertex -11.786 -27.6063 3
      vertex -11.786 -27.6063 0.799999
    endloop
  endfacet
  facet normal -0.881988 0.471271 0
    outer loop
      vertex -11.786 -27.6063 3
      vertex -12.0724 -28.1423 0.799999
      vertex -12.0724 -28.1423 3
    endloop
  endfacet
  facet normal -0.772908 0.634518 0
    outer loop
      vertex -12.458 -28.612 0.799999
      vertex -12.0724 -28.1423 3
      vertex -12.0724 -28.1423 0.799999
    endloop
  endfacet
  facet normal -0.772908 0.634518 0
    outer loop
      vertex -12.0724 -28.1423 3
      vertex -12.458 -28.612 0.799999
      vertex -12.458 -28.612 3
    endloop
  endfacet
  facet normal 0.881988 -0.471271 0
    outer loop
      vertex -17.514 -25.2337 3
      vertex -17.2276 -24.6977 0.799999
      vertex -17.2276 -24.6977 3
    endloop
  endfacet
  facet normal 0.881988 -0.471271 0
    outer loop
      vertex -17.2276 -24.6977 0.799999
      vertex -17.514 -25.2337 3
      vertex -17.514 -25.2337 0.799999
    endloop
  endfacet
  facet normal -0.290291 0.956939 0
    outer loop
      vertex -13.4637 -29.284 0.799999
      vertex -14.0452 -29.4604 3
      vertex -13.4637 -29.284 3
    endloop
  endfacet
  facet normal -0.290291 0.956939 0
    outer loop
      vertex -14.0452 -29.4604 3
      vertex -13.4637 -29.284 0.799999
      vertex -14.0452 -29.4604 0.799999
    endloop
  endfacet
  facet normal -0.634518 -0.772908 0
    outer loop
      vertex -12.9277 -23.8424 0.799999
      vertex -12.458 -24.228 3
      vertex -12.9277 -23.8424 3
    endloop
  endfacet
  facet normal -0.634518 -0.772908 -0
    outer loop
      vertex -12.458 -24.228 3
      vertex -12.9277 -23.8424 0.799999
      vertex -12.458 -24.228 0.799999
    endloop
  endfacet
  facet normal -0.471271 -0.881988 0
    outer loop
      vertex -13.4637 -23.556 0.799999
      vertex -12.9277 -23.8424 3
      vertex -13.4637 -23.556 3
    endloop
  endfacet
  facet normal -0.471271 -0.881988 -0
    outer loop
      vertex -12.9277 -23.8424 3
      vertex -13.4637 -23.556 0.799999
      vertex -12.9277 -23.8424 0.799999
    endloop
  endfacet
  facet normal 0.956939 0.290291 0
    outer loop
      vertex -17.514 -27.6063 3
      vertex -17.6904 -27.0248 0.799999
      vertex -17.6904 -27.0248 3
    endloop
  endfacet
  facet normal 0.956939 0.290291 0
    outer loop
      vertex -17.6904 -27.0248 0.799999
      vertex -17.514 -27.6063 3
      vertex -17.514 -27.6063 0.799999
    endloop
  endfacet
  facet normal -0.0980699 0.99518 0
    outer loop
      vertex -14.0452 -29.4604 0.799999
      vertex -14.65 -29.52 3
      vertex -14.0452 -29.4604 3
    endloop
  endfacet
  facet normal -0.0980699 0.99518 0
    outer loop
      vertex -14.65 -29.52 3
      vertex -14.0452 -29.4604 0.799999
      vertex -14.65 -29.52 0.799999
    endloop
  endfacet
  facet normal 0.772908 0.634518 0
    outer loop
      vertex -16.842 -28.612 3
      vertex -17.2276 -28.1423 0.799999
      vertex -17.2276 -28.1423 3
    endloop
  endfacet
  facet normal 0.772908 0.634518 0
    outer loop
      vertex -17.2276 -28.1423 0.799999
      vertex -16.842 -28.612 3
      vertex -16.842 -28.612 0.799999
    endloop
  endfacet
  facet normal 0.99518 -0.0980699 0
    outer loop
      vertex -17.75 -26.42 3
      vertex -17.6904 -25.8152 0.799999
      vertex -17.6904 -25.8152 3
    endloop
  endfacet
  facet normal 0.99518 -0.0980699 0
    outer loop
      vertex -17.6904 -25.8152 0.799999
      vertex -17.75 -26.42 3
      vertex -17.75 -26.42 0.799999
    endloop
  endfacet
  facet normal 0.956939 -0.290291 0
    outer loop
      vertex -17.6904 -25.8152 3
      vertex -17.514 -25.2337 0.799999
      vertex -17.514 -25.2337 3
    endloop
  endfacet
  facet normal 0.956939 -0.290291 0
    outer loop
      vertex -17.514 -25.2337 0.799999
      vertex -17.6904 -25.8152 3
      vertex -17.6904 -25.8152 0.799999
    endloop
  endfacet
  facet normal 0 0 1
    outer loop
      vertex -12.95 -26.42 0.799999
      vertex -11.55 -26.42 0.799999
      vertex -11.6096 -25.8152 0.799999
    endloop
  endfacet
  facet normal 0 0 1
    outer loop
      vertex -12.9827 -26.0883 0.799999
      vertex -11.6096 -25.8152 0.799999
      vertex -11.786 -25.2337 0.799999
    endloop
  endfacet
  facet normal 0 0 1
    outer loop
      vertex -11.55 -26.42 0.799999
      vertex -12.95 -26.42 0.799999
      vertex -11.6096 -27.0248 0.799999
    endloop
  endfacet
  facet normal 0 0 1
    outer loop
      vertex -13.0794 -25.7694 0.799999
      vertex -11.786 -25.2337 0.799999
      vertex -12.0724 -24.6977 0.799999
    endloop
  endfacet
  facet normal -0 0 1
    outer loop
      vertex -12.9827 -26.7517 0.799999
      vertex -11.6096 -27.0248 0.799999
      vertex -12.95 -26.42 0.799999
    endloop
  endfacet
  facet normal 0 0 1
    outer loop
      vertex -13.2365 -25.4755 0.799999
      vertex -12.0724 -24.6977 0.799999
      vertex -12.458 -24.228 0.799999
    endloop
  endfacet
  facet normal 0 0 1
    outer loop
      vertex -11.6096 -27.0248 0.799999
      vertex -12.9827 -26.7517 0.799999
      vertex -11.786 -27.6063 0.799999
    endloop
  endfacet
  facet normal 0 0 1
    outer loop
      vertex -13.4479 -25.2179 0.799999
      vertex -12.458 -24.228 0.799999
      vertex -12.9277 -23.8424 0.799999
    endloop
  endfacet
  facet normal -0 0 1
    outer loop
      vertex -13.0794 -27.0706 0.799999
      vertex -11.786 -27.6063 0.799999
      vertex -12.9827 -26.7517 0.799999
    endloop
  endfacet
  facet normal 0 0 1
    outer loop
      vertex -11.786 -27.6063 0.799999
      vertex -13.0794 -27.0706 0.799999
      vertex -12.0724 -28.1423 0.799999
    endloop
  endfacet
  facet normal 0 0 1
    outer loop
      vertex -11.6096 -25.8152 0.799999
      vertex -12.9827 -26.0883 0.799999
      vertex -12.95 -26.42 0.799999
    endloop
  endfacet
  facet normal 0 0 1
    outer loop
      vertex -11.786 -25.2337 0.799999
      vertex -13.0794 -25.7694 0.799999
      vertex -12.9827 -26.0883 0.799999
    endloop
  endfacet
  facet normal 0 0 1
    outer loop
      vertex -12.0724 -24.6977 0.799999
      vertex -13.2365 -25.4755 0.799999
      vertex -13.0794 -25.7694 0.799999
    endloop
  endfacet
  facet normal 0 0 1
    outer loop
      vertex -12.458 -24.228 0.799999
      vertex -13.4479 -25.2179 0.799999
      vertex -13.2365 -25.4755 0.799999
    endloop
  endfacet
  facet normal 0 0 1
    outer loop
      vertex -13.7055 -25.0065 0.799999
      vertex -12.9277 -23.8424 0.799999
      vertex -13.4637 -23.556 0.799999
    endloop
  endfacet
  facet normal 0 0 1
    outer loop
      vertex -12.9277 -23.8424 0.799999
      vertex -13.7055 -25.0065 0.799999
      vertex -13.4479 -25.2179 0.799999
    endloop
  endfacet
  facet normal 0 0 1
    outer loop
      vertex -13.4637 -23.556 0.799999
      vertex -13.9994 -24.8494 0.799999
      vertex -13.7055 -25.0065 0.799999
    endloop
  endfacet
  facet normal 0 0 1
    outer loop
      vertex -14.0452 -23.3796 0.799999
      vertex -13.9994 -24.8494 0.799999
      vertex -13.4637 -23.556 0.799999
    endloop
  endfacet
  facet normal 0 0 1
    outer loop
      vertex -14.0452 -23.3796 0.799999
      vertex -14.3183 -24.7527 0.799999
      vertex -13.9994 -24.8494 0.799999
    endloop
  endfacet
  facet normal 0 0 1
    outer loop
      vertex -14.65 -23.32 0.799999
      vertex -14.3183 -24.7527 0.799999
      vertex -14.0452 -23.3796 0.799999
    endloop
  endfacet
  facet normal 0 0 1
    outer loop
      vertex -14.65 -23.32 0.799999
      vertex -14.65 -24.72 0.799999
      vertex -14.3183 -24.7527 0.799999
    endloop
  endfacet
  facet normal 0 0 1
    outer loop
      vertex -14.65 -23.32 0.799999
      vertex -14.9817 -24.7527 0.799999
      vertex -14.65 -24.72 0.799999
    endloop
  endfacet
  facet normal -0 0 1
    outer loop
      vertex -15.2548 -23.3796 0.799999
      vertex -14.9817 -24.7527 0.799999
      vertex -14.65 -23.32 0.799999
    endloop
  endfacet
  facet normal 0 0 1
    outer loop
      vertex -15.2548 -23.3796 0.799999
      vertex -15.3006 -24.8494 0.799999
      vertex -14.9817 -24.7527 0.799999
    endloop
  endfacet
  facet normal -0 0 1
    outer loop
      vertex -15.8363 -23.556 0.799999
      vertex -15.3006 -24.8494 0.799999
      vertex -15.2548 -23.3796 0.799999
    endloop
  endfacet
  facet normal 0 0 1
    outer loop
      vertex -15.3006 -24.8494 0.799999
      vertex -15.8363 -23.556 0.799999
      vertex -15.5945 -25.0065 0.799999
    endloop
  endfacet
  facet normal -0 0 1
    outer loop
      vertex -16.3723 -23.8424 0.799999
      vertex -15.5945 -25.0065 0.799999
      vertex -15.8363 -23.556 0.799999
    endloop
  endfacet
  facet normal 0 0 1
    outer loop
      vertex -15.5945 -25.0065 0.799999
      vertex -16.3723 -23.8424 0.799999
      vertex -15.8521 -25.2179 0.799999
    endloop
  endfacet
  facet normal -0 0 1
    outer loop
      vertex -16.842 -24.228 0.799999
      vertex -15.8521 -25.2179 0.799999
      vertex -16.3723 -23.8424 0.799999
    endloop
  endfacet
  facet normal 0 0 1
    outer loop
      vertex -15.8521 -25.2179 0.799999
      vertex -16.842 -24.228 0.799999
      vertex -16.0635 -25.4755 0.799999
    endloop
  endfacet
  facet normal 0 0 1
    outer loop
      vertex -16.0635 -25.4755 0.799999
      vertex -17.2276 -24.6977 0.799999
      vertex -16.2206 -25.7694 0.799999
    endloop
  endfacet
  facet normal -0 0 1
    outer loop
      vertex -17.2276 -24.6977 0.799999
      vertex -16.0635 -25.4755 0.799999
      vertex -16.842 -24.228 0.799999
    endloop
  endfacet
  facet normal -0 0 1
    outer loop
      vertex -13.2365 -27.3645 0.799999
      vertex -12.0724 -28.1423 0.799999
      vertex -13.0794 -27.0706 0.799999
    endloop
  endfacet
  facet normal 0 0 1
    outer loop
      vertex -12.0724 -28.1423 0.799999
      vertex -13.2365 -27.3645 0.799999
      vertex -12.458 -28.612 0.799999
    endloop
  endfacet
  facet normal -0 0 1
    outer loop
      vertex -13.4479 -27.6221 0.799999
      vertex -12.458 -28.612 0.799999
      vertex -13.2365 -27.3645 0.799999
    endloop
  endfacet
  facet normal 0 0 1
    outer loop
      vertex -12.458 -28.612 0.799999
      vertex -13.4479 -27.6221 0.799999
      vertex -12.9277 -28.9976 0.799999
    endloop
  endfacet
  facet normal -0 0 1
    outer loop
      vertex -13.7055 -27.8335 0.799999
      vertex -12.9277 -28.9976 0.799999
      vertex -13.4479 -27.6221 0.799999
    endloop
  endfacet
  facet normal 0 0 1
    outer loop
      vertex -12.9277 -28.9976 0.799999
      vertex -13.7055 -27.8335 0.799999
      vertex -13.4637 -29.284 0.799999
    endloop
  endfacet
  facet normal -0 0 1
    outer loop
      vertex -13.9994 -27.9906 0.799999
      vertex -13.4637 -29.284 0.799999
      vertex -13.7055 -27.8335 0.799999
    endloop
  endfacet
  facet normal 0 0 1
    outer loop
      vertex -13.9994 -27.9906 0.799999
      vertex -14.0452 -29.4604 0.799999
      vertex -13.4637 -29.284 0.799999
    endloop
  endfacet
  facet normal -0 0 1
    outer loop
      vertex -14.3183 -28.0873 0.799999
      vertex -14.0452 -29.4604 0.799999
      vertex -13.9994 -27.9906 0.799999
    endloop
  endfacet
  facet normal -0 0 1
    outer loop
      vertex -14.65 -28.12 0.799999
      vertex -14.0452 -29.4604 0.799999
      vertex -14.3183 -28.0873 0.799999
    endloop
  endfacet
  facet normal 0 0 1
    outer loop
      vertex -14.65 -28.12 0.799999
      vertex -14.65 -29.52 0.799999
      vertex -14.0452 -29.4604 0.799999
    endloop
  endfacet
  facet normal 0 0 1
    outer loop
      vertex -14.9817 -28.0873 0.799999
      vertex -14.65 -29.52 0.799999
      vertex -14.65 -28.12 0.799999
    endloop
  endfacet
  facet normal 0 0 1
    outer loop
      vertex -14.9817 -28.0873 0.799999
      vertex -15.2548 -29.4604 0.799999
      vertex -14.65 -29.52 0.799999
    endloop
  endfacet
  facet normal 0 0 1
    outer loop
      vertex -15.3006 -27.9906 0.799999
      vertex -15.2548 -29.4604 0.799999
      vertex -14.9817 -28.0873 0.799999
    endloop
  endfacet
  facet normal 0 0 1
    outer loop
      vertex -15.8363 -29.284 0.799999
      vertex -15.3006 -27.9906 0.799999
      vertex -15.5945 -27.8335 0.799999
    endloop
  endfacet
  facet normal 0 0 1
    outer loop
      vertex -15.3006 -27.9906 0.799999
      vertex -15.8363 -29.284 0.799999
      vertex -15.2548 -29.4604 0.799999
    endloop
  endfacet
  facet normal 0 0 1
    outer loop
      vertex -16.3723 -28.9976 0.799999
      vertex -15.5945 -27.8335 0.799999
      vertex -15.8521 -27.6221 0.799999
    endloop
  endfacet
  facet normal 0 0 1
    outer loop
      vertex -16.842 -28.612 0.799999
      vertex -15.8521 -27.6221 0.799999
      vertex -16.0635 -27.3645 0.799999
    endloop
  endfacet
  facet normal 0 0 1
    outer loop
      vertex -17.2276 -28.1423 0.799999
      vertex -16.0635 -27.3645 0.799999
      vertex -16.2206 -27.0706 0.799999
    endloop
  endfacet
  facet normal 0 0 1
    outer loop
      vertex -17.514 -27.6063 0.799999
      vertex -16.2206 -27.0706 0.799999
      vertex -16.3173 -26.7517 0.799999
    endloop
  endfacet
  facet normal 0 0 1
    outer loop
      vertex -15.5945 -27.8335 0.799999
      vertex -16.3723 -28.9976 0.799999
      vertex -15.8363 -29.284 0.799999
    endloop
  endfacet
  facet normal 0 0 1
    outer loop
      vertex -17.6904 -27.0248 0.799999
      vertex -16.3173 -26.7517 0.799999
      vertex -16.35 -26.42 0.799999
    endloop
  endfacet
  facet normal -0 0 1
    outer loop
      vertex -17.514 -25.2337 0.799999
      vertex -16.2206 -25.7694 0.799999
      vertex -17.2276 -24.6977 0.799999
    endloop
  endfacet
  facet normal 0 0 1
    outer loop
      vertex -16.2206 -25.7694 0.799999
      vertex -17.514 -25.2337 0.799999
      vertex -16.3173 -26.0883 0.799999
    endloop
  endfacet
  facet normal 0 0 1
    outer loop
      vertex -15.8521 -27.6221 0.799999
      vertex -16.842 -28.612 0.799999
      vertex -16.3723 -28.9976 0.799999
    endloop
  endfacet
  facet normal -0 0 1
    outer loop
      vertex -17.6904 -25.8152 0.799999
      vertex -16.3173 -26.0883 0.799999
      vertex -17.514 -25.2337 0.799999
    endloop
  endfacet
  facet normal 0 0 1
    outer loop
      vertex -16.0635 -27.3645 0.799999
      vertex -17.2276 -28.1423 0.799999
      vertex -16.842 -28.612 0.799999
    endloop
  endfacet
  facet normal 0 0 1
    outer loop
      vertex -16.3173 -26.0883 0.799999
      vertex -17.6904 -25.8152 0.799999
      vertex -16.35 -26.42 0.799999
    endloop
  endfacet
  facet normal 0 0 1
    outer loop
      vertex -16.2206 -27.0706 0.799999
      vertex -17.514 -27.6063 0.799999
      vertex -17.2276 -28.1423 0.799999
    endloop
  endfacet
  facet normal 0 0 1
    outer loop
      vertex -17.75 -26.42 0.799999
      vertex -16.35 -26.42 0.799999
      vertex -17.6904 -25.8152 0.799999
    endloop
  endfacet
  facet normal 0 0 1
    outer loop
      vertex -16.3173 -26.7517 0.799999
      vertex -17.6904 -27.0248 0.799999
      vertex -17.514 -27.6063 0.799999
    endloop
  endfacet
  facet normal 0 0 1
    outer loop
      vertex -16.35 -26.42 0.799999
      vertex -17.75 -26.42 0.799999
      vertex -17.6904 -27.0248 0.799999
    endloop
  endfacet
  facet normal 0.0980699 -0.99518 0
    outer loop
      vertex -15.2548 -23.3796 0.799999
      vertex -14.65 -23.32 3
      vertex -15.2548 -23.3796 3
    endloop
  endfacet
  facet normal 0.0980699 -0.99518 0
    outer loop
      vertex -14.65 -23.32 3
      vertex -15.2548 -23.3796 0.799999
      vertex -14.65 -23.32 0.799999
    endloop
  endfacet
  facet normal 0.99518 0.0980699 0
    outer loop
      vertex -17.6904 -27.0248 3
      vertex -17.75 -26.42 0.799999
      vertex -17.75 -26.42 3
    endloop
  endfacet
  facet normal 0.99518 0.0980699 0
    outer loop
      vertex -17.75 -26.42 0.799999
      vertex -17.6904 -27.0248 3
      vertex -17.6904 -27.0248 0.799999
    endloop
  endfacet
  facet normal 0.0980699 0.99518 -0
    outer loop
      vertex -14.65 -29.52 0.799999
      vertex -15.2548 -29.4604 3
      vertex -14.65 -29.52 3
    endloop
  endfacet
  facet normal 0.0980699 0.99518 0
    outer loop
      vertex -15.2548 -29.4604 3
      vertex -14.65 -29.52 0.799999
      vertex -15.2548 -29.4604 0.799999
    endloop
  endfacet
  facet normal 0.471271 0.881988 -0
    outer loop
      vertex -15.8363 -29.284 0.799999
      vertex -16.3723 -28.9976 3
      vertex -15.8363 -29.284 3
    endloop
  endfacet
  facet normal 0.471271 0.881988 0
    outer loop
      vertex -16.3723 -28.9976 3
      vertex -15.8363 -29.284 0.799999
      vertex -16.3723 -28.9976 0.799999
    endloop
  endfacet
  facet normal -0.989171 -0.14677 0
    outer loop
      vertex -19.5731 -32.4803 0
      vertex -19.6307 -32.0921 3
      vertex -19.6307 -32.0921 0
    endloop
  endfacet
  facet normal -0.989171 -0.14677 0
    outer loop
      vertex -19.6307 -32.0921 3
      vertex -19.5731 -32.4803 0
      vertex -19.5731 -32.4803 3
    endloop
  endfacet
  facet normal 0.970083 0.242775 0
    outer loop
      vertex 19.5731 26.4803 3
      vertex 19.4778 26.8611 0
      vertex 19.4778 26.8611 3
    endloop
  endfacet
  facet normal 0.970083 0.242775 0
    outer loop
      vertex 19.4778 26.8611 0
      vertex 19.5731 26.4803 3
      vertex 19.5731 26.4803 0
    endloop
  endfacet
  facet normal -0.998791 -0.0491626 0
    outer loop
      vertex -19.6307 -32.0921 0
      vertex -19.65 -31.7 3
      vertex -19.65 -31.7 0
    endloop
  endfacet
  facet normal -0.998791 -0.0491626 0
    outer loop
      vertex -19.65 -31.7 3
      vertex -19.6307 -32.0921 0
      vertex -19.6307 -32.0921 3
    endloop
  endfacet
  facet normal 0.595794 0.803137 -0
    outer loop
      vertex 18.1876 28.792 0
      vertex 17.8723 29.0259 3
      vertex 18.1876 28.792 3
    endloop
  endfacet
  facet normal 0.595794 0.803137 0
    outer loop
      vertex 17.8723 29.0259 3
      vertex 18.1876 28.792 0
      vertex 17.8723 29.0259 0
    endloop
  endfacet
  facet normal 0.671607 -0.740908 0
    outer loop
      vertex 18.1876 -34.792 0
      vertex 18.4784 -34.5284 3
      vertex 18.1876 -34.792 3
    endloop
  endfacet
  facet normal 0.671607 -0.740908 0
    outer loop
      vertex 18.4784 -34.5284 3
      vertex 18.1876 -34.792 0
      vertex 18.4784 -34.5284 0
    endloop
  endfacet
  facet normal -0.998791 0.0491626 0
    outer loop
      vertex -19.65 25.7 0
      vertex -19.6307 26.0921 3
      vertex -19.6307 26.0921 0
    endloop
  endfacet
  facet normal -0.998791 0.0491626 0
    outer loop
      vertex -19.6307 26.0921 3
      vertex -19.65 25.7 0
      vertex -19.65 25.7 3
    endloop
  endfacet
  facet normal 1 -0 0
    outer loop
      vertex 19.65 -31.7 3
      vertex 19.65 25.7 0
      vertex 19.65 25.7 3
    endloop
  endfacet
  facet normal 1 0 0
    outer loop
      vertex 19.65 25.7 0
      vertex 19.65 -31.7 3
      vertex 19.65 -31.7 0
    endloop
  endfacet
  facet normal -0.904044 0.42744 0
    outer loop
      vertex -19.3455 27.2307 0
      vertex -19.1777 27.5856 3
      vertex -19.1777 27.5856 0
    endloop
  endfacet
  facet normal -0.904044 0.42744 0
    outer loop
      vertex -19.1777 27.5856 3
      vertex -19.3455 27.2307 0
      vertex -19.3455 27.2307 3
    endloop
  endfacet
  facet normal 0.9415 -0.337014 0
    outer loop
      vertex 19.3455 -33.2307 3
      vertex 19.4778 -32.8611 0
      vertex 19.4778 -32.8611 3
    endloop
  endfacet
  facet normal 0.9415 -0.337014 0
    outer loop
      vertex 19.4778 -32.8611 0
      vertex 19.3455 -33.2307 3
      vertex 19.3455 -33.2307 0
    endloop
  endfacet
  facet normal 0.9415 0.337014 0
    outer loop
      vertex 19.4778 26.8611 3
      vertex 19.3455 27.2307 0
      vertex 19.3455 27.2307 3
    endloop
  endfacet
  facet normal 0.9415 0.337014 0
    outer loop
      vertex 19.3455 27.2307 0
      vertex 19.4778 26.8611 3
      vertex 19.4778 26.8611 0
    endloop
  endfacet
  facet normal -0.671607 -0.740908 0
    outer loop
      vertex -18.4784 -34.5284 0
      vertex -18.1876 -34.792 3
      vertex -18.4784 -34.5284 3
    endloop
  endfacet
  facet normal -0.671607 -0.740908 -0
    outer loop
      vertex -18.1876 -34.792 3
      vertex -18.4784 -34.5284 0
      vertex -18.1876 -34.792 0
    endloop
  endfacet
  facet normal -1 0 0
    outer loop
      vertex -19.65 -31.7 0
      vertex -19.65 25.7 3
      vertex -19.65 25.7 0
    endloop
  endfacet
  facet normal -1 -0 0
    outer loop
      vertex -19.65 25.7 3
      vertex -19.65 -31.7 0
      vertex -19.65 -31.7 3
    endloop
  endfacet
  facet normal -0.85774 0.514084 0
    outer loop
      vertex -19.1777 27.5856 0
      vertex -18.9759 27.9223 3
      vertex -18.9759 27.9223 0
    endloop
  endfacet
  facet normal -0.85774 0.514084 0
    outer loop
      vertex -18.9759 27.9223 3
      vertex -19.1777 27.5856 0
      vertex -19.1777 27.5856 3
    endloop
  endfacet
  facet normal 0 1 -0
    outer loop
      vertex 15.65 29.7 0
      vertex -15.65 29.7 3
      vertex 15.65 29.7 3
    endloop
  endfacet
  facet normal 0 1 0
    outer loop
      vertex -15.65 29.7 3
      vertex 15.65 29.7 0
      vertex -15.65 29.7 0
    endloop
  endfacet
  facet normal -0.42744 0.904044 0
    outer loop
      vertex -17.1807 29.3955 0
      vertex -17.5356 29.2277 3
      vertex -17.1807 29.3955 3
    endloop
  endfacet
  facet normal -0.42744 0.904044 0
    outer loop
      vertex -17.5356 29.2277 3
      vertex -17.1807 29.3955 0
      vertex -17.5356 29.2277 0
    endloop
  endfacet
  facet normal 0.42744 -0.904044 0
    outer loop
      vertex 17.1807 -35.3955 0
      vertex 17.5356 -35.2277 3
      vertex 17.1807 -35.3955 3
    endloop
  endfacet
  facet normal 0.42744 -0.904044 0
    outer loop
      vertex 17.5356 -35.2277 3
      vertex 17.1807 -35.3955 0
      vertex 17.5356 -35.2277 0
    endloop
  endfacet
  facet normal -0.514084 -0.85774 0
    outer loop
      vertex -17.8723 -35.0259 0
      vertex -17.5356 -35.2277 3
      vertex -17.8723 -35.0259 3
    endloop
  endfacet
  facet normal -0.514084 -0.85774 -0
    outer loop
      vertex -17.5356 -35.2277 3
      vertex -17.8723 -35.0259 0
      vertex -17.5356 -35.2277 0
    endloop
  endfacet
  facet normal 0.671607 0.740908 -0
    outer loop
      vertex 18.4784 28.5284 0
      vertex 18.1876 28.792 3
      vertex 18.4784 28.5284 3
    endloop
  endfacet
  facet normal 0.671607 0.740908 0
    outer loop
      vertex 18.1876 28.792 3
      vertex 18.4784 28.5284 0
      vertex 18.1876 28.792 0
    endloop
  endfacet
  facet normal 0.989171 -0.14677 0
    outer loop
      vertex 19.5731 -32.4803 3
      vertex 19.6307 -32.0921 0
      vertex 19.6307 -32.0921 3
    endloop
  endfacet
  facet normal 0.989171 -0.14677 0
    outer loop
      vertex 19.6307 -32.0921 0
      vertex 19.5731 -32.4803 3
      vertex 19.5731 -32.4803 0
    endloop
  endfacet
  facet normal 0.85774 -0.514084 0
    outer loop
      vertex 18.9759 -33.9223 3
      vertex 19.1777 -33.5856 0
      vertex 19.1777 -33.5856 3
    endloop
  endfacet
  facet normal 0.85774 -0.514084 0
    outer loop
      vertex 19.1777 -33.5856 0
      vertex 18.9759 -33.9223 3
      vertex 18.9759 -33.9223 0
    endloop
  endfacet
  facet normal -0.740908 0.671607 0
    outer loop
      vertex -18.742 28.2376 0
      vertex -18.4784 28.5284 3
      vertex -18.4784 28.5284 0
    endloop
  endfacet
  facet normal -0.740908 0.671607 0
    outer loop
      vertex -18.4784 28.5284 3
      vertex -18.742 28.2376 0
      vertex -18.742 28.2376 3
    endloop
  endfacet
  facet normal 0.904044 0.42744 0
    outer loop
      vertex 19.3455 27.2307 3
      vertex 19.1777 27.5856 0
      vertex 19.1777 27.5856 3
    endloop
  endfacet
  facet normal 0.904044 0.42744 0
    outer loop
      vertex 19.1777 27.5856 0
      vertex 19.3455 27.2307 3
      vertex 19.3455 27.2307 0
    endloop
  endfacet
  facet normal 0.514084 -0.85774 0
    outer loop
      vertex 17.5356 -35.2277 0
      vertex 17.8723 -35.0259 3
      vertex 17.5356 -35.2277 3
    endloop
  endfacet
  facet normal 0.514084 -0.85774 0
    outer loop
      vertex 17.8723 -35.0259 3
      vertex 17.5356 -35.2277 0
      vertex 17.8723 -35.0259 0
    endloop
  endfacet
  facet normal 0.998791 0.0491626 0
    outer loop
      vertex 19.65 25.7 3
      vertex 19.6307 26.0921 0
      vertex 19.6307 26.0921 3
    endloop
  endfacet
  facet normal 0.998791 0.0491626 0
    outer loop
      vertex 19.6307 26.0921 0
      vertex 19.65 25.7 3
      vertex 19.65 25.7 0
    endloop
  endfacet
  facet normal -0.970083 0.242775 0
    outer loop
      vertex -19.5731 26.4803 0
      vertex -19.4778 26.8611 3
      vertex -19.4778 26.8611 0
    endloop
  endfacet
  facet normal -0.970083 0.242775 0
    outer loop
      vertex -19.4778 26.8611 3
      vertex -19.5731 26.4803 0
      vertex -19.5731 26.4803 3
    endloop
  endfacet
  facet normal 0.146733 0.989176 -0
    outer loop
      vertex 16.4304 29.6231 0
      vertex 16.0421 29.6807 3
      vertex 16.4304 29.6231 3
    endloop
  endfacet
  facet normal 0.146733 0.989176 0
    outer loop
      vertex 16.0421 29.6807 3
      vertex 16.4304 29.6231 0
      vertex 16.0421 29.6807 0
    endloop
  endfacet
  facet normal 0.904044 -0.42744 0
    outer loop
      vertex 19.1777 -33.5856 3
      vertex 19.3455 -33.2307 0
      vertex 19.3455 -33.2307 3
    endloop
  endfacet
  facet normal 0.904044 -0.42744 0
    outer loop
      vertex 19.3455 -33.2307 0
      vertex 19.1777 -33.5856 3
      vertex 19.1777 -33.5856 0
    endloop
  endfacet
  facet normal -0.0491626 0.998791 0
    outer loop
      vertex -15.65 29.7 0
      vertex -16.0421 29.6807 3
      vertex -15.65 29.7 3
    endloop
  endfacet
  facet normal -0.0491626 0.998791 0
    outer loop
      vertex -16.0421 29.6807 3
      vertex -15.65 29.7 0
      vertex -16.0421 29.6807 0
    endloop
  endfacet
  facet normal -0.337014 -0.9415 0
    outer loop
      vertex -17.1807 -35.3955 0
      vertex -16.8111 -35.5278 3
      vertex -17.1807 -35.3955 3
    endloop
  endfacet
  facet normal -0.337014 -0.9415 -0
    outer loop
      vertex -16.8111 -35.5278 3
      vertex -17.1807 -35.3955 0
      vertex -16.8111 -35.5278 0
    endloop
  endfacet
  facet normal 0.337014 0.9415 -0
    outer loop
      vertex 17.1807 29.3955 0
      vertex 16.8111 29.5278 3
      vertex 17.1807 29.3955 3
    endloop
  endfacet
  facet normal 0.337014 0.9415 0
    outer loop
      vertex 16.8111 29.5278 3
      vertex 17.1807 29.3955 0
      vertex 16.8111 29.5278 0
    endloop
  endfacet
  facet normal 0.85774 0.514084 0
    outer loop
      vertex 19.1777 27.5856 3
      vertex 18.9759 27.9223 0
      vertex 18.9759 27.9223 3
    endloop
  endfacet
  facet normal 0.85774 0.514084 0
    outer loop
      vertex 18.9759 27.9223 0
      vertex 19.1777 27.5856 3
      vertex 19.1777 27.5856 0
    endloop
  endfacet
  facet normal -0.989171 0.14677 0
    outer loop
      vertex -19.6307 26.0921 0
      vertex -19.5731 26.4803 3
      vertex -19.5731 26.4803 0
    endloop
  endfacet
  facet normal -0.989171 0.14677 0
    outer loop
      vertex -19.5731 26.4803 3
      vertex -19.6307 26.0921 0
      vertex -19.6307 26.0921 3
    endloop
  endfacet
  facet normal 0.0491626 -0.998791 0
    outer loop
      vertex 15.65 -35.7 0
      vertex 16.0421 -35.6807 3
      vertex 15.65 -35.7 3
    endloop
  endfacet
  facet normal 0.0491626 -0.998791 0
    outer loop
      vertex 16.0421 -35.6807 3
      vertex 15.65 -35.7 0
      vertex 16.0421 -35.6807 0
    endloop
  endfacet
  facet normal 0 -1 0
    outer loop
      vertex -15.65 -35.7 0
      vertex 15.65 -35.7 3
      vertex -15.65 -35.7 3
    endloop
  endfacet
  facet normal 0 -1 -0
    outer loop
      vertex 15.65 -35.7 3
      vertex -15.65 -35.7 0
      vertex 15.65 -35.7 0
    endloop
  endfacet
  facet normal 0.989171 0.14677 0
    outer loop
      vertex 19.6307 26.0921 3
      vertex 19.5731 26.4803 0
      vertex 19.5731 26.4803 3
    endloop
  endfacet
  facet normal 0.989171 0.14677 0
    outer loop
      vertex 19.5731 26.4803 0
      vertex 19.6307 26.0921 3
      vertex 19.6307 26.0921 0
    endloop
  endfacet
  facet normal 0.998791 -0.0491626 0
    outer loop
      vertex 19.6307 -32.0921 3
      vertex 19.65 -31.7 0
      vertex 19.65 -31.7 3
    endloop
  endfacet
  facet normal 0.998791 -0.0491626 0
    outer loop
      vertex 19.65 -31.7 0
      vertex 19.6307 -32.0921 3
      vertex 19.6307 -32.0921 0
    endloop
  endfacet
  facet normal 0.242835 0.970068 -0
    outer loop
      vertex 16.8111 29.5278 0
      vertex 16.4304 29.6231 3
      vertex 16.8111 29.5278 3
    endloop
  endfacet
  facet normal 0.242835 0.970068 0
    outer loop
      vertex 16.4304 29.6231 3
      vertex 16.8111 29.5278 0
      vertex 16.4304 29.6231 0
    endloop
  endfacet
  facet normal -0.242835 -0.970068 0
    outer loop
      vertex -16.8111 -35.5278 0
      vertex -16.4304 -35.6231 3
      vertex -16.8111 -35.5278 3
    endloop
  endfacet
  facet normal -0.242835 -0.970068 -0
    outer loop
      vertex -16.4304 -35.6231 3
      vertex -16.8111 -35.5278 0
      vertex -16.4304 -35.6231 0
    endloop
  endfacet
  facet normal 0.803137 0.595794 0
    outer loop
      vertex 18.9759 27.9223 3
      vertex 18.742 28.2376 0
      vertex 18.742 28.2376 3
    endloop
  endfacet
  facet normal 0.803137 0.595794 0
    outer loop
      vertex 18.742 28.2376 0
      vertex 18.9759 27.9223 3
      vertex 18.9759 27.9223 0
    endloop
  endfacet
  facet normal -0.42744 -0.904044 0
    outer loop
      vertex -17.5356 -35.2277 0
      vertex -17.1807 -35.3955 3
      vertex -17.5356 -35.2277 3
    endloop
  endfacet
  facet normal -0.42744 -0.904044 -0
    outer loop
      vertex -17.1807 -35.3955 3
      vertex -17.5356 -35.2277 0
      vertex -17.1807 -35.3955 0
    endloop
  endfacet
  facet normal -0.9415 0.337014 0
    outer loop
      vertex -19.4778 26.8611 0
      vertex -19.3455 27.2307 3
      vertex -19.3455 27.2307 0
    endloop
  endfacet
  facet normal -0.9415 0.337014 0
    outer loop
      vertex -19.3455 27.2307 3
      vertex -19.4778 26.8611 0
      vertex -19.4778 26.8611 3
    endloop
  endfacet
  facet normal 0.0491626 0.998791 -0
    outer loop
      vertex 16.0421 29.6807 0
      vertex 15.65 29.7 3
      vertex 16.0421 29.6807 3
    endloop
  endfacet
  facet normal 0.0491626 0.998791 0
    outer loop
      vertex 15.65 29.7 3
      vertex 16.0421 29.6807 0
      vertex 15.65 29.7 0
    endloop
  endfacet
  facet normal -0.803137 0.595794 0
    outer loop
      vertex -18.9759 27.9223 0
      vertex -18.742 28.2376 3
      vertex -18.742 28.2376 0
    endloop
  endfacet
  facet normal -0.803137 0.595794 0
    outer loop
      vertex -18.742 28.2376 3
      vertex -18.9759 27.9223 0
      vertex -18.9759 27.9223 3
    endloop
  endfacet
  facet normal 0.740908 0.671607 0
    outer loop
      vertex 18.742 28.2376 3
      vertex 18.4784 28.5284 0
      vertex 18.4784 28.5284 3
    endloop
  endfacet
  facet normal 0.740908 0.671607 0
    outer loop
      vertex 18.4784 28.5284 0
      vertex 18.742 28.2376 3
      vertex 18.742 28.2376 0
    endloop
  endfacet
  facet normal 0.42744 0.904044 -0
    outer loop
      vertex 17.5356 29.2277 0
      vertex 17.1807 29.3955 3
      vertex 17.5356 29.2277 3
    endloop
  endfacet
  facet normal 0.42744 0.904044 0
    outer loop
      vertex 17.1807 29.3955 3
      vertex 17.5356 29.2277 0
      vertex 17.1807 29.3955 0
    endloop
  endfacet
  facet normal 0.242835 -0.970068 0
    outer loop
      vertex 16.4304 -35.6231 0
      vertex 16.8111 -35.5278 3
      vertex 16.4304 -35.6231 3
    endloop
  endfacet
  facet normal 0.242835 -0.970068 0
    outer loop
      vertex 16.8111 -35.5278 3
      vertex 16.4304 -35.6231 0
      vertex 16.8111 -35.5278 0
    endloop
  endfacet
  facet normal -0.146733 0.989176 0
    outer loop
      vertex -16.0421 29.6807 0
      vertex -16.4304 29.6231 3
      vertex -16.0421 29.6807 3
    endloop
  endfacet
  facet normal -0.146733 0.989176 0
    outer loop
      vertex -16.4304 29.6231 3
      vertex -16.0421 29.6807 0
      vertex -16.4304 29.6231 0
    endloop
  endfacet
  facet normal 0.337014 -0.9415 0
    outer loop
      vertex 16.8111 -35.5278 0
      vertex 17.1807 -35.3955 3
      vertex 16.8111 -35.5278 3
    endloop
  endfacet
  facet normal 0.337014 -0.9415 0
    outer loop
      vertex 17.1807 -35.3955 3
      vertex 16.8111 -35.5278 0
      vertex 17.1807 -35.3955 0
    endloop
  endfacet
  facet normal 0.514084 0.85774 -0
    outer loop
      vertex 17.8723 29.0259 0
      vertex 17.5356 29.2277 3
      vertex 17.8723 29.0259 3
    endloop
  endfacet
  facet normal 0.514084 0.85774 0
    outer loop
      vertex 17.5356 29.2277 3
      vertex 17.8723 29.0259 0
      vertex 17.5356 29.2277 0
    endloop
  endfacet
  facet normal 0.146733 -0.989176 0
    outer loop
      vertex 16.0421 -35.6807 0
      vertex 16.4304 -35.6231 3
      vertex 16.0421 -35.6807 3
    endloop
  endfacet
  facet normal 0.146733 -0.989176 0
    outer loop
      vertex 16.4304 -35.6231 3
      vertex 16.0421 -35.6807 0
      vertex 16.4304 -35.6231 0
    endloop
  endfacet
  facet normal 0.595794 -0.803137 0
    outer loop
      vertex 17.8723 -35.0259 0
      vertex 18.1876 -34.792 3
      vertex 17.8723 -35.0259 3
    endloop
  endfacet
  facet normal 0.595794 -0.803137 0
    outer loop
      vertex 18.1876 -34.792 3
      vertex 17.8723 -35.0259 0
      vertex 18.1876 -34.792 0
    endloop
  endfacet
  facet normal -0.740908 -0.671607 0
    outer loop
      vertex -18.4784 -34.5284 0
      vertex -18.742 -34.2376 3
      vertex -18.742 -34.2376 0
    endloop
  endfacet
  facet normal -0.740908 -0.671607 0
    outer loop
      vertex -18.742 -34.2376 3
      vertex -18.4784 -34.5284 0
      vertex -18.4784 -34.5284 3
    endloop
  endfacet
  facet normal 0.740908 -0.671607 0
    outer loop
      vertex 18.4784 -34.5284 3
      vertex 18.742 -34.2376 0
      vertex 18.742 -34.2376 3
    endloop
  endfacet
  facet normal 0.740908 -0.671607 0
    outer loop
      vertex 18.742 -34.2376 0
      vertex 18.4784 -34.5284 3
      vertex 18.4784 -34.5284 0
    endloop
  endfacet
  facet normal 0.803137 -0.595794 0
    outer loop
      vertex 18.742 -34.2376 3
      vertex 18.9759 -33.9223 0
      vertex 18.9759 -33.9223 3
    endloop
  endfacet
  facet normal 0.803137 -0.595794 0
    outer loop
      vertex 18.9759 -33.9223 0
      vertex 18.742 -34.2376 3
      vertex 18.742 -34.2376 0
    endloop
  endfacet
  facet normal -0.595794 -0.803137 0
    outer loop
      vertex -18.1876 -34.792 0
      vertex -17.8723 -35.0259 3
      vertex -18.1876 -34.792 3
    endloop
  endfacet
  facet normal -0.595794 -0.803137 -0
    outer loop
      vertex -17.8723 -35.0259 3
      vertex -18.1876 -34.792 0
      vertex -17.8723 -35.0259 0
    endloop
  endfacet
  facet normal 0.970083 -0.242775 0
    outer loop
      vertex 19.4778 -32.8611 3
      vertex 19.5731 -32.4803 0
      vertex 19.5731 -32.4803 3
    endloop
  endfacet
  facet normal 0.970083 -0.242775 0
    outer loop
      vertex 19.5731 -32.4803 0
      vertex 19.4778 -32.8611 3
      vertex 19.4778 -32.8611 0
    endloop
  endfacet
  facet normal 0 0 1
    outer loop
      vertex -0.925454 -14.1197 3
      vertex -11.6096 -25.8152 3
      vertex -11.55 -26.42 3
    endloop
  endfacet
  facet normal 0 0 1
    outer loop
      vertex -15.8363 -23.556 3
      vertex -11.2259 -8.61397 3
      vertex -11.7653 -7.86132 3
    endloop
  endfacet
  facet normal 0 0 1
    outer loop
      vertex -10.6385 -9.32974 3
      vertex -11.786 -25.2337 3
      vertex -11.6096 -25.8152 3
    endloop
  endfacet
  facet normal 0 0 1
    outer loop
      vertex -10.6385 -9.32974 3
      vertex -12.0724 -24.6977 3
      vertex -11.786 -25.2337 3
    endloop
  endfacet
  facet normal 0 0 1
    outer loop
      vertex -16.3723 -23.8424 3
      vertex -11.7653 -7.86132 3
      vertex -12.2543 -7.075 3
    endloop
  endfacet
  facet normal 0 0 1
    outer loop
      vertex -10.6385 -9.32974 3
      vertex -12.458 -24.228 3
      vertex -12.0724 -24.6977 3
    endloop
  endfacet
  facet normal 0 0 1
    outer loop
      vertex -16.3723 -23.8424 3
      vertex -12.2543 -7.075 3
      vertex -12.6907 -6.25838 3
    endloop
  endfacet
  facet normal 0 0 1
    outer loop
      vertex -10.6385 -9.32974 3
      vertex -12.9277 -23.8424 3
      vertex -12.458 -24.228 3
    endloop
  endfacet
  facet normal 0 0 1
    outer loop
      vertex -16.842 -24.228 3
      vertex -12.6907 -6.25838 3
      vertex -13.0729 -5.41497 3
    endloop
  endfacet
  facet normal 0 0 1
    outer loop
      vertex -16.842 -24.228 3
      vertex -13.0729 -5.41497 3
      vertex -13.3991 -4.54837 3
    endloop
  endfacet
  facet normal 0 0 1
    outer loop
      vertex -10.6385 -9.32974 3
      vertex -13.4637 -23.556 3
      vertex -12.9277 -23.8424 3
    endloop
  endfacet
  facet normal 0 0 1
    outer loop
      vertex -17.2276 -24.6977 3
      vertex -13.3991 -4.54837 3
      vertex -13.6678 -3.66229 3
    endloop
  endfacet
  facet normal 0 0 1
    outer loop
      vertex -17.2276 -24.6977 3
      vertex -13.6678 -3.66229 3
      vertex -13.8781 -2.76053 3
    endloop
  endfacet
  facet normal 0 0 1
    outer loop
      vertex -17.514 -25.2337 3
      vertex -13.8781 -2.76053 3
      vertex -14.0289 -1.84694 3
    endloop
  endfacet
  facet normal 0 0 1
    outer loop
      vertex -10.6385 -9.32974 3
      vertex -14.0452 -23.3796 3
      vertex -13.4637 -23.556 3
    endloop
  endfacet
  facet normal 0 0 1
    outer loop
      vertex -17.514 -25.2337 3
      vertex -14.0289 -1.84694 3
      vertex -14.1197 -0.925454 3
    endloop
  endfacet
  facet normal 0 0 1
    outer loop
      vertex -17.514 -25.2337 3
      vertex -14.1197 -0.925454 3
      vertex -14.15 0 3
    endloop
  endfacet
  facet normal 0 0 1
    outer loop
      vertex -13.3991 4.54837 3
      vertex -17.2276 22.9777 3
      vertex -13.6678 3.66229 3
    endloop
  endfacet
  facet normal 0 0 1
    outer loop
      vertex -10.6385 -9.32974 3
      vertex -14.65 -23.32 3
      vertex -14.0452 -23.3796 3
    endloop
  endfacet
  facet normal 0 0 1
    outer loop
      vertex -19.65 25.7 3
      vertex -13.6678 3.66229 3
      vertex -17.2276 22.9777 3
    endloop
  endfacet
  facet normal 0 0 1
    outer loop
      vertex -10.6385 -9.32974 3
      vertex -15.2548 -23.3796 3
      vertex -14.65 -23.32 3
    endloop
  endfacet
  facet normal 0 0 1
    outer loop
      vertex -13.6678 3.66229 3
      vertex -19.65 25.7 3
      vertex -13.8781 2.76053 3
    endloop
  endfacet
  facet normal 0 0 1
    outer loop
      vertex -11.2259 -8.61397 3
      vertex -15.8363 -23.556 3
      vertex -15.2548 -23.3796 3
    endloop
  endfacet
  facet normal 0 0 1
    outer loop
      vertex -13.8781 2.76053 3
      vertex -19.65 25.7 3
      vertex -14.0289 1.84694 3
    endloop
  endfacet
  facet normal 0 0 1
    outer loop
      vertex -11.7653 -7.86132 3
      vertex -16.3723 -23.8424 3
      vertex -15.8363 -23.556 3
    endloop
  endfacet
  facet normal 0 0 1
    outer loop
      vertex -14.0289 1.84694 3
      vertex -19.65 25.7 3
      vertex -14.1197 0.925454 3
    endloop
  endfacet
  facet normal 0 0 1
    outer loop
      vertex -12.6907 -6.25838 3
      vertex -16.842 -24.228 3
      vertex -16.3723 -23.8424 3
    endloop
  endfacet
  facet normal 0 0 1
    outer loop
      vertex -14.1197 0.925454 3
      vertex -19.65 25.7 3
      vertex -14.15 0 3
    endloop
  endfacet
  facet normal 0 0 1
    outer loop
      vertex -13.3991 -4.54837 3
      vertex -17.2276 -24.6977 3
      vertex -16.842 -24.228 3
    endloop
  endfacet
  facet normal 0 0 1
    outer loop
      vertex -19.65 25.7 3
      vertex -17.2276 22.9777 3
      vertex -17.514 23.5137 3
    endloop
  endfacet
  facet normal 0 -0 1
    outer loop
      vertex -17.514 -25.2337 3
      vertex -14.15 0 3
      vertex -19.65 25.7 3
    endloop
  endfacet
  facet normal 0 0 1
    outer loop
      vertex -19.65 25.7 3
      vertex -17.514 23.5137 3
      vertex -17.6904 24.0952 3
    endloop
  endfacet
  facet normal 0 0 1
    outer loop
      vertex -13.8781 -2.76053 3
      vertex -17.514 -25.2337 3
      vertex -17.2276 -24.6977 3
    endloop
  endfacet
  facet normal 0 0 1
    outer loop
      vertex -19.65 25.7 3
      vertex -17.6904 24.0952 3
      vertex -17.75 24.7 3
    endloop
  endfacet
  facet normal 0 0 1
    outer loop
      vertex -17.514 -25.2337 3
      vertex -19.65 25.7 3
      vertex -17.6904 -25.8152 3
    endloop
  endfacet
  facet normal -0 0 1
    outer loop
      vertex -13.4637 21.836 3
      vertex -7.86132 11.7653 3
      vertex -12.9277 22.1224 3
    endloop
  endfacet
  facet normal 0 0 1
    outer loop
      vertex -7.86132 11.7653 3
      vertex -13.4637 21.836 3
      vertex -8.61397 11.2259 3
    endloop
  endfacet
  facet normal -0 0 1
    outer loop
      vertex -14.0452 21.6596 3
      vertex -8.61397 11.2259 3
      vertex -13.4637 21.836 3
    endloop
  endfacet
  facet normal 0 0 1
    outer loop
      vertex -8.61397 11.2259 3
      vertex -14.0452 21.6596 3
      vertex -9.32974 10.6385 3
    endloop
  endfacet
  facet normal -0 0 1
    outer loop
      vertex -14.65 21.6 3
      vertex -9.32974 10.6385 3
      vertex -14.0452 21.6596 3
    endloop
  endfacet
  facet normal 0 0 1
    outer loop
      vertex -9.32974 10.6385 3
      vertex -14.65 21.6 3
      vertex -10.0056 10.0056 3
    endloop
  endfacet
  facet normal 0 0 1
    outer loop
      vertex -10.0056 10.0056 3
      vertex -14.65 21.6 3
      vertex -10.6385 9.32974 3
    endloop
  endfacet
  facet normal 0 0 1
    outer loop
      vertex -15.2548 21.6596 3
      vertex -10.6385 9.32974 3
      vertex -14.65 21.6 3
    endloop
  endfacet
  facet normal 0 0 1
    outer loop
      vertex -10.6385 9.32974 3
      vertex -15.2548 21.6596 3
      vertex -11.2259 8.61397 3
    endloop
  endfacet
  facet normal 0 0 1
    outer loop
      vertex -15.8363 21.836 3
      vertex -11.2259 8.61397 3
      vertex -15.2548 21.6596 3
    endloop
  endfacet
  facet normal 0 0 1
    outer loop
      vertex -11.2259 8.61397 3
      vertex -15.8363 21.836 3
      vertex -11.7653 7.86132 3
    endloop
  endfacet
  facet normal 0 0 1
    outer loop
      vertex -11.7653 7.86132 3
      vertex -15.8363 21.836 3
      vertex -12.2543 7.075 3
    endloop
  endfacet
  facet normal 0 0 1
    outer loop
      vertex -16.3723 22.1224 3
      vertex -12.2543 7.075 3
      vertex -15.8363 21.836 3
    endloop
  endfacet
  facet normal 0 0 1
    outer loop
      vertex -12.2543 7.075 3
      vertex -16.3723 22.1224 3
      vertex -12.6907 6.25838 3
    endloop
  endfacet
  facet normal 0 0 1
    outer loop
      vertex -16.842 22.508 3
      vertex -12.6907 6.25838 3
      vertex -16.3723 22.1224 3
    endloop
  endfacet
  facet normal 0 0 1
    outer loop
      vertex -12.6907 6.25838 3
      vertex -16.842 22.508 3
      vertex -13.0729 5.41497 3
    endloop
  endfacet
  facet normal 0 0 1
    outer loop
      vertex -13.0729 5.41497 3
      vertex -16.842 22.508 3
      vertex -13.3991 4.54837 3
    endloop
  endfacet
  facet normal 0 0 1
    outer loop
      vertex -17.2276 22.9777 3
      vertex -13.3991 4.54837 3
      vertex -16.842 22.508 3
    endloop
  endfacet
  facet normal 0 0 1
    outer loop
      vertex 17.514 23.5137 3
      vertex 19.65 25.7 3
      vertex 17.6904 24.0952 3
    endloop
  endfacet
  facet normal 0 0 1
    outer loop
      vertex 19.65 25.7 3
      vertex 17.6904 -25.8152 3
      vertex 17.75 -26.42 3
    endloop
  endfacet
  facet normal 0 0 1
    outer loop
      vertex 17.2276 22.9777 3
      vertex 19.65 25.7 3
      vertex 17.514 23.5137 3
    endloop
  endfacet
  facet normal 0 -0 1
    outer loop
      vertex 17.514 -25.2337 3
      vertex 19.65 25.7 3
      vertex 14.15 0 3
    endloop
  endfacet
  facet normal 0 0 1
    outer loop
      vertex 13.6678 3.66229 3
      vertex 19.65 25.7 3
      vertex 17.2276 22.9777 3
    endloop
  endfacet
  facet normal 0 0 1
    outer loop
      vertex 19.65 25.7 3
      vertex 17.514 -25.2337 3
      vertex 17.6904 -25.8152 3
    endloop
  endfacet
  facet normal 0 0 1
    outer loop
      vertex 13.3991 4.54837 3
      vertex 17.2276 22.9777 3
      vertex 16.842 22.508 3
    endloop
  endfacet
  facet normal -0 0 1
    outer loop
      vertex 14.1197 -0.925454 3
      vertex 17.514 -25.2337 3
      vertex 14.15 0 3
    endloop
  endfacet
  facet normal 0 0 1
    outer loop
      vertex 12.6907 6.25838 3
      vertex 16.842 22.508 3
      vertex 16.3723 22.1224 3
    endloop
  endfacet
  facet normal -0 0 1
    outer loop
      vertex 14.0289 -1.84694 3
      vertex 17.514 -25.2337 3
      vertex 14.1197 -0.925454 3
    endloop
  endfacet
  facet normal 0 0 1
    outer loop
      vertex 12.2543 7.075 3
      vertex 16.3723 22.1224 3
      vertex 15.8363 21.836 3
    endloop
  endfacet
  facet normal -0 0 1
    outer loop
      vertex 13.8781 -2.76053 3
      vertex 17.514 -25.2337 3
      vertex 14.0289 -1.84694 3
    endloop
  endfacet
  facet normal 0 0 1
    outer loop
      vertex 11.2259 8.61397 3
      vertex 15.8363 21.836 3
      vertex 15.2548 21.6596 3
    endloop
  endfacet
  facet normal 0 0 1
    outer loop
      vertex 17.514 -25.2337 3
      vertex 13.8781 -2.76053 3
      vertex 17.2276 -24.6977 3
    endloop
  endfacet
  facet normal 0 0 1
    outer loop
      vertex 10.6385 9.32974 3
      vertex 15.2548 21.6596 3
      vertex 14.65 21.6 3
    endloop
  endfacet
  facet normal -0 0 1
    outer loop
      vertex 13.6678 -3.66229 3
      vertex 17.2276 -24.6977 3
      vertex 13.8781 -2.76053 3
    endloop
  endfacet
  facet normal -0 0 1
    outer loop
      vertex 13.3991 -4.54837 3
      vertex 17.2276 -24.6977 3
      vertex 13.6678 -3.66229 3
    endloop
  endfacet
  facet normal 0 0 1
    outer loop
      vertex 19.65 25.7 3
      vertex 14.1197 0.925454 3
      vertex 14.15 0 3
    endloop
  endfacet
  facet normal 0 0 1
    outer loop
      vertex 9.32974 10.6385 3
      vertex 14.65 21.6 3
      vertex 14.0452 21.6596 3
    endloop
  endfacet
  facet normal 0 0 1
    outer loop
      vertex 19.65 25.7 3
      vertex 14.0289 1.84694 3
      vertex 14.1197 0.925454 3
    endloop
  endfacet
  facet normal 0 0 1
    outer loop
      vertex 19.65 25.7 3
      vertex 13.8781 2.76053 3
      vertex 14.0289 1.84694 3
    endloop
  endfacet
  facet normal 0 0 1
    outer loop
      vertex 19.65 25.7 3
      vertex 13.6678 3.66229 3
      vertex 13.8781 2.76053 3
    endloop
  endfacet
  facet normal 0 0 1
    outer loop
      vertex 8.61397 11.2259 3
      vertex 14.0452 21.6596 3
      vertex 13.4637 21.836 3
    endloop
  endfacet
  facet normal 0 0 1
    outer loop
      vertex 17.2276 22.9777 3
      vertex 13.3991 4.54837 3
      vertex 13.6678 3.66229 3
    endloop
  endfacet
  facet normal 0 0 1
    outer loop
      vertex 16.842 22.508 3
      vertex 13.0729 5.41497 3
      vertex 13.3991 4.54837 3
    endloop
  endfacet
  facet normal 0 0 1
    outer loop
      vertex 7.86132 11.7653 3
      vertex 13.4637 21.836 3
      vertex 12.9277 22.1224 3
    endloop
  endfacet
  facet normal 0 0 1
    outer loop
      vertex 16.842 22.508 3
      vertex 12.6907 6.25838 3
      vertex 13.0729 5.41497 3
    endloop
  endfacet
  facet normal 0 0 1
    outer loop
      vertex 6.25838 12.6907 3
      vertex 12.9277 22.1224 3
      vertex 12.458 22.508 3
    endloop
  endfacet
  facet normal 0 0 1
    outer loop
      vertex 16.3723 22.1224 3
      vertex 12.2543 7.075 3
      vertex 12.6907 6.25838 3
    endloop
  endfacet
  facet normal 0 0 1
    outer loop
      vertex 5.41497 13.0729 3
      vertex 12.458 22.508 3
      vertex 12.0724 22.9777 3
    endloop
  endfacet
  facet normal 0 0 1
    outer loop
      vertex 3.66229 13.6678 3
      vertex 12.0724 22.9777 3
      vertex 11.786 23.5137 3
    endloop
  endfacet
  facet normal 0 0 1
    outer loop
      vertex 15.8363 21.836 3
      vertex 11.7653 7.86132 3
      vertex 12.2543 7.075 3
    endloop
  endfacet
  facet normal 0 0 1
    outer loop
      vertex 2.76053 13.8781 3
      vertex 11.786 23.5137 3
      vertex 11.6096 24.0952 3
    endloop
  endfacet
  facet normal 0 0 1
    outer loop
      vertex 0.925454 14.1197 3
      vertex 11.6096 24.0952 3
      vertex 11.55 24.7 3
    endloop
  endfacet
  facet normal 0 0 1
    outer loop
      vertex 15.8363 21.836 3
      vertex 11.2259 8.61397 3
      vertex 11.7653 7.86132 3
    endloop
  endfacet
  facet normal 0 0 1
    outer loop
      vertex 17.6904 25.3048 3
      vertex 19.65 25.7 3
      vertex 19.6307 26.0921 3
    endloop
  endfacet
  facet normal 0 0 1
    outer loop
      vertex 19.65 25.7 3
      vertex 17.75 -26.42 3
      vertex 19.65 -31.7 3
    endloop
  endfacet
  facet normal 0 0 1
    outer loop
      vertex 17.514 25.8863 3
      vertex 19.6307 26.0921 3
      vertex 19.5731 26.4803 3
    endloop
  endfacet
  facet normal -0 0 1
    outer loop
      vertex 17.6904 -27.0248 3
      vertex 19.65 -31.7 3
      vertex 17.75 -26.42 3
    endloop
  endfacet
  facet normal 0 0 1
    outer loop
      vertex 17.514 25.8863 3
      vertex 19.5731 26.4803 3
      vertex 19.4778 26.8611 3
    endloop
  endfacet
  facet normal -0 0 1
    outer loop
      vertex 17.514 -27.6063 3
      vertex 19.65 -31.7 3
      vertex 17.6904 -27.0248 3
    endloop
  endfacet
  facet normal 0 0 1
    outer loop
      vertex 17.514 25.8863 3
      vertex 19.4778 26.8611 3
      vertex 19.3455 27.2307 3
    endloop
  endfacet
  facet normal -0 0 1
    outer loop
      vertex 17.2276 -28.1423 3
      vertex 19.65 -31.7 3
      vertex 17.514 -27.6063 3
    endloop
  endfacet
  facet normal 0 0 1
    outer loop
      vertex 17.2276 26.4223 3
      vertex 19.3455 27.2307 3
      vertex 19.1777 27.5856 3
    endloop
  endfacet
  facet normal -0 0 1
    outer loop
      vertex 16.842 -28.612 3
      vertex 19.65 -31.7 3
      vertex 17.2276 -28.1423 3
    endloop
  endfacet
  facet normal 0 0 1
    outer loop
      vertex 17.2276 26.4223 3
      vertex 19.1777 27.5856 3
      vertex 18.9759 27.9223 3
    endloop
  endfacet
  facet normal -0 0 1
    outer loop
      vertex 16.3723 -28.9976 3
      vertex 19.65 -31.7 3
      vertex 16.842 -28.612 3
    endloop
  endfacet
  facet normal 0 0 1
    outer loop
      vertex 17.2276 26.4223 3
      vertex 18.9759 27.9223 3
      vertex 18.742 28.2376 3
    endloop
  endfacet
  facet normal -0 0 1
    outer loop
      vertex 15.8363 -29.284 3
      vertex 19.65 -31.7 3
      vertex 16.3723 -28.9976 3
    endloop
  endfacet
  facet normal 0 0 1
    outer loop
      vertex 16.842 26.892 3
      vertex 18.742 28.2376 3
      vertex 18.4784 28.5284 3
    endloop
  endfacet
  facet normal 0 0 1
    outer loop
      vertex 19.65 -31.7 3
      vertex 15.8363 -29.284 3
      vertex 19.6307 -32.0921 3
    endloop
  endfacet
  facet normal 0 0 1
    outer loop
      vertex 16.842 26.892 3
      vertex 18.4784 28.5284 3
      vertex 18.1876 28.792 3
    endloop
  endfacet
  facet normal 0 0 1
    outer loop
      vertex 19.6307 -32.0921 3
      vertex 15.8363 -29.284 3
      vertex 19.5731 -32.4803 3
    endloop
  endfacet
  facet normal 0 0 1
    outer loop
      vertex 16.842 26.892 3
      vertex 18.1876 28.792 3
      vertex 17.8723 29.0259 3
    endloop
  endfacet
  facet normal 0 0 1
    outer loop
      vertex 17.6904 24.0952 3
      vertex 19.65 25.7 3
      vertex 17.75 24.7 3
    endloop
  endfacet
  facet normal 0 0 1
    outer loop
      vertex 19.5731 -32.4803 3
      vertex 15.8363 -29.284 3
      vertex 19.4778 -32.8611 3
    endloop
  endfacet
  facet normal 0 0 1
    outer loop
      vertex 19.65 25.7 3
      vertex 17.6904 25.3048 3
      vertex 17.75 24.7 3
    endloop
  endfacet
  facet normal 0 0 1
    outer loop
      vertex 16.3723 27.2776 3
      vertex 17.8723 29.0259 3
      vertex 17.5356 29.2277 3
    endloop
  endfacet
  facet normal 0 0 1
    outer loop
      vertex 19.6307 26.0921 3
      vertex 17.514 25.8863 3
      vertex 17.6904 25.3048 3
    endloop
  endfacet
  facet normal 0 0 1
    outer loop
      vertex 19.3455 27.2307 3
      vertex 17.2276 26.4223 3
      vertex 17.514 25.8863 3
    endloop
  endfacet
  facet normal 0 0 1
    outer loop
      vertex 16.3723 27.2776 3
      vertex 17.5356 29.2277 3
      vertex 17.1807 29.3955 3
    endloop
  endfacet
  facet normal 0 0 1
    outer loop
      vertex 18.742 28.2376 3
      vertex 16.842 26.892 3
      vertex 17.2276 26.4223 3
    endloop
  endfacet
  facet normal 0 0 1
    outer loop
      vertex 16.3723 27.2776 3
      vertex 17.1807 29.3955 3
      vertex 16.8111 29.5278 3
    endloop
  endfacet
  facet normal 0 0 1
    outer loop
      vertex 15.8363 27.564 3
      vertex 16.8111 29.5278 3
      vertex 16.4304 29.6231 3
    endloop
  endfacet
  facet normal 0 0 1
    outer loop
      vertex 17.8723 29.0259 3
      vertex 16.3723 27.2776 3
      vertex 16.842 26.892 3
    endloop
  endfacet
  facet normal 0 0 1
    outer loop
      vertex 15.8363 27.564 3
      vertex 16.4304 29.6231 3
      vertex 16.0421 29.6807 3
    endloop
  endfacet
  facet normal 0 0 1
    outer loop
      vertex 16.8111 29.5278 3
      vertex 15.8363 27.564 3
      vertex 16.3723 27.2776 3
    endloop
  endfacet
  facet normal 0 0 1
    outer loop
      vertex 15.2548 27.7404 3
      vertex 16.0421 29.6807 3
      vertex 15.65 29.7 3
    endloop
  endfacet
  facet normal 0 0 1
    outer loop
      vertex 16.0421 29.6807 3
      vertex 15.2548 27.7404 3
      vertex 15.8363 27.564 3
    endloop
  endfacet
  facet normal 0 0 1
    outer loop
      vertex 15.65 29.7 3
      vertex 14.65 27.8 3
      vertex 15.2548 27.7404 3
    endloop
  endfacet
  facet normal 0 0 1
    outer loop
      vertex 15.65 29.7 3
      vertex 14.0452 27.7404 3
      vertex 14.65 27.8 3
    endloop
  endfacet
  facet normal 0 0 1
    outer loop
      vertex 15.65 29.7 3
      vertex 13.4637 27.564 3
      vertex 14.0452 27.7404 3
    endloop
  endfacet
  facet normal 0 0 1
    outer loop
      vertex 15.65 29.7 3
      vertex 12.9277 27.2776 3
      vertex 13.4637 27.564 3
    endloop
  endfacet
  facet normal 0 0 1
    outer loop
      vertex -12.9277 27.2776 3
      vertex 12.9277 27.2776 3
      vertex 15.65 29.7 3
    endloop
  endfacet
  facet normal 0 0 1
    outer loop
      vertex 15.2548 21.6596 3
      vertex 10.6385 9.32974 3
      vertex 11.2259 8.61397 3
    endloop
  endfacet
  facet normal 0 0 1
    outer loop
      vertex 14.65 21.6 3
      vertex 10.0056 10.0056 3
      vertex 10.6385 9.32974 3
    endloop
  endfacet
  facet normal 0 0 1
    outer loop
      vertex -11.55 24.7 3
      vertex 11.55 24.7 3
      vertex 11.6096 25.3048 3
    endloop
  endfacet
  facet normal 0 0 1
    outer loop
      vertex 14.65 21.6 3
      vertex 9.32974 10.6385 3
      vertex 10.0056 10.0056 3
    endloop
  endfacet
  facet normal 0 0 1
    outer loop
      vertex 14.0452 21.6596 3
      vertex 8.61397 11.2259 3
      vertex 9.32974 10.6385 3
    endloop
  endfacet
  facet normal 0 0 1
    outer loop
      vertex 13.4637 21.836 3
      vertex 7.86132 11.7653 3
      vertex 8.61397 11.2259 3
    endloop
  endfacet
  facet normal 0 0 1
    outer loop
      vertex 12.9277 22.1224 3
      vertex 7.075 12.2543 3
      vertex 7.86132 11.7653 3
    endloop
  endfacet
  facet normal 0 0 1
    outer loop
      vertex -11.6096 25.3048 3
      vertex 11.6096 25.3048 3
      vertex 11.786 25.8863 3
    endloop
  endfacet
  facet normal 0 0 1
    outer loop
      vertex 12.9277 22.1224 3
      vertex 6.25838 12.6907 3
      vertex 7.075 12.2543 3
    endloop
  endfacet
  facet normal 0 0 1
    outer loop
      vertex 12.458 22.508 3
      vertex 5.41497 13.0729 3
      vertex 6.25838 12.6907 3
    endloop
  endfacet
  facet normal 0 0 1
    outer loop
      vertex 12.0724 22.9777 3
      vertex 4.54837 13.3991 3
      vertex 5.41497 13.0729 3
    endloop
  endfacet
  facet normal 0 0 1
    outer loop
      vertex -11.786 25.8863 3
      vertex 11.786 25.8863 3
      vertex 12.0724 26.4223 3
    endloop
  endfacet
  facet normal 0 0 1
    outer loop
      vertex 12.0724 22.9777 3
      vertex 3.66229 13.6678 3
      vertex 4.54837 13.3991 3
    endloop
  endfacet
  facet normal 0 0 1
    outer loop
      vertex 11.786 23.5137 3
      vertex 2.76053 13.8781 3
      vertex 3.66229 13.6678 3
    endloop
  endfacet
  facet normal 0 0 1
    outer loop
      vertex 11.6096 24.0952 3
      vertex 1.84694 14.0289 3
      vertex 2.76053 13.8781 3
    endloop
  endfacet
  facet normal 0 0 1
    outer loop
      vertex -12.0724 26.4223 3
      vertex 12.0724 26.4223 3
      vertex 12.458 26.892 3
    endloop
  endfacet
  facet normal 0 0 1
    outer loop
      vertex 11.6096 24.0952 3
      vertex 0.925454 14.1197 3
      vertex 1.84694 14.0289 3
    endloop
  endfacet
  facet normal 0 0 1
    outer loop
      vertex 11.55 24.7 3
      vertex 0 14.15 3
      vertex 0.925454 14.1197 3
    endloop
  endfacet
  facet normal 0 0 1
    outer loop
      vertex 11.55 24.7 3
      vertex -11.55 24.7 3
      vertex 0 14.15 3
    endloop
  endfacet
  facet normal 0 0 1
    outer loop
      vertex 0 14.15 3
      vertex -11.55 24.7 3
      vertex -0.925454 14.1197 3
    endloop
  endfacet
  facet normal -0 0 1
    outer loop
      vertex -11.6096 24.0952 3
      vertex -0.925454 14.1197 3
      vertex -11.55 24.7 3
    endloop
  endfacet
  facet normal 0 0 1
    outer loop
      vertex 12.9277 27.2776 3
      vertex -12.9277 27.2776 3
      vertex 12.458 26.892 3
    endloop
  endfacet
  facet normal 0 0 1
    outer loop
      vertex 11.6096 25.3048 3
      vertex -11.6096 25.3048 3
      vertex -11.55 24.7 3
    endloop
  endfacet
  facet normal 0 0 1
    outer loop
      vertex -1.84694 14.0289 3
      vertex -11.6096 24.0952 3
      vertex -2.76053 13.8781 3
    endloop
  endfacet
  facet normal -0 0 1
    outer loop
      vertex -11.786 23.5137 3
      vertex -2.76053 13.8781 3
      vertex -11.6096 24.0952 3
    endloop
  endfacet
  facet normal 0 0 1
    outer loop
      vertex -2.76053 13.8781 3
      vertex -11.786 23.5137 3
      vertex -3.66229 13.6678 3
    endloop
  endfacet
  facet normal -0 0 1
    outer loop
      vertex -12.0724 22.9777 3
      vertex -3.66229 13.6678 3
      vertex -11.786 23.5137 3
    endloop
  endfacet
  facet normal 0 0 1
    outer loop
      vertex -3.66229 13.6678 3
      vertex -12.0724 22.9777 3
      vertex -4.54837 13.3991 3
    endloop
  endfacet
  facet normal 0 0 1
    outer loop
      vertex -4.54837 13.3991 3
      vertex -12.0724 22.9777 3
      vertex -5.41497 13.0729 3
    endloop
  endfacet
  facet normal 0 0 1
    outer loop
      vertex -7.075 12.2543 3
      vertex -12.9277 22.1224 3
      vertex -7.86132 11.7653 3
    endloop
  endfacet
  facet normal 0 0 1
    outer loop
      vertex -6.25838 12.6907 3
      vertex -12.9277 22.1224 3
      vertex -7.075 12.2543 3
    endloop
  endfacet
  facet normal -0 0 1
    outer loop
      vertex -12.9277 22.1224 3
      vertex -6.25838 12.6907 3
      vertex -12.458 22.508 3
    endloop
  endfacet
  facet normal 0 0 1
    outer loop
      vertex -5.41497 13.0729 3
      vertex -12.458 22.508 3
      vertex -6.25838 12.6907 3
    endloop
  endfacet
  facet normal -0 0 1
    outer loop
      vertex -12.458 22.508 3
      vertex -5.41497 13.0729 3
      vertex -12.0724 22.9777 3
    endloop
  endfacet
  facet normal 0 0 1
    outer loop
      vertex -0.925454 14.1197 3
      vertex -11.6096 24.0952 3
      vertex -1.84694 14.0289 3
    endloop
  endfacet
  facet normal 0 0 1
    outer loop
      vertex 11.786 25.8863 3
      vertex -11.786 25.8863 3
      vertex -11.6096 25.3048 3
    endloop
  endfacet
  facet normal 0 0 1
    outer loop
      vertex 12.0724 26.4223 3
      vertex -12.0724 26.4223 3
      vertex -11.786 25.8863 3
    endloop
  endfacet
  facet normal 0 0 1
    outer loop
      vertex 12.458 26.892 3
      vertex -12.458 26.892 3
      vertex -12.0724 26.4223 3
    endloop
  endfacet
  facet normal 0 0 1
    outer loop
      vertex 12.458 26.892 3
      vertex -12.9277 27.2776 3
      vertex -12.458 26.892 3
    endloop
  endfacet
  facet normal -0 0 1
    outer loop
      vertex -15.65 29.7 3
      vertex -12.9277 27.2776 3
      vertex 15.65 29.7 3
    endloop
  endfacet
  facet normal 0 0 1
    outer loop
      vertex -12.9277 27.2776 3
      vertex -15.65 29.7 3
      vertex -13.4637 27.564 3
    endloop
  endfacet
  facet normal 0 0 1
    outer loop
      vertex -13.4637 27.564 3
      vertex -15.65 29.7 3
      vertex -14.0452 27.7404 3
    endloop
  endfacet
  facet normal 0 0 1
    outer loop
      vertex -14.0452 27.7404 3
      vertex -15.65 29.7 3
      vertex -14.65 27.8 3
    endloop
  endfacet
  facet normal 0 0 1
    outer loop
      vertex -15.65 29.7 3
      vertex -15.2548 27.7404 3
      vertex -14.65 27.8 3
    endloop
  endfacet
  facet normal -0 0 1
    outer loop
      vertex -16.0421 29.6807 3
      vertex -15.2548 27.7404 3
      vertex -15.65 29.7 3
    endloop
  endfacet
  facet normal 0 0 1
    outer loop
      vertex -15.2548 27.7404 3
      vertex -16.0421 29.6807 3
      vertex -15.8363 27.564 3
    endloop
  endfacet
  facet normal -0 0 1
    outer loop
      vertex -16.4304 29.6231 3
      vertex -15.8363 27.564 3
      vertex -16.0421 29.6807 3
    endloop
  endfacet
  facet normal -0 0 1
    outer loop
      vertex -16.8111 29.5278 3
      vertex -15.8363 27.564 3
      vertex -16.4304 29.6231 3
    endloop
  endfacet
  facet normal 0 0 1
    outer loop
      vertex -15.8363 27.564 3
      vertex -16.8111 29.5278 3
      vertex -16.3723 27.2776 3
    endloop
  endfacet
  facet normal -0 0 1
    outer loop
      vertex -17.1807 29.3955 3
      vertex -16.3723 27.2776 3
      vertex -16.8111 29.5278 3
    endloop
  endfacet
  facet normal -0 0 1
    outer loop
      vertex -17.5356 29.2277 3
      vertex -16.3723 27.2776 3
      vertex -17.1807 29.3955 3
    endloop
  endfacet
  facet normal -0 0 1
    outer loop
      vertex -17.8723 29.0259 3
      vertex -16.3723 27.2776 3
      vertex -17.5356 29.2277 3
    endloop
  endfacet
  facet normal 0 0 1
    outer loop
      vertex -16.3723 27.2776 3
      vertex -17.8723 29.0259 3
      vertex -16.842 26.892 3
    endloop
  endfacet
  facet normal -0 0 1
    outer loop
      vertex -18.1876 28.792 3
      vertex -16.842 26.892 3
      vertex -17.8723 29.0259 3
    endloop
  endfacet
  facet normal -0 0 1
    outer loop
      vertex -18.4784 28.5284 3
      vertex -16.842 26.892 3
      vertex -18.1876 28.792 3
    endloop
  endfacet
  facet normal -0 0 1
    outer loop
      vertex -18.742 28.2376 3
      vertex -16.842 26.892 3
      vertex -18.4784 28.5284 3
    endloop
  endfacet
  facet normal -0 0 1
    outer loop
      vertex -18.9759 27.9223 3
      vertex -17.2276 26.4223 3
      vertex -18.742 28.2376 3
    endloop
  endfacet
  facet normal 0 0 1
    outer loop
      vertex -16.842 26.892 3
      vertex -18.742 28.2376 3
      vertex -17.2276 26.4223 3
    endloop
  endfacet
  facet normal 0 0 1
    outer loop
      vertex 19.4778 -32.8611 3
      vertex 15.8363 -29.284 3
      vertex 19.3455 -33.2307 3
    endloop
  endfacet
  facet normal 0 0 1
    outer loop
      vertex 19.3455 -33.2307 3
      vertex 15.8363 -29.284 3
      vertex 19.1777 -33.5856 3
    endloop
  endfacet
  facet normal 0 0 1
    outer loop
      vertex 19.1777 -33.5856 3
      vertex 15.8363 -29.284 3
      vertex 18.9759 -33.9223 3
    endloop
  endfacet
  facet normal 0 0 1
    outer loop
      vertex 18.9759 -33.9223 3
      vertex 15.8363 -29.284 3
      vertex 18.742 -34.2376 3
    endloop
  endfacet
  facet normal -0 0 1
    outer loop
      vertex 15.2548 -29.4604 3
      vertex 18.742 -34.2376 3
      vertex 15.8363 -29.284 3
    endloop
  endfacet
  facet normal 0 0 1
    outer loop
      vertex 18.742 -34.2376 3
      vertex 15.2548 -29.4604 3
      vertex 18.4784 -34.5284 3
    endloop
  endfacet
  facet normal 0 0 1
    outer loop
      vertex 18.4784 -34.5284 3
      vertex 15.2548 -29.4604 3
      vertex 18.1876 -34.792 3
    endloop
  endfacet
  facet normal 0 0 1
    outer loop
      vertex 18.1876 -34.792 3
      vertex 15.2548 -29.4604 3
      vertex 17.8723 -35.0259 3
    endloop
  endfacet
  facet normal 0 0 1
    outer loop
      vertex 17.8723 -35.0259 3
      vertex 15.2548 -29.4604 3
      vertex 17.5356 -35.2277 3
    endloop
  endfacet
  facet normal 0 0 1
    outer loop
      vertex 17.5356 -35.2277 3
      vertex 15.2548 -29.4604 3
      vertex 17.1807 -35.3955 3
    endloop
  endfacet
  facet normal 0 0 1
    outer loop
      vertex 17.1807 -35.3955 3
      vertex 15.2548 -29.4604 3
      vertex 16.8111 -35.5278 3
    endloop
  endfacet
  facet normal 0 0 1
    outer loop
      vertex 16.8111 -35.5278 3
      vertex 15.2548 -29.4604 3
      vertex 16.4304 -35.6231 3
    endloop
  endfacet
  facet normal 0 0 1
    outer loop
      vertex 16.4304 -35.6231 3
      vertex 15.2548 -29.4604 3
      vertex 16.0421 -35.6807 3
    endloop
  endfacet
  facet normal 0 0 1
    outer loop
      vertex 16.0421 -35.6807 3
      vertex 15.2548 -29.4604 3
      vertex 15.65 -35.7 3
    endloop
  endfacet
  facet normal -0 0 1
    outer loop
      vertex 14.65 -29.52 3
      vertex 15.65 -35.7 3
      vertex 15.2548 -29.4604 3
    endloop
  endfacet
  facet normal 0 0 1
    outer loop
      vertex 14.0452 -29.4604 3
      vertex 15.65 -35.7 3
      vertex 14.65 -29.52 3
    endloop
  endfacet
  facet normal 0 0 1
    outer loop
      vertex 13.4637 -29.284 3
      vertex 15.65 -35.7 3
      vertex 14.0452 -29.4604 3
    endloop
  endfacet
  facet normal 0 0 1
    outer loop
      vertex 12.9277 -28.9976 3
      vertex 15.65 -35.7 3
      vertex 13.4637 -29.284 3
    endloop
  endfacet
  facet normal 0 0 1
    outer loop
      vertex 12.458 -28.612 3
      vertex 15.65 -35.7 3
      vertex 12.9277 -28.9976 3
    endloop
  endfacet
  facet normal 0 0 1
    outer loop
      vertex 12.0724 -28.1423 3
      vertex 15.65 -35.7 3
      vertex 12.458 -28.612 3
    endloop
  endfacet
  facet normal 0 0 1
    outer loop
      vertex -12.0724 -28.1423 3
      vertex 12.0724 -28.1423 3
      vertex 11.786 -27.6063 3
    endloop
  endfacet
  facet normal 0 0 1
    outer loop
      vertex 13.4637 -23.556 3
      vertex 7.075 -12.2543 3
      vertex 12.9277 -23.8424 3
    endloop
  endfacet
  facet normal -0 0 1
    outer loop
      vertex 6.25838 -12.6907 3
      vertex 12.9277 -23.8424 3
      vertex 7.075 -12.2543 3
    endloop
  endfacet
  facet normal -0 0 1
    outer loop
      vertex 5.41497 -13.0729 3
      vertex 12.9277 -23.8424 3
      vertex 6.25838 -12.6907 3
    endloop
  endfacet
  facet normal 0 0 1
    outer loop
      vertex 12.9277 -23.8424 3
      vertex 5.41497 -13.0729 3
      vertex 12.458 -24.228 3
    endloop
  endfacet
  facet normal -0 0 1
    outer loop
      vertex 4.54837 -13.3991 3
      vertex 12.458 -24.228 3
      vertex 5.41497 -13.0729 3
    endloop
  endfacet
  facet normal 0 0 1
    outer loop
      vertex 12.458 -24.228 3
      vertex 4.54837 -13.3991 3
      vertex 12.0724 -24.6977 3
    endloop
  endfacet
  facet normal -0 0 1
    outer loop
      vertex 3.66229 -13.6678 3
      vertex 12.0724 -24.6977 3
      vertex 4.54837 -13.3991 3
    endloop
  endfacet
  facet normal 0 0 1
    outer loop
      vertex 12.0724 -24.6977 3
      vertex 3.66229 -13.6678 3
      vertex 11.786 -25.2337 3
    endloop
  endfacet
  facet normal -0 0 1
    outer loop
      vertex 2.76053 -13.8781 3
      vertex 11.786 -25.2337 3
      vertex 3.66229 -13.6678 3
    endloop
  endfacet
  facet normal -0 0 1
    outer loop
      vertex 1.84694 -14.0289 3
      vertex 11.786 -25.2337 3
      vertex 2.76053 -13.8781 3
    endloop
  endfacet
  facet normal 0 0 1
    outer loop
      vertex 11.786 -25.2337 3
      vertex 1.84694 -14.0289 3
      vertex 11.6096 -25.8152 3
    endloop
  endfacet
  facet normal -0 0 1
    outer loop
      vertex 0.925454 -14.1197 3
      vertex 11.6096 -25.8152 3
      vertex 1.84694 -14.0289 3
    endloop
  endfacet
  facet normal 0 0 1
    outer loop
      vertex 11.6096 -25.8152 3
      vertex 0.925454 -14.1197 3
      vertex 11.55 -26.42 3
    endloop
  endfacet
  facet normal -0 0 1
    outer loop
      vertex 0 -14.15 3
      vertex 11.55 -26.42 3
      vertex 0.925454 -14.1197 3
    endloop
  endfacet
  facet normal 0 0 1
    outer loop
      vertex -11.55 -26.42 3
      vertex 11.55 -26.42 3
      vertex 0 -14.15 3
    endloop
  endfacet
  facet normal 0 0 1
    outer loop
      vertex 11.55 -26.42 3
      vertex -11.55 -26.42 3
      vertex 11.6096 -27.0248 3
    endloop
  endfacet
  facet normal 0 0 1
    outer loop
      vertex -11.6096 -27.0248 3
      vertex 11.6096 -27.0248 3
      vertex -11.55 -26.42 3
    endloop
  endfacet
  facet normal 0 0 1
    outer loop
      vertex -11.55 -26.42 3
      vertex 0 -14.15 3
      vertex -0.925454 -14.1197 3
    endloop
  endfacet
  facet normal 0 0 1
    outer loop
      vertex -11.6096 -25.8152 3
      vertex -0.925454 -14.1197 3
      vertex -1.84694 -14.0289 3
    endloop
  endfacet
  facet normal 0 0 1
    outer loop
      vertex -11.6096 -25.8152 3
      vertex -1.84694 -14.0289 3
      vertex -2.76053 -13.8781 3
    endloop
  endfacet
  facet normal 0 0 1
    outer loop
      vertex -11.6096 -25.8152 3
      vertex -2.76053 -13.8781 3
      vertex -3.66229 -13.6678 3
    endloop
  endfacet
  facet normal 0 0 1
    outer loop
      vertex -11.6096 -25.8152 3
      vertex -3.66229 -13.6678 3
      vertex -4.54837 -13.3991 3
    endloop
  endfacet
  facet normal 0 0 1
    outer loop
      vertex -11.6096 -25.8152 3
      vertex -4.54837 -13.3991 3
      vertex -5.41497 -13.0729 3
    endloop
  endfacet
  facet normal 0 0 1
    outer loop
      vertex -11.6096 -25.8152 3
      vertex -5.41497 -13.0729 3
      vertex -6.25838 -12.6907 3
    endloop
  endfacet
  facet normal 0 0 1
    outer loop
      vertex -11.6096 -25.8152 3
      vertex -6.25838 -12.6907 3
      vertex -7.075 -12.2543 3
    endloop
  endfacet
  facet normal 0 0 1
    outer loop
      vertex -11.6096 -25.8152 3
      vertex -7.075 -12.2543 3
      vertex -7.86132 -11.7653 3
    endloop
  endfacet
  facet normal 0 0 1
    outer loop
      vertex -11.6096 -25.8152 3
      vertex -7.86132 -11.7653 3
      vertex -8.61397 -11.2259 3
    endloop
  endfacet
  facet normal 0 0 1
    outer loop
      vertex -11.6096 -25.8152 3
      vertex -8.61397 -11.2259 3
      vertex -9.32974 -10.6385 3
    endloop
  endfacet
  facet normal 0 0 1
    outer loop
      vertex -11.6096 -25.8152 3
      vertex -9.32974 -10.6385 3
      vertex -10.0056 -10.0056 3
    endloop
  endfacet
  facet normal 0 0 1
    outer loop
      vertex -15.2548 -23.3796 3
      vertex -10.6385 -9.32974 3
      vertex -11.2259 -8.61397 3
    endloop
  endfacet
  facet normal 0 0 1
    outer loop
      vertex -11.6096 -25.8152 3
      vertex -10.0056 -10.0056 3
      vertex -10.6385 -9.32974 3
    endloop
  endfacet
  facet normal 0 0 1
    outer loop
      vertex 11.6096 -27.0248 3
      vertex -11.6096 -27.0248 3
      vertex 11.786 -27.6063 3
    endloop
  endfacet
  facet normal 0 0 1
    outer loop
      vertex -11.786 -27.6063 3
      vertex 11.786 -27.6063 3
      vertex -11.6096 -27.0248 3
    endloop
  endfacet
  facet normal 0 0 1
    outer loop
      vertex -12.0724 -28.1423 3
      vertex 11.786 -27.6063 3
      vertex -11.786 -27.6063 3
    endloop
  endfacet
  facet normal 0 0 1
    outer loop
      vertex 12.0724 -28.1423 3
      vertex -12.0724 -28.1423 3
      vertex 15.65 -35.7 3
    endloop
  endfacet
  facet normal -0 0 1
    outer loop
      vertex -12.458 -28.612 3
      vertex 15.65 -35.7 3
      vertex -12.0724 -28.1423 3
    endloop
  endfacet
  facet normal 0 0 1
    outer loop
      vertex -15.65 -35.7 3
      vertex -12.458 -28.612 3
      vertex -12.9277 -28.9976 3
    endloop
  endfacet
  facet normal 0 0 1
    outer loop
      vertex -15.65 -35.7 3
      vertex -12.9277 -28.9976 3
      vertex -13.4637 -29.284 3
    endloop
  endfacet
  facet normal 0 0 1
    outer loop
      vertex -15.65 -35.7 3
      vertex -13.4637 -29.284 3
      vertex -14.0452 -29.4604 3
    endloop
  endfacet
  facet normal 0 0 1
    outer loop
      vertex -15.65 -35.7 3
      vertex -14.0452 -29.4604 3
      vertex -14.65 -29.52 3
    endloop
  endfacet
  facet normal 0 0 1
    outer loop
      vertex -15.65 -35.7 3
      vertex -14.65 -29.52 3
      vertex -15.2548 -29.4604 3
    endloop
  endfacet
  facet normal 0 0 1
    outer loop
      vertex -12.458 -28.612 3
      vertex -15.65 -35.7 3
      vertex 15.65 -35.7 3
    endloop
  endfacet
  facet normal 0 0 1
    outer loop
      vertex -18.742 -34.2376 3
      vertex -15.2548 -29.4604 3
      vertex -15.8363 -29.284 3
    endloop
  endfacet
  facet normal 0 0 1
    outer loop
      vertex -15.2548 -29.4604 3
      vertex -16.0421 -35.6807 3
      vertex -15.65 -35.7 3
    endloop
  endfacet
  facet normal 0 0 1
    outer loop
      vertex -19.65 -31.7 3
      vertex -15.8363 -29.284 3
      vertex -16.3723 -28.9976 3
    endloop
  endfacet
  facet normal 0 0 1
    outer loop
      vertex -15.2548 -29.4604 3
      vertex -16.4304 -35.6231 3
      vertex -16.0421 -35.6807 3
    endloop
  endfacet
  facet normal 0 0 1
    outer loop
      vertex -15.2548 -29.4604 3
      vertex -16.8111 -35.5278 3
      vertex -16.4304 -35.6231 3
    endloop
  endfacet
  facet normal 0 0 1
    outer loop
      vertex -19.65 -31.7 3
      vertex -16.3723 -28.9976 3
      vertex -16.842 -28.612 3
    endloop
  endfacet
  facet normal 0 0 1
    outer loop
      vertex -15.2548 -29.4604 3
      vertex -17.1807 -35.3955 3
      vertex -16.8111 -35.5278 3
    endloop
  endfacet
  facet normal 0 0 1
    outer loop
      vertex -19.65 -31.7 3
      vertex -16.842 -28.612 3
      vertex -17.2276 -28.1423 3
    endloop
  endfacet
  facet normal 0 0 1
    outer loop
      vertex -19.65 -31.7 3
      vertex -17.2276 -28.1423 3
      vertex -17.514 -27.6063 3
    endloop
  endfacet
  facet normal 0 0 1
    outer loop
      vertex -15.8363 -29.284 3
      vertex -19.65 -31.7 3
      vertex -19.6307 -32.0921 3
    endloop
  endfacet
  facet normal 0 0 1
    outer loop
      vertex -19.65 -31.7 3
      vertex -17.514 -27.6063 3
      vertex -17.6904 -27.0248 3
    endloop
  endfacet
  facet normal 0 0 1
    outer loop
      vertex -19.65 -31.7 3
      vertex -17.6904 -27.0248 3
      vertex -17.75 -26.42 3
    endloop
  endfacet
  facet normal 0 0 1
    outer loop
      vertex -15.2548 -29.4604 3
      vertex -17.5356 -35.2277 3
      vertex -17.1807 -35.3955 3
    endloop
  endfacet
  facet normal 0 0 1
    outer loop
      vertex -19.65 -31.7 3
      vertex -17.6904 -25.8152 3
      vertex -19.65 25.7 3
    endloop
  endfacet
  facet normal -0 0 1
    outer loop
      vertex -19.1777 27.5856 3
      vertex -17.2276 26.4223 3
      vertex -18.9759 27.9223 3
    endloop
  endfacet
  facet normal 0 0 1
    outer loop
      vertex -17.6904 -25.8152 3
      vertex -19.65 -31.7 3
      vertex -17.75 -26.42 3
    endloop
  endfacet
  facet normal -0 0 1
    outer loop
      vertex -19.3455 27.2307 3
      vertex -17.2276 26.4223 3
      vertex -19.1777 27.5856 3
    endloop
  endfacet
  facet normal 0 0 1
    outer loop
      vertex -15.2548 -29.4604 3
      vertex -17.8723 -35.0259 3
      vertex -17.5356 -35.2277 3
    endloop
  endfacet
  facet normal 0 0 1
    outer loop
      vertex -17.2276 26.4223 3
      vertex -19.3455 27.2307 3
      vertex -17.514 25.8863 3
    endloop
  endfacet
  facet normal 0 0 1
    outer loop
      vertex -15.2548 -29.4604 3
      vertex -18.1876 -34.792 3
      vertex -17.8723 -35.0259 3
    endloop
  endfacet
  facet normal -0 0 1
    outer loop
      vertex -19.4778 26.8611 3
      vertex -17.514 25.8863 3
      vertex -19.3455 27.2307 3
    endloop
  endfacet
  facet normal 0 0 1
    outer loop
      vertex -15.2548 -29.4604 3
      vertex -18.4784 -34.5284 3
      vertex -18.1876 -34.792 3
    endloop
  endfacet
  facet normal -0 0 1
    outer loop
      vertex -19.5731 26.4803 3
      vertex -17.514 25.8863 3
      vertex -19.4778 26.8611 3
    endloop
  endfacet
  facet normal 0 0 1
    outer loop
      vertex -15.2548 -29.4604 3
      vertex -18.742 -34.2376 3
      vertex -18.4784 -34.5284 3
    endloop
  endfacet
  facet normal -0 0 1
    outer loop
      vertex -19.6307 26.0921 3
      vertex -17.514 25.8863 3
      vertex -19.5731 26.4803 3
    endloop
  endfacet
  facet normal 0 0 1
    outer loop
      vertex -15.8363 -29.284 3
      vertex -18.9759 -33.9223 3
      vertex -18.742 -34.2376 3
    endloop
  endfacet
  facet normal 0 0 1
    outer loop
      vertex -17.514 25.8863 3
      vertex -19.6307 26.0921 3
      vertex -17.6904 25.3048 3
    endloop
  endfacet
  facet normal 0 0 1
    outer loop
      vertex -15.8363 -29.284 3
      vertex -19.1777 -33.5856 3
      vertex -18.9759 -33.9223 3
    endloop
  endfacet
  facet normal -0 0 1
    outer loop
      vertex -19.65 25.7 3
      vertex -17.6904 25.3048 3
      vertex -19.6307 26.0921 3
    endloop
  endfacet
  facet normal 0 0 1
    outer loop
      vertex -15.8363 -29.284 3
      vertex -19.3455 -33.2307 3
      vertex -19.1777 -33.5856 3
    endloop
  endfacet
  facet normal 0 0 1
    outer loop
      vertex -17.6904 25.3048 3
      vertex -19.65 25.7 3
      vertex -17.75 24.7 3
    endloop
  endfacet
  facet normal 0 0 1
    outer loop
      vertex -15.8363 -29.284 3
      vertex -19.4778 -32.8611 3
      vertex -19.3455 -33.2307 3
    endloop
  endfacet
  facet normal 0 0 1
    outer loop
      vertex -15.8363 -29.284 3
      vertex -19.5731 -32.4803 3
      vertex -19.4778 -32.8611 3
    endloop
  endfacet
  facet normal 0 0 1
    outer loop
      vertex -15.8363 -29.284 3
      vertex -19.6307 -32.0921 3
      vertex -19.5731 -32.4803 3
    endloop
  endfacet
  facet normal 0 0 1
    outer loop
      vertex 17.2276 -24.6977 3
      vertex 13.3991 -4.54837 3
      vertex 16.842 -24.228 3
    endloop
  endfacet
  facet normal -0 0 1
    outer loop
      vertex 13.0729 -5.41497 3
      vertex 16.842 -24.228 3
      vertex 13.3991 -4.54837 3
    endloop
  endfacet
  facet normal -0 0 1
    outer loop
      vertex 12.6907 -6.25838 3
      vertex 16.842 -24.228 3
      vertex 13.0729 -5.41497 3
    endloop
  endfacet
  facet normal 0 0 1
    outer loop
      vertex 16.842 -24.228 3
      vertex 12.6907 -6.25838 3
      vertex 16.3723 -23.8424 3
    endloop
  endfacet
  facet normal -0 0 1
    outer loop
      vertex 12.2543 -7.075 3
      vertex 16.3723 -23.8424 3
      vertex 12.6907 -6.25838 3
    endloop
  endfacet
  facet normal -0 0 1
    outer loop
      vertex 11.7653 -7.86132 3
      vertex 16.3723 -23.8424 3
      vertex 12.2543 -7.075 3
    endloop
  endfacet
  facet normal 0 0 1
    outer loop
      vertex 16.3723 -23.8424 3
      vertex 11.7653 -7.86132 3
      vertex 15.8363 -23.556 3
    endloop
  endfacet
  facet normal -0 0 1
    outer loop
      vertex 11.2259 -8.61397 3
      vertex 15.8363 -23.556 3
      vertex 11.7653 -7.86132 3
    endloop
  endfacet
  facet normal 0 0 1
    outer loop
      vertex 15.8363 -23.556 3
      vertex 11.2259 -8.61397 3
      vertex 15.2548 -23.3796 3
    endloop
  endfacet
  facet normal -0 0 1
    outer loop
      vertex 10.6385 -9.32974 3
      vertex 15.2548 -23.3796 3
      vertex 11.2259 -8.61397 3
    endloop
  endfacet
  facet normal -0 0 1
    outer loop
      vertex 10.0056 -10.0056 3
      vertex 15.2548 -23.3796 3
      vertex 10.6385 -9.32974 3
    endloop
  endfacet
  facet normal 0 0 1
    outer loop
      vertex 15.2548 -23.3796 3
      vertex 10.0056 -10.0056 3
      vertex 14.65 -23.32 3
    endloop
  endfacet
  facet normal -0 0 1
    outer loop
      vertex 9.32974 -10.6385 3
      vertex 14.65 -23.32 3
      vertex 10.0056 -10.0056 3
    endloop
  endfacet
  facet normal 0 0 1
    outer loop
      vertex 14.65 -23.32 3
      vertex 9.32974 -10.6385 3
      vertex 14.0452 -23.3796 3
    endloop
  endfacet
  facet normal -0 0 1
    outer loop
      vertex 8.61397 -11.2259 3
      vertex 14.0452 -23.3796 3
      vertex 9.32974 -10.6385 3
    endloop
  endfacet
  facet normal -0 0 1
    outer loop
      vertex 7.86132 -11.7653 3
      vertex 14.0452 -23.3796 3
      vertex 8.61397 -11.2259 3
    endloop
  endfacet
  facet normal 0 0 1
    outer loop
      vertex 14.0452 -23.3796 3
      vertex 7.86132 -11.7653 3
      vertex 13.4637 -23.556 3
    endloop
  endfacet
  facet normal -0 0 1
    outer loop
      vertex 7.075 -12.2543 3
      vertex 13.4637 -23.556 3
      vertex 7.86132 -11.7653 3
    endloop
  endfacet
  facet normal -0.671607 0.740908 0
    outer loop
      vertex -18.1876 28.792 0
      vertex -18.4784 28.5284 3
      vertex -18.1876 28.792 3
    endloop
  endfacet
  facet normal -0.671607 0.740908 0
    outer loop
      vertex -18.4784 28.5284 3
      vertex -18.1876 28.792 0
      vertex -18.4784 28.5284 0
    endloop
  endfacet
  facet normal -0.514084 0.85774 0
    outer loop
      vertex -17.5356 29.2277 0
      vertex -17.8723 29.0259 3
      vertex -17.5356 29.2277 3
    endloop
  endfacet
  facet normal -0.514084 0.85774 0
    outer loop
      vertex -17.8723 29.0259 3
      vertex -17.5356 29.2277 0
      vertex -17.8723 29.0259 0
    endloop
  endfacet
  facet normal -0.242835 0.970068 0
    outer loop
      vertex -16.4304 29.6231 0
      vertex -16.8111 29.5278 3
      vertex -16.4304 29.6231 3
    endloop
  endfacet
  facet normal -0.242835 0.970068 0
    outer loop
      vertex -16.8111 29.5278 3
      vertex -16.4304 29.6231 0
      vertex -16.8111 29.5278 0
    endloop
  endfacet
  facet normal -0.337014 0.9415 0
    outer loop
      vertex -16.8111 29.5278 0
      vertex -17.1807 29.3955 3
      vertex -16.8111 29.5278 3
    endloop
  endfacet
  facet normal -0.337014 0.9415 0
    outer loop
      vertex -17.1807 29.3955 3
      vertex -16.8111 29.5278 0
      vertex -17.1807 29.3955 0
    endloop
  endfacet
  facet normal -0.803137 -0.595794 0
    outer loop
      vertex -18.742 -34.2376 0
      vertex -18.9759 -33.9223 3
      vertex -18.9759 -33.9223 0
    endloop
  endfacet
  facet normal -0.803137 -0.595794 0
    outer loop
      vertex -18.9759 -33.9223 3
      vertex -18.742 -34.2376 0
      vertex -18.742 -34.2376 3
    endloop
  endfacet
  facet normal -0.595794 0.803137 0
    outer loop
      vertex -17.8723 29.0259 0
      vertex -18.1876 28.792 3
      vertex -17.8723 29.0259 3
    endloop
  endfacet
  facet normal -0.595794 0.803137 0
    outer loop
      vertex -18.1876 28.792 3
      vertex -17.8723 29.0259 0
      vertex -18.1876 28.792 0
    endloop
  endfacet
  facet normal -0.904044 -0.42744 0
    outer loop
      vertex -19.1777 -33.5856 0
      vertex -19.3455 -33.2307 3
      vertex -19.3455 -33.2307 0
    endloop
  endfacet
  facet normal -0.904044 -0.42744 0
    outer loop
      vertex -19.3455 -33.2307 3
      vertex -19.1777 -33.5856 0
      vertex -19.1777 -33.5856 3
    endloop
  endfacet
  facet normal -0.0491626 -0.998791 0
    outer loop
      vertex -16.0421 -35.6807 0
      vertex -15.65 -35.7 3
      vertex -16.0421 -35.6807 3
    endloop
  endfacet
  facet normal -0.0491626 -0.998791 -0
    outer loop
      vertex -15.65 -35.7 3
      vertex -16.0421 -35.6807 0
      vertex -15.65 -35.7 0
    endloop
  endfacet
  facet normal -0.146733 -0.989176 0
    outer loop
      vertex -16.4304 -35.6231 0
      vertex -16.0421 -35.6807 3
      vertex -16.4304 -35.6231 3
    endloop
  endfacet
  facet normal -0.146733 -0.989176 -0
    outer loop
      vertex -16.0421 -35.6807 3
      vertex -16.4304 -35.6231 0
      vertex -16.0421 -35.6807 0
    endloop
  endfacet
  facet normal -0.970083 -0.242775 0
    outer loop
      vertex -19.4778 -32.8611 0
      vertex -19.5731 -32.4803 3
      vertex -19.5731 -32.4803 0
    endloop
  endfacet
  facet normal -0.970083 -0.242775 0
    outer loop
      vertex -19.5731 -32.4803 3
      vertex -19.4778 -32.8611 0
      vertex -19.4778 -32.8611 3
    endloop
  endfacet
  facet normal -0.85774 -0.514084 0
    outer loop
      vertex -18.9759 -33.9223 0
      vertex -19.1777 -33.5856 3
      vertex -19.1777 -33.5856 0
    endloop
  endfacet
  facet normal -0.85774 -0.514084 0
    outer loop
      vertex -19.1777 -33.5856 3
      vertex -18.9759 -33.9223 0
      vertex -18.9759 -33.9223 3
    endloop
  endfacet
  facet normal 0 0 -1
    outer loop
      vertex -1.84694 14.0289 0
      vertex -12.9827 24.3683 0
      vertex -12.95 24.7 0
    endloop
  endfacet
  facet normal 0 0 -1
    outer loop
      vertex -19.65 25.7 0
      vertex -12.6907 6.25838 0
      vertex -13.0729 5.41497 0
    endloop
  endfacet
  facet normal 0 0 -1
    outer loop
      vertex -12.2543 7.075 0
      vertex -13.0794 24.0494 0
      vertex -12.9827 24.3683 0
    endloop
  endfacet
  facet normal 0 0 -1
    outer loop
      vertex -12.2543 7.075 0
      vertex -13.2365 23.7555 0
      vertex -13.0794 24.0494 0
    endloop
  endfacet
  facet normal 0 0 -1
    outer loop
      vertex -19.65 25.7 0
      vertex -13.0729 5.41497 0
      vertex -13.3991 4.54837 0
    endloop
  endfacet
  facet normal 0 0 -1
    outer loop
      vertex -12.2543 7.075 0
      vertex -13.4479 23.4979 0
      vertex -13.2365 23.7555 0
    endloop
  endfacet
  facet normal 0 0 -1
    outer loop
      vertex -19.65 25.7 0
      vertex -13.3991 4.54837 0
      vertex -13.6678 3.66229 0
    endloop
  endfacet
  facet normal 0 0 -1
    outer loop
      vertex -12.2543 7.075 0
      vertex -13.7055 23.2865 0
      vertex -13.4479 23.4979 0
    endloop
  endfacet
  facet normal 0 0 -1
    outer loop
      vertex -19.65 25.7 0
      vertex -13.6678 3.66229 0
      vertex -13.8781 2.76053 0
    endloop
  endfacet
  facet normal 0 0 -1
    outer loop
      vertex -12.2543 7.075 0
      vertex -13.9994 23.1294 0
      vertex -13.7055 23.2865 0
    endloop
  endfacet
  facet normal 0 0 -1
    outer loop
      vertex -19.65 25.7 0
      vertex -13.8781 2.76053 0
      vertex -14.0289 1.84694 0
    endloop
  endfacet
  facet normal 0 0 -1
    outer loop
      vertex -19.65 25.7 0
      vertex -14.0289 1.84694 0
      vertex -14.1197 0.925454 0
    endloop
  endfacet
  facet normal 0 0 -1
    outer loop
      vertex -19.65 25.7 0
      vertex -14.1197 0.925454 0
      vertex -14.15 0 0
    endloop
  endfacet
  facet normal -0 0 -1
    outer loop
      vertex -13.0729 -5.41497 0
      vertex -16.0635 -25.4755 0
      vertex -13.3991 -4.54837 0
    endloop
  endfacet
  facet normal 0 0 -1
    outer loop
      vertex -12.2543 7.075 0
      vertex -14.3183 23.0327 0
      vertex -13.9994 23.1294 0
    endloop
  endfacet
  facet normal -0 0 -1
    outer loop
      vertex -13.3991 -4.54837 0
      vertex -16.0635 -25.4755 0
      vertex -13.6678 -3.66229 0
    endloop
  endfacet
  facet normal 0 0 -1
    outer loop
      vertex -12.2543 7.075 0
      vertex -14.65 23 0
      vertex -14.3183 23.0327 0
    endloop
  endfacet
  facet normal 0 0 -1
    outer loop
      vertex -16.2206 -25.7694 0
      vertex -13.6678 -3.66229 0
      vertex -16.0635 -25.4755 0
    endloop
  endfacet
  facet normal 0 0 -1
    outer loop
      vertex -12.2543 7.075 0
      vertex -14.9817 23.0327 0
      vertex -14.65 23 0
    endloop
  endfacet
  facet normal -0 0 -1
    outer loop
      vertex -13.6678 -3.66229 0
      vertex -16.2206 -25.7694 0
      vertex -13.8781 -2.76053 0
    endloop
  endfacet
  facet normal 0 0 -1
    outer loop
      vertex -12.2543 7.075 0
      vertex -15.3006 23.1294 0
      vertex -14.9817 23.0327 0
    endloop
  endfacet
  facet normal 0 0 -1
    outer loop
      vertex -19.65 -31.7 0
      vertex -13.8781 -2.76053 0
      vertex -16.2206 -25.7694 0
    endloop
  endfacet
  facet normal 0 0 -1
    outer loop
      vertex -12.2543 7.075 0
      vertex -15.5945 23.2865 0
      vertex -15.3006 23.1294 0
    endloop
  endfacet
  facet normal -0 0 -1
    outer loop
      vertex -13.8781 -2.76053 0
      vertex -19.65 -31.7 0
      vertex -14.0289 -1.84694 0
    endloop
  endfacet
  facet normal 0 0 -1
    outer loop
      vertex -12.6907 6.25838 0
      vertex -19.65 25.7 0
      vertex -15.8521 23.4979 0
    endloop
  endfacet
  facet normal -0 0 -1
    outer loop
      vertex -14.0289 -1.84694 0
      vertex -19.65 -31.7 0
      vertex -14.1197 -0.925454 0
    endloop
  endfacet
  facet normal 0 0 -1
    outer loop
      vertex -12.6907 6.25838 0
      vertex -15.8521 23.4979 0
      vertex -15.5945 23.2865 0
    endloop
  endfacet
  facet normal -0 0 -1
    outer loop
      vertex -14.1197 -0.925454 0
      vertex -19.65 -31.7 0
      vertex -14.15 0 0
    endloop
  endfacet
  facet normal 0 0 -1
    outer loop
      vertex -15.8521 23.4979 0
      vertex -19.65 25.7 0
      vertex -16.0635 23.7555 0
    endloop
  endfacet
  facet normal 0 0 -1
    outer loop
      vertex -19.65 -31.7 0
      vertex -16.2206 -25.7694 0
      vertex -16.3173 -26.0883 0
    endloop
  endfacet
  facet normal 0 0 -1
    outer loop
      vertex -16.0635 23.7555 0
      vertex -19.65 25.7 0
      vertex -16.2206 24.0494 0
    endloop
  endfacet
  facet normal 0 0 -1
    outer loop
      vertex -19.65 -31.7 0
      vertex -16.3173 -26.0883 0
      vertex -16.35 -26.42 0
    endloop
  endfacet
  facet normal 0 0 -1
    outer loop
      vertex -16.2206 24.0494 0
      vertex -19.65 25.7 0
      vertex -16.3173 24.3683 0
    endloop
  endfacet
  facet normal 0 0 -1
    outer loop
      vertex -14.65 -24.72 0
      vertex -8.61397 -11.2259 0
      vertex -14.3183 -24.7527 0
    endloop
  endfacet
  facet normal -0 0 -1
    outer loop
      vertex -8.61397 -11.2259 0
      vertex -14.65 -24.72 0
      vertex -9.32974 -10.6385 0
    endloop
  endfacet
  facet normal -0 0 -1
    outer loop
      vertex -9.32974 -10.6385 0
      vertex -14.65 -24.72 0
      vertex -10.0056 -10.0056 0
    endloop
  endfacet
  facet normal 0 0 -1
    outer loop
      vertex -14.9817 -24.7527 0
      vertex -10.0056 -10.0056 0
      vertex -14.65 -24.72 0
    endloop
  endfacet
  facet normal -0 0 -1
    outer loop
      vertex -10.0056 -10.0056 0
      vertex -14.9817 -24.7527 0
      vertex -10.6385 -9.32974 0
    endloop
  endfacet
  facet normal 0 0 -1
    outer loop
      vertex -15.3006 -24.8494 0
      vertex -10.6385 -9.32974 0
      vertex -14.9817 -24.7527 0
    endloop
  endfacet
  facet normal -0 0 -1
    outer loop
      vertex -10.6385 -9.32974 0
      vertex -15.3006 -24.8494 0
      vertex -11.2259 -8.61397 0
    endloop
  endfacet
  facet normal -0 0 -1
    outer loop
      vertex -11.2259 -8.61397 0
      vertex -15.3006 -24.8494 0
      vertex -11.7653 -7.86132 0
    endloop
  endfacet
  facet normal 0 0 -1
    outer loop
      vertex -15.5945 -25.0065 0
      vertex -11.7653 -7.86132 0
      vertex -15.3006 -24.8494 0
    endloop
  endfacet
  facet normal -0 0 -1
    outer loop
      vertex -11.7653 -7.86132 0
      vertex -15.5945 -25.0065 0
      vertex -12.2543 -7.075 0
    endloop
  endfacet
  facet normal 0 0 -1
    outer loop
      vertex -15.8521 -25.2179 0
      vertex -12.2543 -7.075 0
      vertex -15.5945 -25.0065 0
    endloop
  endfacet
  facet normal -0 0 -1
    outer loop
      vertex -12.2543 -7.075 0
      vertex -15.8521 -25.2179 0
      vertex -12.6907 -6.25838 0
    endloop
  endfacet
  facet normal -0 0 -1
    outer loop
      vertex -12.6907 -6.25838 0
      vertex -15.8521 -25.2179 0
      vertex -13.0729 -5.41497 0
    endloop
  endfacet
  facet normal 0 0 -1
    outer loop
      vertex -16.0635 -25.4755 0
      vertex -13.0729 -5.41497 0
      vertex -15.8521 -25.2179 0
    endloop
  endfacet
  facet normal 0 0 -1
    outer loop
      vertex 19.65 -31.7 0
      vertex 14.1197 -0.925454 0
      vertex 19.65 25.7 0
    endloop
  endfacet
  facet normal 0 0 -1
    outer loop
      vertex 19.65 25.7 0
      vertex 16.3173 24.3683 0
      vertex 16.35 24.7 0
    endloop
  endfacet
  facet normal 0 0 -1
    outer loop
      vertex 14.0289 -1.84694 0
      vertex 16.3173 -26.0883 0
      vertex 16.2206 -25.7694 0
    endloop
  endfacet
  facet normal 0 0 -1
    outer loop
      vertex 14.1197 0.925454 0
      vertex 19.65 25.7 0
      vertex 14.15 0 0
    endloop
  endfacet
  facet normal 0 0 -1
    outer loop
      vertex 13.6678 -3.66229 0
      vertex 16.2206 -25.7694 0
      vertex 16.0635 -25.4755 0
    endloop
  endfacet
  facet normal 0 0 -1
    outer loop
      vertex 14.0289 1.84694 0
      vertex 19.65 25.7 0
      vertex 14.1197 0.925454 0
    endloop
  endfacet
  facet normal 0 0 -1
    outer loop
      vertex 13.0729 -5.41497 0
      vertex 16.0635 -25.4755 0
      vertex 15.8521 -25.2179 0
    endloop
  endfacet
  facet normal 0 0 -1
    outer loop
      vertex 19.65 25.7 0
      vertex 16.2206 24.0494 0
      vertex 16.3173 24.3683 0
    endloop
  endfacet
  facet normal 0 0 -1
    outer loop
      vertex 12.2543 -7.075 0
      vertex 15.8521 -25.2179 0
      vertex 15.5945 -25.0065 0
    endloop
  endfacet
  facet normal 0 0 -1
    outer loop
      vertex 13.8781 2.76053 0
      vertex 19.65 25.7 0
      vertex 14.0289 1.84694 0
    endloop
  endfacet
  facet normal 0 0 -1
    outer loop
      vertex 11.7653 -7.86132 0
      vertex 15.5945 -25.0065 0
      vertex 15.3006 -24.8494 0
    endloop
  endfacet
  facet normal 0 0 -1
    outer loop
      vertex 13.6678 3.66229 0
      vertex 19.65 25.7 0
      vertex 13.8781 2.76053 0
    endloop
  endfacet
  facet normal 0 0 -1
    outer loop
      vertex 10.6385 -9.32974 0
      vertex 15.3006 -24.8494 0
      vertex 14.9817 -24.7527 0
    endloop
  endfacet
  facet normal 0 0 -1
    outer loop
      vertex 13.3991 4.54837 0
      vertex 19.65 25.7 0
      vertex 13.6678 3.66229 0
    endloop
  endfacet
  facet normal 0 0 -1
    outer loop
      vertex 10.0056 -10.0056 0
      vertex 14.9817 -24.7527 0
      vertex 14.65 -24.72 0
    endloop
  endfacet
  facet normal 0 0 -1
    outer loop
      vertex 19.65 25.7 0
      vertex 16.0635 23.7555 0
      vertex 16.2206 24.0494 0
    endloop
  endfacet
  facet normal 0 0 -1
    outer loop
      vertex 8.61397 -11.2259 0
      vertex 14.65 -24.72 0
      vertex 14.3183 -24.7527 0
    endloop
  endfacet
  facet normal 0 0 -1
    outer loop
      vertex 13.0729 5.41497 0
      vertex 19.65 25.7 0
      vertex 13.3991 4.54837 0
    endloop
  endfacet
  facet normal 0 0 -1
    outer loop
      vertex 12.6907 6.25838 0
      vertex 19.65 25.7 0
      vertex 13.0729 5.41497 0
    endloop
  endfacet
  facet normal 0 0 -1
    outer loop
      vertex 19.65 25.7 0
      vertex 14.1197 -0.925454 0
      vertex 14.15 0 0
    endloop
  endfacet
  facet normal 0 0 -1
    outer loop
      vertex 16.3173 -26.0883 0
      vertex 14.0289 -1.84694 0
      vertex 14.1197 -0.925454 0
    endloop
  endfacet
  facet normal 0 0 -1
    outer loop
      vertex 7.86132 -11.7653 0
      vertex 14.3183 -24.7527 0
      vertex 13.9994 -24.8494 0
    endloop
  endfacet
  facet normal 0 0 -1
    outer loop
      vertex 16.2206 -25.7694 0
      vertex 13.8781 -2.76053 0
      vertex 14.0289 -1.84694 0
    endloop
  endfacet
  facet normal 0 0 -1
    outer loop
      vertex 7.075 -12.2543 0
      vertex 13.9994 -24.8494 0
      vertex 13.7055 -25.0065 0
    endloop
  endfacet
  facet normal 0 0 -1
    outer loop
      vertex 16.2206 -25.7694 0
      vertex 13.6678 -3.66229 0
      vertex 13.8781 -2.76053 0
    endloop
  endfacet
  facet normal 0 0 -1
    outer loop
      vertex 6.25838 -12.6907 0
      vertex 13.7055 -25.0065 0
      vertex 13.4479 -25.2179 0
    endloop
  endfacet
  facet normal 0 0 -1
    outer loop
      vertex 16.0635 -25.4755 0
      vertex 13.3991 -4.54837 0
      vertex 13.6678 -3.66229 0
    endloop
  endfacet
  facet normal 0 0 -1
    outer loop
      vertex 4.54837 -13.3991 0
      vertex 13.4479 -25.2179 0
      vertex 13.2365 -25.4755 0
    endloop
  endfacet
  facet normal 0 0 -1
    outer loop
      vertex 3.66229 -13.6678 0
      vertex 13.2365 -25.4755 0
      vertex 13.0794 -25.7694 0
    endloop
  endfacet
  facet normal 0 0 -1
    outer loop
      vertex 16.0635 -25.4755 0
      vertex 13.0729 -5.41497 0
      vertex 13.3991 -4.54837 0
    endloop
  endfacet
  facet normal 0 0 -1
    outer loop
      vertex 2.76053 -13.8781 0
      vertex 13.0794 -25.7694 0
      vertex 12.9827 -26.0883 0
    endloop
  endfacet
  facet normal 0 0 -1
    outer loop
      vertex 0.925454 -14.1197 0
      vertex 12.9827 -26.0883 0
      vertex 12.95 -26.42 0
    endloop
  endfacet
  facet normal 0 0 -1
    outer loop
      vertex 15.8521 -25.2179 0
      vertex 12.6907 -6.25838 0
      vertex 13.0729 -5.41497 0
    endloop
  endfacet
  facet normal 0 0 -1
    outer loop
      vertex 14.9817 -28.0873 0
      vertex 19.65 -31.7 0
      vertex 19.6307 -32.0921 0
    endloop
  endfacet
  facet normal 0 0 -1
    outer loop
      vertex 16.3173 -26.0883 0
      vertex 19.65 -31.7 0
      vertex 16.35 -26.42 0
    endloop
  endfacet
  facet normal 0 0 -1
    outer loop
      vertex 14.9817 -28.0873 0
      vertex 19.6307 -32.0921 0
      vertex 19.5731 -32.4803 0
    endloop
  endfacet
  facet normal 0 0 -1
    outer loop
      vertex 14.1197 -0.925454 0
      vertex 19.65 -31.7 0
      vertex 16.3173 -26.0883 0
    endloop
  endfacet
  facet normal 0 0 -1
    outer loop
      vertex 14.9817 -28.0873 0
      vertex 19.5731 -32.4803 0
      vertex 19.4778 -32.8611 0
    endloop
  endfacet
  facet normal 0 0 -1
    outer loop
      vertex 16.3173 25.0317 0
      vertex 19.65 25.7 0
      vertex 16.35 24.7 0
    endloop
  endfacet
  facet normal 0 0 -1
    outer loop
      vertex 14.9817 -28.0873 0
      vertex 19.4778 -32.8611 0
      vertex 19.3455 -33.2307 0
    endloop
  endfacet
  facet normal 0 0 -1
    outer loop
      vertex 16.2206 25.3506 0
      vertex 19.65 25.7 0
      vertex 16.3173 25.0317 0
    endloop
  endfacet
  facet normal 0 0 -1
    outer loop
      vertex 14.9817 -28.0873 0
      vertex 19.3455 -33.2307 0
      vertex 19.1777 -33.5856 0
    endloop
  endfacet
  facet normal -0 0 -1
    outer loop
      vertex 19.65 25.7 0
      vertex 16.2206 25.3506 0
      vertex 19.6307 26.0921 0
    endloop
  endfacet
  facet normal 0 0 -1
    outer loop
      vertex 14.9817 -28.0873 0
      vertex 19.1777 -33.5856 0
      vertex 18.9759 -33.9223 0
    endloop
  endfacet
  facet normal -0 0 -1
    outer loop
      vertex 19.6307 26.0921 0
      vertex 16.2206 25.3506 0
      vertex 19.5731 26.4803 0
    endloop
  endfacet
  facet normal 0 0 -1
    outer loop
      vertex 14.9817 -28.0873 0
      vertex 18.9759 -33.9223 0
      vertex 18.742 -34.2376 0
    endloop
  endfacet
  facet normal -0 0 -1
    outer loop
      vertex 19.5731 26.4803 0
      vertex 16.2206 25.3506 0
      vertex 19.4778 26.8611 0
    endloop
  endfacet
  facet normal 0 0 -1
    outer loop
      vertex 14.9817 -28.0873 0
      vertex 18.742 -34.2376 0
      vertex 18.4784 -34.5284 0
    endloop
  endfacet
  facet normal 0 0 -1
    outer loop
      vertex 16.0635 25.6445 0
      vertex 19.4778 26.8611 0
      vertex 16.2206 25.3506 0
    endloop
  endfacet
  facet normal 0 0 -1
    outer loop
      vertex 14.9817 -28.0873 0
      vertex 18.4784 -34.5284 0
      vertex 18.1876 -34.792 0
    endloop
  endfacet
  facet normal -0 0 -1
    outer loop
      vertex 19.4778 26.8611 0
      vertex 16.0635 25.6445 0
      vertex 19.3455 27.2307 0
    endloop
  endfacet
  facet normal 0 0 -1
    outer loop
      vertex 14.9817 -28.0873 0
      vertex 18.1876 -34.792 0
      vertex 17.8723 -35.0259 0
    endloop
  endfacet
  facet normal -0 0 -1
    outer loop
      vertex 19.3455 27.2307 0
      vertex 16.0635 25.6445 0
      vertex 19.1777 27.5856 0
    endloop
  endfacet
  facet normal 0 0 -1
    outer loop
      vertex 14.9817 -28.0873 0
      vertex 17.8723 -35.0259 0
      vertex 17.5356 -35.2277 0
    endloop
  endfacet
  facet normal -0 0 -1
    outer loop
      vertex 19.1777 27.5856 0
      vertex 16.0635 25.6445 0
      vertex 18.9759 27.9223 0
    endloop
  endfacet
  facet normal 0 0 -1
    outer loop
      vertex 14.9817 -28.0873 0
      vertex 17.5356 -35.2277 0
      vertex 17.1807 -35.3955 0
    endloop
  endfacet
  facet normal 0 0 -1
    outer loop
      vertex 15.8521 25.9021 0
      vertex 18.9759 27.9223 0
      vertex 16.0635 25.6445 0
    endloop
  endfacet
  facet normal 0 0 -1
    outer loop
      vertex 14.9817 -28.0873 0
      vertex 17.1807 -35.3955 0
      vertex 16.8111 -35.5278 0
    endloop
  endfacet
  facet normal -0 0 -1
    outer loop
      vertex 18.9759 27.9223 0
      vertex 15.8521 25.9021 0
      vertex 18.742 28.2376 0
    endloop
  endfacet
  facet normal 0 0 -1
    outer loop
      vertex 14.9817 -28.0873 0
      vertex 16.8111 -35.5278 0
      vertex 16.4304 -35.6231 0
    endloop
  endfacet
  facet normal -0 0 -1
    outer loop
      vertex 18.742 28.2376 0
      vertex 15.8521 25.9021 0
      vertex 18.4784 28.5284 0
    endloop
  endfacet
  facet normal -0 0 -1
    outer loop
      vertex 18.4784 28.5284 0
      vertex 15.8521 25.9021 0
      vertex 18.1876 28.792 0
    endloop
  endfacet
  facet normal 0 0 -1
    outer loop
      vertex 19.65 -31.7 0
      vertex 16.3173 -26.7517 0
      vertex 16.35 -26.42 0
    endloop
  endfacet
  facet normal 0 0 -1
    outer loop
      vertex 19.65 -31.7 0
      vertex 16.2206 -27.0706 0
      vertex 16.3173 -26.7517 0
    endloop
  endfacet
  facet normal 0 0 -1
    outer loop
      vertex 19.65 -31.7 0
      vertex 16.0635 -27.3645 0
      vertex 16.2206 -27.0706 0
    endloop
  endfacet
  facet normal 0 0 -1
    outer loop
      vertex 14.9817 -28.0873 0
      vertex 16.4304 -35.6231 0
      vertex 16.0421 -35.6807 0
    endloop
  endfacet
  facet normal 0 0 -1
    outer loop
      vertex 19.65 -31.7 0
      vertex 15.8521 -27.6221 0
      vertex 16.0635 -27.3645 0
    endloop
  endfacet
  facet normal 0 0 -1
    outer loop
      vertex 14.9817 -28.0873 0
      vertex 16.0421 -35.6807 0
      vertex 15.65 -35.7 0
    endloop
  endfacet
  facet normal 0 0 -1
    outer loop
      vertex 19.65 -31.7 0
      vertex 15.5945 -27.8335 0
      vertex 15.8521 -27.6221 0
    endloop
  endfacet
  facet normal 0 0 -1
    outer loop
      vertex 19.65 -31.7 0
      vertex 15.3006 -27.9906 0
      vertex 15.5945 -27.8335 0
    endloop
  endfacet
  facet normal 0 0 -1
    outer loop
      vertex 19.65 -31.7 0
      vertex 14.9817 -28.0873 0
      vertex 15.3006 -27.9906 0
    endloop
  endfacet
  facet normal 0 0 -1
    outer loop
      vertex 15.65 -35.7 0
      vertex 14.65 -28.12 0
      vertex 14.9817 -28.0873 0
    endloop
  endfacet
  facet normal 0 0 -1
    outer loop
      vertex 15.65 -35.7 0
      vertex 14.3183 -28.0873 0
      vertex 14.65 -28.12 0
    endloop
  endfacet
  facet normal 0 0 -1
    outer loop
      vertex 15.65 -35.7 0
      vertex 13.9994 -27.9906 0
      vertex 14.3183 -28.0873 0
    endloop
  endfacet
  facet normal 0 0 -1
    outer loop
      vertex 15.65 -35.7 0
      vertex 13.7055 -27.8335 0
      vertex 13.9994 -27.9906 0
    endloop
  endfacet
  facet normal 0 0 -1
    outer loop
      vertex 15.65 -35.7 0
      vertex 13.4479 -27.6221 0
      vertex 13.7055 -27.8335 0
    endloop
  endfacet
  facet normal 0 0 -1
    outer loop
      vertex 15.65 -35.7 0
      vertex 13.2365 -27.3645 0
      vertex 13.4479 -27.6221 0
    endloop
  endfacet
  facet normal 0 0 -1
    outer loop
      vertex -13.2365 -27.3645 0
      vertex 13.2365 -27.3645 0
      vertex 15.65 -35.7 0
    endloop
  endfacet
  facet normal 0 0 -1
    outer loop
      vertex 13.2365 -27.3645 0
      vertex -13.2365 -27.3645 0
      vertex 13.0794 -27.0706 0
    endloop
  endfacet
  facet normal 0 0 -1
    outer loop
      vertex 15.8521 -25.2179 0
      vertex 12.2543 -7.075 0
      vertex 12.6907 -6.25838 0
    endloop
  endfacet
  facet normal 0 0 -1
    outer loop
      vertex 15.5945 -25.0065 0
      vertex 11.7653 -7.86132 0
      vertex 12.2543 -7.075 0
    endloop
  endfacet
  facet normal 0 0 -1
    outer loop
      vertex 15.3006 -24.8494 0
      vertex 11.2259 -8.61397 0
      vertex 11.7653 -7.86132 0
    endloop
  endfacet
  facet normal 0 0 -1
    outer loop
      vertex 15.3006 -24.8494 0
      vertex 10.6385 -9.32974 0
      vertex 11.2259 -8.61397 0
    endloop
  endfacet
  facet normal 0 0 -1
    outer loop
      vertex -12.95 -26.42 0
      vertex 12.95 -26.42 0
      vertex 12.9827 -26.7517 0
    endloop
  endfacet
  facet normal 0 0 -1
    outer loop
      vertex 14.9817 -24.7527 0
      vertex 10.0056 -10.0056 0
      vertex 10.6385 -9.32974 0
    endloop
  endfacet
  facet normal 0 0 -1
    outer loop
      vertex 14.65 -24.72 0
      vertex 9.32974 -10.6385 0
      vertex 10.0056 -10.0056 0
    endloop
  endfacet
  facet normal 0 0 -1
    outer loop
      vertex 14.65 -24.72 0
      vertex 8.61397 -11.2259 0
      vertex 9.32974 -10.6385 0
    endloop
  endfacet
  facet normal 0 0 -1
    outer loop
      vertex 14.3183 -24.7527 0
      vertex 7.86132 -11.7653 0
      vertex 8.61397 -11.2259 0
    endloop
  endfacet
  facet normal 0 -0 -1
    outer loop
      vertex -13.0794 -27.0706 0
      vertex 13.0794 -27.0706 0
      vertex -13.2365 -27.3645 0
    endloop
  endfacet
  facet normal 0 0 -1
    outer loop
      vertex 13.9994 -24.8494 0
      vertex 7.075 -12.2543 0
      vertex 7.86132 -11.7653 0
    endloop
  endfacet
  facet normal 0 0 -1
    outer loop
      vertex 13.7055 -25.0065 0
      vertex 6.25838 -12.6907 0
      vertex 7.075 -12.2543 0
    endloop
  endfacet
  facet normal 0 0 -1
    outer loop
      vertex 13.4479 -25.2179 0
      vertex 5.41497 -13.0729 0
      vertex 6.25838 -12.6907 0
    endloop
  endfacet
  facet normal 0 0 -1
    outer loop
      vertex 13.4479 -25.2179 0
      vertex 4.54837 -13.3991 0
      vertex 5.41497 -13.0729 0
    endloop
  endfacet
  facet normal 0 0 -1
    outer loop
      vertex 13.2365 -25.4755 0
      vertex 3.66229 -13.6678 0
      vertex 4.54837 -13.3991 0
    endloop
  endfacet
  facet normal 0 0 -1
    outer loop
      vertex 13.0794 -25.7694 0
      vertex 2.76053 -13.8781 0
      vertex 3.66229 -13.6678 0
    endloop
  endfacet
  facet normal 0 0 -1
    outer loop
      vertex 12.9827 -26.0883 0
      vertex 1.84694 -14.0289 0
      vertex 2.76053 -13.8781 0
    endloop
  endfacet
  facet normal 0 0 -1
    outer loop
      vertex 12.9827 -26.0883 0
      vertex 0.925454 -14.1197 0
      vertex 1.84694 -14.0289 0
    endloop
  endfacet
  facet normal 0 -0 -1
    outer loop
      vertex -12.95 -26.42 0
      vertex 12.9827 -26.7517 0
      vertex -12.9827 -26.7517 0
    endloop
  endfacet
  facet normal 0 0 -1
    outer loop
      vertex 12.95 -26.42 0
      vertex 0 -14.15 0
      vertex 0.925454 -14.1197 0
    endloop
  endfacet
  facet normal 0 0 -1
    outer loop
      vertex 12.95 -26.42 0
      vertex -12.95 -26.42 0
      vertex 0 -14.15 0
    endloop
  endfacet
  facet normal -0 0 -1
    outer loop
      vertex 0 -14.15 0
      vertex -12.95 -26.42 0
      vertex -0.925454 -14.1197 0
    endloop
  endfacet
  facet normal 0 0 -1
    outer loop
      vertex -12.9827 -26.0883 0
      vertex -0.925454 -14.1197 0
      vertex -12.95 -26.42 0
    endloop
  endfacet
  facet normal -0 0 -1
    outer loop
      vertex -1.84694 -14.0289 0
      vertex -12.9827 -26.0883 0
      vertex -2.76053 -13.8781 0
    endloop
  endfacet
  facet normal 0 0 -1
    outer loop
      vertex -13.0794 -25.7694 0
      vertex -2.76053 -13.8781 0
      vertex -12.9827 -26.0883 0
    endloop
  endfacet
  facet normal -0 0 -1
    outer loop
      vertex -2.76053 -13.8781 0
      vertex -13.0794 -25.7694 0
      vertex -3.66229 -13.6678 0
    endloop
  endfacet
  facet normal 0 0 -1
    outer loop
      vertex -13.2365 -25.4755 0
      vertex -3.66229 -13.6678 0
      vertex -13.0794 -25.7694 0
    endloop
  endfacet
  facet normal -0 0 -1
    outer loop
      vertex -3.66229 -13.6678 0
      vertex -13.2365 -25.4755 0
      vertex -4.54837 -13.3991 0
    endloop
  endfacet
  facet normal 0 0 -1
    outer loop
      vertex -13.4479 -25.2179 0
      vertex -4.54837 -13.3991 0
      vertex -13.2365 -25.4755 0
    endloop
  endfacet
  facet normal -0 0 -1
    outer loop
      vertex -4.54837 -13.3991 0
      vertex -13.4479 -25.2179 0
      vertex -5.41497 -13.0729 0
    endloop
  endfacet
  facet normal -0 0 -1
    outer loop
      vertex -5.41497 -13.0729 0
      vertex -13.4479 -25.2179 0
      vertex -6.25838 -12.6907 0
    endloop
  endfacet
  facet normal -0 0 -1
    outer loop
      vertex -7.86132 -11.7653 0
      vertex -14.3183 -24.7527 0
      vertex -8.61397 -11.2259 0
    endloop
  endfacet
  facet normal 0 0 -1
    outer loop
      vertex -14.3183 -24.7527 0
      vertex -7.86132 -11.7653 0
      vertex -13.9994 -24.8494 0
    endloop
  endfacet
  facet normal -0 0 -1
    outer loop
      vertex -7.075 -12.2543 0
      vertex -13.9994 -24.8494 0
      vertex -7.86132 -11.7653 0
    endloop
  endfacet
  facet normal 0 0 -1
    outer loop
      vertex -13.9994 -24.8494 0
      vertex -7.075 -12.2543 0
      vertex -13.7055 -25.0065 0
    endloop
  endfacet
  facet normal -0 0 -1
    outer loop
      vertex -6.25838 -12.6907 0
      vertex -13.7055 -25.0065 0
      vertex -7.075 -12.2543 0
    endloop
  endfacet
  facet normal 0 0 -1
    outer loop
      vertex -13.7055 -25.0065 0
      vertex -6.25838 -12.6907 0
      vertex -13.4479 -25.2179 0
    endloop
  endfacet
  facet normal -0 0 -1
    outer loop
      vertex -0.925454 -14.1197 0
      vertex -12.9827 -26.0883 0
      vertex -1.84694 -14.0289 0
    endloop
  endfacet
  facet normal -0 0 -1
    outer loop
      vertex 12.9827 -26.7517 0
      vertex -13.0794 -27.0706 0
      vertex -12.9827 -26.7517 0
    endloop
  endfacet
  facet normal 0 0 -1
    outer loop
      vertex 13.0794 -27.0706 0
      vertex -13.0794 -27.0706 0
      vertex 12.9827 -26.7517 0
    endloop
  endfacet
  facet normal 0 0 -1
    outer loop
      vertex -15.65 -35.7 0
      vertex -13.2365 -27.3645 0
      vertex 15.65 -35.7 0
    endloop
  endfacet
  facet normal 0 0 -1
    outer loop
      vertex -13.2365 -27.3645 0
      vertex -15.65 -35.7 0
      vertex -13.4479 -27.6221 0
    endloop
  endfacet
  facet normal 0 0 -1
    outer loop
      vertex -13.4479 -27.6221 0
      vertex -15.65 -35.7 0
      vertex -13.7055 -27.8335 0
    endloop
  endfacet
  facet normal 0 0 -1
    outer loop
      vertex -13.7055 -27.8335 0
      vertex -15.65 -35.7 0
      vertex -13.9994 -27.9906 0
    endloop
  endfacet
  facet normal 0 0 -1
    outer loop
      vertex -13.9994 -27.9906 0
      vertex -15.65 -35.7 0
      vertex -14.3183 -28.0873 0
    endloop
  endfacet
  facet normal 0 0 -1
    outer loop
      vertex -14.3183 -28.0873 0
      vertex -15.65 -35.7 0
      vertex -14.65 -28.12 0
    endloop
  endfacet
  facet normal -0 0 -1
    outer loop
      vertex -14.65 -28.12 0
      vertex -15.65 -35.7 0
      vertex -14.9817 -28.0873 0
    endloop
  endfacet
  facet normal 0 0 -1
    outer loop
      vertex -16.0421 -35.6807 0
      vertex -14.9817 -28.0873 0
      vertex -15.65 -35.7 0
    endloop
  endfacet
  facet normal 0 0 -1
    outer loop
      vertex -16.4304 -35.6231 0
      vertex -14.9817 -28.0873 0
      vertex -16.0421 -35.6807 0
    endloop
  endfacet
  facet normal 0 0 -1
    outer loop
      vertex -16.8111 -35.5278 0
      vertex -14.9817 -28.0873 0
      vertex -16.4304 -35.6231 0
    endloop
  endfacet
  facet normal 0 0 -1
    outer loop
      vertex -17.1807 -35.3955 0
      vertex -14.9817 -28.0873 0
      vertex -16.8111 -35.5278 0
    endloop
  endfacet
  facet normal -0 0 -1
    outer loop
      vertex -15.5945 -27.8335 0
      vertex -19.65 -31.7 0
      vertex -15.8521 -27.6221 0
    endloop
  endfacet
  facet normal -0 0 -1
    outer loop
      vertex -15.8521 -27.6221 0
      vertex -19.65 -31.7 0
      vertex -16.0635 -27.3645 0
    endloop
  endfacet
  facet normal -0 0 -1
    outer loop
      vertex -16.0635 -27.3645 0
      vertex -19.65 -31.7 0
      vertex -16.2206 -27.0706 0
    endloop
  endfacet
  facet normal -0 0 -1
    outer loop
      vertex -16.2206 -27.0706 0
      vertex -19.65 -31.7 0
      vertex -16.3173 -26.7517 0
    endloop
  endfacet
  facet normal -0 0 -1
    outer loop
      vertex -16.3173 -26.7517 0
      vertex -19.65 -31.7 0
      vertex -16.35 -26.42 0
    endloop
  endfacet
  facet normal 0 0 -1
    outer loop
      vertex -17.5356 -35.2277 0
      vertex -14.9817 -28.0873 0
      vertex -17.1807 -35.3955 0
    endloop
  endfacet
  facet normal -0 0 -1
    outer loop
      vertex 18.1876 28.792 0
      vertex 15.8521 25.9021 0
      vertex 17.8723 29.0259 0
    endloop
  endfacet
  facet normal 0 0 -1
    outer loop
      vertex 15.5945 26.1135 0
      vertex 17.8723 29.0259 0
      vertex 15.8521 25.9021 0
    endloop
  endfacet
  facet normal -0 0 -1
    outer loop
      vertex 17.8723 29.0259 0
      vertex 15.5945 26.1135 0
      vertex 17.5356 29.2277 0
    endloop
  endfacet
  facet normal -0 0 -1
    outer loop
      vertex 17.5356 29.2277 0
      vertex 15.5945 26.1135 0
      vertex 17.1807 29.3955 0
    endloop
  endfacet
  facet normal -0 0 -1
    outer loop
      vertex 17.1807 29.3955 0
      vertex 15.5945 26.1135 0
      vertex 16.8111 29.5278 0
    endloop
  endfacet
  facet normal 0 0 -1
    outer loop
      vertex 15.3006 26.2706 0
      vertex 16.8111 29.5278 0
      vertex 15.5945 26.1135 0
    endloop
  endfacet
  facet normal -0 0 -1
    outer loop
      vertex 16.8111 29.5278 0
      vertex 15.3006 26.2706 0
      vertex 16.4304 29.6231 0
    endloop
  endfacet
  facet normal -0 0 -1
    outer loop
      vertex 16.4304 29.6231 0
      vertex 15.3006 26.2706 0
      vertex 16.0421 29.6807 0
    endloop
  endfacet
  facet normal -0 0 -1
    outer loop
      vertex 16.0421 29.6807 0
      vertex 15.3006 26.2706 0
      vertex 15.65 29.7 0
    endloop
  endfacet
  facet normal 0 0 -1
    outer loop
      vertex 14.9817 26.3673 0
      vertex 15.65 29.7 0
      vertex 15.3006 26.2706 0
    endloop
  endfacet
  facet normal 0 0 -1
    outer loop
      vertex 14.65 26.4 0
      vertex 15.65 29.7 0
      vertex 14.9817 26.3673 0
    endloop
  endfacet
  facet normal 0 0 -1
    outer loop
      vertex 14.3183 26.3673 0
      vertex 15.65 29.7 0
      vertex 14.65 26.4 0
    endloop
  endfacet
  facet normal 0 0 -1
    outer loop
      vertex 13.9994 26.2706 0
      vertex 15.65 29.7 0
      vertex 14.3183 26.3673 0
    endloop
  endfacet
  facet normal 0 0 -1
    outer loop
      vertex 13.7055 26.1135 0
      vertex 15.65 29.7 0
      vertex 13.9994 26.2706 0
    endloop
  endfacet
  facet normal 0 0 -1
    outer loop
      vertex 13.4479 25.9021 0
      vertex 15.65 29.7 0
      vertex 13.7055 26.1135 0
    endloop
  endfacet
  facet normal 0 0 -1
    outer loop
      vertex 13.2365 25.6445 0
      vertex 15.65 29.7 0
      vertex 13.4479 25.9021 0
    endloop
  endfacet
  facet normal -0 0 -1
    outer loop
      vertex 14.3183 23.0327 0
      vertex 8.61397 11.2259 0
      vertex 13.9994 23.1294 0
    endloop
  endfacet
  facet normal 0 0 -1
    outer loop
      vertex 7.86132 11.7653 0
      vertex 13.9994 23.1294 0
      vertex 8.61397 11.2259 0
    endloop
  endfacet
  facet normal 0 0 -1
    outer loop
      vertex 7.075 12.2543 0
      vertex 13.9994 23.1294 0
      vertex 7.86132 11.7653 0
    endloop
  endfacet
  facet normal -0 0 -1
    outer loop
      vertex 13.9994 23.1294 0
      vertex 7.075 12.2543 0
      vertex 13.7055 23.2865 0
    endloop
  endfacet
  facet normal 0 0 -1
    outer loop
      vertex 6.25838 12.6907 0
      vertex 13.7055 23.2865 0
      vertex 7.075 12.2543 0
    endloop
  endfacet
  facet normal -0 0 -1
    outer loop
      vertex 13.7055 23.2865 0
      vertex 6.25838 12.6907 0
      vertex 13.4479 23.4979 0
    endloop
  endfacet
  facet normal 0 0 -1
    outer loop
      vertex 5.41497 13.0729 0
      vertex 13.4479 23.4979 0
      vertex 6.25838 12.6907 0
    endloop
  endfacet
  facet normal -0 0 -1
    outer loop
      vertex 13.4479 23.4979 0
      vertex 5.41497 13.0729 0
      vertex 13.2365 23.7555 0
    endloop
  endfacet
  facet normal 0 0 -1
    outer loop
      vertex 4.54837 13.3991 0
      vertex 13.2365 23.7555 0
      vertex 5.41497 13.0729 0
    endloop
  endfacet
  facet normal -0 0 -1
    outer loop
      vertex 13.2365 23.7555 0
      vertex 4.54837 13.3991 0
      vertex 13.0794 24.0494 0
    endloop
  endfacet
  facet normal 0 0 -1
    outer loop
      vertex 3.66229 13.6678 0
      vertex 13.0794 24.0494 0
      vertex 4.54837 13.3991 0
    endloop
  endfacet
  facet normal -0 0 -1
    outer loop
      vertex 13.0794 24.0494 0
      vertex 3.66229 13.6678 0
      vertex 12.9827 24.3683 0
    endloop
  endfacet
  facet normal 0 0 -1
    outer loop
      vertex 2.76053 13.8781 0
      vertex 12.9827 24.3683 0
      vertex 3.66229 13.6678 0
    endloop
  endfacet
  facet normal 0 0 -1
    outer loop
      vertex 1.84694 14.0289 0
      vertex 12.9827 24.3683 0
      vertex 2.76053 13.8781 0
    endloop
  endfacet
  facet normal -0 0 -1
    outer loop
      vertex 12.9827 24.3683 0
      vertex 1.84694 14.0289 0
      vertex 12.95 24.7 0
    endloop
  endfacet
  facet normal 0 0 -1
    outer loop
      vertex 0.925454 14.1197 0
      vertex 12.95 24.7 0
      vertex 1.84694 14.0289 0
    endloop
  endfacet
  facet normal -0 0 -1
    outer loop
      vertex 12.95 24.7 0
      vertex 0.925454 14.1197 0
      vertex 12.9827 25.0317 0
    endloop
  endfacet
  facet normal 0 0 -1
    outer loop
      vertex 0 14.15 0
      vertex 12.9827 25.0317 0
      vertex 0.925454 14.1197 0
    endloop
  endfacet
  facet normal 0 0 -1
    outer loop
      vertex -12.9827 25.0317 0
      vertex 12.9827 25.0317 0
      vertex 0 14.15 0
    endloop
  endfacet
  facet normal 0 0 -1
    outer loop
      vertex 12.9827 25.0317 0
      vertex -12.9827 25.0317 0
      vertex 13.0794 25.3506 0
    endloop
  endfacet
  facet normal 0 0 -1
    outer loop
      vertex -13.0794 25.3506 0
      vertex 13.0794 25.3506 0
      vertex -12.9827 25.0317 0
    endloop
  endfacet
  facet normal 0 0 -1
    outer loop
      vertex -12.9827 25.0317 0
      vertex 0 14.15 0
      vertex -0.925454 14.1197 0
    endloop
  endfacet
  facet normal 0 0 -1
    outer loop
      vertex -12.95 24.7 0
      vertex -0.925454 14.1197 0
      vertex -1.84694 14.0289 0
    endloop
  endfacet
  facet normal 0 0 -1
    outer loop
      vertex -12.9827 24.3683 0
      vertex -1.84694 14.0289 0
      vertex -2.76053 13.8781 0
    endloop
  endfacet
  facet normal 0 0 -1
    outer loop
      vertex -12.9827 24.3683 0
      vertex -2.76053 13.8781 0
      vertex -3.66229 13.6678 0
    endloop
  endfacet
  facet normal 0 0 -1
    outer loop
      vertex -12.9827 24.3683 0
      vertex -3.66229 13.6678 0
      vertex -4.54837 13.3991 0
    endloop
  endfacet
  facet normal 0 0 -1
    outer loop
      vertex -12.9827 24.3683 0
      vertex -4.54837 13.3991 0
      vertex -5.41497 13.0729 0
    endloop
  endfacet
  facet normal 0 0 -1
    outer loop
      vertex -12.9827 24.3683 0
      vertex -5.41497 13.0729 0
      vertex -6.25838 12.6907 0
    endloop
  endfacet
  facet normal 0 0 -1
    outer loop
      vertex -12.9827 24.3683 0
      vertex -6.25838 12.6907 0
      vertex -7.075 12.2543 0
    endloop
  endfacet
  facet normal 0 0 -1
    outer loop
      vertex -12.9827 24.3683 0
      vertex -7.075 12.2543 0
      vertex -7.86132 11.7653 0
    endloop
  endfacet
  facet normal 0 0 -1
    outer loop
      vertex -12.9827 24.3683 0
      vertex -7.86132 11.7653 0
      vertex -8.61397 11.2259 0
    endloop
  endfacet
  facet normal 0 0 -1
    outer loop
      vertex -15.5945 23.2865 0
      vertex -12.2543 7.075 0
      vertex -12.6907 6.25838 0
    endloop
  endfacet
  facet normal 0 0 -1
    outer loop
      vertex -12.9827 24.3683 0
      vertex -11.7653 7.86132 0
      vertex -12.2543 7.075 0
    endloop
  endfacet
  facet normal 0 0 -1
    outer loop
      vertex -12.9827 24.3683 0
      vertex -11.2259 8.61397 0
      vertex -11.7653 7.86132 0
    endloop
  endfacet
  facet normal 0 0 -1
    outer loop
      vertex -12.9827 24.3683 0
      vertex -10.6385 9.32974 0
      vertex -11.2259 8.61397 0
    endloop
  endfacet
  facet normal 0 0 -1
    outer loop
      vertex -12.9827 24.3683 0
      vertex -10.0056 10.0056 0
      vertex -10.6385 9.32974 0
    endloop
  endfacet
  facet normal 0 0 -1
    outer loop
      vertex -12.9827 24.3683 0
      vertex -9.32974 10.6385 0
      vertex -10.0056 10.0056 0
    endloop
  endfacet
  facet normal 0 0 -1
    outer loop
      vertex -12.9827 24.3683 0
      vertex -8.61397 11.2259 0
      vertex -9.32974 10.6385 0
    endloop
  endfacet
  facet normal 0 0 -1
    outer loop
      vertex -0.925454 14.1197 0
      vertex -12.95 24.7 0
      vertex -12.9827 25.0317 0
    endloop
  endfacet
  facet normal 0 0 -1
    outer loop
      vertex 13.0794 25.3506 0
      vertex -13.0794 25.3506 0
      vertex 13.2365 25.6445 0
    endloop
  endfacet
  facet normal 0 0 -1
    outer loop
      vertex -13.2365 25.6445 0
      vertex 13.2365 25.6445 0
      vertex -13.0794 25.3506 0
    endloop
  endfacet
  facet normal 0 0 -1
    outer loop
      vertex 13.2365 25.6445 0
      vertex -13.2365 25.6445 0
      vertex 15.65 29.7 0
    endloop
  endfacet
  facet normal 0 0 -1
    outer loop
      vertex -15.65 29.7 0
      vertex -13.2365 25.6445 0
      vertex -13.4479 25.9021 0
    endloop
  endfacet
  facet normal 0 0 -1
    outer loop
      vertex -15.65 29.7 0
      vertex -13.4479 25.9021 0
      vertex -13.7055 26.1135 0
    endloop
  endfacet
  facet normal 0 0 -1
    outer loop
      vertex -15.65 29.7 0
      vertex -13.7055 26.1135 0
      vertex -13.9994 26.2706 0
    endloop
  endfacet
  facet normal 0 0 -1
    outer loop
      vertex -15.65 29.7 0
      vertex -13.9994 26.2706 0
      vertex -14.3183 26.3673 0
    endloop
  endfacet
  facet normal 0 0 -1
    outer loop
      vertex -15.65 29.7 0
      vertex -14.3183 26.3673 0
      vertex -14.65 26.4 0
    endloop
  endfacet
  facet normal 0 0 -1
    outer loop
      vertex -15.65 29.7 0
      vertex -14.65 26.4 0
      vertex -14.9817 26.3673 0
    endloop
  endfacet
  facet normal 0 0 -1
    outer loop
      vertex -13.2365 25.6445 0
      vertex -15.65 29.7 0
      vertex 15.65 29.7 0
    endloop
  endfacet
  facet normal 0 0 -1
    outer loop
      vertex -15.3006 26.2706 0
      vertex -15.65 29.7 0
      vertex -14.9817 26.3673 0
    endloop
  endfacet
  facet normal 0 0 -1
    outer loop
      vertex -16.8111 29.5278 0
      vertex -15.3006 26.2706 0
      vertex -15.5945 26.1135 0
    endloop
  endfacet
  facet normal 0 0 -1
    outer loop
      vertex -17.8723 29.0259 0
      vertex -15.5945 26.1135 0
      vertex -15.8521 25.9021 0
    endloop
  endfacet
  facet normal 0 0 -1
    outer loop
      vertex -15.3006 26.2706 0
      vertex -16.0421 29.6807 0
      vertex -15.65 29.7 0
    endloop
  endfacet
  facet normal 0 0 -1
    outer loop
      vertex -18.9759 27.9223 0
      vertex -15.8521 25.9021 0
      vertex -16.0635 25.6445 0
    endloop
  endfacet
  facet normal 0 0 -1
    outer loop
      vertex -19.4778 26.8611 0
      vertex -16.0635 25.6445 0
      vertex -16.2206 25.3506 0
    endloop
  endfacet
  facet normal 0 0 -1
    outer loop
      vertex -19.65 25.7 0
      vertex -16.2206 25.3506 0
      vertex -16.3173 25.0317 0
    endloop
  endfacet
  facet normal 0 0 -1
    outer loop
      vertex -19.65 25.7 0
      vertex -16.3173 25.0317 0
      vertex -16.35 24.7 0
    endloop
  endfacet
  facet normal 0 0 -1
    outer loop
      vertex -15.3006 26.2706 0
      vertex -16.4304 29.6231 0
      vertex -16.0421 29.6807 0
    endloop
  endfacet
  facet normal -0 0 -1
    outer loop
      vertex -14.15 0 0
      vertex -19.65 -31.7 0
      vertex -19.65 25.7 0
    endloop
  endfacet
  facet normal 0 0 -1
    outer loop
      vertex -17.8723 -35.0259 0
      vertex -14.9817 -28.0873 0
      vertex -17.5356 -35.2277 0
    endloop
  endfacet
  facet normal 0 0 -1
    outer loop
      vertex -16.3173 24.3683 0
      vertex -19.65 25.7 0
      vertex -16.35 24.7 0
    endloop
  endfacet
  facet normal 0 0 -1
    outer loop
      vertex -18.1876 -34.792 0
      vertex -14.9817 -28.0873 0
      vertex -17.8723 -35.0259 0
    endloop
  endfacet
  facet normal 0 0 -1
    outer loop
      vertex -16.2206 25.3506 0
      vertex -19.65 25.7 0
      vertex -19.6307 26.0921 0
    endloop
  endfacet
  facet normal 0 0 -1
    outer loop
      vertex -18.4784 -34.5284 0
      vertex -14.9817 -28.0873 0
      vertex -18.1876 -34.792 0
    endloop
  endfacet
  facet normal 0 0 -1
    outer loop
      vertex -15.3006 26.2706 0
      vertex -16.8111 29.5278 0
      vertex -16.4304 29.6231 0
    endloop
  endfacet
  facet normal 0 0 -1
    outer loop
      vertex -18.742 -34.2376 0
      vertex -14.9817 -28.0873 0
      vertex -18.4784 -34.5284 0
    endloop
  endfacet
  facet normal 0 0 -1
    outer loop
      vertex -15.5945 26.1135 0
      vertex -17.1807 29.3955 0
      vertex -16.8111 29.5278 0
    endloop
  endfacet
  facet normal 0 0 -1
    outer loop
      vertex -18.9759 -33.9223 0
      vertex -14.9817 -28.0873 0
      vertex -18.742 -34.2376 0
    endloop
  endfacet
  facet normal 0 0 -1
    outer loop
      vertex -15.5945 26.1135 0
      vertex -17.5356 29.2277 0
      vertex -17.1807 29.3955 0
    endloop
  endfacet
  facet normal -0 0 -1
    outer loop
      vertex -15.3006 -27.9906 0
      vertex -19.65 -31.7 0
      vertex -15.5945 -27.8335 0
    endloop
  endfacet
  facet normal 0 0 -1
    outer loop
      vertex -15.5945 26.1135 0
      vertex -17.8723 29.0259 0
      vertex -17.5356 29.2277 0
    endloop
  endfacet
  facet normal 0 0 -1
    outer loop
      vertex -19.1777 -33.5856 0
      vertex -14.9817 -28.0873 0
      vertex -18.9759 -33.9223 0
    endloop
  endfacet
  facet normal 0 0 -1
    outer loop
      vertex -15.8521 25.9021 0
      vertex -18.1876 28.792 0
      vertex -17.8723 29.0259 0
    endloop
  endfacet
  facet normal 0 0 -1
    outer loop
      vertex -19.3455 -33.2307 0
      vertex -14.9817 -28.0873 0
      vertex -19.1777 -33.5856 0
    endloop
  endfacet
  facet normal 0 0 -1
    outer loop
      vertex -15.8521 25.9021 0
      vertex -18.4784 28.5284 0
      vertex -18.1876 28.792 0
    endloop
  endfacet
  facet normal 0 0 -1
    outer loop
      vertex -19.4778 -32.8611 0
      vertex -14.9817 -28.0873 0
      vertex -19.3455 -33.2307 0
    endloop
  endfacet
  facet normal 0 0 -1
    outer loop
      vertex -15.8521 25.9021 0
      vertex -18.742 28.2376 0
      vertex -18.4784 28.5284 0
    endloop
  endfacet
  facet normal 0 0 -1
    outer loop
      vertex -19.65 -31.7 0
      vertex -14.9817 -28.0873 0
      vertex -19.4778 -32.8611 0
    endloop
  endfacet
  facet normal 0 0 -1
    outer loop
      vertex -15.8521 25.9021 0
      vertex -18.9759 27.9223 0
      vertex -18.742 28.2376 0
    endloop
  endfacet
  facet normal -0 0 -1
    outer loop
      vertex -14.9817 -28.0873 0
      vertex -19.65 -31.7 0
      vertex -15.3006 -27.9906 0
    endloop
  endfacet
  facet normal 0 0 -1
    outer loop
      vertex -16.0635 25.6445 0
      vertex -19.1777 27.5856 0
      vertex -18.9759 27.9223 0
    endloop
  endfacet
  facet normal 0 0 -1
    outer loop
      vertex -19.65 -31.7 0
      vertex -19.4778 -32.8611 0
      vertex -19.5731 -32.4803 0
    endloop
  endfacet
  facet normal 0 0 -1
    outer loop
      vertex -16.0635 25.6445 0
      vertex -19.3455 27.2307 0
      vertex -19.1777 27.5856 0
    endloop
  endfacet
  facet normal 0 0 -1
    outer loop
      vertex -19.65 -31.7 0
      vertex -19.5731 -32.4803 0
      vertex -19.6307 -32.0921 0
    endloop
  endfacet
  facet normal 0 0 -1
    outer loop
      vertex -16.0635 25.6445 0
      vertex -19.4778 26.8611 0
      vertex -19.3455 27.2307 0
    endloop
  endfacet
  facet normal 0 0 -1
    outer loop
      vertex -16.2206 25.3506 0
      vertex -19.5731 26.4803 0
      vertex -19.4778 26.8611 0
    endloop
  endfacet
  facet normal 0 0 -1
    outer loop
      vertex -16.2206 25.3506 0
      vertex -19.6307 26.0921 0
      vertex -19.5731 26.4803 0
    endloop
  endfacet
  facet normal 0 0 -1
    outer loop
      vertex 19.65 25.7 0
      vertex 15.8521 23.4979 0
      vertex 16.0635 23.7555 0
    endloop
  endfacet
  facet normal 0 0 -1
    outer loop
      vertex 19.65 25.7 0
      vertex 12.6907 6.25838 0
      vertex 15.8521 23.4979 0
    endloop
  endfacet
  facet normal 0 0 -1
    outer loop
      vertex 15.8521 23.4979 0
      vertex 12.6907 6.25838 0
      vertex 15.5945 23.2865 0
    endloop
  endfacet
  facet normal 0 0 -1
    outer loop
      vertex 12.2543 7.075 0
      vertex 15.5945 23.2865 0
      vertex 12.6907 6.25838 0
    endloop
  endfacet
  facet normal 0 0 -1
    outer loop
      vertex 11.7653 7.86132 0
      vertex 15.5945 23.2865 0
      vertex 12.2543 7.075 0
    endloop
  endfacet
  facet normal 0 0 -1
    outer loop
      vertex 15.5945 23.2865 0
      vertex 11.7653 7.86132 0
      vertex 15.3006 23.1294 0
    endloop
  endfacet
  facet normal 0 0 -1
    outer loop
      vertex 11.2259 8.61397 0
      vertex 15.3006 23.1294 0
      vertex 11.7653 7.86132 0
    endloop
  endfacet
  facet normal 0 0 -1
    outer loop
      vertex 15.3006 23.1294 0
      vertex 11.2259 8.61397 0
      vertex 14.9817 23.0327 0
    endloop
  endfacet
  facet normal 0 0 -1
    outer loop
      vertex 10.6385 9.32974 0
      vertex 14.9817 23.0327 0
      vertex 11.2259 8.61397 0
    endloop
  endfacet
  facet normal 0 0 -1
    outer loop
      vertex 10.0056 10.0056 0
      vertex 14.9817 23.0327 0
      vertex 10.6385 9.32974 0
    endloop
  endfacet
  facet normal 0 0 -1
    outer loop
      vertex 14.9817 23.0327 0
      vertex 10.0056 10.0056 0
      vertex 14.65 23 0
    endloop
  endfacet
  facet normal 0 0 -1
    outer loop
      vertex 9.32974 10.6385 0
      vertex 14.65 23 0
      vertex 10.0056 10.0056 0
    endloop
  endfacet
  facet normal -0 0 -1
    outer loop
      vertex 14.65 23 0
      vertex 9.32974 10.6385 0
      vertex 14.3183 23.0327 0
    endloop
  endfacet
  facet normal 0 0 -1
    outer loop
      vertex 8.61397 11.2259 0
      vertex 14.3183 23.0327 0
      vertex 9.32974 10.6385 0
    endloop
  endfacet
  facet normal -0.9415 -0.337014 0
    outer loop
      vertex -19.3455 -33.2307 0
      vertex -19.4778 -32.8611 3
      vertex -19.4778 -32.8611 0
    endloop
  endfacet
  facet normal -0.9415 -0.337014 0
    outer loop
      vertex -19.4778 -32.8611 3
      vertex -19.3455 -33.2307 0
      vertex -19.3455 -33.2307 3
    endloop
  endfacet
  facet normal -0.99518 -0.0980616 0
    outer loop
      vertex 14.1197 0.925454 0
      vertex 14.0289 1.84694 3
      vertex 14.0289 1.84694 0
    endloop
  endfacet
  facet normal -0.99518 -0.0980616 0
    outer loop
      vertex 14.0289 1.84694 3
      vertex 14.1197 0.925454 0
      vertex 14.1197 0.925454 3
    endloop
  endfacet
  facet normal -0.999464 -0.0327232 0
    outer loop
      vertex 14.15 0 0
      vertex 14.1197 0.925454 3
      vertex 14.1197 0.925454 0
    endloop
  endfacet
  facet normal -0.999464 -0.0327232 0
    outer loop
      vertex 14.1197 0.925454 3
      vertex 14.15 0 0
      vertex 14.15 0 3
    endloop
  endfacet
  facet normal -0.986649 -0.162859 0
    outer loop
      vertex 14.0289 1.84694 0
      vertex 13.8781 2.76053 3
      vertex 13.8781 2.76053 0
    endloop
  endfacet
  facet normal -0.986649 -0.162859 0
    outer loop
      vertex 13.8781 2.76053 3
      vertex 14.0289 1.84694 0
      vertex 14.0289 1.84694 3
    endloop
  endfacet
  facet normal 0.812817 0.58252 0
    outer loop
      vertex -11.2259 -8.61397 3
      vertex -11.7653 -7.86132 0
      vertex -11.7653 -7.86132 3
    endloop
  endfacet
  facet normal 0.812817 0.58252 0
    outer loop
      vertex -11.7653 -7.86132 0
      vertex -11.2259 -8.61397 3
      vertex -11.2259 -8.61397 0
    endloop
  endfacet
  facet normal -0.227116 0.973868 0
    outer loop
      vertex 3.66229 -13.6678 0
      vertex 2.76053 -13.8781 3
      vertex 3.66229 -13.6678 3
    endloop
  endfacet
  facet normal -0.227116 0.973868 0
    outer loop
      vertex 2.76053 -13.8781 3
      vertex 3.66229 -13.6678 0
      vertex 2.76053 -13.8781 0
    endloop
  endfacet
  facet normal 0.162859 -0.986649 0
    outer loop
      vertex -2.76053 13.8781 0
      vertex -1.84694 14.0289 3
      vertex -2.76053 13.8781 3
    endloop
  endfacet
  facet normal 0.162859 -0.986649 0
    outer loop
      vertex -1.84694 14.0289 3
      vertex -2.76053 13.8781 0
      vertex -1.84694 14.0289 0
    endloop
  endfacet
  facet normal -0.986649 0.162859 0
    outer loop
      vertex 13.8781 -2.76053 0
      vertex 14.0289 -1.84694 3
      vertex 14.0289 -1.84694 0
    endloop
  endfacet
  facet normal -0.986649 0.162859 0
    outer loop
      vertex 14.0289 -1.84694 3
      vertex 13.8781 -2.76053 0
      vertex 13.8781 -2.76053 3
    endloop
  endfacet
  facet normal 0.812817 -0.58252 0
    outer loop
      vertex -11.7653 7.86132 3
      vertex -11.2259 8.61397 0
      vertex -11.2259 8.61397 3
    endloop
  endfacet
  facet normal 0.812817 -0.58252 0
    outer loop
      vertex -11.2259 8.61397 0
      vertex -11.7653 7.86132 3
      vertex -11.7653 7.86132 0
    endloop
  endfacet
  facet normal -0.162859 0.986649 0
    outer loop
      vertex 2.76053 -13.8781 0
      vertex 1.84694 -14.0289 3
      vertex 2.76053 -13.8781 3
    endloop
  endfacet
  facet normal -0.162859 0.986649 0
    outer loop
      vertex 1.84694 -14.0289 3
      vertex 2.76053 -13.8781 0
      vertex 1.84694 -14.0289 0
    endloop
  endfacet
  facet normal 0.986649 -0.162859 0
    outer loop
      vertex -14.0289 1.84694 3
      vertex -13.8781 2.76053 0
      vertex -13.8781 2.76053 3
    endloop
  endfacet
  facet normal 0.986649 -0.162859 0
    outer loop
      vertex -13.8781 2.76053 0
      vertex -14.0289 1.84694 3
      vertex -14.0289 1.84694 0
    endloop
  endfacet
  facet normal -0.528095 0.849185 0
    outer loop
      vertex 7.86132 -11.7653 0
      vertex 7.075 -12.2543 3
      vertex 7.86132 -11.7653 3
    endloop
  endfacet
  facet normal -0.528095 0.849185 0
    outer loop
      vertex 7.075 -12.2543 3
      vertex 7.86132 -11.7653 0
      vertex 7.075 -12.2543 0
    endloop
  endfacet
  facet normal 0.352283 -0.935894 0
    outer loop
      vertex -5.41497 13.0729 0
      vertex -4.54837 13.3991 3
      vertex -5.41497 13.0729 3
    endloop
  endfacet
  facet normal 0.352283 -0.935894 0
    outer loop
      vertex -4.54837 13.3991 3
      vertex -5.41497 13.0729 0
      vertex -4.54837 13.3991 0
    endloop
  endfacet
  facet normal -0.999464 0.0327232 0
    outer loop
      vertex 14.1197 -0.925454 0
      vertex 14.15 0 3
      vertex 14.15 0 0
    endloop
  endfacet
  facet normal -0.999464 0.0327232 0
    outer loop
      vertex 14.15 0 3
      vertex 14.1197 -0.925454 0
      vertex 14.1197 -0.925454 3
    endloop
  endfacet
  facet normal -0.973868 -0.227116 0
    outer loop
      vertex 13.8781 2.76053 0
      vertex 13.6678 3.66229 3
      vertex 13.6678 3.66229 0
    endloop
  endfacet
  facet normal -0.973868 -0.227116 0
    outer loop
      vertex 13.6678 3.66229 3
      vertex 13.8781 2.76053 0
      vertex 13.8781 2.76053 3
    endloop
  endfacet
  facet normal 0.634382 -0.77302 0
    outer loop
      vertex -9.32974 10.6385 0
      vertex -8.61397 11.2259 3
      vertex -9.32974 10.6385 3
    endloop
  endfacet
  facet normal 0.634382 -0.77302 0
    outer loop
      vertex -8.61397 11.2259 3
      vertex -9.32974 10.6385 0
      vertex -8.61397 11.2259 0
    endloop
  endfacet
  facet normal -0.0980616 -0.99518 0
    outer loop
      vertex 0.925454 14.1197 0
      vertex 1.84694 14.0289 3
      vertex 0.925454 14.1197 3
    endloop
  endfacet
  facet normal -0.0980616 -0.99518 -0
    outer loop
      vertex 1.84694 14.0289 3
      vertex 0.925454 14.1197 0
      vertex 1.84694 14.0289 0
    endloop
  endfacet
  facet normal 0.935894 0.352283 0
    outer loop
      vertex -13.0729 -5.41497 3
      vertex -13.3991 -4.54837 0
      vertex -13.3991 -4.54837 3
    endloop
  endfacet
  facet normal 0.935894 0.352283 0
    outer loop
      vertex -13.3991 -4.54837 0
      vertex -13.0729 -5.41497 3
      vertex -13.0729 -5.41497 0
    endloop
  endfacet
  facet normal 0.290196 -0.956967 0
    outer loop
      vertex -4.54837 13.3991 0
      vertex -3.66229 13.6678 3
      vertex -4.54837 13.3991 3
    endloop
  endfacet
  facet normal 0.290196 -0.956967 0
    outer loop
      vertex -3.66229 13.6678 3
      vertex -4.54837 13.3991 0
      vertex -3.66229 13.6678 0
    endloop
  endfacet
  facet normal -0.956967 -0.290196 0
    outer loop
      vertex 13.6678 3.66229 0
      vertex 13.3991 4.54837 3
      vertex 13.3991 4.54837 0
    endloop
  endfacet
  facet normal -0.956967 -0.290196 0
    outer loop
      vertex 13.3991 4.54837 3
      vertex 13.6678 3.66229 0
      vertex 13.6678 3.66229 3
    endloop
  endfacet
  facet normal 0.683528 0.729924 -0
    outer loop
      vertex -9.32974 -10.6385 0
      vertex -10.0056 -10.0056 3
      vertex -9.32974 -10.6385 3
    endloop
  endfacet
  facet normal 0.683528 0.729924 0
    outer loop
      vertex -10.0056 -10.0056 3
      vertex -9.32974 -10.6385 0
      vertex -10.0056 -10.0056 0
    endloop
  endfacet
  facet normal -0.471319 -0.881963 0
    outer loop
      vertex 6.25838 12.6907 0
      vertex 7.075 12.2543 3
      vertex 6.25838 12.6907 3
    endloop
  endfacet
  facet normal -0.471319 -0.881963 -0
    outer loop
      vertex 7.075 12.2543 3
      vertex 6.25838 12.6907 0
      vertex 7.075 12.2543 0
    endloop
  endfacet
  facet normal 0.881963 0.471319 0
    outer loop
      vertex -12.2543 -7.075 3
      vertex -12.6907 -6.25838 0
      vertex -12.6907 -6.25838 3
    endloop
  endfacet
  facet normal 0.881963 0.471319 0
    outer loop
      vertex -12.6907 -6.25838 0
      vertex -12.2543 -7.075 3
      vertex -12.2543 -7.075 0
    endloop
  endfacet
  facet normal -0.683528 -0.729924 0
    outer loop
      vertex 9.32974 10.6385 0
      vertex 10.0056 10.0056 3
      vertex 9.32974 10.6385 3
    endloop
  endfacet
  facet normal -0.683528 -0.729924 -0
    outer loop
      vertex 10.0056 10.0056 3
      vertex 9.32974 10.6385 0
      vertex 10.0056 10.0056 0
    endloop
  endfacet
  facet normal -0.352283 -0.935894 0
    outer loop
      vertex 4.54837 13.3991 0
      vertex 5.41497 13.0729 3
      vertex 4.54837 13.3991 3
    endloop
  endfacet
  facet normal -0.352283 -0.935894 -0
    outer loop
      vertex 5.41497 13.0729 3
      vertex 4.54837 13.3991 0
      vertex 5.41497 13.0729 0
    endloop
  endfacet
  facet normal -0.528095 -0.849185 0
    outer loop
      vertex 7.075 12.2543 0
      vertex 7.86132 11.7653 3
      vertex 7.075 12.2543 3
    endloop
  endfacet
  facet normal -0.528095 -0.849185 -0
    outer loop
      vertex 7.86132 11.7653 3
      vertex 7.075 12.2543 0
      vertex 7.86132 11.7653 0
    endloop
  endfacet
  facet normal 0.849185 0.528095 0
    outer loop
      vertex -11.7653 -7.86132 3
      vertex -12.2543 -7.075 0
      vertex -12.2543 -7.075 3
    endloop
  endfacet
  facet normal 0.849185 0.528095 0
    outer loop
      vertex -12.2543 -7.075 0
      vertex -11.7653 -7.86132 3
      vertex -11.7653 -7.86132 0
    endloop
  endfacet
  facet normal 0.77302 -0.634382 0
    outer loop
      vertex -11.2259 8.61397 3
      vertex -10.6385 9.32974 0
      vertex -10.6385 9.32974 3
    endloop
  endfacet
  facet normal 0.77302 -0.634382 0
    outer loop
      vertex -10.6385 9.32974 0
      vertex -11.2259 8.61397 3
      vertex -11.2259 8.61397 0
    endloop
  endfacet
  facet normal -0.729924 0.683528 0
    outer loop
      vertex 10.0056 -10.0056 0
      vertex 10.6385 -9.32974 3
      vertex 10.6385 -9.32974 0
    endloop
  endfacet
  facet normal -0.729924 0.683528 0
    outer loop
      vertex 10.6385 -9.32974 3
      vertex 10.0056 -10.0056 0
      vertex 10.0056 -10.0056 3
    endloop
  endfacet
  facet normal 0.849185 -0.528095 0
    outer loop
      vertex -12.2543 7.075 3
      vertex -11.7653 7.86132 0
      vertex -11.7653 7.86132 3
    endloop
  endfacet
  facet normal 0.849185 -0.528095 0
    outer loop
      vertex -11.7653 7.86132 0
      vertex -12.2543 7.075 3
      vertex -12.2543 7.075 0
    endloop
  endfacet
  facet normal -0.683528 0.729924 0
    outer loop
      vertex 10.0056 -10.0056 0
      vertex 9.32974 -10.6385 3
      vertex 10.0056 -10.0056 3
    endloop
  endfacet
  facet normal -0.683528 0.729924 0
    outer loop
      vertex 9.32974 -10.6385 3
      vertex 10.0056 -10.0056 0
      vertex 9.32974 -10.6385 0
    endloop
  endfacet
  facet normal 0.956967 0.290196 0
    outer loop
      vertex -13.3991 -4.54837 3
      vertex -13.6678 -3.66229 0
      vertex -13.6678 -3.66229 3
    endloop
  endfacet
  facet normal 0.956967 0.290196 0
    outer loop
      vertex -13.6678 -3.66229 0
      vertex -13.3991 -4.54837 3
      vertex -13.3991 -4.54837 0
    endloop
  endfacet
  facet normal 0.58252 -0.812817 0
    outer loop
      vertex -8.61397 11.2259 0
      vertex -7.86132 11.7653 3
      vertex -8.61397 11.2259 3
    endloop
  endfacet
  facet normal 0.58252 -0.812817 0
    outer loop
      vertex -7.86132 11.7653 3
      vertex -8.61397 11.2259 0
      vertex -7.86132 11.7653 0
    endloop
  endfacet
  facet normal -0.162859 -0.986649 0
    outer loop
      vertex 1.84694 14.0289 0
      vertex 2.76053 13.8781 3
      vertex 1.84694 14.0289 3
    endloop
  endfacet
  facet normal -0.162859 -0.986649 -0
    outer loop
      vertex 2.76053 13.8781 3
      vertex 1.84694 14.0289 0
      vertex 2.76053 13.8781 0
    endloop
  endfacet
  facet normal -0.58252 -0.812817 0
    outer loop
      vertex 7.86132 11.7653 0
      vertex 8.61397 11.2259 3
      vertex 7.86132 11.7653 3
    endloop
  endfacet
  facet normal -0.58252 -0.812817 -0
    outer loop
      vertex 8.61397 11.2259 3
      vertex 7.86132 11.7653 0
      vertex 8.61397 11.2259 0
    endloop
  endfacet
  facet normal 0.0327232 -0.999464 0
    outer loop
      vertex -0.925454 14.1197 0
      vertex 0 14.15 3
      vertex -0.925454 14.1197 3
    endloop
  endfacet
  facet normal 0.0327232 -0.999464 0
    outer loop
      vertex 0 14.15 3
      vertex -0.925454 14.1197 0
      vertex 0 14.15 0
    endloop
  endfacet
  facet normal 0.999464 -0.0327232 0
    outer loop
      vertex -14.15 0 3
      vertex -14.1197 0.925454 0
      vertex -14.1197 0.925454 3
    endloop
  endfacet
  facet normal 0.999464 -0.0327232 0
    outer loop
      vertex -14.1197 0.925454 0
      vertex -14.15 0 3
      vertex -14.15 0 0
    endloop
  endfacet
  facet normal 0.99518 0.0980616 0
    outer loop
      vertex -14.0289 -1.84694 3
      vertex -14.1197 -0.925454 0
      vertex -14.1197 -0.925454 3
    endloop
  endfacet
  facet normal 0.99518 0.0980616 0
    outer loop
      vertex -14.1197 -0.925454 0
      vertex -14.0289 -1.84694 3
      vertex -14.0289 -1.84694 0
    endloop
  endfacet
  facet normal 0.162859 0.986649 -0
    outer loop
      vertex -1.84694 -14.0289 0
      vertex -2.76053 -13.8781 3
      vertex -1.84694 -14.0289 3
    endloop
  endfacet
  facet normal 0.162859 0.986649 0
    outer loop
      vertex -2.76053 -13.8781 3
      vertex -1.84694 -14.0289 0
      vertex -2.76053 -13.8781 0
    endloop
  endfacet
  facet normal -0.0327232 0.999464 0
    outer loop
      vertex 0.925454 -14.1197 0
      vertex 0 -14.15 3
      vertex 0.925454 -14.1197 3
    endloop
  endfacet
  facet normal -0.0327232 0.999464 0
    outer loop
      vertex 0 -14.15 3
      vertex 0.925454 -14.1197 0
      vertex 0 -14.15 0
    endloop
  endfacet
  facet normal -0.812817 0.58252 0
    outer loop
      vertex 11.2259 -8.61397 0
      vertex 11.7653 -7.86132 3
      vertex 11.7653 -7.86132 0
    endloop
  endfacet
  facet normal -0.812817 0.58252 0
    outer loop
      vertex 11.7653 -7.86132 3
      vertex 11.2259 -8.61397 0
      vertex 11.2259 -8.61397 3
    endloop
  endfacet
  facet normal -0.412757 -0.910841 0
    outer loop
      vertex 5.41497 13.0729 0
      vertex 6.25838 12.6907 3
      vertex 5.41497 13.0729 3
    endloop
  endfacet
  facet normal -0.412757 -0.910841 -0
    outer loop
      vertex 6.25838 12.6907 3
      vertex 5.41497 13.0729 0
      vertex 6.25838 12.6907 0
    endloop
  endfacet
  facet normal -0.634382 0.77302 0
    outer loop
      vertex 9.32974 -10.6385 0
      vertex 8.61397 -11.2259 3
      vertex 9.32974 -10.6385 3
    endloop
  endfacet
  facet normal -0.634382 0.77302 0
    outer loop
      vertex 8.61397 -11.2259 3
      vertex 9.32974 -10.6385 0
      vertex 8.61397 -11.2259 0
    endloop
  endfacet
  facet normal -0.935894 -0.352283 0
    outer loop
      vertex 13.3991 4.54837 0
      vertex 13.0729 5.41497 3
      vertex 13.0729 5.41497 0
    endloop
  endfacet
  facet normal -0.935894 -0.352283 0
    outer loop
      vertex 13.0729 5.41497 3
      vertex 13.3991 4.54837 0
      vertex 13.3991 4.54837 3
    endloop
  endfacet
  facet normal 0.58252 0.812817 -0
    outer loop
      vertex -7.86132 -11.7653 0
      vertex -8.61397 -11.2259 3
      vertex -7.86132 -11.7653 3
    endloop
  endfacet
  facet normal 0.58252 0.812817 0
    outer loop
      vertex -8.61397 -11.2259 3
      vertex -7.86132 -11.7653 0
      vertex -8.61397 -11.2259 0
    endloop
  endfacet
  facet normal -0.99518 0.0980616 0
    outer loop
      vertex 14.0289 -1.84694 0
      vertex 14.1197 -0.925454 3
      vertex 14.1197 -0.925454 0
    endloop
  endfacet
  facet normal -0.99518 0.0980616 0
    outer loop
      vertex 14.1197 -0.925454 3
      vertex 14.0289 -1.84694 0
      vertex 14.0289 -1.84694 3
    endloop
  endfacet
  facet normal 0.935894 -0.352283 0
    outer loop
      vertex -13.3991 4.54837 3
      vertex -13.0729 5.41497 0
      vertex -13.0729 5.41497 3
    endloop
  endfacet
  facet normal 0.935894 -0.352283 0
    outer loop
      vertex -13.0729 5.41497 0
      vertex -13.3991 4.54837 3
      vertex -13.3991 4.54837 0
    endloop
  endfacet
  facet normal 0.412757 0.910841 -0
    outer loop
      vertex -5.41497 -13.0729 0
      vertex -6.25838 -12.6907 3
      vertex -5.41497 -13.0729 3
    endloop
  endfacet
  facet normal 0.412757 0.910841 0
    outer loop
      vertex -6.25838 -12.6907 3
      vertex -5.41497 -13.0729 0
      vertex -6.25838 -12.6907 0
    endloop
  endfacet
  facet normal 0.881963 -0.471319 0
    outer loop
      vertex -12.6907 6.25838 3
      vertex -12.2543 7.075 0
      vertex -12.2543 7.075 3
    endloop
  endfacet
  facet normal 0.881963 -0.471319 0
    outer loop
      vertex -12.2543 7.075 0
      vertex -12.6907 6.25838 3
      vertex -12.6907 6.25838 0
    endloop
  endfacet
  facet normal 0.227116 0.973868 -0
    outer loop
      vertex -2.76053 -13.8781 0
      vertex -3.66229 -13.6678 3
      vertex -2.76053 -13.8781 3
    endloop
  endfacet
  facet normal 0.227116 0.973868 0
    outer loop
      vertex -3.66229 -13.6678 3
      vertex -2.76053 -13.8781 0
      vertex -3.66229 -13.6678 0
    endloop
  endfacet
  facet normal -0.849185 -0.528095 0
    outer loop
      vertex 12.2543 7.075 0
      vertex 11.7653 7.86132 3
      vertex 11.7653 7.86132 0
    endloop
  endfacet
  facet normal -0.849185 -0.528095 0
    outer loop
      vertex 11.7653 7.86132 3
      vertex 12.2543 7.075 0
      vertex 12.2543 7.075 3
    endloop
  endfacet
  facet normal -0.471319 0.881963 0
    outer loop
      vertex 7.075 -12.2543 0
      vertex 6.25838 -12.6907 3
      vertex 7.075 -12.2543 3
    endloop
  endfacet
  facet normal -0.471319 0.881963 0
    outer loop
      vertex 6.25838 -12.6907 3
      vertex 7.075 -12.2543 0
      vertex 6.25838 -12.6907 0
    endloop
  endfacet
  facet normal -0.0327232 -0.999464 0
    outer loop
      vertex 0 14.15 0
      vertex 0.925454 14.1197 3
      vertex 0 14.15 3
    endloop
  endfacet
  facet normal -0.0327232 -0.999464 -0
    outer loop
      vertex 0.925454 14.1197 3
      vertex 0 14.15 0
      vertex 0.925454 14.1197 0
    endloop
  endfacet
  facet normal -0.881963 -0.471319 0
    outer loop
      vertex 12.6907 6.25838 0
      vertex 12.2543 7.075 3
      vertex 12.2543 7.075 0
    endloop
  endfacet
  facet normal -0.881963 -0.471319 0
    outer loop
      vertex 12.2543 7.075 3
      vertex 12.6907 6.25838 0
      vertex 12.6907 6.25838 3
    endloop
  endfacet
  facet normal 0.528095 -0.849185 0
    outer loop
      vertex -7.86132 11.7653 0
      vertex -7.075 12.2543 3
      vertex -7.86132 11.7653 3
    endloop
  endfacet
  facet normal 0.528095 -0.849185 0
    outer loop
      vertex -7.075 12.2543 3
      vertex -7.86132 11.7653 0
      vertex -7.075 12.2543 0
    endloop
  endfacet
  facet normal -0.77302 0.634382 0
    outer loop
      vertex 10.6385 -9.32974 0
      vertex 11.2259 -8.61397 3
      vertex 11.2259 -8.61397 0
    endloop
  endfacet
  facet normal -0.77302 0.634382 0
    outer loop
      vertex 11.2259 -8.61397 3
      vertex 10.6385 -9.32974 0
      vertex 10.6385 -9.32974 3
    endloop
  endfacet
  facet normal 0.227116 -0.973868 0
    outer loop
      vertex -3.66229 13.6678 0
      vertex -2.76053 13.8781 3
      vertex -3.66229 13.6678 3
    endloop
  endfacet
  facet normal 0.227116 -0.973868 0
    outer loop
      vertex -2.76053 13.8781 3
      vertex -3.66229 13.6678 0
      vertex -2.76053 13.8781 0
    endloop
  endfacet
  facet normal -0.412757 0.910841 0
    outer loop
      vertex 6.25838 -12.6907 0
      vertex 5.41497 -13.0729 3
      vertex 6.25838 -12.6907 3
    endloop
  endfacet
  facet normal -0.412757 0.910841 0
    outer loop
      vertex 5.41497 -13.0729 3
      vertex 6.25838 -12.6907 0
      vertex 5.41497 -13.0729 0
    endloop
  endfacet
  facet normal 0.910841 -0.412757 0
    outer loop
      vertex -13.0729 5.41497 3
      vertex -12.6907 6.25838 0
      vertex -12.6907 6.25838 3
    endloop
  endfacet
  facet normal 0.910841 -0.412757 0
    outer loop
      vertex -12.6907 6.25838 0
      vertex -13.0729 5.41497 3
      vertex -13.0729 5.41497 0
    endloop
  endfacet
  facet normal 0.99518 -0.0980616 0
    outer loop
      vertex -14.1197 0.925454 3
      vertex -14.0289 1.84694 0
      vertex -14.0289 1.84694 3
    endloop
  endfacet
  facet normal 0.99518 -0.0980616 0
    outer loop
      vertex -14.0289 1.84694 0
      vertex -14.1197 0.925454 3
      vertex -14.1197 0.925454 0
    endloop
  endfacet
  facet normal -0.227116 -0.973868 0
    outer loop
      vertex 2.76053 13.8781 0
      vertex 3.66229 13.6678 3
      vertex 2.76053 13.8781 3
    endloop
  endfacet
  facet normal -0.227116 -0.973868 -0
    outer loop
      vertex 3.66229 13.6678 3
      vertex 2.76053 13.8781 0
      vertex 3.66229 13.6678 0
    endloop
  endfacet
  facet normal 0.412757 -0.910841 0
    outer loop
      vertex -6.25838 12.6907 0
      vertex -5.41497 13.0729 3
      vertex -6.25838 12.6907 3
    endloop
  endfacet
  facet normal 0.412757 -0.910841 0
    outer loop
      vertex -5.41497 13.0729 3
      vertex -6.25838 12.6907 0
      vertex -5.41497 13.0729 0
    endloop
  endfacet
  facet normal 0.77302 0.634382 0
    outer loop
      vertex -10.6385 -9.32974 3
      vertex -11.2259 -8.61397 0
      vertex -11.2259 -8.61397 3
    endloop
  endfacet
  facet normal 0.77302 0.634382 0
    outer loop
      vertex -11.2259 -8.61397 0
      vertex -10.6385 -9.32974 3
      vertex -10.6385 -9.32974 0
    endloop
  endfacet
  facet normal 0.999464 0.0327232 0
    outer loop
      vertex -14.1197 -0.925454 3
      vertex -14.15 0 0
      vertex -14.15 0 3
    endloop
  endfacet
  facet normal 0.999464 0.0327232 0
    outer loop
      vertex -14.15 0 0
      vertex -14.1197 -0.925454 3
      vertex -14.1197 -0.925454 0
    endloop
  endfacet
  facet normal 0.352283 0.935894 -0
    outer loop
      vertex -4.54837 -13.3991 0
      vertex -5.41497 -13.0729 3
      vertex -4.54837 -13.3991 3
    endloop
  endfacet
  facet normal 0.352283 0.935894 0
    outer loop
      vertex -5.41497 -13.0729 3
      vertex -4.54837 -13.3991 0
      vertex -5.41497 -13.0729 0
    endloop
  endfacet
  facet normal -0.935894 0.352283 0
    outer loop
      vertex 13.0729 -5.41497 0
      vertex 13.3991 -4.54837 3
      vertex 13.3991 -4.54837 0
    endloop
  endfacet
  facet normal -0.935894 0.352283 0
    outer loop
      vertex 13.3991 -4.54837 3
      vertex 13.0729 -5.41497 0
      vertex 13.0729 -5.41497 3
    endloop
  endfacet
  facet normal -0.956967 0.290196 0
    outer loop
      vertex 13.3991 -4.54837 0
      vertex 13.6678 -3.66229 3
      vertex 13.6678 -3.66229 0
    endloop
  endfacet
  facet normal -0.956967 0.290196 0
    outer loop
      vertex 13.6678 -3.66229 3
      vertex 13.3991 -4.54837 0
      vertex 13.3991 -4.54837 3
    endloop
  endfacet
  facet normal 0.0980616 0.99518 -0
    outer loop
      vertex -0.925454 -14.1197 0
      vertex -1.84694 -14.0289 3
      vertex -0.925454 -14.1197 3
    endloop
  endfacet
  facet normal 0.0980616 0.99518 0
    outer loop
      vertex -1.84694 -14.0289 3
      vertex -0.925454 -14.1197 0
      vertex -1.84694 -14.0289 0
    endloop
  endfacet
  facet normal 0.290196 0.956967 -0
    outer loop
      vertex -3.66229 -13.6678 0
      vertex -4.54837 -13.3991 3
      vertex -3.66229 -13.6678 3
    endloop
  endfacet
  facet normal 0.290196 0.956967 0
    outer loop
      vertex -4.54837 -13.3991 3
      vertex -3.66229 -13.6678 0
      vertex -4.54837 -13.3991 0
    endloop
  endfacet
  facet normal -0.290196 0.956967 0
    outer loop
      vertex 4.54837 -13.3991 0
      vertex 3.66229 -13.6678 3
      vertex 4.54837 -13.3991 3
    endloop
  endfacet
  facet normal -0.290196 0.956967 0
    outer loop
      vertex 3.66229 -13.6678 3
      vertex 4.54837 -13.3991 0
      vertex 3.66229 -13.6678 0
    endloop
  endfacet
  facet normal -0.849185 0.528095 0
    outer loop
      vertex 11.7653 -7.86132 0
      vertex 12.2543 -7.075 3
      vertex 12.2543 -7.075 0
    endloop
  endfacet
  facet normal -0.849185 0.528095 0
    outer loop
      vertex 12.2543 -7.075 3
      vertex 11.7653 -7.86132 0
      vertex 11.7653 -7.86132 3
    endloop
  endfacet
  facet normal 0.973868 0.227116 0
    outer loop
      vertex -13.6678 -3.66229 3
      vertex -13.8781 -2.76053 0
      vertex -13.8781 -2.76053 3
    endloop
  endfacet
  facet normal 0.973868 0.227116 0
    outer loop
      vertex -13.8781 -2.76053 0
      vertex -13.6678 -3.66229 3
      vertex -13.6678 -3.66229 0
    endloop
  endfacet
  facet normal -0.812817 -0.58252 0
    outer loop
      vertex 11.7653 7.86132 0
      vertex 11.2259 8.61397 3
      vertex 11.2259 8.61397 0
    endloop
  endfacet
  facet normal -0.812817 -0.58252 0
    outer loop
      vertex 11.2259 8.61397 3
      vertex 11.7653 7.86132 0
      vertex 11.7653 7.86132 3
    endloop
  endfacet
  facet normal -0.352283 0.935894 0
    outer loop
      vertex 5.41497 -13.0729 0
      vertex 4.54837 -13.3991 3
      vertex 5.41497 -13.0729 3
    endloop
  endfacet
  facet normal -0.352283 0.935894 0
    outer loop
      vertex 4.54837 -13.3991 3
      vertex 5.41497 -13.0729 0
      vertex 4.54837 -13.3991 0
    endloop
  endfacet
  facet normal 0.683528 -0.729924 0
    outer loop
      vertex -10.0056 10.0056 0
      vertex -9.32974 10.6385 3
      vertex -10.0056 10.0056 3
    endloop
  endfacet
  facet normal 0.683528 -0.729924 0
    outer loop
      vertex -9.32974 10.6385 3
      vertex -10.0056 10.0056 0
      vertex -9.32974 10.6385 0
    endloop
  endfacet
  facet normal 0.956967 -0.290196 0
    outer loop
      vertex -13.6678 3.66229 3
      vertex -13.3991 4.54837 0
      vertex -13.3991 4.54837 3
    endloop
  endfacet
  facet normal 0.956967 -0.290196 0
    outer loop
      vertex -13.3991 4.54837 0
      vertex -13.6678 3.66229 3
      vertex -13.6678 3.66229 0
    endloop
  endfacet
  facet normal -0.910841 0.412757 0
    outer loop
      vertex 12.6907 -6.25838 0
      vertex 13.0729 -5.41497 3
      vertex 13.0729 -5.41497 0
    endloop
  endfacet
  facet normal -0.910841 0.412757 0
    outer loop
      vertex 13.0729 -5.41497 3
      vertex 12.6907 -6.25838 0
      vertex 12.6907 -6.25838 3
    endloop
  endfacet
  facet normal -0.910841 -0.412757 0
    outer loop
      vertex 13.0729 5.41497 0
      vertex 12.6907 6.25838 3
      vertex 12.6907 6.25838 0
    endloop
  endfacet
  facet normal -0.910841 -0.412757 0
    outer loop
      vertex 12.6907 6.25838 3
      vertex 13.0729 5.41497 0
      vertex 13.0729 5.41497 3
    endloop
  endfacet
  facet normal -0.634382 -0.77302 0
    outer loop
      vertex 8.61397 11.2259 0
      vertex 9.32974 10.6385 3
      vertex 8.61397 11.2259 3
    endloop
  endfacet
  facet normal -0.634382 -0.77302 -0
    outer loop
      vertex 9.32974 10.6385 3
      vertex 8.61397 11.2259 0
      vertex 9.32974 10.6385 0
    endloop
  endfacet
  facet normal 0.729924 -0.683528 0
    outer loop
      vertex -10.6385 9.32974 3
      vertex -10.0056 10.0056 0
      vertex -10.0056 10.0056 3
    endloop
  endfacet
  facet normal 0.729924 -0.683528 0
    outer loop
      vertex -10.0056 10.0056 0
      vertex -10.6385 9.32974 3
      vertex -10.6385 9.32974 0
    endloop
  endfacet
  facet normal -0.729924 -0.683528 0
    outer loop
      vertex 10.6385 9.32974 0
      vertex 10.0056 10.0056 3
      vertex 10.0056 10.0056 0
    endloop
  endfacet
  facet normal -0.729924 -0.683528 0
    outer loop
      vertex 10.0056 10.0056 3
      vertex 10.6385 9.32974 0
      vertex 10.6385 9.32974 3
    endloop
  endfacet
  facet normal -0.77302 -0.634382 0
    outer loop
      vertex 11.2259 8.61397 0
      vertex 10.6385 9.32974 3
      vertex 10.6385 9.32974 0
    endloop
  endfacet
  facet normal -0.77302 -0.634382 0
    outer loop
      vertex 10.6385 9.32974 3
      vertex 11.2259 8.61397 0
      vertex 11.2259 8.61397 3
    endloop
  endfacet
  facet normal 0.528095 0.849185 -0
    outer loop
      vertex -7.075 -12.2543 0
      vertex -7.86132 -11.7653 3
      vertex -7.075 -12.2543 3
    endloop
  endfacet
  facet normal 0.528095 0.849185 0
    outer loop
      vertex -7.86132 -11.7653 3
      vertex -7.075 -12.2543 0
      vertex -7.86132 -11.7653 0
    endloop
  endfacet
  facet normal 0.0980616 -0.99518 0
    outer loop
      vertex -1.84694 14.0289 0
      vertex -0.925454 14.1197 3
      vertex -1.84694 14.0289 3
    endloop
  endfacet
  facet normal 0.0980616 -0.99518 0
    outer loop
      vertex -0.925454 14.1197 3
      vertex -1.84694 14.0289 0
      vertex -0.925454 14.1197 0
    endloop
  endfacet
  facet normal 0.986649 0.162859 0
    outer loop
      vertex -13.8781 -2.76053 3
      vertex -14.0289 -1.84694 0
      vertex -14.0289 -1.84694 3
    endloop
  endfacet
  facet normal 0.986649 0.162859 0
    outer loop
      vertex -14.0289 -1.84694 0
      vertex -13.8781 -2.76053 3
      vertex -13.8781 -2.76053 0
    endloop
  endfacet
  facet normal -0.0980616 0.99518 0
    outer loop
      vertex 1.84694 -14.0289 0
      vertex 0.925454 -14.1197 3
      vertex 1.84694 -14.0289 3
    endloop
  endfacet
  facet normal -0.0980616 0.99518 0
    outer loop
      vertex 0.925454 -14.1197 3
      vertex 1.84694 -14.0289 0
      vertex 0.925454 -14.1197 0
    endloop
  endfacet
  facet normal 0.729924 0.683528 0
    outer loop
      vertex -10.0056 -10.0056 3
      vertex -10.6385 -9.32974 0
      vertex -10.6385 -9.32974 3
    endloop
  endfacet
  facet normal 0.729924 0.683528 0
    outer loop
      vertex -10.6385 -9.32974 0
      vertex -10.0056 -10.0056 3
      vertex -10.0056 -10.0056 0
    endloop
  endfacet
  facet normal 0.0327232 0.999464 -0
    outer loop
      vertex 0 -14.15 0
      vertex -0.925454 -14.1197 3
      vertex 0 -14.15 3
    endloop
  endfacet
  facet normal 0.0327232 0.999464 0
    outer loop
      vertex -0.925454 -14.1197 3
      vertex 0 -14.15 0
      vertex -0.925454 -14.1197 0
    endloop
  endfacet
  facet normal -0.58252 0.812817 0
    outer loop
      vertex 8.61397 -11.2259 0
      vertex 7.86132 -11.7653 3
      vertex 8.61397 -11.2259 3
    endloop
  endfacet
  facet normal -0.58252 0.812817 0
    outer loop
      vertex 7.86132 -11.7653 3
      vertex 8.61397 -11.2259 0
      vertex 7.86132 -11.7653 0
    endloop
  endfacet
  facet normal -0.881963 0.471319 0
    outer loop
      vertex 12.2543 -7.075 0
      vertex 12.6907 -6.25838 3
      vertex 12.6907 -6.25838 0
    endloop
  endfacet
  facet normal -0.881963 0.471319 0
    outer loop
      vertex 12.6907 -6.25838 3
      vertex 12.2543 -7.075 0
      vertex 12.2543 -7.075 3
    endloop
  endfacet
  facet normal -0.973868 0.227116 0
    outer loop
      vertex 13.6678 -3.66229 0
      vertex 13.8781 -2.76053 3
      vertex 13.8781 -2.76053 0
    endloop
  endfacet
  facet normal -0.973868 0.227116 0
    outer loop
      vertex 13.8781 -2.76053 3
      vertex 13.6678 -3.66229 0
      vertex 13.6678 -3.66229 3
    endloop
  endfacet
  facet normal 0.910841 0.412757 0
    outer loop
      vertex -12.6907 -6.25838 3
      vertex -13.0729 -5.41497 0
      vertex -13.0729 -5.41497 3
    endloop
  endfacet
  facet normal 0.910841 0.412757 0
    outer loop
      vertex -13.0729 -5.41497 0
      vertex -12.6907 -6.25838 3
      vertex -12.6907 -6.25838 0
    endloop
  endfacet
  facet normal 0.973868 -0.227116 0
    outer loop
      vertex -13.8781 2.76053 3
      vertex -13.6678 3.66229 0
      vertex -13.6678 3.66229 3
    endloop
  endfacet
  facet normal 0.973868 -0.227116 0
    outer loop
      vertex -13.6678 3.66229 0
      vertex -13.8781 2.76053 3
      vertex -13.8781 2.76053 0
    endloop
  endfacet
  facet normal -0.290196 -0.956967 0
    outer loop
      vertex 3.66229 13.6678 0
      vertex 4.54837 13.3991 3
      vertex 3.66229 13.6678 3
    endloop
  endfacet
  facet normal -0.290196 -0.956967 -0
    outer loop
      vertex 4.54837 13.3991 3
      vertex 3.66229 13.6678 0
      vertex 4.54837 13.3991 0
    endloop
  endfacet
  facet normal 0.471319 -0.881963 0
    outer loop
      vertex -7.075 12.2543 0
      vertex -6.25838 12.6907 3
      vertex -7.075 12.2543 3
    endloop
  endfacet
  facet normal 0.471319 -0.881963 0
    outer loop
      vertex -6.25838 12.6907 3
      vertex -7.075 12.2543 0
      vertex -6.25838 12.6907 0
    endloop
  endfacet
  facet normal 0.634382 0.77302 -0
    outer loop
      vertex -8.61397 -11.2259 0
      vertex -9.32974 -10.6385 3
      vertex -8.61397 -11.2259 3
    endloop
  endfacet
  facet normal 0.634382 0.77302 0
    outer loop
      vertex -9.32974 -10.6385 3
      vertex -8.61397 -11.2259 0
      vertex -9.32974 -10.6385 0
    endloop
  endfacet
  facet normal 0.471319 0.881963 -0
    outer loop
      vertex -6.25838 -12.6907 0
      vertex -7.075 -12.2543 3
      vertex -6.25838 -12.6907 3
    endloop
  endfacet
  facet normal 0.471319 0.881963 0
    outer loop
      vertex -7.075 -12.2543 3
      vertex -6.25838 -12.6907 0
      vertex -7.075 -12.2543 0
    endloop
  endfacet
endsolid OpenSCAD_Model
