solid OpenSCAD_Model
  facet normal 0.0981075 0.995176 -0
    outer loop
      vertex 15.75 23.3 0.00481606
      vertex 15.4183 23.3327 1.6
      vertex 15.75 23.3 1.6
    endloop
  endfacet
  facet normal 0.0981075 0.995176 0
    outer loop
      vertex 15.4183 23.3327 1.6
      vertex 15.75 23.3 0.00481606
      vertex 15.4183 23.3327 0.00481606
    endloop
  endfacet
  facet normal -0.956971 -0.290182 0
    outer loop
      vertex 17.4173 25.3317 0.00481606
      vertex 17.3206 25.6506 1.6
      vertex 17.3206 25.6506 0.00481606
    endloop
  endfacet
  facet normal -0.956971 -0.290182 0
    outer loop
      vertex 17.3206 25.6506 1.6
      vertex 17.4173 25.3317 0.00481606
      vertex 17.4173 25.3317 1.6
    endloop
  endfacet
  facet normal -0.995176 -0.0981075 0
    outer loop
      vertex 17.45 25 0.00481606
      vertex 17.4173 25.3317 1.6
      vertex 17.4173 25.3317 0.00481606
    endloop
  endfacet
  facet normal -0.995176 -0.0981075 0
    outer loop
      vertex 17.4173 25.3317 1.6
      vertex 17.45 25 0.00481606
      vertex 17.45 25 1.6
    endloop
  endfacet
  facet normal -0.881912 -0.471413 0
    outer loop
      vertex 17.3206 25.6506 0.00481606
      vertex 17.1635 25.9445 1.6
      vertex 17.1635 25.9445 0.00481606
    endloop
  endfacet
  facet normal -0.881912 -0.471413 0
    outer loop
      vertex 17.1635 25.9445 1.6
      vertex 17.3206 25.6506 0.00481606
      vertex 17.3206 25.6506 1.6
    endloop
  endfacet
  facet normal 0.881912 0.471413 0
    outer loop
      vertex 14.3365 24.0555 1.6
      vertex 14.1794 24.3494 0.00481606
      vertex 14.1794 24.3494 1.6
    endloop
  endfacet
  facet normal 0.881912 0.471413 0
    outer loop
      vertex 14.1794 24.3494 0.00481606
      vertex 14.3365 24.0555 1.6
      vertex 14.3365 24.0555 0.00481606
    endloop
  endfacet
  facet normal 0.290182 -0.956971 0
    outer loop
      vertex 15.0994 26.5706 0.00481606
      vertex 15.4183 26.6673 1.6
      vertex 15.0994 26.5706 1.6
    endloop
  endfacet
  facet normal 0.290182 -0.956971 0
    outer loop
      vertex 15.4183 26.6673 1.6
      vertex 15.0994 26.5706 0.00481606
      vertex 15.4183 26.6673 0.00481606
    endloop
  endfacet
  facet normal -0.995176 0.0981075 0
    outer loop
      vertex 17.4173 24.6683 0.00481606
      vertex 17.45 25 1.6
      vertex 17.45 25 0.00481606
    endloop
  endfacet
  facet normal -0.995176 0.0981075 0
    outer loop
      vertex 17.45 25 1.6
      vertex 17.4173 24.6683 0.00481606
      vertex 17.4173 24.6683 1.6
    endloop
  endfacet
  facet normal -0.290182 0.956971 0
    outer loop
      vertex 16.4006 23.4294 0.00481606
      vertex 16.0817 23.3327 1.6
      vertex 16.4006 23.4294 1.6
    endloop
  endfacet
  facet normal -0.290182 0.956971 0
    outer loop
      vertex 16.0817 23.3327 1.6
      vertex 16.4006 23.4294 0.00481606
      vertex 16.0817 23.3327 0.00481606
    endloop
  endfacet
  facet normal 0.995176 0.0981075 0
    outer loop
      vertex 14.0827 24.6683 1.6
      vertex 14.05 25 0.00481606
      vertex 14.05 25 1.6
    endloop
  endfacet
  facet normal 0.995176 0.0981075 0
    outer loop
      vertex 14.05 25 0.00481606
      vertex 14.0827 24.6683 1.6
      vertex 14.0827 24.6683 0.00481606
    endloop
  endfacet
  facet normal -0.0981075 -0.995176 0
    outer loop
      vertex 15.75 26.7 0.00481606
      vertex 16.0817 26.6673 1.6
      vertex 15.75 26.7 1.6
    endloop
  endfacet
  facet normal -0.0981075 -0.995176 -0
    outer loop
      vertex 16.0817 26.6673 1.6
      vertex 15.75 26.7 0.00481606
      vertex 16.0817 26.6673 0.00481606
    endloop
  endfacet
  facet normal -0.956971 0.290182 0
    outer loop
      vertex 17.3206 24.3494 0.00481606
      vertex 17.4173 24.6683 1.6
      vertex 17.4173 24.6683 0.00481606
    endloop
  endfacet
  facet normal -0.956971 0.290182 0
    outer loop
      vertex 17.4173 24.6683 1.6
      vertex 17.3206 24.3494 0.00481606
      vertex 17.3206 24.3494 1.6
    endloop
  endfacet
  facet normal 0.290182 0.956971 -0
    outer loop
      vertex 15.4183 23.3327 0.00481606
      vertex 15.0994 23.4294 1.6
      vertex 15.4183 23.3327 1.6
    endloop
  endfacet
  facet normal 0.290182 0.956971 0
    outer loop
      vertex 15.0994 23.4294 1.6
      vertex 15.4183 23.3327 0.00481606
      vertex 15.0994 23.4294 0.00481606
    endloop
  endfacet
  facet normal 0.995176 -0.0981075 0
    outer loop
      vertex 14.05 25 1.6
      vertex 14.0827 25.3317 0.00481606
      vertex 14.0827 25.3317 1.6
    endloop
  endfacet
  facet normal 0.995176 -0.0981075 0
    outer loop
      vertex 14.0827 25.3317 0.00481606
      vertex 14.05 25 1.6
      vertex 14.05 25 0.00481606
    endloop
  endfacet
  facet normal -0.471413 -0.881912 0
    outer loop
      vertex 16.4006 26.5706 0.00481606
      vertex 16.6945 26.4135 1.6
      vertex 16.4006 26.5706 1.6
    endloop
  endfacet
  facet normal -0.471413 -0.881912 -0
    outer loop
      vertex 16.6945 26.4135 1.6
      vertex 16.4006 26.5706 0.00481606
      vertex 16.6945 26.4135 0.00481606
    endloop
  endfacet
  facet normal -0.290182 -0.956971 0
    outer loop
      vertex 16.0817 26.6673 0.00481606
      vertex 16.4006 26.5706 1.6
      vertex 16.0817 26.6673 1.6
    endloop
  endfacet
  facet normal -0.290182 -0.956971 -0
    outer loop
      vertex 16.4006 26.5706 1.6
      vertex 16.0817 26.6673 0.00481606
      vertex 16.4006 26.5706 0.00481606
    endloop
  endfacet
  facet normal 0.0981075 -0.995176 0
    outer loop
      vertex 15.4183 26.6673 0.00481606
      vertex 15.75 26.7 1.6
      vertex 15.4183 26.6673 1.6
    endloop
  endfacet
  facet normal 0.0981075 -0.995176 0
    outer loop
      vertex 15.75 26.7 1.6
      vertex 15.4183 26.6673 0.00481606
      vertex 15.75 26.7 0.00481606
    endloop
  endfacet
  facet normal 0.956971 -0.290182 0
    outer loop
      vertex 14.0827 25.3317 1.6
      vertex 14.1794 25.6506 0.00481606
      vertex 14.1794 25.6506 1.6
    endloop
  endfacet
  facet normal 0.956971 -0.290182 0
    outer loop
      vertex 14.1794 25.6506 0.00481606
      vertex 14.0827 25.3317 1.6
      vertex 14.0827 25.3317 0.00481606
    endloop
  endfacet
  facet normal 0.634381 -0.773021 0
    outer loop
      vertex 14.5479 26.2021 0.00481606
      vertex 14.8055 26.4135 1.6
      vertex 14.5479 26.2021 1.6
    endloop
  endfacet
  facet normal 0.634381 -0.773021 0
    outer loop
      vertex 14.8055 26.4135 1.6
      vertex 14.5479 26.2021 0.00481606
      vertex 14.8055 26.4135 0.00481606
    endloop
  endfacet
  facet normal -0.773021 -0.634381 0
    outer loop
      vertex 17.1635 25.9445 0.00481606
      vertex 16.9521 26.2021 1.6
      vertex 16.9521 26.2021 0.00481606
    endloop
  endfacet
  facet normal -0.773021 -0.634381 0
    outer loop
      vertex 16.9521 26.2021 1.6
      vertex 17.1635 25.9445 0.00481606
      vertex 17.1635 25.9445 1.6
    endloop
  endfacet
  facet normal 0.471413 -0.881912 0
    outer loop
      vertex 14.8055 26.4135 0.00481606
      vertex 15.0994 26.5706 1.6
      vertex 14.8055 26.4135 1.6
    endloop
  endfacet
  facet normal 0.471413 -0.881912 0
    outer loop
      vertex 15.0994 26.5706 1.6
      vertex 14.8055 26.4135 0.00481606
      vertex 15.0994 26.5706 0.00481606
    endloop
  endfacet
  facet normal -0.471413 0.881912 0
    outer loop
      vertex 16.6945 23.5865 0.00481606
      vertex 16.4006 23.4294 1.6
      vertex 16.6945 23.5865 1.6
    endloop
  endfacet
  facet normal -0.471413 0.881912 0
    outer loop
      vertex 16.4006 23.4294 1.6
      vertex 16.6945 23.5865 0.00481606
      vertex 16.4006 23.4294 0.00481606
    endloop
  endfacet
  facet normal -0.881912 0.471413 0
    outer loop
      vertex 17.1635 24.0555 0.00481606
      vertex 17.3206 24.3494 1.6
      vertex 17.3206 24.3494 0.00481606
    endloop
  endfacet
  facet normal -0.881912 0.471413 0
    outer loop
      vertex 17.3206 24.3494 1.6
      vertex 17.1635 24.0555 0.00481606
      vertex 17.1635 24.0555 1.6
    endloop
  endfacet
  facet normal -0.773021 0.634381 0
    outer loop
      vertex 16.9521 23.7979 0.00481606
      vertex 17.1635 24.0555 1.6
      vertex 17.1635 24.0555 0.00481606
    endloop
  endfacet
  facet normal -0.773021 0.634381 0
    outer loop
      vertex 17.1635 24.0555 1.6
      vertex 16.9521 23.7979 0.00481606
      vertex 16.9521 23.7979 1.6
    endloop
  endfacet
  facet normal -0.634381 -0.773021 0
    outer loop
      vertex 16.6945 26.4135 0.00481606
      vertex 16.9521 26.2021 1.6
      vertex 16.6945 26.4135 1.6
    endloop
  endfacet
  facet normal -0.634381 -0.773021 -0
    outer loop
      vertex 16.9521 26.2021 1.6
      vertex 16.6945 26.4135 0.00481606
      vertex 16.9521 26.2021 0.00481606
    endloop
  endfacet
  facet normal -0.634381 0.773021 0
    outer loop
      vertex 16.9521 23.7979 0.00481606
      vertex 16.6945 23.5865 1.6
      vertex 16.9521 23.7979 1.6
    endloop
  endfacet
  facet normal -0.634381 0.773021 0
    outer loop
      vertex 16.6945 23.5865 1.6
      vertex 16.9521 23.7979 0.00481606
      vertex 16.6945 23.5865 0.00481606
    endloop
  endfacet
  facet normal -0.0981075 0.995176 0
    outer loop
      vertex 16.0817 23.3327 0.00481606
      vertex 15.75 23.3 1.6
      vertex 16.0817 23.3327 1.6
    endloop
  endfacet
  facet normal -0.0981075 0.995176 0
    outer loop
      vertex 15.75 23.3 1.6
      vertex 16.0817 23.3327 0.00481606
      vertex 15.75 23.3 0.00481606
    endloop
  endfacet
  facet normal 0.956971 0.290182 0
    outer loop
      vertex 14.1794 24.3494 1.6
      vertex 14.0827 24.6683 0.00481606
      vertex 14.0827 24.6683 1.6
    endloop
  endfacet
  facet normal 0.956971 0.290182 0
    outer loop
      vertex 14.0827 24.6683 0.00481606
      vertex 14.1794 24.3494 1.6
      vertex 14.1794 24.3494 0.00481606
    endloop
  endfacet
  facet normal 0.773021 -0.634381 0
    outer loop
      vertex 14.3365 25.9445 1.6
      vertex 14.5479 26.2021 0.00481606
      vertex 14.5479 26.2021 1.6
    endloop
  endfacet
  facet normal 0.773021 -0.634381 0
    outer loop
      vertex 14.5479 26.2021 0.00481606
      vertex 14.3365 25.9445 1.6
      vertex 14.3365 25.9445 0.00481606
    endloop
  endfacet
  facet normal 0.773021 0.634381 0
    outer loop
      vertex 14.5479 23.7979 1.6
      vertex 14.3365 24.0555 0.00481606
      vertex 14.3365 24.0555 1.6
    endloop
  endfacet
  facet normal 0.773021 0.634381 0
    outer loop
      vertex 14.3365 24.0555 0.00481606
      vertex 14.5479 23.7979 1.6
      vertex 14.5479 23.7979 0.00481606
    endloop
  endfacet
  facet normal 0.634381 0.773021 -0
    outer loop
      vertex 14.8055 23.5865 0.00481606
      vertex 14.5479 23.7979 1.6
      vertex 14.8055 23.5865 1.6
    endloop
  endfacet
  facet normal 0.634381 0.773021 0
    outer loop
      vertex 14.5479 23.7979 1.6
      vertex 14.8055 23.5865 0.00481606
      vertex 14.5479 23.7979 0.00481606
    endloop
  endfacet
  facet normal 0.471413 0.881912 -0
    outer loop
      vertex 15.0994 23.4294 0.00481606
      vertex 14.8055 23.5865 1.6
      vertex 15.0994 23.4294 1.6
    endloop
  endfacet
  facet normal 0.471413 0.881912 0
    outer loop
      vertex 14.8055 23.5865 1.6
      vertex 15.0994 23.4294 0.00481606
      vertex 14.8055 23.5865 0.00481606
    endloop
  endfacet
  facet normal 0.881912 -0.471413 0
    outer loop
      vertex 14.1794 25.6506 1.6
      vertex 14.3365 25.9445 0.00481606
      vertex 14.3365 25.9445 1.6
    endloop
  endfacet
  facet normal 0.881912 -0.471413 0
    outer loop
      vertex 14.3365 25.9445 0.00481606
      vertex 14.1794 25.6506 1.6
      vertex 14.1794 25.6506 0.00481606
    endloop
  endfacet
  facet normal 0 1 -0
    outer loop
      vertex 17.4532 22.05 1.6
      vertex 14.0468 22.05 3.99518
      vertex 17.4532 22.05 3.99518
    endloop
  endfacet
  facet normal 0 1 0
    outer loop
      vertex 14.0468 22.05 3.99518
      vertex 17.4532 22.05 1.6
      vertex 14.0468 22.05 1.6
    endloop
  endfacet
  facet normal 0 -1 0
    outer loop
      vertex 14.0468 27.95 1.6
      vertex 17.4532 27.95 3.99518
      vertex 14.0468 27.95 3.99518
    endloop
  endfacet
  facet normal 0 -1 -0
    outer loop
      vertex 17.4532 27.95 3.99518
      vertex 14.0468 27.95 1.6
      vertex 17.4532 27.95 1.6
    endloop
  endfacet
  facet normal -0.866023 -0.500004 0
    outer loop
      vertex 19.1564 25 1.6
      vertex 17.4532 27.95 3.99518
      vertex 17.4532 27.95 1.6
    endloop
  endfacet
  facet normal -0.866023 -0.500004 0
    outer loop
      vertex 17.4532 27.95 3.99518
      vertex 19.1564 25 1.6
      vertex 19.1564 25 3.99518
    endloop
  endfacet
  facet normal -0 0 1
    outer loop
      vertex 17.1635 25.9445 1.6
      vertex 19.1564 25 1.6
      vertex 17.4532 27.95 1.6
    endloop
  endfacet
  facet normal 0 0 1
    outer loop
      vertex 17.4173 24.6683 1.6
      vertex 19.1564 25 1.6
      vertex 17.45 25 1.6
    endloop
  endfacet
  facet normal 0 0 1
    outer loop
      vertex 19.1564 25 1.6
      vertex 17.4173 25.3317 1.6
      vertex 17.45 25 1.6
    endloop
  endfacet
  facet normal 0 0 1
    outer loop
      vertex 19.1564 25 1.6
      vertex 17.3206 25.6506 1.6
      vertex 17.4173 25.3317 1.6
    endloop
  endfacet
  facet normal 0 0 1
    outer loop
      vertex 19.1564 25 1.6
      vertex 17.1635 25.9445 1.6
      vertex 17.3206 25.6506 1.6
    endloop
  endfacet
  facet normal 0 0 1
    outer loop
      vertex 17.4532 27.95 1.6
      vertex 16.9521 26.2021 1.6
      vertex 17.1635 25.9445 1.6
    endloop
  endfacet
  facet normal 0 0 1
    outer loop
      vertex 17.4532 27.95 1.6
      vertex 16.6945 26.4135 1.6
      vertex 16.9521 26.2021 1.6
    endloop
  endfacet
  facet normal 0 0 1
    outer loop
      vertex 17.4532 27.95 1.6
      vertex 16.4006 26.5706 1.6
      vertex 16.6945 26.4135 1.6
    endloop
  endfacet
  facet normal 0 0 1
    outer loop
      vertex 17.4532 27.95 1.6
      vertex 16.0817 26.6673 1.6
      vertex 16.4006 26.5706 1.6
    endloop
  endfacet
  facet normal 0 0 1
    outer loop
      vertex 17.4532 27.95 1.6
      vertex 15.75 26.7 1.6
      vertex 16.0817 26.6673 1.6
    endloop
  endfacet
  facet normal -0 0 1
    outer loop
      vertex 14.0468 27.95 1.6
      vertex 15.75 26.7 1.6
      vertex 17.4532 27.95 1.6
    endloop
  endfacet
  facet normal 0 0 1
    outer loop
      vertex 15.75 26.7 1.6
      vertex 14.0468 27.95 1.6
      vertex 15.4183 26.6673 1.6
    endloop
  endfacet
  facet normal 0 0 1
    outer loop
      vertex 15.4183 26.6673 1.6
      vertex 14.0468 27.95 1.6
      vertex 15.0994 26.5706 1.6
    endloop
  endfacet
  facet normal 0 0 1
    outer loop
      vertex 14.1794 25.6506 1.6
      vertex 12.3436 25 1.6
      vertex 14.0827 25.3317 1.6
    endloop
  endfacet
  facet normal 0 0 1
    outer loop
      vertex 14.3365 25.9445 1.6
      vertex 12.3436 25 1.6
      vertex 14.1794 25.6506 1.6
    endloop
  endfacet
  facet normal 0 0 1
    outer loop
      vertex 12.3436 25 1.6
      vertex 14.3365 25.9445 1.6
      vertex 14.0468 27.95 1.6
    endloop
  endfacet
  facet normal 0 0 1
    outer loop
      vertex 14.5479 26.2021 1.6
      vertex 14.0468 27.95 1.6
      vertex 14.3365 25.9445 1.6
    endloop
  endfacet
  facet normal 0 0 1
    outer loop
      vertex 14.8055 26.4135 1.6
      vertex 14.0468 27.95 1.6
      vertex 14.5479 26.2021 1.6
    endloop
  endfacet
  facet normal 0 0 1
    outer loop
      vertex 15.0994 26.5706 1.6
      vertex 14.0468 27.95 1.6
      vertex 14.8055 26.4135 1.6
    endloop
  endfacet
  facet normal 0 0 1
    outer loop
      vertex 17.3206 24.3494 1.6
      vertex 19.1564 25 1.6
      vertex 17.4173 24.6683 1.6
    endloop
  endfacet
  facet normal 0 0 1
    outer loop
      vertex 17.1635 24.0555 1.6
      vertex 19.1564 25 1.6
      vertex 17.3206 24.3494 1.6
    endloop
  endfacet
  facet normal 0 0 1
    outer loop
      vertex 19.1564 25 1.6
      vertex 17.1635 24.0555 1.6
      vertex 17.4532 22.05 1.6
    endloop
  endfacet
  facet normal -0 0 1
    outer loop
      vertex 16.9521 23.7979 1.6
      vertex 17.4532 22.05 1.6
      vertex 17.1635 24.0555 1.6
    endloop
  endfacet
  facet normal -0 0 1
    outer loop
      vertex 16.6945 23.5865 1.6
      vertex 17.4532 22.05 1.6
      vertex 16.9521 23.7979 1.6
    endloop
  endfacet
  facet normal -0 0 1
    outer loop
      vertex 16.4006 23.4294 1.6
      vertex 17.4532 22.05 1.6
      vertex 16.6945 23.5865 1.6
    endloop
  endfacet
  facet normal -0 0 1
    outer loop
      vertex 16.0817 23.3327 1.6
      vertex 17.4532 22.05 1.6
      vertex 16.4006 23.4294 1.6
    endloop
  endfacet
  facet normal -0 0 1
    outer loop
      vertex 15.75 23.3 1.6
      vertex 17.4532 22.05 1.6
      vertex 16.0817 23.3327 1.6
    endloop
  endfacet
  facet normal 0 0 1
    outer loop
      vertex 14.0468 22.05 1.6
      vertex 15.75 23.3 1.6
      vertex 15.4183 23.3327 1.6
    endloop
  endfacet
  facet normal 0 0 1
    outer loop
      vertex 14.0468 22.05 1.6
      vertex 15.4183 23.3327 1.6
      vertex 15.0994 23.4294 1.6
    endloop
  endfacet
  facet normal 0 0 1
    outer loop
      vertex 14.0468 22.05 1.6
      vertex 15.0994 23.4294 1.6
      vertex 14.8055 23.5865 1.6
    endloop
  endfacet
  facet normal 0 0 1
    outer loop
      vertex 15.75 23.3 1.6
      vertex 14.0468 22.05 1.6
      vertex 17.4532 22.05 1.6
    endloop
  endfacet
  facet normal 0 0 1
    outer loop
      vertex 14.5479 23.7979 1.6
      vertex 14.0468 22.05 1.6
      vertex 14.8055 23.5865 1.6
    endloop
  endfacet
  facet normal 0 0 1
    outer loop
      vertex 14.3365 24.0555 1.6
      vertex 14.0468 22.05 1.6
      vertex 14.5479 23.7979 1.6
    endloop
  endfacet
  facet normal 0 0 1
    outer loop
      vertex 12.3436 25 1.6
      vertex 14.3365 24.0555 1.6
      vertex 14.1794 24.3494 1.6
    endloop
  endfacet
  facet normal 0 0 1
    outer loop
      vertex 12.3436 25 1.6
      vertex 14.1794 24.3494 1.6
      vertex 14.0827 24.6683 1.6
    endloop
  endfacet
  facet normal -0 0 1
    outer loop
      vertex 12.3436 25 1.6
      vertex 14.0827 24.6683 1.6
      vertex 14.05 25 1.6
    endloop
  endfacet
  facet normal 0 0 1
    outer loop
      vertex 14.0827 25.3317 1.6
      vertex 12.3436 25 1.6
      vertex 14.05 25 1.6
    endloop
  endfacet
  facet normal 0 0 1
    outer loop
      vertex 14.3365 24.0555 1.6
      vertex 12.3436 25 1.6
      vertex 14.0468 22.05 1.6
    endloop
  endfacet
  facet normal -0.866023 0.500004 0
    outer loop
      vertex 17.4532 22.05 1.6
      vertex 19.1564 25 3.99518
      vertex 19.1564 25 1.6
    endloop
  endfacet
  facet normal -0.866023 0.500004 0
    outer loop
      vertex 19.1564 25 3.99518
      vertex 17.4532 22.05 1.6
      vertex 17.4532 22.05 3.99518
    endloop
  endfacet
  facet normal 0.866023 0.500004 0
    outer loop
      vertex 14.0468 22.05 3.99518
      vertex 12.3436 25 1.6
      vertex 12.3436 25 3.99518
    endloop
  endfacet
  facet normal 0.866023 0.500004 0
    outer loop
      vertex 12.3436 25 1.6
      vertex 14.0468 22.05 3.99518
      vertex 14.0468 22.05 1.6
    endloop
  endfacet
  facet normal 0.866023 -0.500004 0
    outer loop
      vertex 12.3436 25 3.99518
      vertex 14.0468 27.95 1.6
      vertex 14.0468 27.95 3.99518
    endloop
  endfacet
  facet normal 0.866023 -0.500004 0
    outer loop
      vertex 14.0468 27.95 1.6
      vertex 12.3436 25 3.99518
      vertex 12.3436 25 1.6
    endloop
  endfacet
  facet normal 0.0981075 0.995176 -0
    outer loop
      vertex -15.75 23.3 0.00481606
      vertex -16.0817 23.3327 1.6
      vertex -15.75 23.3 1.6
    endloop
  endfacet
  facet normal 0.0981075 0.995176 0
    outer loop
      vertex -16.0817 23.3327 1.6
      vertex -15.75 23.3 0.00481606
      vertex -16.0817 23.3327 0.00481606
    endloop
  endfacet
  facet normal -0.773021 0.634381 0
    outer loop
      vertex -14.5479 23.7979 0.00481606
      vertex -14.3365 24.0555 1.6
      vertex -14.3365 24.0555 0.00481606
    endloop
  endfacet
  facet normal -0.773021 0.634381 0
    outer loop
      vertex -14.3365 24.0555 1.6
      vertex -14.5479 23.7979 0.00481606
      vertex -14.5479 23.7979 1.6
    endloop
  endfacet
  facet normal -0.956971 -0.290182 0
    outer loop
      vertex -14.0827 25.3317 0.00481606
      vertex -14.1794 25.6506 1.6
      vertex -14.1794 25.6506 0.00481606
    endloop
  endfacet
  facet normal -0.956971 -0.290182 0
    outer loop
      vertex -14.1794 25.6506 1.6
      vertex -14.0827 25.3317 0.00481606
      vertex -14.0827 25.3317 1.6
    endloop
  endfacet
  facet normal -0.995176 -0.0981075 0
    outer loop
      vertex -14.05 25 0.00481606
      vertex -14.0827 25.3317 1.6
      vertex -14.0827 25.3317 0.00481606
    endloop
  endfacet
  facet normal -0.995176 -0.0981075 0
    outer loop
      vertex -14.0827 25.3317 1.6
      vertex -14.05 25 0.00481606
      vertex -14.05 25 1.6
    endloop
  endfacet
  facet normal -0.881912 -0.471413 0
    outer loop
      vertex -14.1794 25.6506 0.00481606
      vertex -14.3365 25.9445 1.6
      vertex -14.3365 25.9445 0.00481606
    endloop
  endfacet
  facet normal -0.881912 -0.471413 0
    outer loop
      vertex -14.3365 25.9445 1.6
      vertex -14.1794 25.6506 0.00481606
      vertex -14.1794 25.6506 1.6
    endloop
  endfacet
  facet normal 0.881912 0.471413 0
    outer loop
      vertex -17.1635 24.0555 1.6
      vertex -17.3206 24.3494 0.00481606
      vertex -17.3206 24.3494 1.6
    endloop
  endfacet
  facet normal 0.881912 0.471413 0
    outer loop
      vertex -17.3206 24.3494 0.00481606
      vertex -17.1635 24.0555 1.6
      vertex -17.1635 24.0555 0.00481606
    endloop
  endfacet
  facet normal 0.290182 -0.956971 0
    outer loop
      vertex -16.4006 26.5706 0.00481606
      vertex -16.0817 26.6673 1.6
      vertex -16.4006 26.5706 1.6
    endloop
  endfacet
  facet normal 0.290182 -0.956971 0
    outer loop
      vertex -16.0817 26.6673 1.6
      vertex -16.4006 26.5706 0.00481606
      vertex -16.0817 26.6673 0.00481606
    endloop
  endfacet
  facet normal -0.995176 0.0981075 0
    outer loop
      vertex -14.0827 24.6683 0.00481606
      vertex -14.05 25 1.6
      vertex -14.05 25 0.00481606
    endloop
  endfacet
  facet normal -0.995176 0.0981075 0
    outer loop
      vertex -14.05 25 1.6
      vertex -14.0827 24.6683 0.00481606
      vertex -14.0827 24.6683 1.6
    endloop
  endfacet
  facet normal -0.290182 0.956971 0
    outer loop
      vertex -15.0994 23.4294 0.00481606
      vertex -15.4183 23.3327 1.6
      vertex -15.0994 23.4294 1.6
    endloop
  endfacet
  facet normal -0.290182 0.956971 0
    outer loop
      vertex -15.4183 23.3327 1.6
      vertex -15.0994 23.4294 0.00481606
      vertex -15.4183 23.3327 0.00481606
    endloop
  endfacet
  facet normal 0.995176 0.0981075 0
    outer loop
      vertex -17.4173 24.6683 1.6
      vertex -17.45 25 0.00481606
      vertex -17.45 25 1.6
    endloop
  endfacet
  facet normal 0.995176 0.0981075 0
    outer loop
      vertex -17.45 25 0.00481606
      vertex -17.4173 24.6683 1.6
      vertex -17.4173 24.6683 0.00481606
    endloop
  endfacet
  facet normal -0.0981075 -0.995176 0
    outer loop
      vertex -15.75 26.7 0.00481606
      vertex -15.4183 26.6673 1.6
      vertex -15.75 26.7 1.6
    endloop
  endfacet
  facet normal -0.0981075 -0.995176 -0
    outer loop
      vertex -15.4183 26.6673 1.6
      vertex -15.75 26.7 0.00481606
      vertex -15.4183 26.6673 0.00481606
    endloop
  endfacet
  facet normal -0.956971 0.290182 0
    outer loop
      vertex -14.1794 24.3494 0.00481606
      vertex -14.0827 24.6683 1.6
      vertex -14.0827 24.6683 0.00481606
    endloop
  endfacet
  facet normal -0.956971 0.290182 0
    outer loop
      vertex -14.0827 24.6683 1.6
      vertex -14.1794 24.3494 0.00481606
      vertex -14.1794 24.3494 1.6
    endloop
  endfacet
  facet normal 0.290182 0.956971 -0
    outer loop
      vertex -16.0817 23.3327 0.00481606
      vertex -16.4006 23.4294 1.6
      vertex -16.0817 23.3327 1.6
    endloop
  endfacet
  facet normal 0.290182 0.956971 0
    outer loop
      vertex -16.4006 23.4294 1.6
      vertex -16.0817 23.3327 0.00481606
      vertex -16.4006 23.4294 0.00481606
    endloop
  endfacet
  facet normal 0.995176 -0.0981075 0
    outer loop
      vertex -17.45 25 1.6
      vertex -17.4173 25.3317 0.00481606
      vertex -17.4173 25.3317 1.6
    endloop
  endfacet
  facet normal 0.995176 -0.0981075 0
    outer loop
      vertex -17.4173 25.3317 0.00481606
      vertex -17.45 25 1.6
      vertex -17.45 25 0.00481606
    endloop
  endfacet
  facet normal -0.290182 -0.956971 0
    outer loop
      vertex -15.4183 26.6673 0.00481606
      vertex -15.0994 26.5706 1.6
      vertex -15.4183 26.6673 1.6
    endloop
  endfacet
  facet normal -0.290182 -0.956971 -0
    outer loop
      vertex -15.0994 26.5706 1.6
      vertex -15.4183 26.6673 0.00481606
      vertex -15.0994 26.5706 0.00481606
    endloop
  endfacet
  facet normal 0.0981075 -0.995176 0
    outer loop
      vertex -16.0817 26.6673 0.00481606
      vertex -15.75 26.7 1.6
      vertex -16.0817 26.6673 1.6
    endloop
  endfacet
  facet normal 0.0981075 -0.995176 0
    outer loop
      vertex -15.75 26.7 1.6
      vertex -16.0817 26.6673 0.00481606
      vertex -15.75 26.7 0.00481606
    endloop
  endfacet
  facet normal 0.956971 -0.290182 0
    outer loop
      vertex -17.4173 25.3317 1.6
      vertex -17.3206 25.6506 0.00481606
      vertex -17.3206 25.6506 1.6
    endloop
  endfacet
  facet normal 0.956971 -0.290182 0
    outer loop
      vertex -17.3206 25.6506 0.00481606
      vertex -17.4173 25.3317 1.6
      vertex -17.4173 25.3317 0.00481606
    endloop
  endfacet
  facet normal 0.634381 -0.773021 0
    outer loop
      vertex -16.9521 26.2021 0.00481606
      vertex -16.6945 26.4135 1.6
      vertex -16.9521 26.2021 1.6
    endloop
  endfacet
  facet normal 0.634381 -0.773021 0
    outer loop
      vertex -16.6945 26.4135 1.6
      vertex -16.9521 26.2021 0.00481606
      vertex -16.6945 26.4135 0.00481606
    endloop
  endfacet
  facet normal -0.773021 -0.634381 0
    outer loop
      vertex -14.3365 25.9445 0.00481606
      vertex -14.5479 26.2021 1.6
      vertex -14.5479 26.2021 0.00481606
    endloop
  endfacet
  facet normal -0.773021 -0.634381 0
    outer loop
      vertex -14.5479 26.2021 1.6
      vertex -14.3365 25.9445 0.00481606
      vertex -14.3365 25.9445 1.6
    endloop
  endfacet
  facet normal 0.471413 -0.881912 0
    outer loop
      vertex -16.6945 26.4135 0.00481606
      vertex -16.4006 26.5706 1.6
      vertex -16.6945 26.4135 1.6
    endloop
  endfacet
  facet normal 0.471413 -0.881912 0
    outer loop
      vertex -16.4006 26.5706 1.6
      vertex -16.6945 26.4135 0.00481606
      vertex -16.4006 26.5706 0.00481606
    endloop
  endfacet
  facet normal -0.471413 0.881912 0
    outer loop
      vertex -14.8055 23.5865 0.00481606
      vertex -15.0994 23.4294 1.6
      vertex -14.8055 23.5865 1.6
    endloop
  endfacet
  facet normal -0.471413 0.881912 0
    outer loop
      vertex -15.0994 23.4294 1.6
      vertex -14.8055 23.5865 0.00481606
      vertex -15.0994 23.4294 0.00481606
    endloop
  endfacet
  facet normal -0.881912 0.471413 0
    outer loop
      vertex -14.3365 24.0555 0.00481606
      vertex -14.1794 24.3494 1.6
      vertex -14.1794 24.3494 0.00481606
    endloop
  endfacet
  facet normal -0.881912 0.471413 0
    outer loop
      vertex -14.1794 24.3494 1.6
      vertex -14.3365 24.0555 0.00481606
      vertex -14.3365 24.0555 1.6
    endloop
  endfacet
  facet normal -0.634381 -0.773021 0
    outer loop
      vertex -14.8055 26.4135 0.00481606
      vertex -14.5479 26.2021 1.6
      vertex -14.8055 26.4135 1.6
    endloop
  endfacet
  facet normal -0.634381 -0.773021 -0
    outer loop
      vertex -14.5479 26.2021 1.6
      vertex -14.8055 26.4135 0.00481606
      vertex -14.5479 26.2021 0.00481606
    endloop
  endfacet
  facet normal -0.634381 0.773021 0
    outer loop
      vertex -14.5479 23.7979 0.00481606
      vertex -14.8055 23.5865 1.6
      vertex -14.5479 23.7979 1.6
    endloop
  endfacet
  facet normal -0.634381 0.773021 0
    outer loop
      vertex -14.8055 23.5865 1.6
      vertex -14.5479 23.7979 0.00481606
      vertex -14.8055 23.5865 0.00481606
    endloop
  endfacet
  facet normal -0.471413 -0.881912 0
    outer loop
      vertex -15.0994 26.5706 0.00481606
      vertex -14.8055 26.4135 1.6
      vertex -15.0994 26.5706 1.6
    endloop
  endfacet
  facet normal -0.471413 -0.881912 -0
    outer loop
      vertex -14.8055 26.4135 1.6
      vertex -15.0994 26.5706 0.00481606
      vertex -14.8055 26.4135 0.00481606
    endloop
  endfacet
  facet normal -0.0981075 0.995176 0
    outer loop
      vertex -15.4183 23.3327 0.00481606
      vertex -15.75 23.3 1.6
      vertex -15.4183 23.3327 1.6
    endloop
  endfacet
  facet normal -0.0981075 0.995176 0
    outer loop
      vertex -15.75 23.3 1.6
      vertex -15.4183 23.3327 0.00481606
      vertex -15.75 23.3 0.00481606
    endloop
  endfacet
  facet normal 0.956971 0.290182 0
    outer loop
      vertex -17.3206 24.3494 1.6
      vertex -17.4173 24.6683 0.00481606
      vertex -17.4173 24.6683 1.6
    endloop
  endfacet
  facet normal 0.956971 0.290182 0
    outer loop
      vertex -17.4173 24.6683 0.00481606
      vertex -17.3206 24.3494 1.6
      vertex -17.3206 24.3494 0.00481606
    endloop
  endfacet
  facet normal 0.773021 -0.634381 0
    outer loop
      vertex -17.1635 25.9445 1.6
      vertex -16.9521 26.2021 0.00481606
      vertex -16.9521 26.2021 1.6
    endloop
  endfacet
  facet normal 0.773021 -0.634381 0
    outer loop
      vertex -16.9521 26.2021 0.00481606
      vertex -17.1635 25.9445 1.6
      vertex -17.1635 25.9445 0.00481606
    endloop
  endfacet
  facet normal 0.773021 0.634381 0
    outer loop
      vertex -16.9521 23.7979 1.6
      vertex -17.1635 24.0555 0.00481606
      vertex -17.1635 24.0555 1.6
    endloop
  endfacet
  facet normal 0.773021 0.634381 0
    outer loop
      vertex -17.1635 24.0555 0.00481606
      vertex -16.9521 23.7979 1.6
      vertex -16.9521 23.7979 0.00481606
    endloop
  endfacet
  facet normal 0.634381 0.773021 -0
    outer loop
      vertex -16.6945 23.5865 0.00481606
      vertex -16.9521 23.7979 1.6
      vertex -16.6945 23.5865 1.6
    endloop
  endfacet
  facet normal 0.634381 0.773021 0
    outer loop
      vertex -16.9521 23.7979 1.6
      vertex -16.6945 23.5865 0.00481606
      vertex -16.9521 23.7979 0.00481606
    endloop
  endfacet
  facet normal 0.471413 0.881912 -0
    outer loop
      vertex -16.4006 23.4294 0.00481606
      vertex -16.6945 23.5865 1.6
      vertex -16.4006 23.4294 1.6
    endloop
  endfacet
  facet normal 0.471413 0.881912 0
    outer loop
      vertex -16.6945 23.5865 1.6
      vertex -16.4006 23.4294 0.00481606
      vertex -16.6945 23.5865 0.00481606
    endloop
  endfacet
  facet normal 0.881912 -0.471413 0
    outer loop
      vertex -17.3206 25.6506 1.6
      vertex -17.1635 25.9445 0.00481606
      vertex -17.1635 25.9445 1.6
    endloop
  endfacet
  facet normal 0.881912 -0.471413 0
    outer loop
      vertex -17.1635 25.9445 0.00481606
      vertex -17.3206 25.6506 1.6
      vertex -17.3206 25.6506 0.00481606
    endloop
  endfacet
  facet normal 0 1 -0
    outer loop
      vertex -14.0468 22.05 1.6
      vertex -17.4532 22.05 3.99518
      vertex -14.0468 22.05 3.99518
    endloop
  endfacet
  facet normal 0 1 0
    outer loop
      vertex -17.4532 22.05 3.99518
      vertex -14.0468 22.05 1.6
      vertex -17.4532 22.05 1.6
    endloop
  endfacet
  facet normal 0 -1 0
    outer loop
      vertex -17.4532 27.95 1.6
      vertex -14.0468 27.95 3.99518
      vertex -17.4532 27.95 3.99518
    endloop
  endfacet
  facet normal 0 -1 -0
    outer loop
      vertex -14.0468 27.95 3.99518
      vertex -17.4532 27.95 1.6
      vertex -14.0468 27.95 1.6
    endloop
  endfacet
  facet normal -0.866023 -0.500004 0
    outer loop
      vertex -12.3436 25 1.6
      vertex -14.0468 27.95 3.99518
      vertex -14.0468 27.95 1.6
    endloop
  endfacet
  facet normal -0.866023 -0.500004 0
    outer loop
      vertex -14.0468 27.95 3.99518
      vertex -12.3436 25 1.6
      vertex -12.3436 25 3.99518
    endloop
  endfacet
  facet normal -0 0 1
    outer loop
      vertex -14.3365 25.9445 1.6
      vertex -12.3436 25 1.6
      vertex -14.0468 27.95 1.6
    endloop
  endfacet
  facet normal 0 0 1
    outer loop
      vertex -14.0827 24.6683 1.6
      vertex -12.3436 25 1.6
      vertex -14.05 25 1.6
    endloop
  endfacet
  facet normal 0 0 1
    outer loop
      vertex -12.3436 25 1.6
      vertex -14.0827 25.3317 1.6
      vertex -14.05 25 1.6
    endloop
  endfacet
  facet normal 0 0 1
    outer loop
      vertex -12.3436 25 1.6
      vertex -14.1794 25.6506 1.6
      vertex -14.0827 25.3317 1.6
    endloop
  endfacet
  facet normal 0 0 1
    outer loop
      vertex -12.3436 25 1.6
      vertex -14.3365 25.9445 1.6
      vertex -14.1794 25.6506 1.6
    endloop
  endfacet
  facet normal 0 0 1
    outer loop
      vertex -14.0468 27.95 1.6
      vertex -14.5479 26.2021 1.6
      vertex -14.3365 25.9445 1.6
    endloop
  endfacet
  facet normal 0 0 1
    outer loop
      vertex -14.0468 27.95 1.6
      vertex -14.8055 26.4135 1.6
      vertex -14.5479 26.2021 1.6
    endloop
  endfacet
  facet normal 0 0 1
    outer loop
      vertex -14.0468 27.95 1.6
      vertex -15.0994 26.5706 1.6
      vertex -14.8055 26.4135 1.6
    endloop
  endfacet
  facet normal 0 0 1
    outer loop
      vertex -14.0468 27.95 1.6
      vertex -15.4183 26.6673 1.6
      vertex -15.0994 26.5706 1.6
    endloop
  endfacet
  facet normal 0 0 1
    outer loop
      vertex -14.0468 27.95 1.6
      vertex -15.75 26.7 1.6
      vertex -15.4183 26.6673 1.6
    endloop
  endfacet
  facet normal -0 0 1
    outer loop
      vertex -17.4532 27.95 1.6
      vertex -15.75 26.7 1.6
      vertex -14.0468 27.95 1.6
    endloop
  endfacet
  facet normal 0 0 1
    outer loop
      vertex -15.75 26.7 1.6
      vertex -17.4532 27.95 1.6
      vertex -16.0817 26.6673 1.6
    endloop
  endfacet
  facet normal 0 0 1
    outer loop
      vertex -16.0817 26.6673 1.6
      vertex -17.4532 27.95 1.6
      vertex -16.4006 26.5706 1.6
    endloop
  endfacet
  facet normal 0 0 1
    outer loop
      vertex -17.3206 25.6506 1.6
      vertex -19.1564 25 1.6
      vertex -17.4173 25.3317 1.6
    endloop
  endfacet
  facet normal 0 0 1
    outer loop
      vertex -17.1635 25.9445 1.6
      vertex -19.1564 25 1.6
      vertex -17.3206 25.6506 1.6
    endloop
  endfacet
  facet normal 0 0 1
    outer loop
      vertex -19.1564 25 1.6
      vertex -17.1635 25.9445 1.6
      vertex -17.4532 27.95 1.6
    endloop
  endfacet
  facet normal 0 0 1
    outer loop
      vertex -16.9521 26.2021 1.6
      vertex -17.4532 27.95 1.6
      vertex -17.1635 25.9445 1.6
    endloop
  endfacet
  facet normal 0 0 1
    outer loop
      vertex -16.6945 26.4135 1.6
      vertex -17.4532 27.95 1.6
      vertex -16.9521 26.2021 1.6
    endloop
  endfacet
  facet normal 0 0 1
    outer loop
      vertex -16.4006 26.5706 1.6
      vertex -17.4532 27.95 1.6
      vertex -16.6945 26.4135 1.6
    endloop
  endfacet
  facet normal 0 0 1
    outer loop
      vertex -14.1794 24.3494 1.6
      vertex -12.3436 25 1.6
      vertex -14.0827 24.6683 1.6
    endloop
  endfacet
  facet normal 0 0 1
    outer loop
      vertex -14.3365 24.0555 1.6
      vertex -12.3436 25 1.6
      vertex -14.1794 24.3494 1.6
    endloop
  endfacet
  facet normal 0 0 1
    outer loop
      vertex -12.3436 25 1.6
      vertex -14.3365 24.0555 1.6
      vertex -14.0468 22.05 1.6
    endloop
  endfacet
  facet normal -0 0 1
    outer loop
      vertex -14.5479 23.7979 1.6
      vertex -14.0468 22.05 1.6
      vertex -14.3365 24.0555 1.6
    endloop
  endfacet
  facet normal -0 0 1
    outer loop
      vertex -14.8055 23.5865 1.6
      vertex -14.0468 22.05 1.6
      vertex -14.5479 23.7979 1.6
    endloop
  endfacet
  facet normal -0 0 1
    outer loop
      vertex -15.0994 23.4294 1.6
      vertex -14.0468 22.05 1.6
      vertex -14.8055 23.5865 1.6
    endloop
  endfacet
  facet normal -0 0 1
    outer loop
      vertex -15.4183 23.3327 1.6
      vertex -14.0468 22.05 1.6
      vertex -15.0994 23.4294 1.6
    endloop
  endfacet
  facet normal -0 0 1
    outer loop
      vertex -15.75 23.3 1.6
      vertex -14.0468 22.05 1.6
      vertex -15.4183 23.3327 1.6
    endloop
  endfacet
  facet normal 0 0 1
    outer loop
      vertex -17.4532 22.05 1.6
      vertex -15.75 23.3 1.6
      vertex -16.0817 23.3327 1.6
    endloop
  endfacet
  facet normal 0 0 1
    outer loop
      vertex -17.4532 22.05 1.6
      vertex -16.0817 23.3327 1.6
      vertex -16.4006 23.4294 1.6
    endloop
  endfacet
  facet normal 0 0 1
    outer loop
      vertex -17.4532 22.05 1.6
      vertex -16.4006 23.4294 1.6
      vertex -16.6945 23.5865 1.6
    endloop
  endfacet
  facet normal 0 0 1
    outer loop
      vertex -15.75 23.3 1.6
      vertex -17.4532 22.05 1.6
      vertex -14.0468 22.05 1.6
    endloop
  endfacet
  facet normal 0 0 1
    outer loop
      vertex -16.9521 23.7979 1.6
      vertex -17.4532 22.05 1.6
      vertex -16.6945 23.5865 1.6
    endloop
  endfacet
  facet normal 0 0 1
    outer loop
      vertex -17.1635 24.0555 1.6
      vertex -17.4532 22.05 1.6
      vertex -16.9521 23.7979 1.6
    endloop
  endfacet
  facet normal 0 0 1
    outer loop
      vertex -19.1564 25 1.6
      vertex -17.1635 24.0555 1.6
      vertex -17.3206 24.3494 1.6
    endloop
  endfacet
  facet normal 0 0 1
    outer loop
      vertex -19.1564 25 1.6
      vertex -17.3206 24.3494 1.6
      vertex -17.4173 24.6683 1.6
    endloop
  endfacet
  facet normal -0 0 1
    outer loop
      vertex -19.1564 25 1.6
      vertex -17.4173 24.6683 1.6
      vertex -17.45 25 1.6
    endloop
  endfacet
  facet normal 0 0 1
    outer loop
      vertex -17.4173 25.3317 1.6
      vertex -19.1564 25 1.6
      vertex -17.45 25 1.6
    endloop
  endfacet
  facet normal 0 0 1
    outer loop
      vertex -17.1635 24.0555 1.6
      vertex -19.1564 25 1.6
      vertex -17.4532 22.05 1.6
    endloop
  endfacet
  facet normal -0.866023 0.500004 0
    outer loop
      vertex -14.0468 22.05 1.6
      vertex -12.3436 25 3.99518
      vertex -12.3436 25 1.6
    endloop
  endfacet
  facet normal -0.866023 0.500004 0
    outer loop
      vertex -12.3436 25 3.99518
      vertex -14.0468 22.05 1.6
      vertex -14.0468 22.05 3.99518
    endloop
  endfacet
  facet normal 0.866023 0.500004 0
    outer loop
      vertex -17.4532 22.05 3.99518
      vertex -19.1564 25 1.6
      vertex -19.1564 25 3.99518
    endloop
  endfacet
  facet normal 0.866023 0.500004 0
    outer loop
      vertex -19.1564 25 1.6
      vertex -17.4532 22.05 3.99518
      vertex -17.4532 22.05 1.6
    endloop
  endfacet
  facet normal 0.866023 -0.500004 0
    outer loop
      vertex -19.1564 25 3.99518
      vertex -17.4532 27.95 1.6
      vertex -17.4532 27.95 3.99518
    endloop
  endfacet
  facet normal 0.866023 -0.500004 0
    outer loop
      vertex -17.4532 27.95 1.6
      vertex -19.1564 25 3.99518
      vertex -19.1564 25 1.6
    endloop
  endfacet
  facet normal 0.956971 -0.290182 0
    outer loop
      vertex 14.0827 -24.6683 1.6
      vertex 14.1794 -24.3494 0.00481606
      vertex 14.1794 -24.3494 1.6
    endloop
  endfacet
  facet normal 0.956971 -0.290182 0
    outer loop
      vertex 14.1794 -24.3494 0.00481606
      vertex 14.0827 -24.6683 1.6
      vertex 14.0827 -24.6683 0.00481606
    endloop
  endfacet
  facet normal -0.956971 -0.290182 0
    outer loop
      vertex 17.4173 -24.6683 0.00481606
      vertex 17.3206 -24.3494 1.6
      vertex 17.3206 -24.3494 0.00481606
    endloop
  endfacet
  facet normal -0.956971 -0.290182 0
    outer loop
      vertex 17.3206 -24.3494 1.6
      vertex 17.4173 -24.6683 0.00481606
      vertex 17.4173 -24.6683 1.6
    endloop
  endfacet
  facet normal -0.995176 -0.0981075 0
    outer loop
      vertex 17.45 -25 0.00481606
      vertex 17.4173 -24.6683 1.6
      vertex 17.4173 -24.6683 0.00481606
    endloop
  endfacet
  facet normal -0.995176 -0.0981075 0
    outer loop
      vertex 17.4173 -24.6683 1.6
      vertex 17.45 -25 0.00481606
      vertex 17.45 -25 1.6
    endloop
  endfacet
  facet normal -0.881912 -0.471413 0
    outer loop
      vertex 17.3206 -24.3494 0.00481606
      vertex 17.1635 -24.0555 1.6
      vertex 17.1635 -24.0555 0.00481606
    endloop
  endfacet
  facet normal -0.881912 -0.471413 0
    outer loop
      vertex 17.1635 -24.0555 1.6
      vertex 17.3206 -24.3494 0.00481606
      vertex 17.3206 -24.3494 1.6
    endloop
  endfacet
  facet normal 0.634381 -0.773021 0
    outer loop
      vertex 14.5479 -23.7979 0.00481606
      vertex 14.8055 -23.5865 1.6
      vertex 14.5479 -23.7979 1.6
    endloop
  endfacet
  facet normal 0.634381 -0.773021 0
    outer loop
      vertex 14.8055 -23.5865 1.6
      vertex 14.5479 -23.7979 0.00481606
      vertex 14.8055 -23.5865 0.00481606
    endloop
  endfacet
  facet normal 0.773021 -0.634381 0
    outer loop
      vertex 14.3365 -24.0555 1.6
      vertex 14.5479 -23.7979 0.00481606
      vertex 14.5479 -23.7979 1.6
    endloop
  endfacet
  facet normal 0.773021 -0.634381 0
    outer loop
      vertex 14.5479 -23.7979 0.00481606
      vertex 14.3365 -24.0555 1.6
      vertex 14.3365 -24.0555 0.00481606
    endloop
  endfacet
  facet normal -0.0981075 -0.995176 0
    outer loop
      vertex 15.75 -23.3 0.00481606
      vertex 16.0817 -23.3327 1.6
      vertex 15.75 -23.3 1.6
    endloop
  endfacet
  facet normal -0.0981075 -0.995176 -0
    outer loop
      vertex 16.0817 -23.3327 1.6
      vertex 15.75 -23.3 0.00481606
      vertex 16.0817 -23.3327 0.00481606
    endloop
  endfacet
  facet normal 0.881912 0.471413 0
    outer loop
      vertex 14.3365 -25.9445 1.6
      vertex 14.1794 -25.6506 0.00481606
      vertex 14.1794 -25.6506 1.6
    endloop
  endfacet
  facet normal 0.881912 0.471413 0
    outer loop
      vertex 14.1794 -25.6506 0.00481606
      vertex 14.3365 -25.9445 1.6
      vertex 14.3365 -25.9445 0.00481606
    endloop
  endfacet
  facet normal -0.773021 -0.634381 0
    outer loop
      vertex 17.1635 -24.0555 0.00481606
      vertex 16.9521 -23.7979 1.6
      vertex 16.9521 -23.7979 0.00481606
    endloop
  endfacet
  facet normal -0.773021 -0.634381 0
    outer loop
      vertex 16.9521 -23.7979 1.6
      vertex 17.1635 -24.0555 0.00481606
      vertex 17.1635 -24.0555 1.6
    endloop
  endfacet
  facet normal -0.881912 0.471413 0
    outer loop
      vertex 17.1635 -25.9445 0.00481606
      vertex 17.3206 -25.6506 1.6
      vertex 17.3206 -25.6506 0.00481606
    endloop
  endfacet
  facet normal -0.881912 0.471413 0
    outer loop
      vertex 17.3206 -25.6506 1.6
      vertex 17.1635 -25.9445 0.00481606
      vertex 17.1635 -25.9445 1.6
    endloop
  endfacet
  facet normal -0.290182 0.956971 0
    outer loop
      vertex 16.4006 -26.5706 0.00481606
      vertex 16.0817 -26.6673 1.6
      vertex 16.4006 -26.5706 1.6
    endloop
  endfacet
  facet normal -0.290182 0.956971 0
    outer loop
      vertex 16.0817 -26.6673 1.6
      vertex 16.4006 -26.5706 0.00481606
      vertex 16.0817 -26.6673 0.00481606
    endloop
  endfacet
  facet normal 0.471413 -0.881912 0
    outer loop
      vertex 14.8055 -23.5865 0.00481606
      vertex 15.0994 -23.4294 1.6
      vertex 14.8055 -23.5865 1.6
    endloop
  endfacet
  facet normal 0.471413 -0.881912 0
    outer loop
      vertex 15.0994 -23.4294 1.6
      vertex 14.8055 -23.5865 0.00481606
      vertex 15.0994 -23.4294 0.00481606
    endloop
  endfacet
  facet normal -0.471413 -0.881912 0
    outer loop
      vertex 16.4006 -23.4294 0.00481606
      vertex 16.6945 -23.5865 1.6
      vertex 16.4006 -23.4294 1.6
    endloop
  endfacet
  facet normal -0.471413 -0.881912 -0
    outer loop
      vertex 16.6945 -23.5865 1.6
      vertex 16.4006 -23.4294 0.00481606
      vertex 16.6945 -23.5865 0.00481606
    endloop
  endfacet
  facet normal -0.956971 0.290182 0
    outer loop
      vertex 17.3206 -25.6506 0.00481606
      vertex 17.4173 -25.3317 1.6
      vertex 17.4173 -25.3317 0.00481606
    endloop
  endfacet
  facet normal -0.956971 0.290182 0
    outer loop
      vertex 17.4173 -25.3317 1.6
      vertex 17.3206 -25.6506 0.00481606
      vertex 17.3206 -25.6506 1.6
    endloop
  endfacet
  facet normal -0.471413 0.881912 0
    outer loop
      vertex 16.6945 -26.4135 0.00481606
      vertex 16.4006 -26.5706 1.6
      vertex 16.6945 -26.4135 1.6
    endloop
  endfacet
  facet normal -0.471413 0.881912 0
    outer loop
      vertex 16.4006 -26.5706 1.6
      vertex 16.6945 -26.4135 0.00481606
      vertex 16.4006 -26.5706 0.00481606
    endloop
  endfacet
  facet normal 0.634381 0.773021 -0
    outer loop
      vertex 14.8055 -26.4135 0.00481606
      vertex 14.5479 -26.2021 1.6
      vertex 14.8055 -26.4135 1.6
    endloop
  endfacet
  facet normal 0.634381 0.773021 0
    outer loop
      vertex 14.5479 -26.2021 1.6
      vertex 14.8055 -26.4135 0.00481606
      vertex 14.5479 -26.2021 0.00481606
    endloop
  endfacet
  facet normal -0.290182 -0.956971 0
    outer loop
      vertex 16.0817 -23.3327 0.00481606
      vertex 16.4006 -23.4294 1.6
      vertex 16.0817 -23.3327 1.6
    endloop
  endfacet
  facet normal -0.290182 -0.956971 -0
    outer loop
      vertex 16.4006 -23.4294 1.6
      vertex 16.0817 -23.3327 0.00481606
      vertex 16.4006 -23.4294 0.00481606
    endloop
  endfacet
  facet normal 0.290182 0.956971 -0
    outer loop
      vertex 15.4183 -26.6673 0.00481606
      vertex 15.0994 -26.5706 1.6
      vertex 15.4183 -26.6673 1.6
    endloop
  endfacet
  facet normal 0.290182 0.956971 0
    outer loop
      vertex 15.0994 -26.5706 1.6
      vertex 15.4183 -26.6673 0.00481606
      vertex 15.0994 -26.5706 0.00481606
    endloop
  endfacet
  facet normal -0.995176 0.0981075 0
    outer loop
      vertex 17.4173 -25.3317 0.00481606
      vertex 17.45 -25 1.6
      vertex 17.45 -25 0.00481606
    endloop
  endfacet
  facet normal -0.995176 0.0981075 0
    outer loop
      vertex 17.45 -25 1.6
      vertex 17.4173 -25.3317 0.00481606
      vertex 17.4173 -25.3317 1.6
    endloop
  endfacet
  facet normal -0.0981075 0.995176 0
    outer loop
      vertex 16.0817 -26.6673 0.00481606
      vertex 15.75 -26.7 1.6
      vertex 16.0817 -26.6673 1.6
    endloop
  endfacet
  facet normal -0.0981075 0.995176 0
    outer loop
      vertex 15.75 -26.7 1.6
      vertex 16.0817 -26.6673 0.00481606
      vertex 15.75 -26.7 0.00481606
    endloop
  endfacet
  facet normal -0.634381 0.773021 0
    outer loop
      vertex 16.9521 -26.2021 0.00481606
      vertex 16.6945 -26.4135 1.6
      vertex 16.9521 -26.2021 1.6
    endloop
  endfacet
  facet normal -0.634381 0.773021 0
    outer loop
      vertex 16.6945 -26.4135 1.6
      vertex 16.9521 -26.2021 0.00481606
      vertex 16.6945 -26.4135 0.00481606
    endloop
  endfacet
  facet normal 0.290182 -0.956971 0
    outer loop
      vertex 15.0994 -23.4294 0.00481606
      vertex 15.4183 -23.3327 1.6
      vertex 15.0994 -23.4294 1.6
    endloop
  endfacet
  facet normal 0.290182 -0.956971 0
    outer loop
      vertex 15.4183 -23.3327 1.6
      vertex 15.0994 -23.4294 0.00481606
      vertex 15.4183 -23.3327 0.00481606
    endloop
  endfacet
  facet normal -0.634381 -0.773021 0
    outer loop
      vertex 16.6945 -23.5865 0.00481606
      vertex 16.9521 -23.7979 1.6
      vertex 16.6945 -23.5865 1.6
    endloop
  endfacet
  facet normal -0.634381 -0.773021 -0
    outer loop
      vertex 16.9521 -23.7979 1.6
      vertex 16.6945 -23.5865 0.00481606
      vertex 16.9521 -23.7979 0.00481606
    endloop
  endfacet
  facet normal 0.0981075 0.995176 -0
    outer loop
      vertex 15.75 -26.7 0.00481606
      vertex 15.4183 -26.6673 1.6
      vertex 15.75 -26.7 1.6
    endloop
  endfacet
  facet normal 0.0981075 0.995176 0
    outer loop
      vertex 15.4183 -26.6673 1.6
      vertex 15.75 -26.7 0.00481606
      vertex 15.4183 -26.6673 0.00481606
    endloop
  endfacet
  facet normal 0.0981075 -0.995176 0
    outer loop
      vertex 15.4183 -23.3327 0.00481606
      vertex 15.75 -23.3 1.6
      vertex 15.4183 -23.3327 1.6
    endloop
  endfacet
  facet normal 0.0981075 -0.995176 0
    outer loop
      vertex 15.75 -23.3 1.6
      vertex 15.4183 -23.3327 0.00481606
      vertex 15.75 -23.3 0.00481606
    endloop
  endfacet
  facet normal 0.881912 -0.471413 0
    outer loop
      vertex 14.1794 -24.3494 1.6
      vertex 14.3365 -24.0555 0.00481606
      vertex 14.3365 -24.0555 1.6
    endloop
  endfacet
  facet normal 0.881912 -0.471413 0
    outer loop
      vertex 14.3365 -24.0555 0.00481606
      vertex 14.1794 -24.3494 1.6
      vertex 14.1794 -24.3494 0.00481606
    endloop
  endfacet
  facet normal 0.956971 0.290182 0
    outer loop
      vertex 14.1794 -25.6506 1.6
      vertex 14.0827 -25.3317 0.00481606
      vertex 14.0827 -25.3317 1.6
    endloop
  endfacet
  facet normal 0.956971 0.290182 0
    outer loop
      vertex 14.0827 -25.3317 0.00481606
      vertex 14.1794 -25.6506 1.6
      vertex 14.1794 -25.6506 0.00481606
    endloop
  endfacet
  facet normal 0.995176 0.0981075 0
    outer loop
      vertex 14.0827 -25.3317 1.6
      vertex 14.05 -25 0.00481606
      vertex 14.05 -25 1.6
    endloop
  endfacet
  facet normal 0.995176 0.0981075 0
    outer loop
      vertex 14.05 -25 0.00481606
      vertex 14.0827 -25.3317 1.6
      vertex 14.0827 -25.3317 0.00481606
    endloop
  endfacet
  facet normal 0.773021 0.634381 0
    outer loop
      vertex 14.5479 -26.2021 1.6
      vertex 14.3365 -25.9445 0.00481606
      vertex 14.3365 -25.9445 1.6
    endloop
  endfacet
  facet normal 0.773021 0.634381 0
    outer loop
      vertex 14.3365 -25.9445 0.00481606
      vertex 14.5479 -26.2021 1.6
      vertex 14.5479 -26.2021 0.00481606
    endloop
  endfacet
  facet normal 0.471413 0.881912 -0
    outer loop
      vertex 15.0994 -26.5706 0.00481606
      vertex 14.8055 -26.4135 1.6
      vertex 15.0994 -26.5706 1.6
    endloop
  endfacet
  facet normal 0.471413 0.881912 0
    outer loop
      vertex 14.8055 -26.4135 1.6
      vertex 15.0994 -26.5706 0.00481606
      vertex 14.8055 -26.4135 0.00481606
    endloop
  endfacet
  facet normal -0.773021 0.634381 0
    outer loop
      vertex 16.9521 -26.2021 0.00481606
      vertex 17.1635 -25.9445 1.6
      vertex 17.1635 -25.9445 0.00481606
    endloop
  endfacet
  facet normal -0.773021 0.634381 0
    outer loop
      vertex 17.1635 -25.9445 1.6
      vertex 16.9521 -26.2021 0.00481606
      vertex 16.9521 -26.2021 1.6
    endloop
  endfacet
  facet normal 0.995176 -0.0981075 0
    outer loop
      vertex 14.05 -25 1.6
      vertex 14.0827 -24.6683 0.00481606
      vertex 14.0827 -24.6683 1.6
    endloop
  endfacet
  facet normal 0.995176 -0.0981075 0
    outer loop
      vertex 14.0827 -24.6683 0.00481606
      vertex 14.05 -25 1.6
      vertex 14.05 -25 0.00481606
    endloop
  endfacet
  facet normal 0 1 -0
    outer loop
      vertex 17.4532 -27.95 1.6
      vertex 14.0468 -27.95 3.99518
      vertex 17.4532 -27.95 3.99518
    endloop
  endfacet
  facet normal 0 1 0
    outer loop
      vertex 14.0468 -27.95 3.99518
      vertex 17.4532 -27.95 1.6
      vertex 14.0468 -27.95 1.6
    endloop
  endfacet
  facet normal -0.866023 0.500004 0
    outer loop
      vertex 17.4532 -27.95 1.6
      vertex 19.1564 -25 3.99518
      vertex 19.1564 -25 1.6
    endloop
  endfacet
  facet normal -0.866023 0.500004 0
    outer loop
      vertex 19.1564 -25 3.99518
      vertex 17.4532 -27.95 1.6
      vertex 17.4532 -27.95 3.99518
    endloop
  endfacet
  facet normal 0 -1 0
    outer loop
      vertex 14.0468 -22.05 1.6
      vertex 17.4532 -22.05 3.99518
      vertex 14.0468 -22.05 3.99518
    endloop
  endfacet
  facet normal 0 -1 -0
    outer loop
      vertex 17.4532 -22.05 3.99518
      vertex 14.0468 -22.05 1.6
      vertex 17.4532 -22.05 1.6
    endloop
  endfacet
  facet normal -0.866023 -0.500004 0
    outer loop
      vertex 19.1564 -25 1.6
      vertex 17.4532 -22.05 3.99518
      vertex 17.4532 -22.05 1.6
    endloop
  endfacet
  facet normal -0.866023 -0.500004 0
    outer loop
      vertex 17.4532 -22.05 3.99518
      vertex 19.1564 -25 1.6
      vertex 19.1564 -25 3.99518
    endloop
  endfacet
  facet normal 0.866023 -0.500004 0
    outer loop
      vertex 12.3436 -25 3.99518
      vertex 14.0468 -22.05 1.6
      vertex 14.0468 -22.05 3.99518
    endloop
  endfacet
  facet normal 0.866023 -0.500004 0
    outer loop
      vertex 14.0468 -22.05 1.6
      vertex 12.3436 -25 3.99518
      vertex 12.3436 -25 1.6
    endloop
  endfacet
  facet normal 0.866023 0.500004 0
    outer loop
      vertex 14.0468 -27.95 3.99518
      vertex 12.3436 -25 1.6
      vertex 12.3436 -25 3.99518
    endloop
  endfacet
  facet normal 0.866023 0.500004 0
    outer loop
      vertex 12.3436 -25 1.6
      vertex 14.0468 -27.95 3.99518
      vertex 14.0468 -27.95 1.6
    endloop
  endfacet
  facet normal -0 0 1
    outer loop
      vertex 17.1635 -24.0555 1.6
      vertex 19.1564 -25 1.6
      vertex 17.4532 -22.05 1.6
    endloop
  endfacet
  facet normal 0 0 1
    outer loop
      vertex 17.4173 -25.3317 1.6
      vertex 19.1564 -25 1.6
      vertex 17.45 -25 1.6
    endloop
  endfacet
  facet normal 0 0 1
    outer loop
      vertex 19.1564 -25 1.6
      vertex 17.4173 -24.6683 1.6
      vertex 17.45 -25 1.6
    endloop
  endfacet
  facet normal 0 0 1
    outer loop
      vertex 19.1564 -25 1.6
      vertex 17.3206 -24.3494 1.6
      vertex 17.4173 -24.6683 1.6
    endloop
  endfacet
  facet normal 0 0 1
    outer loop
      vertex 19.1564 -25 1.6
      vertex 17.1635 -24.0555 1.6
      vertex 17.3206 -24.3494 1.6
    endloop
  endfacet
  facet normal 0 0 1
    outer loop
      vertex 17.4532 -22.05 1.6
      vertex 16.9521 -23.7979 1.6
      vertex 17.1635 -24.0555 1.6
    endloop
  endfacet
  facet normal 0 0 1
    outer loop
      vertex 17.4532 -22.05 1.6
      vertex 16.6945 -23.5865 1.6
      vertex 16.9521 -23.7979 1.6
    endloop
  endfacet
  facet normal 0 0 1
    outer loop
      vertex 17.4532 -22.05 1.6
      vertex 16.4006 -23.4294 1.6
      vertex 16.6945 -23.5865 1.6
    endloop
  endfacet
  facet normal 0 0 1
    outer loop
      vertex 17.4532 -22.05 1.6
      vertex 16.0817 -23.3327 1.6
      vertex 16.4006 -23.4294 1.6
    endloop
  endfacet
  facet normal 0 0 1
    outer loop
      vertex 17.4532 -22.05 1.6
      vertex 15.75 -23.3 1.6
      vertex 16.0817 -23.3327 1.6
    endloop
  endfacet
  facet normal -0 0 1
    outer loop
      vertex 14.0468 -22.05 1.6
      vertex 15.75 -23.3 1.6
      vertex 17.4532 -22.05 1.6
    endloop
  endfacet
  facet normal 0 0 1
    outer loop
      vertex 15.75 -23.3 1.6
      vertex 14.0468 -22.05 1.6
      vertex 15.4183 -23.3327 1.6
    endloop
  endfacet
  facet normal 0 0 1
    outer loop
      vertex 15.4183 -23.3327 1.6
      vertex 14.0468 -22.05 1.6
      vertex 15.0994 -23.4294 1.6
    endloop
  endfacet
  facet normal 0 0 1
    outer loop
      vertex 14.1794 -24.3494 1.6
      vertex 12.3436 -25 1.6
      vertex 14.0827 -24.6683 1.6
    endloop
  endfacet
  facet normal 0 0 1
    outer loop
      vertex 14.3365 -24.0555 1.6
      vertex 12.3436 -25 1.6
      vertex 14.1794 -24.3494 1.6
    endloop
  endfacet
  facet normal 0 0 1
    outer loop
      vertex 12.3436 -25 1.6
      vertex 14.3365 -24.0555 1.6
      vertex 14.0468 -22.05 1.6
    endloop
  endfacet
  facet normal 0 0 1
    outer loop
      vertex 14.5479 -23.7979 1.6
      vertex 14.0468 -22.05 1.6
      vertex 14.3365 -24.0555 1.6
    endloop
  endfacet
  facet normal 0 0 1
    outer loop
      vertex 14.8055 -23.5865 1.6
      vertex 14.0468 -22.05 1.6
      vertex 14.5479 -23.7979 1.6
    endloop
  endfacet
  facet normal 0 0 1
    outer loop
      vertex 15.0994 -23.4294 1.6
      vertex 14.0468 -22.05 1.6
      vertex 14.8055 -23.5865 1.6
    endloop
  endfacet
  facet normal 0 0 1
    outer loop
      vertex 17.3206 -25.6506 1.6
      vertex 19.1564 -25 1.6
      vertex 17.4173 -25.3317 1.6
    endloop
  endfacet
  facet normal 0 0 1
    outer loop
      vertex 17.1635 -25.9445 1.6
      vertex 19.1564 -25 1.6
      vertex 17.3206 -25.6506 1.6
    endloop
  endfacet
  facet normal 0 0 1
    outer loop
      vertex 19.1564 -25 1.6
      vertex 17.1635 -25.9445 1.6
      vertex 17.4532 -27.95 1.6
    endloop
  endfacet
  facet normal -0 0 1
    outer loop
      vertex 16.9521 -26.2021 1.6
      vertex 17.4532 -27.95 1.6
      vertex 17.1635 -25.9445 1.6
    endloop
  endfacet
  facet normal -0 0 1
    outer loop
      vertex 16.6945 -26.4135 1.6
      vertex 17.4532 -27.95 1.6
      vertex 16.9521 -26.2021 1.6
    endloop
  endfacet
  facet normal -0 0 1
    outer loop
      vertex 16.4006 -26.5706 1.6
      vertex 17.4532 -27.95 1.6
      vertex 16.6945 -26.4135 1.6
    endloop
  endfacet
  facet normal -0 0 1
    outer loop
      vertex 16.0817 -26.6673 1.6
      vertex 17.4532 -27.95 1.6
      vertex 16.4006 -26.5706 1.6
    endloop
  endfacet
  facet normal -0 0 1
    outer loop
      vertex 15.75 -26.7 1.6
      vertex 17.4532 -27.95 1.6
      vertex 16.0817 -26.6673 1.6
    endloop
  endfacet
  facet normal 0 0 1
    outer loop
      vertex 14.0468 -27.95 1.6
      vertex 15.75 -26.7 1.6
      vertex 15.4183 -26.6673 1.6
    endloop
  endfacet
  facet normal 0 0 1
    outer loop
      vertex 14.0468 -27.95 1.6
      vertex 15.4183 -26.6673 1.6
      vertex 15.0994 -26.5706 1.6
    endloop
  endfacet
  facet normal 0 0 1
    outer loop
      vertex 14.0468 -27.95 1.6
      vertex 15.0994 -26.5706 1.6
      vertex 14.8055 -26.4135 1.6
    endloop
  endfacet
  facet normal 0 0 1
    outer loop
      vertex 15.75 -26.7 1.6
      vertex 14.0468 -27.95 1.6
      vertex 17.4532 -27.95 1.6
    endloop
  endfacet
  facet normal 0 0 1
    outer loop
      vertex 14.5479 -26.2021 1.6
      vertex 14.0468 -27.95 1.6
      vertex 14.8055 -26.4135 1.6
    endloop
  endfacet
  facet normal 0 0 1
    outer loop
      vertex 14.3365 -25.9445 1.6
      vertex 14.0468 -27.95 1.6
      vertex 14.5479 -26.2021 1.6
    endloop
  endfacet
  facet normal 0 0 1
    outer loop
      vertex 12.3436 -25 1.6
      vertex 14.3365 -25.9445 1.6
      vertex 14.1794 -25.6506 1.6
    endloop
  endfacet
  facet normal 0 0 1
    outer loop
      vertex 12.3436 -25 1.6
      vertex 14.1794 -25.6506 1.6
      vertex 14.0827 -25.3317 1.6
    endloop
  endfacet
  facet normal -0 0 1
    outer loop
      vertex 12.3436 -25 1.6
      vertex 14.0827 -25.3317 1.6
      vertex 14.05 -25 1.6
    endloop
  endfacet
  facet normal 0 0 1
    outer loop
      vertex 14.0827 -24.6683 1.6
      vertex 12.3436 -25 1.6
      vertex 14.05 -25 1.6
    endloop
  endfacet
  facet normal 0 0 1
    outer loop
      vertex 14.3365 -25.9445 1.6
      vertex 12.3436 -25 1.6
      vertex 14.0468 -27.95 1.6
    endloop
  endfacet
  facet normal 0.956971 -0.290182 0
    outer loop
      vertex -17.4173 -24.6683 1.6
      vertex -17.3206 -24.3494 0.00481606
      vertex -17.3206 -24.3494 1.6
    endloop
  endfacet
  facet normal 0.956971 -0.290182 0
    outer loop
      vertex -17.3206 -24.3494 0.00481606
      vertex -17.4173 -24.6683 1.6
      vertex -17.4173 -24.6683 0.00481606
    endloop
  endfacet
  facet normal -0.0981075 0.995176 0
    outer loop
      vertex -15.4183 -26.6673 0.00481606
      vertex -15.75 -26.7 1.6
      vertex -15.4183 -26.6673 1.6
    endloop
  endfacet
  facet normal -0.0981075 0.995176 0
    outer loop
      vertex -15.75 -26.7 1.6
      vertex -15.4183 -26.6673 0.00481606
      vertex -15.75 -26.7 0.00481606
    endloop
  endfacet
  facet normal -0.956971 -0.290182 0
    outer loop
      vertex -14.0827 -24.6683 0.00481606
      vertex -14.1794 -24.3494 1.6
      vertex -14.1794 -24.3494 0.00481606
    endloop
  endfacet
  facet normal -0.956971 -0.290182 0
    outer loop
      vertex -14.1794 -24.3494 1.6
      vertex -14.0827 -24.6683 0.00481606
      vertex -14.0827 -24.6683 1.6
    endloop
  endfacet
  facet normal -0.995176 -0.0981075 0
    outer loop
      vertex -14.05 -25 0.00481606
      vertex -14.0827 -24.6683 1.6
      vertex -14.0827 -24.6683 0.00481606
    endloop
  endfacet
  facet normal -0.995176 -0.0981075 0
    outer loop
      vertex -14.0827 -24.6683 1.6
      vertex -14.05 -25 0.00481606
      vertex -14.05 -25 1.6
    endloop
  endfacet
  facet normal -0.881912 -0.471413 0
    outer loop
      vertex -14.1794 -24.3494 0.00481606
      vertex -14.3365 -24.0555 1.6
      vertex -14.3365 -24.0555 0.00481606
    endloop
  endfacet
  facet normal -0.881912 -0.471413 0
    outer loop
      vertex -14.3365 -24.0555 1.6
      vertex -14.1794 -24.3494 0.00481606
      vertex -14.1794 -24.3494 1.6
    endloop
  endfacet
  facet normal 0.634381 -0.773021 0
    outer loop
      vertex -16.9521 -23.7979 0.00481606
      vertex -16.6945 -23.5865 1.6
      vertex -16.9521 -23.7979 1.6
    endloop
  endfacet
  facet normal 0.634381 -0.773021 0
    outer loop
      vertex -16.6945 -23.5865 1.6
      vertex -16.9521 -23.7979 0.00481606
      vertex -16.6945 -23.5865 0.00481606
    endloop
  endfacet
  facet normal 0.773021 -0.634381 0
    outer loop
      vertex -17.1635 -24.0555 1.6
      vertex -16.9521 -23.7979 0.00481606
      vertex -16.9521 -23.7979 1.6
    endloop
  endfacet
  facet normal 0.773021 -0.634381 0
    outer loop
      vertex -16.9521 -23.7979 0.00481606
      vertex -17.1635 -24.0555 1.6
      vertex -17.1635 -24.0555 0.00481606
    endloop
  endfacet
  facet normal -0.0981075 -0.995176 0
    outer loop
      vertex -15.75 -23.3 0.00481606
      vertex -15.4183 -23.3327 1.6
      vertex -15.75 -23.3 1.6
    endloop
  endfacet
  facet normal -0.0981075 -0.995176 -0
    outer loop
      vertex -15.4183 -23.3327 1.6
      vertex -15.75 -23.3 0.00481606
      vertex -15.4183 -23.3327 0.00481606
    endloop
  endfacet
  facet normal 0.881912 0.471413 0
    outer loop
      vertex -17.1635 -25.9445 1.6
      vertex -17.3206 -25.6506 0.00481606
      vertex -17.3206 -25.6506 1.6
    endloop
  endfacet
  facet normal 0.881912 0.471413 0
    outer loop
      vertex -17.3206 -25.6506 0.00481606
      vertex -17.1635 -25.9445 1.6
      vertex -17.1635 -25.9445 0.00481606
    endloop
  endfacet
  facet normal -0.773021 -0.634381 0
    outer loop
      vertex -14.3365 -24.0555 0.00481606
      vertex -14.5479 -23.7979 1.6
      vertex -14.5479 -23.7979 0.00481606
    endloop
  endfacet
  facet normal -0.773021 -0.634381 0
    outer loop
      vertex -14.5479 -23.7979 1.6
      vertex -14.3365 -24.0555 0.00481606
      vertex -14.3365 -24.0555 1.6
    endloop
  endfacet
  facet normal -0.881912 0.471413 0
    outer loop
      vertex -14.3365 -25.9445 0.00481606
      vertex -14.1794 -25.6506 1.6
      vertex -14.1794 -25.6506 0.00481606
    endloop
  endfacet
  facet normal -0.881912 0.471413 0
    outer loop
      vertex -14.1794 -25.6506 1.6
      vertex -14.3365 -25.9445 0.00481606
      vertex -14.3365 -25.9445 1.6
    endloop
  endfacet
  facet normal -0.290182 0.956971 0
    outer loop
      vertex -15.0994 -26.5706 0.00481606
      vertex -15.4183 -26.6673 1.6
      vertex -15.0994 -26.5706 1.6
    endloop
  endfacet
  facet normal -0.290182 0.956971 0
    outer loop
      vertex -15.4183 -26.6673 1.6
      vertex -15.0994 -26.5706 0.00481606
      vertex -15.4183 -26.6673 0.00481606
    endloop
  endfacet
  facet normal 0.471413 -0.881912 0
    outer loop
      vertex -16.6945 -23.5865 0.00481606
      vertex -16.4006 -23.4294 1.6
      vertex -16.6945 -23.5865 1.6
    endloop
  endfacet
  facet normal 0.471413 -0.881912 0
    outer loop
      vertex -16.4006 -23.4294 1.6
      vertex -16.6945 -23.5865 0.00481606
      vertex -16.4006 -23.4294 0.00481606
    endloop
  endfacet
  facet normal -0.471413 -0.881912 0
    outer loop
      vertex -15.0994 -23.4294 0.00481606
      vertex -14.8055 -23.5865 1.6
      vertex -15.0994 -23.4294 1.6
    endloop
  endfacet
  facet normal -0.471413 -0.881912 -0
    outer loop
      vertex -14.8055 -23.5865 1.6
      vertex -15.0994 -23.4294 0.00481606
      vertex -14.8055 -23.5865 0.00481606
    endloop
  endfacet
  facet normal -0.956971 0.290182 0
    outer loop
      vertex -14.1794 -25.6506 0.00481606
      vertex -14.0827 -25.3317 1.6
      vertex -14.0827 -25.3317 0.00481606
    endloop
  endfacet
  facet normal -0.956971 0.290182 0
    outer loop
      vertex -14.0827 -25.3317 1.6
      vertex -14.1794 -25.6506 0.00481606
      vertex -14.1794 -25.6506 1.6
    endloop
  endfacet
  facet normal -0.471413 0.881912 0
    outer loop
      vertex -14.8055 -26.4135 0.00481606
      vertex -15.0994 -26.5706 1.6
      vertex -14.8055 -26.4135 1.6
    endloop
  endfacet
  facet normal -0.471413 0.881912 0
    outer loop
      vertex -15.0994 -26.5706 1.6
      vertex -14.8055 -26.4135 0.00481606
      vertex -15.0994 -26.5706 0.00481606
    endloop
  endfacet
  facet normal 0.634381 0.773021 -0
    outer loop
      vertex -16.6945 -26.4135 0.00481606
      vertex -16.9521 -26.2021 1.6
      vertex -16.6945 -26.4135 1.6
    endloop
  endfacet
  facet normal 0.634381 0.773021 0
    outer loop
      vertex -16.9521 -26.2021 1.6
      vertex -16.6945 -26.4135 0.00481606
      vertex -16.9521 -26.2021 0.00481606
    endloop
  endfacet
  facet normal -0.290182 -0.956971 0
    outer loop
      vertex -15.4183 -23.3327 0.00481606
      vertex -15.0994 -23.4294 1.6
      vertex -15.4183 -23.3327 1.6
    endloop
  endfacet
  facet normal -0.290182 -0.956971 -0
    outer loop
      vertex -15.0994 -23.4294 1.6
      vertex -15.4183 -23.3327 0.00481606
      vertex -15.0994 -23.4294 0.00481606
    endloop
  endfacet
  facet normal -0.995176 0.0981075 0
    outer loop
      vertex -14.0827 -25.3317 0.00481606
      vertex -14.05 -25 1.6
      vertex -14.05 -25 0.00481606
    endloop
  endfacet
  facet normal -0.995176 0.0981075 0
    outer loop
      vertex -14.05 -25 1.6
      vertex -14.0827 -25.3317 0.00481606
      vertex -14.0827 -25.3317 1.6
    endloop
  endfacet
  facet normal -0.634381 0.773021 0
    outer loop
      vertex -14.5479 -26.2021 0.00481606
      vertex -14.8055 -26.4135 1.6
      vertex -14.5479 -26.2021 1.6
    endloop
  endfacet
  facet normal -0.634381 0.773021 0
    outer loop
      vertex -14.8055 -26.4135 1.6
      vertex -14.5479 -26.2021 0.00481606
      vertex -14.8055 -26.4135 0.00481606
    endloop
  endfacet
  facet normal 0.290182 -0.956971 0
    outer loop
      vertex -16.4006 -23.4294 0.00481606
      vertex -16.0817 -23.3327 1.6
      vertex -16.4006 -23.4294 1.6
    endloop
  endfacet
  facet normal 0.290182 -0.956971 0
    outer loop
      vertex -16.0817 -23.3327 1.6
      vertex -16.4006 -23.4294 0.00481606
      vertex -16.0817 -23.3327 0.00481606
    endloop
  endfacet
  facet normal -0.634381 -0.773021 0
    outer loop
      vertex -14.8055 -23.5865 0.00481606
      vertex -14.5479 -23.7979 1.6
      vertex -14.8055 -23.5865 1.6
    endloop
  endfacet
  facet normal -0.634381 -0.773021 -0
    outer loop
      vertex -14.5479 -23.7979 1.6
      vertex -14.8055 -23.5865 0.00481606
      vertex -14.5479 -23.7979 0.00481606
    endloop
  endfacet
  facet normal 0.0981075 0.995176 -0
    outer loop
      vertex -15.75 -26.7 0.00481606
      vertex -16.0817 -26.6673 1.6
      vertex -15.75 -26.7 1.6
    endloop
  endfacet
  facet normal 0.0981075 0.995176 0
    outer loop
      vertex -16.0817 -26.6673 1.6
      vertex -15.75 -26.7 0.00481606
      vertex -16.0817 -26.6673 0.00481606
    endloop
  endfacet
  facet normal 0.0981075 -0.995176 0
    outer loop
      vertex -16.0817 -23.3327 0.00481606
      vertex -15.75 -23.3 1.6
      vertex -16.0817 -23.3327 1.6
    endloop
  endfacet
  facet normal 0.0981075 -0.995176 0
    outer loop
      vertex -15.75 -23.3 1.6
      vertex -16.0817 -23.3327 0.00481606
      vertex -15.75 -23.3 0.00481606
    endloop
  endfacet
  facet normal 0.881912 -0.471413 0
    outer loop
      vertex -17.3206 -24.3494 1.6
      vertex -17.1635 -24.0555 0.00481606
      vertex -17.1635 -24.0555 1.6
    endloop
  endfacet
  facet normal 0.881912 -0.471413 0
    outer loop
      vertex -17.1635 -24.0555 0.00481606
      vertex -17.3206 -24.3494 1.6
      vertex -17.3206 -24.3494 0.00481606
    endloop
  endfacet
  facet normal 0.956971 0.290182 0
    outer loop
      vertex -17.3206 -25.6506 1.6
      vertex -17.4173 -25.3317 0.00481606
      vertex -17.4173 -25.3317 1.6
    endloop
  endfacet
  facet normal 0.956971 0.290182 0
    outer loop
      vertex -17.4173 -25.3317 0.00481606
      vertex -17.3206 -25.6506 1.6
      vertex -17.3206 -25.6506 0.00481606
    endloop
  endfacet
  facet normal 0.995176 0.0981075 0
    outer loop
      vertex -17.4173 -25.3317 1.6
      vertex -17.45 -25 0.00481606
      vertex -17.45 -25 1.6
    endloop
  endfacet
  facet normal 0.995176 0.0981075 0
    outer loop
      vertex -17.45 -25 0.00481606
      vertex -17.4173 -25.3317 1.6
      vertex -17.4173 -25.3317 0.00481606
    endloop
  endfacet
  facet normal 0.773021 0.634381 0
    outer loop
      vertex -16.9521 -26.2021 1.6
      vertex -17.1635 -25.9445 0.00481606
      vertex -17.1635 -25.9445 1.6
    endloop
  endfacet
  facet normal 0.773021 0.634381 0
    outer loop
      vertex -17.1635 -25.9445 0.00481606
      vertex -16.9521 -26.2021 1.6
      vertex -16.9521 -26.2021 0.00481606
    endloop
  endfacet
  facet normal 0.471413 0.881912 -0
    outer loop
      vertex -16.4006 -26.5706 0.00481606
      vertex -16.6945 -26.4135 1.6
      vertex -16.4006 -26.5706 1.6
    endloop
  endfacet
  facet normal 0.471413 0.881912 0
    outer loop
      vertex -16.6945 -26.4135 1.6
      vertex -16.4006 -26.5706 0.00481606
      vertex -16.6945 -26.4135 0.00481606
    endloop
  endfacet
  facet normal -0.773021 0.634381 0
    outer loop
      vertex -14.5479 -26.2021 0.00481606
      vertex -14.3365 -25.9445 1.6
      vertex -14.3365 -25.9445 0.00481606
    endloop
  endfacet
  facet normal -0.773021 0.634381 0
    outer loop
      vertex -14.3365 -25.9445 1.6
      vertex -14.5479 -26.2021 0.00481606
      vertex -14.5479 -26.2021 1.6
    endloop
  endfacet
  facet normal 0.995176 -0.0981075 0
    outer loop
      vertex -17.45 -25 1.6
      vertex -17.4173 -24.6683 0.00481606
      vertex -17.4173 -24.6683 1.6
    endloop
  endfacet
  facet normal 0.995176 -0.0981075 0
    outer loop
      vertex -17.4173 -24.6683 0.00481606
      vertex -17.45 -25 1.6
      vertex -17.45 -25 0.00481606
    endloop
  endfacet
  facet normal 0.290182 0.956971 -0
    outer loop
      vertex -16.0817 -26.6673 0.00481606
      vertex -16.4006 -26.5706 1.6
      vertex -16.0817 -26.6673 1.6
    endloop
  endfacet
  facet normal 0.290182 0.956971 0
    outer loop
      vertex -16.4006 -26.5706 1.6
      vertex -16.0817 -26.6673 0.00481606
      vertex -16.4006 -26.5706 0.00481606
    endloop
  endfacet
  facet normal 0 1 -0
    outer loop
      vertex -14.0468 -27.95 1.6
      vertex -17.4532 -27.95 3.99518
      vertex -14.0468 -27.95 3.99518
    endloop
  endfacet
  facet normal 0 1 0
    outer loop
      vertex -17.4532 -27.95 3.99518
      vertex -14.0468 -27.95 1.6
      vertex -17.4532 -27.95 1.6
    endloop
  endfacet
  facet normal -0.866023 0.500004 0
    outer loop
      vertex -14.0468 -27.95 1.6
      vertex -12.3436 -25 3.99518
      vertex -12.3436 -25 1.6
    endloop
  endfacet
  facet normal -0.866023 0.500004 0
    outer loop
      vertex -12.3436 -25 3.99518
      vertex -14.0468 -27.95 1.6
      vertex -14.0468 -27.95 3.99518
    endloop
  endfacet
  facet normal 0 -1 0
    outer loop
      vertex -17.4532 -22.05 1.6
      vertex -14.0468 -22.05 3.99518
      vertex -17.4532 -22.05 3.99518
    endloop
  endfacet
  facet normal 0 -1 -0
    outer loop
      vertex -14.0468 -22.05 3.99518
      vertex -17.4532 -22.05 1.6
      vertex -14.0468 -22.05 1.6
    endloop
  endfacet
  facet normal -0.866023 -0.500004 0
    outer loop
      vertex -12.3436 -25 1.6
      vertex -14.0468 -22.05 3.99518
      vertex -14.0468 -22.05 1.6
    endloop
  endfacet
  facet normal -0.866023 -0.500004 0
    outer loop
      vertex -14.0468 -22.05 3.99518
      vertex -12.3436 -25 1.6
      vertex -12.3436 -25 3.99518
    endloop
  endfacet
  facet normal 0.866023 -0.500004 0
    outer loop
      vertex -19.1564 -25 3.99518
      vertex -17.4532 -22.05 1.6
      vertex -17.4532 -22.05 3.99518
    endloop
  endfacet
  facet normal 0.866023 -0.500004 0
    outer loop
      vertex -17.4532 -22.05 1.6
      vertex -19.1564 -25 3.99518
      vertex -19.1564 -25 1.6
    endloop
  endfacet
  facet normal 0.866023 0.500004 0
    outer loop
      vertex -17.4532 -27.95 3.99518
      vertex -19.1564 -25 1.6
      vertex -19.1564 -25 3.99518
    endloop
  endfacet
  facet normal 0.866023 0.500004 0
    outer loop
      vertex -19.1564 -25 1.6
      vertex -17.4532 -27.95 3.99518
      vertex -17.4532 -27.95 1.6
    endloop
  endfacet
  facet normal -0 0 1
    outer loop
      vertex -14.3365 -24.0555 1.6
      vertex -12.3436 -25 1.6
      vertex -14.0468 -22.05 1.6
    endloop
  endfacet
  facet normal 0 0 1
    outer loop
      vertex -14.0827 -25.3317 1.6
      vertex -12.3436 -25 1.6
      vertex -14.05 -25 1.6
    endloop
  endfacet
  facet normal 0 0 1
    outer loop
      vertex -12.3436 -25 1.6
      vertex -14.0827 -24.6683 1.6
      vertex -14.05 -25 1.6
    endloop
  endfacet
  facet normal 0 0 1
    outer loop
      vertex -12.3436 -25 1.6
      vertex -14.1794 -24.3494 1.6
      vertex -14.0827 -24.6683 1.6
    endloop
  endfacet
  facet normal 0 0 1
    outer loop
      vertex -12.3436 -25 1.6
      vertex -14.3365 -24.0555 1.6
      vertex -14.1794 -24.3494 1.6
    endloop
  endfacet
  facet normal 0 0 1
    outer loop
      vertex -14.0468 -22.05 1.6
      vertex -14.5479 -23.7979 1.6
      vertex -14.3365 -24.0555 1.6
    endloop
  endfacet
  facet normal 0 0 1
    outer loop
      vertex -14.0468 -22.05 1.6
      vertex -14.8055 -23.5865 1.6
      vertex -14.5479 -23.7979 1.6
    endloop
  endfacet
  facet normal 0 0 1
    outer loop
      vertex -14.0468 -22.05 1.6
      vertex -15.0994 -23.4294 1.6
      vertex -14.8055 -23.5865 1.6
    endloop
  endfacet
  facet normal 0 0 1
    outer loop
      vertex -14.0468 -22.05 1.6
      vertex -15.4183 -23.3327 1.6
      vertex -15.0994 -23.4294 1.6
    endloop
  endfacet
  facet normal 0 0 1
    outer loop
      vertex -14.0468 -22.05 1.6
      vertex -15.75 -23.3 1.6
      vertex -15.4183 -23.3327 1.6
    endloop
  endfacet
  facet normal -0 0 1
    outer loop
      vertex -17.4532 -22.05 1.6
      vertex -15.75 -23.3 1.6
      vertex -14.0468 -22.05 1.6
    endloop
  endfacet
  facet normal 0 0 1
    outer loop
      vertex -15.75 -23.3 1.6
      vertex -17.4532 -22.05 1.6
      vertex -16.0817 -23.3327 1.6
    endloop
  endfacet
  facet normal 0 0 1
    outer loop
      vertex -16.0817 -23.3327 1.6
      vertex -17.4532 -22.05 1.6
      vertex -16.4006 -23.4294 1.6
    endloop
  endfacet
  facet normal 0 0 1
    outer loop
      vertex -17.3206 -24.3494 1.6
      vertex -19.1564 -25 1.6
      vertex -17.4173 -24.6683 1.6
    endloop
  endfacet
  facet normal 0 0 1
    outer loop
      vertex -17.1635 -24.0555 1.6
      vertex -19.1564 -25 1.6
      vertex -17.3206 -24.3494 1.6
    endloop
  endfacet
  facet normal 0 0 1
    outer loop
      vertex -19.1564 -25 1.6
      vertex -17.1635 -24.0555 1.6
      vertex -17.4532 -22.05 1.6
    endloop
  endfacet
  facet normal 0 0 1
    outer loop
      vertex -16.9521 -23.7979 1.6
      vertex -17.4532 -22.05 1.6
      vertex -17.1635 -24.0555 1.6
    endloop
  endfacet
  facet normal 0 0 1
    outer loop
      vertex -16.6945 -23.5865 1.6
      vertex -17.4532 -22.05 1.6
      vertex -16.9521 -23.7979 1.6
    endloop
  endfacet
  facet normal 0 0 1
    outer loop
      vertex -16.4006 -23.4294 1.6
      vertex -17.4532 -22.05 1.6
      vertex -16.6945 -23.5865 1.6
    endloop
  endfacet
  facet normal 0 0 1
    outer loop
      vertex -14.1794 -25.6506 1.6
      vertex -12.3436 -25 1.6
      vertex -14.0827 -25.3317 1.6
    endloop
  endfacet
  facet normal 0 0 1
    outer loop
      vertex -14.3365 -25.9445 1.6
      vertex -12.3436 -25 1.6
      vertex -14.1794 -25.6506 1.6
    endloop
  endfacet
  facet normal 0 0 1
    outer loop
      vertex -12.3436 -25 1.6
      vertex -14.3365 -25.9445 1.6
      vertex -14.0468 -27.95 1.6
    endloop
  endfacet
  facet normal -0 0 1
    outer loop
      vertex -14.5479 -26.2021 1.6
      vertex -14.0468 -27.95 1.6
      vertex -14.3365 -25.9445 1.6
    endloop
  endfacet
  facet normal -0 0 1
    outer loop
      vertex -14.8055 -26.4135 1.6
      vertex -14.0468 -27.95 1.6
      vertex -14.5479 -26.2021 1.6
    endloop
  endfacet
  facet normal -0 0 1
    outer loop
      vertex -15.0994 -26.5706 1.6
      vertex -14.0468 -27.95 1.6
      vertex -14.8055 -26.4135 1.6
    endloop
  endfacet
  facet normal -0 0 1
    outer loop
      vertex -15.4183 -26.6673 1.6
      vertex -14.0468 -27.95 1.6
      vertex -15.0994 -26.5706 1.6
    endloop
  endfacet
  facet normal -0 0 1
    outer loop
      vertex -15.75 -26.7 1.6
      vertex -14.0468 -27.95 1.6
      vertex -15.4183 -26.6673 1.6
    endloop
  endfacet
  facet normal 0 0 1
    outer loop
      vertex -17.4532 -27.95 1.6
      vertex -15.75 -26.7 1.6
      vertex -16.0817 -26.6673 1.6
    endloop
  endfacet
  facet normal 0 0 1
    outer loop
      vertex -17.4532 -27.95 1.6
      vertex -16.0817 -26.6673 1.6
      vertex -16.4006 -26.5706 1.6
    endloop
  endfacet
  facet normal 0 0 1
    outer loop
      vertex -17.4532 -27.95 1.6
      vertex -16.4006 -26.5706 1.6
      vertex -16.6945 -26.4135 1.6
    endloop
  endfacet
  facet normal 0 0 1
    outer loop
      vertex -15.75 -26.7 1.6
      vertex -17.4532 -27.95 1.6
      vertex -14.0468 -27.95 1.6
    endloop
  endfacet
  facet normal 0 0 1
    outer loop
      vertex -16.9521 -26.2021 1.6
      vertex -17.4532 -27.95 1.6
      vertex -16.6945 -26.4135 1.6
    endloop
  endfacet
  facet normal 0 0 1
    outer loop
      vertex -17.1635 -25.9445 1.6
      vertex -17.4532 -27.95 1.6
      vertex -16.9521 -26.2021 1.6
    endloop
  endfacet
  facet normal 0 0 1
    outer loop
      vertex -19.1564 -25 1.6
      vertex -17.1635 -25.9445 1.6
      vertex -17.3206 -25.6506 1.6
    endloop
  endfacet
  facet normal 0 0 1
    outer loop
      vertex -19.1564 -25 1.6
      vertex -17.3206 -25.6506 1.6
      vertex -17.4173 -25.3317 1.6
    endloop
  endfacet
  facet normal -0 0 1
    outer loop
      vertex -19.1564 -25 1.6
      vertex -17.4173 -25.3317 1.6
      vertex -17.45 -25 1.6
    endloop
  endfacet
  facet normal 0 0 1
    outer loop
      vertex -17.4173 -24.6683 1.6
      vertex -19.1564 -25 1.6
      vertex -17.45 -25 1.6
    endloop
  endfacet
  facet normal 0 0 1
    outer loop
      vertex -17.1635 -25.9445 1.6
      vertex -19.1564 -25 1.6
      vertex -17.4532 -27.95 1.6
    endloop
  endfacet
  facet normal 0.129118 -0.36071 -0.923698
    outer loop
      vertex 17.2915 -34.6633 0.118079
      vertex 17.5918 -34.3637 0.0430603
      vertex 17.6611 -34.531 0.118079
    endloop
  endfacet
  facet normal 0.128975 -0.360584 -0.923766
    outer loop
      vertex 17.5918 -34.3637 0.0430603
      vertex 17.2915 -34.6633 0.118079
      vertex 17.2222 -34.4959 0.0430603
    endloop
  endfacet
  facet normal 0.337014 0.9415 -0
    outer loop
      vertex 17.8616 29.0149 0.901983
      vertex 17.492 29.1472 3.09802
      vertex 17.8616 29.0149 3.09802
    endloop
  endfacet
  facet normal 0.337014 0.9415 0
    outer loop
      vertex 17.492 29.1472 3.09802
      vertex 17.8616 29.0149 0.901983
      vertex 17.492 29.1472 0.901983
    endloop
  endfacet
  facet normal 0.196886 -0.328502 -0.923754
    outer loop
      vertex 18.0975 -34.3196 0.118079
      vertex 18.3335 -33.9672 0.0430603
      vertex 18.4342 -34.1178 0.118079
    endloop
  endfacet
  facet normal 0.196976 -0.328554 -0.923717
    outer loop
      vertex 18.3335 -33.9672 0.0430603
      vertex 18.0975 -34.3196 0.118079
      vertex 17.9969 -34.169 0.0430603
    endloop
  endfacet
  facet normal 0.547801 -0.449645 -0.705503
    outer loop
      vertex 19.5886 -33.4842 0.365607
      vertex 19.4906 -33.3861 0.22699
      vertex 19.6848 -33.367 0.365607
    endloop
  endfacet
  facet normal 0.620583 -0.684619 -0.382328
    outer loop
      vertex 19.402 -33.852 0.528604
      vertex 19.1642 -34.1687 0.709716
      vertex 19.1112 -34.1156 0.528604
    endloop
  endfacet
  facet normal 0.620385 -0.684636 -0.382617
    outer loop
      vertex 19.1642 -34.1687 0.709716
      vertex 19.402 -33.852 0.528604
      vertex 19.4551 -33.9051 0.709716
    endloop
  endfacet
  facet normal 0.658772 0.726748 -0.194568
    outer loop
      vertex 19.4551 27.9051 0.709716
      vertex 19.1913 28.1957 0.901983
      vertex 19.4821 27.9321 0.901983
    endloop
  endfacet
  facet normal 0.658604 0.726813 -0.194896
    outer loop
      vertex 19.1913 28.1957 0.901983
      vertex 19.4551 27.9051 0.709716
      vertex 19.1642 28.1687 0.709716
    endloop
  endfacet
  facet normal 0.112189 -0.367657 0.923169
    outer loop
      vertex 17.2222 -34.4959 3.95694
      vertex 17.1678 -34.5125 3.95694
      vertex 17.2031 -34.6901 3.88192
    endloop
  endfacet
  facet normal -0.36071 -0.129118 -0.923698
    outer loop
      vertex -20.2133 -31.7415 0.118079
      vertex -19.9137 -32.0418 0.0430603
      vertex -20.081 -32.1111 0.118079
    endloop
  endfacet
  facet normal -0.360584 -0.128975 -0.923766
    outer loop
      vertex -19.9137 -32.0418 0.0430603
      vertex -20.2133 -31.7415 0.118079
      vertex -20.0459 -31.6722 0.0430603
    endloop
  endfacet
  facet normal 0.555559 0 0.831477
    outer loop
      vertex 20.4214 24.4 3.88192
      vertex 20.5844 -30.4 3.77301
      vertex 20.5844 24.4 3.77301
    endloop
  endfacet
  facet normal 0.555559 0 0.831477
    outer loop
      vertex 20.5844 -30.4 3.77301
      vertex 20.4214 24.4 3.88192
      vertex 20.4214 -30.4 3.88192
    endloop
  endfacet
  facet normal 0.436185 -0.815198 -0.381044
    outer loop
      vertex 18.2018 -34.8118 0.709716
      vertex 18.1731 -34.7425 0.528604
      vertex 18.3672 -34.7233 0.709716
    endloop
  endfacet
  facet normal 0.431026 0.353755 0.830105
    outer loop
      vertex 19.4906 27.3861 3.77301
      vertex 19.3754 27.2709 3.88192
      vertex 19.434 27.1995 3.88192
    endloop
  endfacet
  facet normal 0.475224 -0.524261 -0.70662
    outer loop
      vertex 19.0342 -34.0386 0.365607
      vertex 19.227 -33.677 0.22699
      vertex 19.325 -33.775 0.365607
    endloop
  endfacet
  facet normal 0.475022 -0.524218 -0.706789
    outer loop
      vertex 19.227 -33.677 0.22699
      vertex 19.0342 -34.0386 0.365607
      vertex 18.9361 -33.9406 0.22699
    endloop
  endfacet
  facet normal -0.189393 -0.0474602 0.980754
    outer loop
      vertex -19.9693 -31.1995 3.99518
      vertex -20.0625 -31.6178 3.95694
      vertex -19.8739 -31.5802 3.99518
    endloop
  endfacet
  facet normal -0.18952 -0.0474298 0.980731
    outer loop
      vertex -20.0625 -31.6178 3.95694
      vertex -19.9693 -31.1995 3.99518
      vertex -20.1578 -31.237 3.95694
    endloop
  endfacet
  facet normal -0.427501 0.713279 -0.555407
    outer loop
      vertex -18.6017 28.3686 0.365607
      vertex -18.3256 28.661 0.528604
      vertex -18.265 28.5704 0.365607
    endloop
  endfacet
  facet normal -0.427656 0.713325 -0.555228
    outer loop
      vertex -18.3256 28.661 0.528604
      vertex -18.6017 28.3686 0.365607
      vertex -18.6622 28.4592 0.528604
    endloop
  endfacet
  facet normal 0.970226 -0.143959 -0.194775
    outer loop
      vertex 20.9068 -30.9862 0.901983
      vertex 20.8117 -31.367 0.709716
      vertex 20.8693 -30.9788 0.709716
    endloop
  endfacet
  facet normal 0.970217 -0.143921 -0.194847
    outer loop
      vertex 20.8117 -31.367 0.709716
      vertex 20.9068 -30.9862 0.901983
      vertex 20.8492 -31.3745 0.901983
    endloop
  endfacet
  facet normal 0.706722 0.0347864 -0.706635
    outer loop
      vertex 20.5844 24.4 0.22699
      vertex 20.7037 24.7921 0.365607
      vertex 20.723 24.4 0.365607
    endloop
  endfacet
  facet normal 0.706722 0.0347864 -0.706635
    outer loop
      vertex 20.7037 24.7921 0.365607
      vertex 20.5844 24.4 0.22699
      vertex 20.5651 24.7921 0.22699
    endloop
  endfacet
  facet normal 0.98073 -0 0.195371
    outer loop
      vertex 20.9069 -30.4 3.29028
      vertex 20.9452 24.4 3.09802
      vertex 20.9069 24.4 3.29028
    endloop
  endfacet
  facet normal 0.98073 0 0.195371
    outer loop
      vertex 20.9452 24.4 3.09802
      vertex 20.9069 -30.4 3.29028
      vertex 20.9452 -30.4 3.09802
    endloop
  endfacet
  facet normal -0.0474592 0.189439 -0.980745
    outer loop
      vertex -17.1678 28.5125 0.0430603
      vertex -16.7495 28.4193 0.00481606
      vertex -17.1303 28.3239 0.00481606
    endloop
  endfacet
  facet normal -0.0474348 0.18954 -0.980726
    outer loop
      vertex -16.7495 28.4193 0.00481606
      vertex -17.1678 28.5125 0.0430603
      vertex -16.787 28.6078 0.0430603
    endloop
  endfacet
  facet normal 0 0.923914 -0.3826
    outer loop
      vertex 15.95 29.2819 0.528604
      vertex -15.95 29.3569 0.709716
      vertex 15.95 29.3569 0.709716
    endloop
  endfacet
  facet normal 0 0.923914 -0.3826
    outer loop
      vertex -15.95 29.3569 0.709716
      vertex 15.95 29.2819 0.528604
      vertex -15.95 29.2819 0.528604
    endloop
  endfacet
  facet normal 0.337014 -0.9415 0
    outer loop
      vertex 17.492 -35.1472 0.901983
      vertex 17.8616 -35.0149 3.09802
      vertex 17.492 -35.1472 3.09802
    endloop
  endfacet
  facet normal 0.337014 -0.9415 0
    outer loop
      vertex 17.8616 -35.0149 3.09802
      vertex 17.492 -35.1472 0.901983
      vertex 17.8616 -35.0149 0.901983
    endloop
  endfacet
  facet normal 0.436188 -0.815203 0.38103
    outer loop
      vertex 18.3672 -34.7233 3.29028
      vertex 18.1731 -34.7425 3.4714
      vertex 18.2018 -34.8118 3.29028
    endloop
  endfacet
  facet normal -0.296966 0.243728 0.923259
    outer loop
      vertex -19.3754 27.2709 3.88192
      vertex -19.434 27.1995 3.88192
      vertex -19.2473 27.1428 3.95694
    endloop
  endfacet
  facet normal 0.0818825 -0.828458 0.554033
    outer loop
      vertex 16.3421 -35.1537 3.63439
      vertex 16.3421 -35.2627 3.4714
      vertex 16.5141 -35.2457 3.4714
    endloop
  endfacet
  facet normal -0.758189 -0.622439 0.194212
    outer loop
      vertex -19.7187 -33.6142 3.29028
      vertex -19.8695 -33.4905 3.09802
      vertex -19.7457 -33.6413 3.09802
    endloop
  endfacet
  facet normal 0.167571 -0.100463 -0.980728
    outer loop
      vertex 19.3574 -32.6767 0.00481606
      vertex 19.719 -32.4469 0.0430603
      vertex 19.5172 -32.7835 0.0430603
    endloop
  endfacet
  facet normal 0.167542 -0.100416 -0.980738
    outer loop
      vertex 19.719 -32.4469 0.0430603
      vertex 19.3574 -32.6767 0.00481606
      vertex 19.5592 -32.34 0.00481606
    endloop
  endfacet
  facet normal -0.75819 0.62244 -0.194205
    outer loop
      vertex -19.7187 27.6142 0.709716
      vertex -19.8695 27.4905 0.901983
      vertex -19.7457 27.6413 0.901983
    endloop
  endfacet
  facet normal -0.471439 -0.881899 0
    outer loop
      vertex -18.3885 -34.7551 0.901983
      vertex -18.2164 -34.8471 3.09802
      vertex -18.3885 -34.7551 3.09802
    endloop
  endfacet
  facet normal -0.471439 -0.881899 -0
    outer loop
      vertex -18.2164 -34.8471 3.09802
      vertex -18.3885 -34.7551 0.901983
      vertex -18.2164 -34.8471 0.901983
    endloop
  endfacet
  facet normal 0.0194068 -0.195089 -0.980594
    outer loop
      vertex 16.3987 -34.6654 0.0430603
      vertex 16.3421 -34.4788 0.00481606
      vertex 16.3612 -34.4769 0.00481606
    endloop
  endfacet
  facet normal 0.835392 -0.394981 -0.382242
    outer loop
      vertex 20.5296 -32.2969 0.709716
      vertex 20.2925 -32.6231 0.528604
      vertex 20.4603 -32.2682 0.528604
    endloop
  endfacet
  facet normal 0.835392 -0.394981 -0.382242
    outer loop
      vertex 20.2925 -32.6231 0.528604
      vertex 20.5296 -32.2969 0.709716
      vertex 20.3618 -32.6518 0.709716
    endloop
  endfacet
  facet normal 0.803259 -0.59563 0
    outer loop
      vertex 19.8695 -33.4905 3.09802
      vertex 20.1033 -33.1752 0.901983
      vertex 20.1033 -33.1752 3.09802
    endloop
  endfacet
  facet normal 0.803259 -0.59563 0
    outer loop
      vertex 20.1033 -33.1752 0.901983
      vertex 19.8695 -33.4905 3.09802
      vertex 19.8695 -33.4905 0.901983
    endloop
  endfacet
  facet normal 0.187424 -0.057192 0.980613
    outer loop
      vertex 20.0625 -31.6178 3.95694
      vertex 19.8739 -31.5802 3.99518
      vertex 20.0459 -31.6722 3.95694
    endloop
  endfacet
  facet normal -0.714695 -0.586403 0.381239
    outer loop
      vertex -19.7753 -33.4275 3.4714
      vertex -19.8377 -33.4692 3.29028
      vertex -19.6656 -33.5612 3.4714
    endloop
  endfacet
  facet normal 0.815198 0.436185 -0.381044
    outer loop
      vertex 20.2925 26.6231 0.528604
      vertex 20.2733 26.8172 0.709716
      vertex 20.3618 26.6518 0.709716
    endloop
  endfacet
  facet normal 0.864975 -0.462819 -0.193953
    outer loop
      vertex 20.3971 -32.6664 0.901983
      vertex 20.2733 -32.8172 0.709716
      vertex 20.3618 -32.6518 0.709716
    endloop
  endfacet
  facet normal 0.17659 0.0834935 -0.980737
    outer loop
      vertex 19.7361 25.9682 0.00481606
      vertex 19.7459 26.3967 0.0430603
      vertex 19.9137 26.0418 0.0430603
    endloop
  endfacet
  facet normal 0.176493 0.0834972 -0.980754
    outer loop
      vertex 19.7459 26.3967 0.0430603
      vertex 19.7361 25.9682 0.00481606
      vertex 19.5682 26.3231 0.00481606
    endloop
  endfacet
  facet normal 0.734237 -0.392399 -0.554002
    outer loop
      vertex 20.2925 -32.6231 0.528604
      vertex 20.1204 -32.715 0.365607
      vertex 20.1918 -32.5814 0.365607
    endloop
  endfacet
  facet normal 0.176571 -0.0834846 0.980741
    outer loop
      vertex 19.7361 -31.9682 3.99518
      vertex 19.7459 -32.3967 3.95694
      vertex 19.9137 -32.0418 3.95694
    endloop
  endfacet
  facet normal 0.176474 -0.0834883 0.980758
    outer loop
      vertex 19.7459 -32.3967 3.95694
      vertex 19.7361 -31.9682 3.99518
      vertex 19.5682 -32.3231 3.99518
    endloop
  endfacet
  facet normal 0.52834 0.643674 -0.553661
    outer loop
      vertex 19.0342 28.0386 0.365607
      vertex 18.917 28.1348 0.365607
      vertex 19.1112 28.1156 0.528604
    endloop
  endfacet
  facet normal 0.195028 -0.0095997 0.980751
    outer loop
      vertex 20.048 -30.4 3.99518
      vertex 20.221 -30.7921 3.95694
      vertex 20.2403 -30.4 3.95694
    endloop
  endfacet
  facet normal 0.195028 -0.0095997 0.980751
    outer loop
      vertex 20.221 -30.7921 3.95694
      vertex 20.048 -30.4 3.99518
      vertex 20.0287 -30.7921 3.99518
    endloop
  endfacet
  facet normal -0.367652 -0.112188 -0.923172
    outer loop
      vertex -20.0459 -31.6722 0.0430603
      vertex -20.2401 -31.6531 0.118079
      vertex -20.0625 -31.6178 0.0430603
    endloop
  endfacet
  facet normal 0.151495 -0.124294 0.980612
    outer loop
      vertex 19.2834 -33.0988 3.95694
      vertex 19.1235 -32.992 3.99518
      vertex 19.2473 -33.1428 3.95694
    endloop
  endfacet
  facet normal -0.658771 -0.726747 0.194575
    outer loop
      vertex -19.1913 -34.1957 3.09802
      vertex -19.4551 -33.9051 3.29028
      vertex -19.4821 -33.9321 3.09802
    endloop
  endfacet
  facet normal -0.658603 -0.726812 0.194903
    outer loop
      vertex -19.4551 -33.9051 3.29028
      vertex -19.1913 -34.1957 3.09802
      vertex -19.1642 -34.1687 3.29028
    endloop
  endfacet
  facet normal 0 -0.92392 0.382586
    outer loop
      vertex -15.95 -35.3569 3.29028
      vertex 15.95 -35.2819 3.4714
      vertex -15.95 -35.2819 3.4714
    endloop
  endfacet
  facet normal 0 -0.92392 0.382586
    outer loop
      vertex 15.95 -35.2819 3.4714
      vertex -15.95 -35.3569 3.29028
      vertex 15.95 -35.3569 3.29028
    endloop
  endfacet
  facet normal -0.787835 -0.584192 0.19503
    outer loop
      vertex -20.1033 -33.1752 3.09802
      vertex -19.8377 -33.4692 3.29028
      vertex -20.0715 -33.1539 3.29028
    endloop
  endfacet
  facet normal -0.787835 -0.584192 0.19503
    outer loop
      vertex -19.8377 -33.4692 3.29028
      vertex -20.1033 -33.1752 3.09802
      vertex -19.8695 -33.4905 3.09802
    endloop
  endfacet
  facet normal -0.124294 0.151495 0.980612
    outer loop
      vertex -18.6488 27.7334 3.95694
      vertex -18.6928 27.6973 3.95694
      vertex -18.542 27.5735 3.99518
    endloop
  endfacet
  facet normal 0.555355 -0.0273358 -0.831164
    outer loop
      vertex 20.5651 -30.7921 0.22699
      vertex 20.4214 -30.4 0.118079
      vertex 20.5844 -30.4 0.22699
    endloop
  endfacet
  facet normal 0.555355 -0.0273358 -0.831164
    outer loop
      vertex 20.4214 -30.4 0.118079
      vertex 20.5651 -30.7921 0.22699
      vertex 20.4021 -30.7921 0.118079
    endloop
  endfacet
  facet normal 0.419247 -0.886715 -0.194854
    outer loop
      vertex 18.2018 -34.8118 0.709716
      vertex 17.8616 -35.0149 0.901983
      vertex 17.8469 -34.9796 0.709716
    endloop
  endfacet
  facet normal 0.419362 -0.886707 -0.194643
    outer loop
      vertex 17.8616 -35.0149 0.901983
      vertex 18.2018 -34.8118 0.709716
      vertex 18.2164 -34.8471 0.901983
    endloop
  endfacet
  facet normal 0.183927 -0.0657879 -0.980736
    outer loop
      vertex 19.7361 -31.9682 0.00481606
      vertex 20.0459 -31.6722 0.0430603
      vertex 19.9137 -32.0418 0.0430603
    endloop
  endfacet
  facet normal 0.183927 -0.0657879 -0.980736
    outer loop
      vertex 20.0459 -31.6722 0.0430603
      vertex 19.7361 -31.9682 0.00481606
      vertex 19.8683 -31.5986 0.00481606
    endloop
  endfacet
  facet normal 0.699745 -0.103799 0.706812
    outer loop
      vertex 20.4953 -31.3041 3.77301
      vertex 20.6889 -30.9429 3.63439
      vertex 20.5529 -30.9158 3.77301
    endloop
  endfacet
  facet normal 0.699745 -0.103799 0.706812
    outer loop
      vertex 20.6889 -30.9429 3.63439
      vertex 20.4953 -31.3041 3.77301
      vertex 20.6313 -31.3312 3.63439
    endloop
  endfacet
  facet normal 0.684619 -0.620583 -0.382328
    outer loop
      vertex 19.7187 -33.6142 0.709716
      vertex 19.402 -33.852 0.528604
      vertex 19.6656 -33.5612 0.528604
    endloop
  endfacet
  facet normal 0.684636 -0.620385 -0.382617
    outer loop
      vertex 19.402 -33.852 0.528604
      vertex 19.7187 -33.6142 0.709716
      vertex 19.4551 -33.9051 0.709716
    endloop
  endfacet
  facet normal -0.462818 0.864973 0.19396
    outer loop
      vertex -18.2164 28.8471 3.09802
      vertex -18.3672 28.7233 3.29028
      vertex -18.2018 28.8118 3.29028
    endloop
  endfacet
  facet normal -0.196976 -0.328554 -0.923717
    outer loop
      vertex -18.0975 -34.3196 0.118079
      vertex -18.3335 -33.9672 0.0430603
      vertex -17.9969 -34.169 0.0430603
    endloop
  endfacet
  facet normal -0.196886 -0.328502 -0.923754
    outer loop
      vertex -18.3335 -33.9672 0.0430603
      vertex -18.0975 -34.3196 0.118079
      vertex -18.4342 -34.1178 0.118079
    endloop
  endfacet
  facet normal 0.0925726 0.172756 -0.980605
    outer loop
      vertex 17.9969 28.169 0.0430603
      vertex 17.89 28.0092 0.00481606
      vertex 17.9467 28.1959 0.0430603
    endloop
  endfacet
  facet normal 0.95699 0.290121 0
    outer loop
      vertex 20.7538 25.7553 3.09802
      vertex 20.6972 25.942 0.901983
      vertex 20.6972 25.942 3.09802
    endloop
  endfacet
  facet normal 0.95699 0.290121 0
    outer loop
      vertex 20.6972 25.942 0.901983
      vertex 20.7538 25.7553 3.09802
      vertex 20.7538 25.7553 0.901983
    endloop
  endfacet
  facet normal 0.172756 0.0925726 -0.980605
    outer loop
      vertex 19.7459 26.3967 0.0430603
      vertex 19.5592 26.34 0.00481606
      vertex 19.719 26.4469 0.0430603
    endloop
  endfacet
  facet normal 0.9415 0.337014 0
    outer loop
      vertex 20.6972 25.942 3.09802
      vertex 20.5649 26.3116 0.901983
      vertex 20.5649 26.3116 3.09802
    endloop
  endfacet
  facet normal 0.9415 0.337014 0
    outer loop
      vertex 20.5649 26.3116 0.901983
      vertex 20.6972 25.942 3.09802
      vertex 20.6972 25.942 0.901983
    endloop
  endfacet
  facet normal 0.241841 0.796823 -0.553703
    outer loop
      vertex 17.4486 29.0425 0.528604
      vertex 17.2619 28.9859 0.365607
      vertex 17.2832 29.0927 0.528604
    endloop
  endfacet
  facet normal 0.643674 0.52834 -0.553661
    outer loop
      vertex 19.6848 27.367 0.365607
      vertex 19.5886 27.4842 0.365607
      vertex 19.6656 27.5612 0.528604
    endloop
  endfacet
  facet normal 0.97959 -0.0482175 -0.195136
    outer loop
      vertex 20.9259 -30.7921 0.901983
      vertex 20.9069 -30.4 0.709716
      vertex 20.9452 -30.4 0.901983
    endloop
  endfacet
  facet normal 0.979699 -0.047973 -0.194649
    outer loop
      vertex 20.9069 -30.4 0.709716
      vertex 20.9259 -30.7921 0.901983
      vertex 20.8877 -30.7921 0.709716
    endloop
  endfacet
  facet normal -0.382435 -0.0374528 -0.923223
    outer loop
      vertex -20.3931 -30.884 0.118079
      vertex -20.4021 -30.7921 0.118079
      vertex -20.221 -30.7921 0.0430603
    endloop
  endfacet
  facet normal 0.135583 0.91401 -0.382364
    outer loop
      vertex 16.9024 29.1881 0.528604
      vertex 16.5287 29.3193 0.709716
      vertex 16.917 29.2617 0.709716
    endloop
  endfacet
  facet normal 0.135583 0.91401 -0.382364
    outer loop
      vertex 16.5287 29.3193 0.709716
      vertex 16.9024 29.1881 0.528604
      vertex 16.5141 29.2457 0.528604
    endloop
  endfacet
  facet normal 0.475229 0.524267 0.706613
    outer loop
      vertex 19.0342 28.0386 3.63439
      vertex 19.227 27.677 3.77301
      vertex 19.325 27.775 3.63439
    endloop
  endfacet
  facet normal 0.475027 0.524223 0.706781
    outer loop
      vertex 19.227 27.677 3.77301
      vertex 19.0342 28.0386 3.63439
      vertex 18.9361 27.9406 3.77301
    endloop
  endfacet
  facet normal -0.0813387 0.828775 0.553639
    outer loop
      vertex -16.3421 29.1537 3.63439
      vertex -16.5141 29.2457 3.4714
      vertex -16.4929 29.1389 3.63439
    endloop
  endfacet
  facet normal 0.523463 0.187376 -0.83119
    outer loop
      vertex 20.081 26.1111 0.118079
      vertex 20.3639 25.8039 0.22699
      vertex 20.2133 25.7415 0.118079
    endloop
  endfacet
  facet normal 0.523463 0.187376 -0.83119
    outer loop
      vertex 20.3639 25.8039 0.22699
      vertex 20.081 26.1111 0.118079
      vertex 20.2316 26.1735 0.22699
    endloop
  endfacet
  facet normal 0.547779 -0.449738 -0.70546
    outer loop
      vertex 19.6848 -33.367 0.365607
      vertex 19.4906 -33.3861 0.22699
      vertex 19.5695 -33.29 0.22699
    endloop
  endfacet
  facet normal 0.938811 -0.28452 -0.194118
    outer loop
      vertex 20.6972 -31.942 0.901983
      vertex 20.6619 -31.9273 0.709716
      vertex 20.7163 -31.7478 0.709716
    endloop
  endfacet
  facet normal 0.92392 -0 0.382586
    outer loop
      vertex 20.8319 -30.4 3.4714
      vertex 20.9069 24.4 3.29028
      vertex 20.8319 24.4 3.4714
    endloop
  endfacet
  facet normal 0.92392 0 0.382586
    outer loop
      vertex 20.9069 24.4 3.29028
      vertex 20.8319 -30.4 3.4714
      vertex 20.9069 -30.4 3.29028
    endloop
  endfacet
  facet normal 0.296966 -0.243728 0.923259
    outer loop
      vertex 19.434 -33.1995 3.88192
      vertex 19.2473 -33.1428 3.95694
      vertex 19.3754 -33.2709 3.88192
    endloop
  endfacet
  facet normal -0.903997 -0.427539 0
    outer loop
      vertex -20.3971 -32.6664 0.901983
      vertex -20.5649 -32.3116 3.09802
      vertex -20.5649 -32.3116 0.901983
    endloop
  endfacet
  facet normal -0.903997 -0.427539 0
    outer loop
      vertex -20.5649 -32.3116 3.09802
      vertex -20.3971 -32.6664 0.901983
      vertex -20.3971 -32.6664 3.09802
    endloop
  endfacet
  facet normal 0.475239 -0.792694 0.381817
    outer loop
      vertex 18.3672 -34.7233 3.29028
      vertex 18.6622 -34.4592 3.4714
      vertex 18.3256 -34.661 3.4714
    endloop
  endfacet
  facet normal 0.475088 -0.792677 0.382039
    outer loop
      vertex 18.6622 -34.4592 3.4714
      vertex 18.3672 -34.7233 3.29028
      vertex 18.7039 -34.5215 3.29028
    endloop
  endfacet
  facet normal 0.0347868 -0.70673 0.706628
    outer loop
      vertex 15.95 -35.0344 3.77301
      vertex 16.3421 -35.1537 3.63439
      vertex 16.3421 -35.0151 3.77301
    endloop
  endfacet
  facet normal 0.0347868 -0.70673 0.706628
    outer loop
      vertex 16.3421 -35.1537 3.63439
      vertex 15.95 -35.0344 3.77301
      vertex 15.95 -35.173 3.63439
    endloop
  endfacet
  facet normal 0.12912 -0.360715 0.923695
    outer loop
      vertex 17.5918 -34.3637 3.95694
      vertex 17.2915 -34.6633 3.88192
      vertex 17.6611 -34.531 3.88192
    endloop
  endfacet
  facet normal 0.128977 -0.360589 0.923764
    outer loop
      vertex 17.2915 -34.6633 3.88192
      vertex 17.5918 -34.3637 3.95694
      vertex 17.2222 -34.4959 3.95694
    endloop
  endfacet
  facet normal -0.196979 -0.328559 0.923714
    outer loop
      vertex -18.3335 -33.9672 3.95694
      vertex -18.0975 -34.3196 3.88192
      vertex -17.9969 -34.169 3.95694
    endloop
  endfacet
  facet normal -0.196889 -0.328507 0.923752
    outer loop
      vertex -18.0975 -34.3196 3.88192
      vertex -18.3335 -33.9672 3.95694
      vertex -18.4342 -34.1178 3.88192
    endloop
  endfacet
  facet normal -0.42765 -0.713316 0.555244
    outer loop
      vertex -18.3256 -34.661 3.4714
      vertex -18.6017 -34.3686 3.63439
      vertex -18.6622 -34.4592 3.4714
    endloop
  endfacet
  facet normal -0.427495 -0.713269 0.555423
    outer loop
      vertex -18.6017 -34.3686 3.63439
      vertex -18.3256 -34.661 3.4714
      vertex -18.265 -34.5704 3.63439
    endloop
  endfacet
  facet normal -0.262809 -0.491533 -0.830257
    outer loop
      vertex -18.0784 -34.5138 0.22699
      vertex -18.188 -34.4552 0.22699
      vertex -18.016 -34.3632 0.118079
    endloop
  endfacet
  facet normal -0.268503 -0.884669 0.381138
    outer loop
      vertex -17.2832 -35.0927 3.4714
      vertex -17.4486 -35.0425 3.4714
      vertex -17.2978 -35.1663 3.29028
    endloop
  endfacet
  facet normal -0.0561943 -0.378823 0.923761
    outer loop
      vertex -16.787 -34.6078 3.95694
      vertex -16.434 -34.8431 3.88192
      vertex -16.3987 -34.6654 3.95694
    endloop
  endfacet
  facet normal -0.0561943 -0.378823 0.923761
    outer loop
      vertex -16.434 -34.8431 3.88192
      vertex -16.787 -34.6078 3.95694
      vertex -16.8223 -34.7855 3.88192
    endloop
  endfacet
  facet normal -0.792694 -0.475239 0.381817
    outer loop
      vertex -20.2733 -32.8172 3.29028
      vertex -20.0092 -33.1122 3.4714
      vertex -20.211 -32.7756 3.4714
    endloop
  endfacet
  facet normal -0.792677 -0.475088 0.382039
    outer loop
      vertex -20.0092 -33.1122 3.4714
      vertex -20.2733 -32.8172 3.29028
      vertex -20.0715 -33.1539 3.29028
    endloop
  endfacet
  facet normal 0.382709 0 0.923869
    outer loop
      vertex 20.2403 24.4 3.95694
      vertex 20.4214 -30.4 3.88192
      vertex 20.4214 24.4 3.88192
    endloop
  endfacet
  facet normal 0.382709 0 0.923869
    outer loop
      vertex 20.4214 -30.4 3.88192
      vertex 20.2403 24.4 3.95694
      vertex 20.2403 -30.4 3.95694
    endloop
  endfacet
  facet normal 0.373492 -0.412173 -0.831033
    outer loop
      vertex 18.9361 -33.9406 0.22699
      vertex 19.1118 -33.5618 0.118079
      vertex 19.227 -33.677 0.22699
    endloop
  endfacet
  facet normal 0.373492 -0.412173 -0.831033
    outer loop
      vertex 19.1118 -33.5618 0.118079
      vertex 18.9361 -33.9406 0.22699
      vertex 18.8209 -33.8254 0.118079
    endloop
  endfacet
  facet normal 0.734237 -0.392396 -0.554005
    outer loop
      vertex 20.211 -32.7756 0.528604
      vertex 20.1204 -32.715 0.365607
      vertex 20.2925 -32.6231 0.528604
    endloop
  endfacet
  facet normal 0.554944 -0.054347 -0.830111
    outer loop
      vertex 20.5529 -30.9158 0.22699
      vertex 20.3931 -30.884 0.118079
      vertex 20.4021 -30.7921 0.118079
    endloop
  endfacet
  facet normal 0.146733 -0.989176 0
    outer loop
      vertex 16.5362 -35.3568 0.901983
      vertex 16.9245 -35.2992 3.09802
      vertex 16.5362 -35.3568 3.09802
    endloop
  endfacet
  facet normal 0.146733 -0.989176 0
    outer loop
      vertex 16.9245 -35.2992 3.09802
      vertex 16.5362 -35.3568 0.901983
      vertex 16.9245 -35.2992 0.901983
    endloop
  endfacet
  facet normal 0.0925726 -0.172756 -0.980605
    outer loop
      vertex 17.9467 -34.1959 0.0430603
      vertex 17.89 -34.0092 0.00481606
      vertex 17.9969 -34.169 0.0430603
    endloop
  endfacet
  facet normal 0.241801 -0.796845 0.553688
    outer loop
      vertex 17.4069 -34.9419 3.63439
      vertex 17.2619 -34.9859 3.63439
      vertex 17.4486 -35.0425 3.4714
    endloop
  endfacet
  facet normal 0 -0.980731 -0.195364
    outer loop
      vertex -15.95 -35.3569 0.709716
      vertex 15.95 -35.3952 0.901983
      vertex -15.95 -35.3952 0.901983
    endloop
  endfacet
  facet normal 0 -0.980731 -0.195364
    outer loop
      vertex 15.95 -35.3952 0.901983
      vertex -15.95 -35.3569 0.709716
      vertex 15.95 -35.3569 0.709716
    endloop
  endfacet
  facet normal 0 -0.382704 -0.923871
    outer loop
      vertex -15.95 -34.8714 0.118079
      vertex 15.95 -34.6903 0.0430603
      vertex 15.95 -34.8714 0.118079
    endloop
  endfacet
  facet normal -0 -0.382704 -0.923871
    outer loop
      vertex 15.95 -34.6903 0.0430603
      vertex -15.95 -34.8714 0.118079
      vertex -15.95 -34.6903 0.0430603
    endloop
  endfacet
  facet normal 0.330557 -0.92346 -0.194819
    outer loop
      vertex 17.8469 -34.9796 0.709716
      vertex 17.492 -35.1472 0.901983
      vertex 17.4773 -35.1119 0.709716
    endloop
  endfacet
  facet normal 0.330557 -0.92346 -0.194819
    outer loop
      vertex 17.492 -35.1472 0.901983
      vertex 17.8469 -34.9796 0.709716
      vertex 17.8616 -35.0149 0.901983
    endloop
  endfacet
  facet normal 0.195058 0 -0.980792
    outer loop
      vertex 20.048 -30.4 0.00481606
      vertex 20.2403 24.4 0.0430603
      vertex 20.2403 -30.4 0.0430603
    endloop
  endfacet
  facet normal 0.195058 0 -0.980792
    outer loop
      vertex 20.2403 24.4 0.0430603
      vertex 20.048 -30.4 0.00481606
      vertex 20.048 24.4 0.00481606
    endloop
  endfacet
  facet normal 0.841274 -0.504215 -0.195001
    outer loop
      vertex 20.3051 -32.8385 0.901983
      vertex 20.0715 -33.1539 0.709716
      vertex 20.2733 -32.8172 0.709716
    endloop
  endfacet
  facet normal 0.841274 -0.504215 -0.195001
    outer loop
      vertex 20.0715 -33.1539 0.709716
      vertex 20.3051 -32.8385 0.901983
      vertex 20.1033 -33.1752 0.901983
    endloop
  endfacet
  facet normal -0.828735 -0.081428 -0.553686
    outer loop
      vertex -20.7957 -30.9641 0.528604
      vertex -20.8126 -30.7921 0.528604
      vertex -20.7037 -30.7921 0.365607
    endloop
  endfacet
  facet normal 0.124308 -0.151511 -0.980608
    outer loop
      vertex 18.6488 -33.7334 0.0430603
      vertex 18.542 -33.5735 0.00481606
      vertex 18.6928 -33.6973 0.0430603
    endloop
  endfacet
  facet normal -0.979589 -0.0482175 0.195143
    outer loop
      vertex -20.9259 -30.7921 3.09802
      vertex -20.9069 -30.4 3.29028
      vertex -20.9452 -30.4 3.09802
    endloop
  endfacet
  facet normal -0.979698 -0.047973 0.194655
    outer loop
      vertex -20.9069 -30.4 3.29028
      vertex -20.9259 -30.7921 3.09802
      vertex -20.8877 -30.7921 3.29028
    endloop
  endfacet
  facet normal -0.547785 0.449742 0.705452
    outer loop
      vertex -19.4906 27.3861 3.77301
      vertex -19.6848 27.367 3.63439
      vertex -19.5695 27.29 3.77301
    endloop
  endfacet
  facet normal -0.884664 0.268501 -0.381153
    outer loop
      vertex -20.6427 25.7332 0.528604
      vertex -20.7163 25.7478 0.709716
      vertex -20.5925 25.8986 0.528604
    endloop
  endfacet
  facet normal 0.195022 0.0192954 -0.980609
    outer loop
      vertex 20.221 24.7921 0.0430603
      vertex 20.0287 24.7921 0.00481606
      vertex 20.2154 24.8487 0.0430603
    endloop
  endfacet
  facet normal 0.296984 -0.243662 -0.923271
    outer loop
      vertex 19.434 -33.1995 0.118079
      vertex 19.2473 -33.1428 0.0430603
      vertex 19.2834 -33.0988 0.0430603
    endloop
  endfacet
  facet normal 0.11145 -0.367619 -0.923274
    outer loop
      vertex 17.2915 -34.6633 0.118079
      vertex 17.2031 -34.6901 0.118079
      vertex 17.2222 -34.4959 0.0430603
    endloop
  endfacet
  facet normal 0.938811 0.28452 -0.194118
    outer loop
      vertex 20.7163 25.7478 0.709716
      vertex 20.6619 25.9273 0.709716
      vertex 20.6972 25.942 0.901983
    endloop
  endfacet
  facet normal 0.92297 -0.0451952 -0.38221
    outer loop
      vertex 20.8877 -30.7921 0.709716
      vertex 20.8319 -30.4 0.528604
      vertex 20.9069 -30.4 0.709716
    endloop
  endfacet
  facet normal 0.92278 -0.0454212 -0.382641
    outer loop
      vertex 20.8319 -30.4 0.528604
      vertex 20.8877 -30.7921 0.709716
      vertex 20.8126 -30.7921 0.528604
    endloop
  endfacet
  facet normal 0.382636 0.0188341 -0.923707
    outer loop
      vertex 20.2403 24.4 0.0430603
      vertex 20.4021 24.7921 0.118079
      vertex 20.4214 24.4 0.118079
    endloop
  endfacet
  facet normal 0.382636 0.0188341 -0.923707
    outer loop
      vertex 20.4021 24.7921 0.118079
      vertex 20.2403 24.4 0.0430603
      vertex 20.221 24.7921 0.0430603
    endloop
  endfacet
  facet normal 0.156921 0.11636 0.980732
    outer loop
      vertex 19.2834 27.0988 3.95694
      vertex 19.3574 26.6767 3.99518
      vertex 19.5172 26.7835 3.95694
    endloop
  endfacet
  facet normal 0.156836 0.116346 0.980748
    outer loop
      vertex 19.3574 26.6767 3.99518
      vertex 19.2834 27.0988 3.95694
      vertex 19.1235 26.992 3.99518
    endloop
  endfacet
  facet normal 0.896319 -0.224551 -0.382346
    outer loop
      vertex 20.8117 -31.367 0.709716
      vertex 20.6427 -31.7332 0.528604
      vertex 20.7381 -31.3524 0.528604
    endloop
  endfacet
  facet normal 0.896319 -0.224551 -0.382346
    outer loop
      vertex 20.6427 -31.7332 0.528604
      vertex 20.8117 -31.367 0.709716
      vertex 20.7163 -31.7478 0.709716
    endloop
  endfacet
  facet normal 0.446742 0.331266 -0.831074
    outer loop
      vertex 19.6678 26.8842 0.118079
      vertex 19.5695 27.29 0.22699
      vertex 19.8033 26.9747 0.22699
    endloop
  endfacet
  facet normal 0.446742 0.331266 -0.831074
    outer loop
      vertex 19.5695 27.29 0.22699
      vertex 19.6678 26.8842 0.118079
      vertex 19.434 27.1995 0.118079
    endloop
  endfacet
  facet normal 0.864975 0.462819 -0.193953
    outer loop
      vertex 20.3618 26.6518 0.709716
      vertex 20.2733 26.8172 0.709716
      vertex 20.3971 26.6664 0.901983
    endloop
  endfacet
  facet normal 0.713279 -0.427501 -0.555407
    outer loop
      vertex 20.211 -32.7756 0.528604
      vertex 19.9186 -33.0517 0.365607
      vertex 20.1204 -32.715 0.365607
    endloop
  endfacet
  facet normal 0.713325 -0.427656 -0.555228
    outer loop
      vertex 19.9186 -33.0517 0.365607
      vertex 20.211 -32.7756 0.528604
      vertex 20.0092 -33.1122 0.528604
    endloop
  endfacet
  facet normal 0.625314 -0.334187 -0.705196
    outer loop
      vertex 20.1204 -32.715 0.365607
      vertex 20.0638 -32.5284 0.22699
      vertex 20.1918 -32.5814 0.365607
    endloop
  endfacet
  facet normal -0.181532 -0.338771 -0.92319
    outer loop
      vertex -17.9467 -34.1959 0.0430603
      vertex -18.016 -34.3632 0.118079
      vertex -17.9969 -34.169 0.0430603
    endloop
  endfacet
  facet normal 0.979601 -0.0479682 0.195146
    outer loop
      vertex 20.8877 -30.7921 3.29028
      vertex 20.9452 -30.4 3.09802
      vertex 20.9069 -30.4 3.29028
    endloop
  endfacet
  facet normal 0.979686 -0.0482222 0.194653
    outer loop
      vertex 20.9452 -30.4 3.09802
      vertex 20.8877 -30.7921 3.29028
      vertex 20.9259 -30.7921 3.09802
    endloop
  endfacet
  facet normal 0.796823 -0.241841 -0.553703
    outer loop
      vertex 20.5925 -31.8986 0.528604
      vertex 20.5359 -31.7119 0.365607
      vertex 20.6427 -31.7332 0.528604
    endloop
  endfacet
  facet normal 0.558647 0.616292 0.555066
    outer loop
      vertex 19.1112 28.1156 3.4714
      vertex 19.325 27.775 3.63439
      vertex 19.402 27.852 3.4714
    endloop
  endfacet
  facet normal 0.558647 0.616292 0.555066
    outer loop
      vertex 19.325 27.775 3.63439
      vertex 19.1112 28.1156 3.4714
      vertex 19.0342 28.0386 3.63439
    endloop
  endfacet
  facet normal 0.714651 0.586507 -0.381161
    outer loop
      vertex 19.8377 27.4692 0.709716
      vertex 19.6656 27.5612 0.528604
      vertex 19.7187 27.6142 0.709716
    endloop
  endfacet
  facet normal -0.0194068 0.195089 -0.980594
    outer loop
      vertex -16.3612 28.4769 0.00481606
      vertex -16.3987 28.6654 0.0430603
      vertex -16.3421 28.4788 0.00481606
    endloop
  endfacet
  facet normal -0.334273 0.625193 -0.705262
    outer loop
      vertex -18.188 28.4552 0.22699
      vertex -18.265 28.5704 0.365607
      vertex -18.0784 28.5138 0.22699
    endloop
  endfacet
  facet normal 0.290121 0.95699 -0
    outer loop
      vertex 17.492 29.1472 0.901983
      vertex 17.3053 29.2038 3.09802
      vertex 17.492 29.1472 3.09802
    endloop
  endfacet
  facet normal 0.290121 0.95699 0
    outer loop
      vertex 17.3053 29.2038 3.09802
      vertex 17.492 29.1472 0.901983
      vertex 17.3053 29.2038 0.901983
    endloop
  endfacet
  facet normal 0.622301 0.758266 -0.194354
    outer loop
      vertex 19.1642 28.1687 0.709716
      vertex 19.0192 28.2877 0.709716
      vertex 19.0405 28.3195 0.901983
    endloop
  endfacet
  facet normal 0.151511 0.124308 -0.980608
    outer loop
      vertex 19.2834 27.0988 0.0430603
      vertex 19.1235 26.992 0.00481606
      vertex 19.2473 27.1428 0.0430603
    endloop
  endfacet
  facet normal 0.734227 -0.392394 0.554019
    outer loop
      vertex 20.1918 -32.5814 3.63439
      vertex 20.1204 -32.715 3.63439
      vertex 20.2925 -32.6231 3.4714
    endloop
  endfacet
  facet normal 0.796845 -0.241801 0.553688
    outer loop
      vertex 20.5359 -31.7119 3.63439
      vertex 20.4919 -31.8569 3.63439
      vertex 20.5925 -31.8986 3.4714
    endloop
  endfacet
  facet normal 0.620587 -0.684623 0.382313
    outer loop
      vertex 19.1642 -34.1687 3.29028
      vertex 19.402 -33.852 3.4714
      vertex 19.1112 -34.1156 3.4714
    endloop
  endfacet
  facet normal 0.620389 -0.68464 0.382603
    outer loop
      vertex 19.402 -33.852 3.4714
      vertex 19.1642 -34.1687 3.29028
      vertex 19.4551 -33.9051 3.29028
    endloop
  endfacet
  facet normal 0.91399 -0.13558 0.382413
    outer loop
      vertex 20.7381 -31.3524 3.4714
      vertex 20.8693 -30.9788 3.29028
      vertex 20.7957 -30.9641 3.4714
    endloop
  endfacet
  facet normal 0.914011 -0.135618 0.38235
    outer loop
      vertex 20.8693 -30.9788 3.29028
      vertex 20.7381 -31.3524 3.4714
      vertex 20.8117 -31.367 3.29028
    endloop
  endfacet
  facet normal 0.970023 0.243015 0
    outer loop
      vertex 20.8492 25.3745 3.09802
      vertex 20.7538 25.7553 0.901983
      vertex 20.7538 25.7553 3.09802
    endloop
  endfacet
  facet normal 0.970023 0.243015 0
    outer loop
      vertex 20.7538 25.7553 0.901983
      vertex 20.8492 25.3745 3.09802
      vertex 20.8492 25.3745 0.901983
    endloop
  endfacet
  facet normal 0.6252 -0.334277 0.705254
    outer loop
      vertex 20.0638 -32.5284 3.77301
      vertex 20.0052 -32.638 3.77301
      vertex 20.1204 -32.715 3.63439
    endloop
  endfacet
  facet normal 0.951426 -0.238356 0.194872
    outer loop
      vertex 20.7163 -31.7478 3.29028
      vertex 20.8492 -31.3745 3.09802
      vertex 20.8117 -31.367 3.29028
    endloop
  endfacet
  facet normal 0.951426 -0.238356 0.194872
    outer loop
      vertex 20.8492 -31.3745 3.09802
      vertex 20.7163 -31.7478 3.29028
      vertex 20.7538 -31.7553 3.09802
    endloop
  endfacet
  facet normal 0.815562 -0.435858 0.380638
    outer loop
      vertex 20.2925 -32.6231 3.4714
      vertex 20.211 -32.7756 3.4714
      vertex 20.2733 -32.8172 3.29028
    endloop
  endfacet
  facet normal 0.331264 -0.446739 0.831077
    outer loop
      vertex 18.4342 -34.1178 3.88192
      vertex 18.84 -34.0195 3.77301
      vertex 18.7495 -33.884 3.88192
    endloop
  endfacet
  facet normal 0.331245 -0.446522 0.831201
    outer loop
      vertex 18.84 -34.0195 3.77301
      vertex 18.4342 -34.1178 3.88192
      vertex 18.5247 -34.2534 3.77301
    endloop
  endfacet
  facet normal 0.830789 -0.0408932 0.555083
    outer loop
      vertex 20.7037 -30.7921 3.63439
      vertex 20.8319 -30.4 3.4714
      vertex 20.723 -30.4 3.63439
    endloop
  endfacet
  facet normal 0.830789 -0.0408932 0.555083
    outer loop
      vertex 20.8319 -30.4 3.4714
      vertex 20.7037 -30.7921 3.63439
      vertex 20.8126 -30.7921 3.4714
    endloop
  endfacet
  facet normal 0.195001 -0.0192934 0.980613
    outer loop
      vertex 20.221 -30.7921 3.95694
      vertex 20.0287 -30.7921 3.99518
      vertex 20.2154 -30.8487 3.95694
    endloop
  endfacet
  facet normal -0.0543467 -0.55494 0.830113
    outer loop
      vertex -16.434 -34.8431 3.88192
      vertex -16.4658 -35.0029 3.77301
      vertex -16.3421 -34.8521 3.88192
    endloop
  endfacet
  facet normal -0.0479682 0.979601 0.195146
    outer loop
      vertex -15.95 29.3952 3.09802
      vertex -16.3421 29.3377 3.29028
      vertex -15.95 29.3569 3.29028
    endloop
  endfacet
  facet normal -0.0482222 0.979686 0.194653
    outer loop
      vertex -16.3421 29.3377 3.29028
      vertex -15.95 29.3952 3.09802
      vertex -16.3421 29.3759 3.09802
    endloop
  endfacet
  facet normal -0.830789 0.0408932 0.555083
    outer loop
      vertex -20.8319 24.4 3.4714
      vertex -20.7037 24.7921 3.63439
      vertex -20.8126 24.7921 3.4714
    endloop
  endfacet
  facet normal -0.830789 0.0408932 0.555083
    outer loop
      vertex -20.7037 24.7921 3.63439
      vertex -20.8319 24.4 3.4714
      vertex -20.723 24.4 3.63439
    endloop
  endfacet
  facet normal 0.550161 -0.0816102 0.831061
    outer loop
      vertex 20.3355 -31.2723 3.88192
      vertex 20.5529 -30.9158 3.77301
      vertex 20.3931 -30.884 3.88192
    endloop
  endfacet
  facet normal 0.550161 -0.0816102 0.831061
    outer loop
      vertex 20.5529 -30.9158 3.77301
      vertex 20.3355 -31.2723 3.88192
      vertex 20.4953 -31.3041 3.77301
    endloop
  endfacet
  facet normal 0.302516 -0.639828 0.706473
    outer loop
      vertex 17.7235 -34.6816 3.77301
      vertex 18.1314 -34.6418 3.63439
      vertex 18.0784 -34.5138 3.77301
    endloop
  endfacet
  facet normal 0.302567 -0.639553 0.7067
    outer loop
      vertex 18.1314 -34.6418 3.63439
      vertex 17.7235 -34.6816 3.77301
      vertex 17.7765 -34.8097 3.63439
    endloop
  endfacet
  facet normal 0.6223 -0.758265 0.194361
    outer loop
      vertex 19.1642 -34.1687 3.29028
      vertex 19.0192 -34.2877 3.29028
      vertex 19.0405 -34.3195 3.09802
    endloop
  endfacet
  facet normal 0.0408932 -0.830789 0.555083
    outer loop
      vertex 15.95 -35.2819 3.4714
      vertex 16.3421 -35.1537 3.63439
      vertex 15.95 -35.173 3.63439
    endloop
  endfacet
  facet normal 0.0406702 -0.830561 0.55544
    outer loop
      vertex 16.3421 -35.1537 3.63439
      vertex 15.95 -35.2819 3.4714
      vertex 16.3421 -35.2627 3.4714
    endloop
  endfacet
  facet normal 0 -0.195037 0.980796
    outer loop
      vertex -15.95 -34.498 3.99518
      vertex 15.95 -34.6903 3.95694
      vertex 15.95 -34.498 3.99518
    endloop
  endfacet
  facet normal 0 -0.195037 0.980796
    outer loop
      vertex 15.95 -34.6903 3.95694
      vertex -15.95 -34.498 3.99518
      vertex -15.95 -34.6903 3.95694
    endloop
  endfacet
  facet normal 0.0813387 -0.828775 0.553639
    outer loop
      vertex 16.4929 -35.1389 3.63439
      vertex 16.3421 -35.1537 3.63439
      vertex 16.5141 -35.2457 3.4714
    endloop
  endfacet
  facet normal 0.0816102 -0.550161 0.831061
    outer loop
      vertex 16.8223 -34.7855 3.88192
      vertex 16.4658 -35.0029 3.77301
      vertex 16.8541 -34.9453 3.77301
    endloop
  endfacet
  facet normal 0.0816102 -0.550161 0.831061
    outer loop
      vertex 16.4658 -35.0029 3.77301
      vertex 16.8223 -34.7855 3.88192
      vertex 16.434 -34.8431 3.88192
    endloop
  endfacet
  facet normal 0.462818 -0.864973 0.19396
    outer loop
      vertex 18.3672 -34.7233 3.29028
      vertex 18.2018 -34.8118 3.29028
      vertex 18.2164 -34.8471 3.09802
    endloop
  endfacet
  facet normal -0.475022 -0.524218 -0.706789
    outer loop
      vertex -19.0342 -34.0386 0.365607
      vertex -19.227 -33.677 0.22699
      vertex -18.9361 -33.9406 0.22699
    endloop
  endfacet
  facet normal -0.475224 -0.524261 -0.70662
    outer loop
      vertex -19.227 -33.677 0.22699
      vertex -19.0342 -34.0386 0.365607
      vertex -19.325 -33.775 0.365607
    endloop
  endfacet
  facet normal -0.262893 -0.491417 0.830299
    outer loop
      vertex -18.0975 -34.3196 3.88192
      vertex -18.188 -34.4552 3.77301
      vertex -18.016 -34.3632 3.88192
    endloop
  endfacet
  facet normal -0.28452 -0.93881 0.194125
    outer loop
      vertex -17.4773 -35.1119 3.29028
      vertex -17.492 -35.1472 3.09802
      vertex -17.2978 -35.1663 3.29028
    endloop
  endfacet
  facet normal -0.734237 -0.392399 -0.554002
    outer loop
      vertex -20.1204 -32.715 0.365607
      vertex -20.2925 -32.6231 0.528604
      vertex -20.1918 -32.5814 0.365607
    endloop
  endfacet
  facet normal 0.17659 -0.0834935 -0.980737
    outer loop
      vertex 19.7459 -32.3967 0.0430603
      vertex 19.7361 -31.9682 0.00481606
      vertex 19.9137 -32.0418 0.0430603
    endloop
  endfacet
  facet normal 0.176493 -0.0834972 -0.980754
    outer loop
      vertex 19.7361 -31.9682 0.00481606
      vertex 19.7459 -32.3967 0.0430603
      vertex 19.5682 -32.3231 0.00481606
    endloop
  endfacet
  facet normal -0.85774 -0.514084 0
    outer loop
      vertex -20.1033 -33.1752 0.901983
      vertex -20.3051 -32.8385 3.09802
      vertex -20.3051 -32.8385 0.901983
    endloop
  endfacet
  facet normal -0.85774 -0.514084 0
    outer loop
      vertex -20.3051 -32.8385 3.09802
      vertex -20.1033 -33.1752 0.901983
      vertex -20.1033 -33.1752 3.09802
    endloop
  endfacet
  facet normal -0.658772 -0.726748 -0.194568
    outer loop
      vertex -19.4551 -33.9051 0.709716
      vertex -19.1913 -34.1957 0.901983
      vertex -19.4821 -33.9321 0.901983
    endloop
  endfacet
  facet normal -0.658604 -0.726813 -0.194896
    outer loop
      vertex -19.1913 -34.1957 0.901983
      vertex -19.4551 -33.9051 0.709716
      vertex -19.1642 -34.1687 0.709716
    endloop
  endfacet
  facet normal -0.584193 0.787836 -0.195023
    outer loop
      vertex -19.0192 28.2877 0.709716
      vertex -18.7252 28.5533 0.901983
      vertex -18.7039 28.5215 0.709716
    endloop
  endfacet
  facet normal -0.584193 0.787836 -0.195023
    outer loop
      vertex -18.7252 28.5533 0.901983
      vertex -19.0192 28.2877 0.709716
      vertex -19.0405 28.3195 0.901983
    endloop
  endfacet
  facet normal 0 1 -0
    outer loop
      vertex 15.95 29.3952 0.901983
      vertex -15.95 29.3952 3.09802
      vertex 15.95 29.3952 3.09802
    endloop
  endfacet
  facet normal 0 1 0
    outer loop
      vertex -15.95 29.3952 3.09802
      vertex 15.95 29.3952 0.901983
      vertex -15.95 29.3952 0.901983
    endloop
  endfacet
  facet normal -0.124294 -0.151495 0.980612
    outer loop
      vertex -18.542 -33.5735 3.99518
      vertex -18.6928 -33.6973 3.95694
      vertex -18.6488 -33.7334 3.95694
    endloop
  endfacet
  facet normal 0.0818825 0.828458 0.554033
    outer loop
      vertex 16.3421 29.2627 3.4714
      vertex 16.3421 29.1537 3.63439
      vertex 16.5141 29.2457 3.4714
    endloop
  endfacet
  facet normal 0.558654 -0.6163 -0.55505
    outer loop
      vertex 19.325 -33.775 0.365607
      vertex 19.1112 -34.1156 0.528604
      vertex 19.0342 -34.0386 0.365607
    endloop
  endfacet
  facet normal 0.558654 -0.6163 -0.55505
    outer loop
      vertex 19.1112 -34.1156 0.528604
      vertex 19.325 -33.775 0.365607
      vertex 19.402 -33.852 0.528604
    endloop
  endfacet
  facet normal 0.52834 -0.643674 -0.553661
    outer loop
      vertex 19.1112 -34.1156 0.528604
      vertex 18.917 -34.1348 0.365607
      vertex 19.0342 -34.0386 0.365607
    endloop
  endfacet
  facet normal 0.622301 -0.758266 -0.194354
    outer loop
      vertex 19.0405 -34.3195 0.901983
      vertex 19.0192 -34.2877 0.709716
      vertex 19.1642 -34.1687 0.709716
    endloop
  endfacet
  facet normal 0.0479682 -0.979601 0.195146
    outer loop
      vertex 15.95 -35.3952 3.09802
      vertex 16.3421 -35.3377 3.29028
      vertex 15.95 -35.3569 3.29028
    endloop
  endfacet
  facet normal 0.0482222 -0.979686 0.194653
    outer loop
      vertex 16.3421 -35.3377 3.29028
      vertex 15.95 -35.3952 3.09802
      vertex 16.3421 -35.3759 3.09802
    endloop
  endfacet
  facet normal -0.11145 -0.367619 -0.923274
    outer loop
      vertex -17.2031 -34.6901 0.118079
      vertex -17.2915 -34.6633 0.118079
      vertex -17.2222 -34.4959 0.0430603
    endloop
  endfacet
  facet normal 0.0273358 -0.555355 -0.831164
    outer loop
      vertex 15.95 -34.8714 0.118079
      vertex 16.3421 -35.0151 0.22699
      vertex 15.95 -35.0344 0.22699
    endloop
  endfacet
  facet normal 0.0273358 -0.555355 -0.831164
    outer loop
      vertex 16.3421 -35.0151 0.22699
      vertex 15.95 -34.8714 0.118079
      vertex 16.3421 -34.8521 0.118079
    endloop
  endfacet
  facet normal 0.143921 -0.970217 -0.194847
    outer loop
      vertex 16.917 -35.2617 0.709716
      vertex 16.5362 -35.3568 0.901983
      vertex 16.5287 -35.3193 0.709716
    endloop
  endfacet
  facet normal 0.143921 -0.970217 -0.194847
    outer loop
      vertex 16.5362 -35.3568 0.901983
      vertex 16.917 -35.2617 0.709716
      vertex 16.9245 -35.2992 0.901983
    endloop
  endfacet
  facet normal 0.280144 -0.783215 -0.555062
    outer loop
      vertex 17.7765 -34.8097 0.365607
      vertex 17.4486 -35.0425 0.528604
      vertex 17.4069 -34.9419 0.365607
    endloop
  endfacet
  facet normal 0.280144 -0.783215 -0.555062
    outer loop
      vertex 17.4486 -35.0425 0.528604
      vertex 17.7765 -34.8097 0.365607
      vertex 17.8182 -34.9103 0.528604
    endloop
  endfacet
  facet normal 0.135026 -0.539538 -0.831064
    outer loop
      vertex 16.8223 -34.7855 0.118079
      vertex 17.2349 -34.85 0.22699
      vertex 16.8541 -34.9453 0.22699
    endloop
  endfacet
  facet normal 0.135105 -0.539287 -0.831214
    outer loop
      vertex 17.2349 -34.85 0.22699
      vertex 16.8223 -34.7855 0.118079
      vertex 17.2031 -34.6901 0.118079
    endloop
  endfacet
  facet normal 0.131108 -0.144687 -0.980753
    outer loop
      vertex 18.6928 -33.6973 0.0430603
      vertex 18.8477 -33.2977 0.00481606
      vertex 18.9837 -33.4337 0.0430603
    endloop
  endfacet
  facet normal 0.131176 -0.144712 -0.98074
    outer loop
      vertex 18.8477 -33.2977 0.00481606
      vertex 18.6928 -33.6973 0.0430603
      vertex 18.5569 -33.5613 0.00481606
    endloop
  endfacet
  facet normal 0.49142 -0.262895 -0.830297
    outer loop
      vertex 20.0052 -32.638 0.22699
      vertex 19.8696 -32.5475 0.118079
      vertex 19.9132 -32.466 0.118079
    endloop
  endfacet
  facet normal -0.334273 -0.625193 -0.705262
    outer loop
      vertex -18.0784 -34.5138 0.22699
      vertex -18.265 -34.5704 0.365607
      vertex -18.188 -34.4552 0.22699
    endloop
  endfacet
  facet normal -0.181255 0.338813 -0.923229
    outer loop
      vertex -17.9969 28.169 0.0430603
      vertex -18.0975 28.3196 0.118079
      vertex -18.016 28.3632 0.118079
    endloop
  endfacet
  facet normal -0.195049 -0.00960072 -0.980747
    outer loop
      vertex -20.221 -30.7921 0.0430603
      vertex -20.048 -30.4 0.00481606
      vertex -20.0287 -30.7921 0.00481606
    endloop
  endfacet
  facet normal -0.195049 -0.00960072 -0.980747
    outer loop
      vertex -20.048 -30.4 0.00481606
      vertex -20.221 -30.7921 0.0430603
      vertex -20.2403 -30.4 0.0430603
    endloop
  endfacet
  facet normal 0.714651 -0.586507 -0.381161
    outer loop
      vertex 19.7187 -33.6142 0.709716
      vertex 19.6656 -33.5612 0.528604
      vertex 19.8377 -33.4692 0.709716
    endloop
  endfacet
  facet normal 0.547785 -0.449742 0.705452
    outer loop
      vertex 19.5695 -33.29 3.77301
      vertex 19.4906 -33.3861 3.77301
      vertex 19.6848 -33.367 3.63439
    endloop
  endfacet
  facet normal -0.865088 0.462453 0.19432
    outer loop
      vertex -20.3051 26.8385 3.09802
      vertex -20.3971 26.6664 3.09802
      vertex -20.2733 26.8172 3.29028
    endloop
  endfacet
  facet normal -0.0907283 0.920103 -0.381023
    outer loop
      vertex -16.3421 29.2627 0.528604
      vertex -16.5287 29.3193 0.709716
      vertex -16.3421 29.3377 0.709716
    endloop
  endfacet
  facet normal -0.181532 0.338771 -0.92319
    outer loop
      vertex -17.9969 28.169 0.0430603
      vertex -18.016 28.3632 0.118079
      vertex -17.9467 28.1959 0.0430603
    endloop
  endfacet
  facet normal -0.815562 0.435858 0.380638
    outer loop
      vertex -20.2733 26.8172 3.29028
      vertex -20.2925 26.6231 3.4714
      vertex -20.211 26.7756 3.4714
    endloop
  endfacet
  facet normal -0.865089 0.462453 -0.194314
    outer loop
      vertex -20.2733 26.8172 0.709716
      vertex -20.3971 26.6664 0.901983
      vertex -20.3051 26.8385 0.901983
    endloop
  endfacet
  facet normal -0.257174 0.283808 0.92375
    outer loop
      vertex -18.8209 27.8254 3.88192
      vertex -18.9837 27.4337 3.95694
      vertex -18.6928 27.6973 3.95694
    endloop
  endfacet
  facet normal -0.257174 0.283808 0.92375
    outer loop
      vertex -18.9837 27.4337 3.95694
      vertex -18.8209 27.8254 3.88192
      vertex -19.1118 27.5618 3.88192
    endloop
  endfacet
  facet normal -0.699745 0.103799 0.706812
    outer loop
      vertex -20.6889 24.9429 3.63439
      vertex -20.4953 25.3041 3.77301
      vertex -20.6313 25.3312 3.63439
    endloop
  endfacet
  facet normal -0.699745 0.103799 0.706812
    outer loop
      vertex -20.4953 25.3041 3.77301
      vertex -20.6889 24.9429 3.63439
      vertex -20.5529 24.9158 3.77301
    endloop
  endfacet
  facet normal -0.338813 -0.181255 -0.923229
    outer loop
      vertex -19.8696 -32.5475 0.118079
      vertex -19.9132 -32.466 0.118079
      vertex -19.719 -32.4469 0.0430603
    endloop
  endfacet
  facet normal 0.0193051 -0.195119 -0.98059
    outer loop
      vertex 16.3987 -34.6654 0.0430603
      vertex 16.3421 -34.671 0.0430603
      vertex 16.3421 -34.4788 0.00481606
    endloop
  endfacet
  facet normal -0.923914 0 -0.3826
    outer loop
      vertex -20.8319 -30.4 0.528604
      vertex -20.9069 24.4 0.709716
      vertex -20.8319 24.4 0.528604
    endloop
  endfacet
  facet normal -0.923914 -0 -0.3826
    outer loop
      vertex -20.9069 24.4 0.709716
      vertex -20.8319 -30.4 0.528604
      vertex -20.9069 -30.4 0.709716
    endloop
  endfacet
  facet normal 0.42151 0.568443 0.706542
    outer loop
      vertex 18.5247 28.2534 3.77301
      vertex 18.917 28.1348 3.63439
      vertex 18.6017 28.3686 3.63439
    endloop
  endfacet
  facet normal 0.421506 0.568195 0.706744
    outer loop
      vertex 18.917 28.1348 3.63439
      vertex 18.5247 28.2534 3.77301
      vertex 18.84 28.0195 3.77301
    endloop
  endfacet
  facet normal 0.195264 -0.0184018 0.980578
    outer loop
      vertex 20.0287 -30.7921 3.99518
      vertex 20.0269 -30.8112 3.99518
      vertex 20.2154 -30.8487 3.95694
    endloop
  endfacet
  facet normal 0.751791 0.355454 -0.555395
    outer loop
      vertex 20.4603 26.2682 0.528604
      vertex 20.1918 26.5814 0.365607
      vertex 20.2925 26.6231 0.528604
    endloop
  endfacet
  facet normal 0.751904 0.355719 -0.555072
    outer loop
      vertex 20.1918 26.5814 0.365607
      vertex 20.4603 26.2682 0.528604
      vertex 20.3597 26.2265 0.365607
    endloop
  endfacet
  facet normal 0.865089 0.462453 -0.194314
    outer loop
      vertex 20.3971 26.6664 0.901983
      vertex 20.2733 26.8172 0.709716
      vertex 20.3051 26.8385 0.901983
    endloop
  endfacet
  facet normal 0.828786 0.0813397 -0.553622
    outer loop
      vertex 20.7037 24.7921 0.365607
      vertex 20.6889 24.9429 0.365607
      vertex 20.7957 24.9641 0.528604
    endloop
  endfacet
  facet normal 0.751781 0.355449 0.555412
    outer loop
      vertex 20.1918 26.5814 3.63439
      vertex 20.4603 26.2682 3.4714
      vertex 20.2925 26.6231 3.4714
    endloop
  endfacet
  facet normal 0.751894 0.355714 0.555088
    outer loop
      vertex 20.4603 26.2682 3.4714
      vertex 20.1918 26.5814 3.63439
      vertex 20.3597 26.2265 3.63439
    endloop
  endfacet
  facet normal -0.187512 0.0570689 -0.980603
    outer loop
      vertex -19.8739 25.5802 0.00481606
      vertex -20.0459 25.6722 0.0430603
      vertex -19.8683 25.5986 0.00481606
    endloop
  endfacet
  facet normal 0.338771 0.181532 -0.92319
    outer loop
      vertex 19.7459 26.3967 0.0430603
      vertex 19.719 26.4469 0.0430603
      vertex 19.9132 26.466 0.118079
    endloop
  endfacet
  facet normal 0.884646 0.268105 -0.381472
    outer loop
      vertex 20.7163 25.7478 0.709716
      vertex 20.5925 25.8986 0.528604
      vertex 20.6619 25.9273 0.709716
    endloop
  endfacet
  facet normal 0.884664 0.268501 -0.381153
    outer loop
      vertex 20.6427 25.7332 0.528604
      vertex 20.5925 25.8986 0.528604
      vertex 20.7163 25.7478 0.709716
    endloop
  endfacet
  facet normal 0.533344 0.161796 -0.830281
    outer loop
      vertex 20.4 25.6849 0.22699
      vertex 20.2401 25.6531 0.118079
      vertex 20.3639 25.8039 0.22699
    endloop
  endfacet
  facet normal 0.616292 0.558647 0.555066
    outer loop
      vertex 19.325 27.775 3.63439
      vertex 19.6656 27.5612 3.4714
      vertex 19.402 27.852 3.4714
    endloop
  endfacet
  facet normal 0.616292 0.558647 0.555066
    outer loop
      vertex 19.6656 27.5612 3.4714
      vertex 19.325 27.775 3.63439
      vertex 19.5886 27.4842 3.63439
    endloop
  endfacet
  facet normal 0.989176 -0.146733 0
    outer loop
      vertex 20.8492 -31.3745 3.09802
      vertex 20.9068 -30.9862 0.901983
      vertex 20.9068 -30.9862 3.09802
    endloop
  endfacet
  facet normal 0.989176 -0.146733 0
    outer loop
      vertex 20.9068 -30.9862 0.901983
      vertex 20.8492 -31.3745 3.09802
      vertex 20.8492 -31.3745 0.901983
    endloop
  endfacet
  facet normal 0.976278 -0.0962159 -0.193969
    outer loop
      vertex 20.9259 -30.7921 0.901983
      vertex 20.8693 -30.9788 0.709716
      vertex 20.8877 -30.7921 0.709716
    endloop
  endfacet
  facet normal 0.668075 -0.495389 -0.555217
    outer loop
      vertex 20.0092 -33.1122 0.528604
      vertex 19.6848 -33.367 0.365607
      vertex 19.9186 -33.0517 0.365607
    endloop
  endfacet
  facet normal 0.668128 -0.49564 -0.554929
    outer loop
      vertex 19.6848 -33.367 0.365607
      vertex 20.0092 -33.1122 0.528604
      vertex 19.7753 -33.4275 0.528604
    endloop
  endfacet
  facet normal 0.742203 -0.550591 -0.382078
    outer loop
      vertex 20.0715 -33.1539 0.709716
      vertex 19.7753 -33.4275 0.528604
      vertex 20.0092 -33.1122 0.528604
    endloop
  endfacet
  facet normal 0.742199 -0.550352 -0.382431
    outer loop
      vertex 19.7753 -33.4275 0.528604
      vertex 20.0715 -33.1539 0.709716
      vertex 19.8377 -33.4692 0.709716
    endloop
  endfacet
  facet normal 0.555563 0 -0.831475
    outer loop
      vertex 20.4214 -30.4 0.118079
      vertex 20.5844 24.4 0.22699
      vertex 20.5844 -30.4 0.22699
    endloop
  endfacet
  facet normal 0.555563 0 -0.831475
    outer loop
      vertex 20.5844 24.4 0.22699
      vertex 20.4214 -30.4 0.118079
      vertex 20.4214 24.4 0.118079
    endloop
  endfacet
  facet normal 0.156938 -0.116372 -0.980728
    outer loop
      vertex 19.2834 -33.0988 0.0430603
      vertex 19.3574 -32.6767 0.00481606
      vertex 19.5172 -32.7835 0.0430603
    endloop
  endfacet
  facet normal 0.156853 -0.116358 -0.980744
    outer loop
      vertex 19.3574 -32.6767 0.00481606
      vertex 19.2834 -33.0988 0.0430603
      vertex 19.1235 -32.992 0.00481606
    endloop
  endfacet
  facet normal 0.976265 -0.0960673 -0.194109
    outer loop
      vertex 20.9068 -30.9862 0.901983
      vertex 20.8693 -30.9788 0.709716
      vertex 20.9259 -30.7921 0.901983
    endloop
  endfacet
  facet normal 0.803259 0.59563 0
    outer loop
      vertex 20.1033 27.1752 3.09802
      vertex 19.8695 27.4905 0.901983
      vertex 19.8695 27.4905 3.09802
    endloop
  endfacet
  facet normal 0.803259 0.59563 0
    outer loop
      vertex 19.8695 27.4905 0.901983
      vertex 20.1033 27.1752 3.09802
      vertex 20.1033 27.1752 0.901983
    endloop
  endfacet
  facet normal 0.643666 0.528333 0.553678
    outer loop
      vertex 19.6656 27.5612 3.4714
      vertex 19.5886 27.4842 3.63439
      vertex 19.6848 27.367 3.63439
    endloop
  endfacet
  facet normal 0.886707 0.419362 -0.194643
    outer loop
      vertex 20.5649 26.3116 0.901983
      vertex 20.3618 26.6518 0.709716
      vertex 20.3971 26.6664 0.901983
    endloop
  endfacet
  facet normal 0.886715 0.419247 -0.194854
    outer loop
      vertex 20.3618 26.6518 0.709716
      vertex 20.5649 26.3116 0.901983
      vertex 20.5296 26.2969 0.709716
    endloop
  endfacet
  facet normal 0.865088 0.462453 0.19432
    outer loop
      vertex 20.3051 26.8385 3.09802
      vertex 20.2733 26.8172 3.29028
      vertex 20.3971 26.6664 3.09802
    endloop
  endfacet
  facet normal 0.144696 -0.131162 0.980744
    outer loop
      vertex 18.8477 -33.2977 3.99518
      vertex 19.2473 -33.1428 3.95694
      vertex 19.1113 -33.0069 3.99518
    endloop
  endfacet
  facet normal 0.144671 -0.131094 0.980757
    outer loop
      vertex 19.2473 -33.1428 3.95694
      vertex 18.8477 -33.2977 3.99518
      vertex 18.9837 -33.4337 3.95694
    endloop
  endfacet
  facet normal -0.476864 0.285807 -0.831213
    outer loop
      vertex -20.0052 26.638 0.22699
      vertex -19.6678 26.8842 0.118079
      vertex -19.8696 26.5475 0.118079
    endloop
  endfacet
  facet normal -0.476972 0.286013 -0.83108
    outer loop
      vertex -19.6678 26.8842 0.118079
      vertex -20.0052 26.638 0.22699
      vertex -19.8033 26.9747 0.22699
    endloop
  endfacet
  facet normal 0.0406707 0.830572 -0.555424
    outer loop
      vertex 16.3421 29.1537 0.365607
      vertex 15.95 29.2819 0.528604
      vertex 16.3421 29.2627 0.528604
    endloop
  endfacet
  facet normal 0.0408938 0.8308 -0.555066
    outer loop
      vertex 15.95 29.2819 0.528604
      vertex 16.3421 29.1537 0.365607
      vertex 15.95 29.173 0.365607
    endloop
  endfacet
  facet normal 0.167553 0.100452 0.980732
    outer loop
      vertex 19.3574 26.6767 3.99518
      vertex 19.719 26.4469 3.95694
      vertex 19.5172 26.7835 3.95694
    endloop
  endfacet
  facet normal 0.167524 0.100405 0.980742
    outer loop
      vertex 19.719 26.4469 3.95694
      vertex 19.3574 26.6767 3.99518
      vertex 19.5592 26.34 3.99518
    endloop
  endfacet
  facet normal 0.0347868 0.70673 0.706628
    outer loop
      vertex 15.95 29.0344 3.77301
      vertex 16.3421 29.1537 3.63439
      vertex 15.95 29.173 3.63439
    endloop
  endfacet
  facet normal 0.0347868 0.70673 0.706628
    outer loop
      vertex 16.3421 29.1537 3.63439
      vertex 15.95 29.0344 3.77301
      vertex 16.3421 29.0151 3.77301
    endloop
  endfacet
  facet normal 0.382441 0.0374534 0.923221
    outer loop
      vertex 20.3931 24.884 3.88192
      vertex 20.221 24.7921 3.95694
      vertex 20.4021 24.7921 3.88192
    endloop
  endfacet
  facet normal 0.146733 0.989176 -0
    outer loop
      vertex 16.9245 29.2992 0.901983
      vertex 16.5362 29.3568 3.09802
      vertex 16.9245 29.2992 3.09802
    endloop
  endfacet
  facet normal 0.146733 0.989176 0
    outer loop
      vertex 16.5362 29.3568 3.09802
      vertex 16.9245 29.2992 0.901983
      vertex 16.5362 29.3568 0.901983
    endloop
  endfacet
  facet normal 0.0482223 0.979687 -0.194646
    outer loop
      vertex 16.3421 29.3377 0.709716
      vertex 15.95 29.3952 0.901983
      vertex 16.3421 29.3759 0.901983
    endloop
  endfacet
  facet normal 0.0479683 0.979602 -0.195139
    outer loop
      vertex 15.95 29.3952 0.901983
      vertex 16.3421 29.3377 0.709716
      vertex 15.95 29.3569 0.709716
    endloop
  endfacet
  facet normal -0.124308 0.151511 -0.980608
    outer loop
      vertex -18.542 27.5735 0.00481606
      vertex -18.6928 27.6973 0.0430603
      vertex -18.6488 27.7334 0.0430603
    endloop
  endfacet
  facet normal 0.95699 -0.290121 0
    outer loop
      vertex 20.6972 -31.942 3.09802
      vertex 20.7538 -31.7553 0.901983
      vertex 20.7538 -31.7553 3.09802
    endloop
  endfacet
  facet normal 0.95699 -0.290121 0
    outer loop
      vertex 20.7538 -31.7553 0.901983
      vertex 20.6972 -31.942 3.09802
      vertex 20.6972 -31.942 0.901983
    endloop
  endfacet
  facet normal 0.796812 -0.241838 0.553719
    outer loop
      vertex 20.6427 -31.7332 3.4714
      vertex 20.5359 -31.7119 3.63439
      vertex 20.5925 -31.8986 3.4714
    endloop
  endfacet
  facet normal 0.85774 -0.514084 0
    outer loop
      vertex 20.1033 -33.1752 3.09802
      vertex 20.3051 -32.8385 0.901983
      vertex 20.3051 -32.8385 3.09802
    endloop
  endfacet
  facet normal 0.85774 -0.514084 0
    outer loop
      vertex 20.3051 -32.8385 0.901983
      vertex 20.1033 -33.1752 3.09802
      vertex 20.1033 -33.1752 0.901983
    endloop
  endfacet
  facet normal 0.714656 -0.586511 0.381147
    outer loop
      vertex 19.8377 -33.4692 3.29028
      vertex 19.6656 -33.5612 3.4714
      vertex 19.7187 -33.6142 3.29028
    endloop
  endfacet
  facet normal 0.75819 -0.62244 -0.194205
    outer loop
      vertex 19.7457 -33.6413 0.901983
      vertex 19.7187 -33.6142 0.709716
      vertex 19.8695 -33.4905 0.901983
    endloop
  endfacet
  facet normal 0.951427 -0.238356 -0.194865
    outer loop
      vertex 20.8492 -31.3745 0.901983
      vertex 20.7163 -31.7478 0.709716
      vertex 20.8117 -31.367 0.709716
    endloop
  endfacet
  facet normal 0.951427 -0.238356 -0.194865
    outer loop
      vertex 20.7163 -31.7478 0.709716
      vertex 20.8492 -31.3745 0.901983
      vertex 20.7538 -31.7553 0.901983
    endloop
  endfacet
  facet normal 0.554727 -0.0547104 0.830232
    outer loop
      vertex 20.5651 -30.7921 3.77301
      vertex 20.4021 -30.7921 3.88192
      vertex 20.5529 -30.9158 3.77301
    endloop
  endfacet
  facet normal 0.555352 -0.0273356 0.831166
    outer loop
      vertex 20.4214 -30.4 3.88192
      vertex 20.5651 -30.7921 3.77301
      vertex 20.5844 -30.4 3.77301
    endloop
  endfacet
  facet normal 0.555352 -0.0273356 0.831166
    outer loop
      vertex 20.5651 -30.7921 3.77301
      vertex 20.4214 -30.4 3.88192
      vertex 20.4021 -30.7921 3.88192
    endloop
  endfacet
  facet normal 0.382441 -0.0374534 0.923221
    outer loop
      vertex 20.4021 -30.7921 3.88192
      vertex 20.221 -30.7921 3.95694
      vertex 20.3931 -30.884 3.88192
    endloop
  endfacet
  facet normal 0.533413 -0.161713 0.830253
    outer loop
      vertex 20.2401 -31.6531 3.88192
      vertex 20.2133 -31.7415 3.88192
      vertex 20.3639 -31.8039 3.77301
    endloop
  endfacet
  facet normal 0.869925 -0.311158 0.382636
    outer loop
      vertex 20.4603 -32.2682 3.4714
      vertex 20.6619 -31.9273 3.29028
      vertex 20.5925 -31.8986 3.4714
    endloop
  endfacet
  facet normal 0.870009 -0.311424 0.38223
    outer loop
      vertex 20.6619 -31.9273 3.29028
      vertex 20.4603 -32.2682 3.4714
      vertex 20.5296 -32.2969 3.29028
    endloop
  endfacet
  facet normal 0.476861 -0.285805 0.831216
    outer loop
      vertex 19.6678 -32.8842 3.88192
      vertex 20.0052 -32.638 3.77301
      vertex 19.8696 -32.5475 3.88192
    endloop
  endfacet
  facet normal 0.476968 -0.286011 0.831083
    outer loop
      vertex 20.0052 -32.638 3.77301
      vertex 19.6678 -32.8842 3.88192
      vertex 19.8033 -32.9747 3.77301
    endloop
  endfacet
  facet normal 0.367624 -0.111452 0.923272
    outer loop
      vertex 20.2401 -31.6531 3.88192
      vertex 20.0459 -31.6722 3.95694
      vertex 20.2133 -31.7415 3.88192
    endloop
  endfacet
  facet normal -0.382269 -0.0378216 0.923277
    outer loop
      vertex -20.221 -30.7921 3.95694
      vertex -20.3931 -30.884 3.88192
      vertex -20.2154 -30.8487 3.95694
    endloop
  endfacet
  facet normal 0.187492 0.0570628 0.980607
    outer loop
      vertex 20.0459 25.6722 3.95694
      vertex 19.8683 25.5986 3.99518
      vertex 19.8739 25.5802 3.99518
    endloop
  endfacet
  facet normal -0.331264 -0.446739 0.831077
    outer loop
      vertex -18.84 -34.0195 3.77301
      vertex -18.4342 -34.1178 3.88192
      vertex -18.7495 -33.884 3.88192
    endloop
  endfacet
  facet normal -0.331245 -0.446522 0.831201
    outer loop
      vertex -18.4342 -34.1178 3.88192
      vertex -18.84 -34.0195 3.77301
      vertex -18.5247 -34.2534 3.77301
    endloop
  endfacet
  facet normal -0.586403 -0.714695 0.381239
    outer loop
      vertex -18.9775 -34.2253 3.4714
      vertex -19.1112 -34.1156 3.4714
      vertex -19.0192 -34.2877 3.29028
    endloop
  endfacet
  facet normal -0.919929 0.0906626 -0.381458
    outer loop
      vertex -20.8126 24.7921 0.528604
      vertex -20.8877 24.7921 0.709716
      vertex -20.8693 24.9788 0.709716
    endloop
  endfacet
  facet normal -0.772906 -0.634521 0
    outer loop
      vertex -19.7457 -33.6413 0.901983
      vertex -19.8695 -33.4905 3.09802
      vertex -19.8695 -33.4905 0.901983
    endloop
  endfacet
  facet normal -0.772906 -0.634521 0
    outer loop
      vertex -19.8695 -33.4905 3.09802
      vertex -19.7457 -33.6413 0.901983
      vertex -19.7457 -33.6413 3.09802
    endloop
  endfacet
  facet normal 0.151495 0.124294 0.980612
    outer loop
      vertex 19.2473 27.1428 3.95694
      vertex 19.1235 26.992 3.99518
      vertex 19.2834 27.0988 3.95694
    endloop
  endfacet
  facet normal 0.0491626 -0.998791 0
    outer loop
      vertex 15.95 -35.3952 0.901983
      vertex 16.3421 -35.3759 3.09802
      vertex 15.95 -35.3952 3.09802
    endloop
  endfacet
  facet normal 0.0491626 -0.998791 0
    outer loop
      vertex 16.3421 -35.3759 3.09802
      vertex 15.95 -35.3952 0.901983
      vertex 16.3421 -35.3759 0.901983
    endloop
  endfacet
  facet normal 0.0930191 -0.371686 0.923687
    outer loop
      vertex 16.787 -34.6078 3.95694
      vertex 17.2031 -34.6901 3.88192
      vertex 17.1678 -34.5125 3.95694
    endloop
  endfacet
  facet normal 0.0930693 -0.371497 0.923758
    outer loop
      vertex 17.2031 -34.6901 3.88192
      vertex 16.787 -34.6078 3.95694
      vertex 16.8223 -34.7855 3.88192
    endloop
  endfacet
  facet normal 0.143921 -0.970216 0.194853
    outer loop
      vertex 16.5362 -35.3568 3.09802
      vertex 16.917 -35.2617 3.29028
      vertex 16.5287 -35.3193 3.29028
    endloop
  endfacet
  facet normal 0.143921 -0.970216 0.194853
    outer loop
      vertex 16.917 -35.2617 3.29028
      vertex 16.5362 -35.3568 3.09802
      vertex 16.9245 -35.2992 3.09802
    endloop
  endfacet
  facet normal -0.0657809 0.183908 0.98074
    outer loop
      vertex -17.2222 28.4959 3.95694
      vertex -17.5182 28.1861 3.99518
      vertex -17.1486 28.3183 3.99518
    endloop
  endfacet
  facet normal -0.0657809 0.183908 0.98074
    outer loop
      vertex -17.5182 28.1861 3.99518
      vertex -17.2222 28.4959 3.95694
      vertex -17.5918 28.3637 3.95694
    endloop
  endfacet
  facet normal 0.238277 -0.666167 0.706714
    outer loop
      vertex 17.7235 -34.6816 3.77301
      vertex 17.4069 -34.9419 3.63439
      vertex 17.7765 -34.8097 3.63439
    endloop
  endfacet
  facet normal 0.238517 -0.666332 0.706478
    outer loop
      vertex 17.4069 -34.9419 3.63439
      vertex 17.7235 -34.6816 3.77301
      vertex 17.3539 -34.8139 3.77301
    endloop
  endfacet
  facet normal 0.100452 -0.167553 0.980732
    outer loop
      vertex 18.2267 -33.8074 3.99518
      vertex 17.9969 -34.169 3.95694
      vertex 18.3335 -33.9672 3.95694
    endloop
  endfacet
  facet normal 0.100405 -0.167524 0.980742
    outer loop
      vertex 17.9969 -34.169 3.95694
      vertex 18.2267 -33.8074 3.99518
      vertex 17.89 -34.0092 3.99518
    endloop
  endfacet
  facet normal 0.427539 -0.903997 0
    outer loop
      vertex 17.8616 -35.0149 0.901983
      vertex 18.2164 -34.8471 3.09802
      vertex 17.8616 -35.0149 3.09802
    endloop
  endfacet
  facet normal 0.427539 -0.903997 0
    outer loop
      vertex 18.2164 -34.8471 3.09802
      vertex 17.8616 -35.0149 0.901983
      vertex 18.2164 -34.8471 0.901983
    endloop
  endfacet
  facet normal -0.328502 -0.196886 -0.923754
    outer loop
      vertex -19.8696 -32.5475 0.118079
      vertex -19.5172 -32.7835 0.0430603
      vertex -19.6678 -32.8842 0.118079
    endloop
  endfacet
  facet normal -0.328554 -0.196976 -0.923717
    outer loop
      vertex -19.5172 -32.7835 0.0430603
      vertex -19.8696 -32.5475 0.118079
      vertex -19.719 -32.4469 0.0430603
    endloop
  endfacet
  facet normal -0.6163 -0.558654 -0.55505
    outer loop
      vertex -19.325 -33.775 0.365607
      vertex -19.6656 -33.5612 0.528604
      vertex -19.5886 -33.4842 0.365607
    endloop
  endfacet
  facet normal -0.6163 -0.558654 -0.55505
    outer loop
      vertex -19.6656 -33.5612 0.528604
      vertex -19.325 -33.775 0.365607
      vertex -19.402 -33.852 0.528604
    endloop
  endfacet
  facet normal -0.555559 0 0.831477
    outer loop
      vertex -20.5844 24.4 3.77301
      vertex -20.4214 -30.4 3.88192
      vertex -20.4214 24.4 3.88192
    endloop
  endfacet
  facet normal -0.555559 0 0.831477
    outer loop
      vertex -20.4214 -30.4 3.88192
      vertex -20.5844 24.4 3.77301
      vertex -20.5844 -30.4 3.77301
    endloop
  endfacet
  facet normal -0.427539 -0.903997 0
    outer loop
      vertex -18.2164 -34.8471 0.901983
      vertex -17.8616 -35.0149 3.09802
      vertex -18.2164 -34.8471 3.09802
    endloop
  endfacet
  facet normal -0.427539 -0.903997 -0
    outer loop
      vertex -17.8616 -35.0149 3.09802
      vertex -18.2164 -34.8471 0.901983
      vertex -17.8616 -35.0149 0.901983
    endloop
  endfacet
  facet normal -0.6223 -0.758265 0.194361
    outer loop
      vertex -19.0192 -34.2877 3.29028
      vertex -19.1642 -34.1687 3.29028
      vertex -19.0405 -34.3195 3.09802
    endloop
  endfacet
  facet normal -0.504215 -0.841274 -0.195001
    outer loop
      vertex -18.7039 -34.5215 0.709716
      vertex -18.3885 -34.7551 0.901983
      vertex -18.7252 -34.5533 0.901983
    endloop
  endfacet
  facet normal -0.504215 -0.841274 -0.195001
    outer loop
      vertex -18.3885 -34.7551 0.901983
      vertex -18.7039 -34.5215 0.709716
      vertex -18.3672 -34.7233 0.709716
    endloop
  endfacet
  facet normal -0.514084 -0.85774 0
    outer loop
      vertex -18.7252 -34.5533 0.901983
      vertex -18.3885 -34.7551 3.09802
      vertex -18.7252 -34.5533 3.09802
    endloop
  endfacet
  facet normal -0.514084 -0.85774 -0
    outer loop
      vertex -18.3885 -34.7551 3.09802
      vertex -18.7252 -34.5533 0.901983
      vertex -18.3885 -34.7551 0.901983
    endloop
  endfacet
  facet normal -0.0692214 -0.70531 0.705512
    outer loop
      vertex -16.4658 -35.0029 3.77301
      vertex -16.4929 -35.1389 3.63439
      vertex -16.3421 -35.1537 3.63439
    endloop
  endfacet
  facet normal 0 -0.98073 0.195371
    outer loop
      vertex -15.95 -35.3952 3.09802
      vertex 15.95 -35.3569 3.29028
      vertex -15.95 -35.3569 3.29028
    endloop
  endfacet
  facet normal 0 -0.98073 0.195371
    outer loop
      vertex 15.95 -35.3569 3.29028
      vertex -15.95 -35.3952 3.09802
      vertex 15.95 -35.3952 3.09802
    endloop
  endfacet
  facet normal -0.678444 -0.205814 -0.705234
    outer loop
      vertex -20.3639 -31.8039 0.22699
      vertex -20.5359 -31.7119 0.365607
      vertex -20.4 -31.6849 0.22699
    endloop
  endfacet
  facet normal -0.568272 -0.421383 -0.706755
    outer loop
      vertex -19.6848 -33.367 0.365607
      vertex -19.8033 -32.9747 0.22699
      vertex -19.5695 -33.29 0.22699
    endloop
  endfacet
  facet normal -0.568272 -0.421383 -0.706755
    outer loop
      vertex -19.8033 -32.9747 0.22699
      vertex -19.6848 -33.367 0.365607
      vertex -19.9186 -33.0517 0.365607
    endloop
  endfacet
  facet normal -0.643666 0.528333 0.553678
    outer loop
      vertex -19.6656 27.5612 3.4714
      vertex -19.6848 27.367 3.63439
      vertex -19.5886 27.4842 3.63439
    endloop
  endfacet
  facet normal -0.0925628 0.172738 0.980609
    outer loop
      vertex -17.9467 28.1959 3.95694
      vertex -17.9969 28.169 3.95694
      vertex -17.89 28.0092 3.99518
    endloop
  endfacet
  facet normal 0.18952 -0.0474298 0.980731
    outer loop
      vertex 19.9693 -31.1995 3.99518
      vertex 20.0625 -31.6178 3.95694
      vertex 20.1578 -31.237 3.95694
    endloop
  endfacet
  facet normal 0.189393 -0.0474602 0.980754
    outer loop
      vertex 20.0625 -31.6178 3.95694
      vertex 19.9693 -31.1995 3.99518
      vertex 19.8739 -31.5802 3.99518
    endloop
  endfacet
  facet normal 0 0.98073 0.195371
    outer loop
      vertex 15.95 29.3952 3.09802
      vertex -15.95 29.3569 3.29028
      vertex 15.95 29.3569 3.29028
    endloop
  endfacet
  facet normal 0 0.98073 0.195371
    outer loop
      vertex -15.95 29.3569 3.29028
      vertex 15.95 29.3952 3.09802
      vertex -15.95 29.3952 3.09802
    endloop
  endfacet
  facet normal 0 0.92392 0.382586
    outer loop
      vertex 15.95 29.3569 3.29028
      vertex -15.95 29.2819 3.4714
      vertex 15.95 29.2819 3.4714
    endloop
  endfacet
  facet normal 0 0.92392 0.382586
    outer loop
      vertex -15.95 29.2819 3.4714
      vertex 15.95 29.3569 3.29028
      vertex -15.95 29.3569 3.29028
    endloop
  endfacet
  facet normal -0.0909317 0.920015 0.381188
    outer loop
      vertex -16.3421 29.2627 3.4714
      vertex -16.5287 29.3193 3.29028
      vertex -16.5141 29.2457 3.4714
    endloop
  endfacet
  facet normal 0.584193 -0.787836 -0.195023
    outer loop
      vertex 19.0192 -34.2877 0.709716
      vertex 18.7252 -34.5533 0.901983
      vertex 18.7039 -34.5215 0.709716
    endloop
  endfacet
  facet normal 0.584193 -0.787836 -0.195023
    outer loop
      vertex 18.7252 -34.5533 0.901983
      vertex 19.0192 -34.2877 0.709716
      vertex 19.0405 -34.3195 0.901983
    endloop
  endfacet
  facet normal 0.449738 -0.547779 -0.70546
    outer loop
      vertex 18.917 -34.1348 0.365607
      vertex 18.84 -34.0195 0.22699
      vertex 18.9361 -33.9406 0.22699
    endloop
  endfacet
  facet normal 0.224552 -0.896325 0.382332
    outer loop
      vertex 16.917 -35.2617 3.29028
      vertex 17.2832 -35.0927 3.4714
      vertex 16.9024 -35.1881 3.4714
    endloop
  endfacet
  facet normal 0.224552 -0.896325 0.382332
    outer loop
      vertex 17.2832 -35.0927 3.4714
      vertex 16.917 -35.2617 3.29028
      vertex 17.2978 -35.1663 3.29028
    endloop
  endfacet
  facet normal 0.471439 -0.881899 0
    outer loop
      vertex 18.2164 -34.8471 0.901983
      vertex 18.3885 -34.7551 3.09802
      vertex 18.2164 -34.8471 3.09802
    endloop
  endfacet
  facet normal 0.471439 -0.881899 0
    outer loop
      vertex 18.3885 -34.7551 3.09802
      vertex 18.2164 -34.8471 0.901983
      vertex 18.3885 -34.7551 0.901983
    endloop
  endfacet
  facet normal 0.135584 -0.914016 0.382349
    outer loop
      vertex 16.5287 -35.3193 3.29028
      vertex 16.9024 -35.1881 3.4714
      vertex 16.5141 -35.2457 3.4714
    endloop
  endfacet
  facet normal 0.135584 -0.914016 0.382349
    outer loop
      vertex 16.9024 -35.1881 3.4714
      vertex 16.5287 -35.3193 3.29028
      vertex 16.917 -35.2617 3.29028
    endloop
  endfacet
  facet normal 0.135583 -0.91401 -0.382364
    outer loop
      vertex 16.9024 -35.1881 0.528604
      vertex 16.5287 -35.3193 0.709716
      vertex 16.5141 -35.2457 0.528604
    endloop
  endfacet
  facet normal 0.135583 -0.91401 -0.382364
    outer loop
      vertex 16.5287 -35.3193 0.709716
      vertex 16.9024 -35.1881 0.528604
      vertex 16.917 -35.2617 0.709716
    endloop
  endfacet
  facet normal 0.096267 -0.976273 -0.193968
    outer loop
      vertex 16.5287 -35.3193 0.709716
      vertex 16.3421 -35.3759 0.901983
      vertex 16.3421 -35.3377 0.709716
    endloop
  endfacet
  facet normal 0.28452 -0.938811 -0.194118
    outer loop
      vertex 17.492 -35.1472 0.901983
      vertex 17.2978 -35.1663 0.709716
      vertex 17.4773 -35.1119 0.709716
    endloop
  endfacet
  facet normal 0.241804 -0.796855 -0.553672
    outer loop
      vertex 17.4486 -35.0425 0.528604
      vertex 17.2619 -34.9859 0.365607
      vertex 17.4069 -34.9419 0.365607
    endloop
  endfacet
  facet normal 0.449645 -0.547801 -0.705503
    outer loop
      vertex 19.0342 -34.0386 0.365607
      vertex 18.917 -34.1348 0.365607
      vertex 18.9361 -33.9406 0.22699
    endloop
  endfacet
  facet normal 0.495389 -0.668075 -0.555217
    outer loop
      vertex 18.917 -34.1348 0.365607
      vertex 18.6622 -34.4592 0.528604
      vertex 18.6017 -34.3686 0.365607
    endloop
  endfacet
  facet normal 0.49564 -0.668128 -0.554929
    outer loop
      vertex 18.6622 -34.4592 0.528604
      vertex 18.917 -34.1348 0.365607
      vertex 18.9775 -34.2253 0.528604
    endloop
  endfacet
  facet normal 0.161714 -0.533416 -0.830251
    outer loop
      vertex 17.3539 -34.8139 0.22699
      vertex 17.2031 -34.6901 0.118079
      vertex 17.2915 -34.6633 0.118079
    endloop
  endfacet
  facet normal 0.353804 -0.430932 -0.830133
    outer loop
      vertex 18.84 -34.0195 0.22699
      vertex 18.7495 -33.884 0.118079
      vertex 18.9361 -33.9406 0.22699
    endloop
  endfacet
  facet normal 0.0561934 -0.378818 -0.923764
    outer loop
      vertex 16.434 -34.8431 0.118079
      vertex 16.787 -34.6078 0.0430603
      vertex 16.8223 -34.7855 0.118079
    endloop
  endfacet
  facet normal 0.0561934 -0.378818 -0.923764
    outer loop
      vertex 16.787 -34.6078 0.0430603
      vertex 16.434 -34.8431 0.118079
      vertex 16.3987 -34.6654 0.0430603
    endloop
  endfacet
  facet normal 0 -0.923914 -0.3826
    outer loop
      vertex -15.95 -35.2819 0.528604
      vertex 15.95 -35.3569 0.709716
      vertex -15.95 -35.3569 0.709716
    endloop
  endfacet
  facet normal 0 -0.923914 -0.3826
    outer loop
      vertex 15.95 -35.3569 0.709716
      vertex -15.95 -35.2819 0.528604
      vertex 15.95 -35.2819 0.528604
    endloop
  endfacet
  facet normal -0.28452 -0.938811 -0.194118
    outer loop
      vertex -17.2978 -35.1663 0.709716
      vertex -17.492 -35.1472 0.901983
      vertex -17.4773 -35.1119 0.709716
    endloop
  endfacet
  facet normal -0.373492 -0.412173 -0.831033
    outer loop
      vertex -18.9361 -33.9406 0.22699
      vertex -19.1118 -33.5618 0.118079
      vertex -18.8209 -33.8254 0.118079
    endloop
  endfacet
  facet normal -0.373492 -0.412173 -0.831033
    outer loop
      vertex -19.1118 -33.5618 0.118079
      vertex -18.9361 -33.9406 0.22699
      vertex -19.227 -33.677 0.22699
    endloop
  endfacet
  facet normal -0.296961 -0.243725 -0.923262
    outer loop
      vertex -19.3754 -33.2709 0.118079
      vertex -19.434 -33.1995 0.118079
      vertex -19.2473 -33.1428 0.0430603
    endloop
  endfacet
  facet normal -0.23765 -0.502634 -0.831193
    outer loop
      vertex -18.0784 -34.5138 0.22699
      vertex -17.6611 -34.531 0.118079
      vertex -17.7235 -34.6816 0.22699
    endloop
  endfacet
  facet normal -0.23765 -0.502634 -0.831193
    outer loop
      vertex -17.6611 -34.531 0.118079
      vertex -18.0784 -34.5138 0.22699
      vertex -18.016 -34.3632 0.118079
    endloop
  endfacet
  facet normal -0.49564 -0.668128 -0.554929
    outer loop
      vertex -18.917 -34.1348 0.365607
      vertex -18.6622 -34.4592 0.528604
      vertex -18.9775 -34.2253 0.528604
    endloop
  endfacet
  facet normal -0.495389 -0.668075 -0.555217
    outer loop
      vertex -18.6622 -34.4592 0.528604
      vertex -18.917 -34.1348 0.365607
      vertex -18.6017 -34.3686 0.365607
    endloop
  endfacet
  facet normal -0.555355 -0.0273358 -0.831164
    outer loop
      vertex -20.5651 -30.7921 0.22699
      vertex -20.4214 -30.4 0.118079
      vertex -20.4021 -30.7921 0.118079
    endloop
  endfacet
  facet normal -0.555355 -0.0273358 -0.831164
    outer loop
      vertex -20.4214 -30.4 0.118079
      vertex -20.5651 -30.7921 0.22699
      vertex -20.5844 -30.4 0.22699
    endloop
  endfacet
  facet normal -0.161714 -0.533416 -0.830251
    outer loop
      vertex -17.2031 -34.6901 0.118079
      vertex -17.3539 -34.8139 0.22699
      vertex -17.2915 -34.6633 0.118079
    endloop
  endfacet
  facet normal -0.0193051 -0.195119 -0.98059
    outer loop
      vertex -16.3421 -34.671 0.0430603
      vertex -16.3987 -34.6654 0.0430603
      vertex -16.3421 -34.4788 0.00481606
    endloop
  endfacet
  facet normal 0 -0.70715 -0.707063
    outer loop
      vertex -15.95 -35.173 0.365607
      vertex 15.95 -35.0344 0.22699
      vertex 15.95 -35.173 0.365607
    endloop
  endfacet
  facet normal -0 -0.70715 -0.707063
    outer loop
      vertex 15.95 -35.0344 0.22699
      vertex -15.95 -35.173 0.365607
      vertex -15.95 -35.0344 0.22699
    endloop
  endfacet
  facet normal 0.0347864 -0.706722 -0.706635
    outer loop
      vertex 15.95 -35.0344 0.22699
      vertex 16.3421 -35.1537 0.365607
      vertex 15.95 -35.173 0.365607
    endloop
  endfacet
  facet normal 0.0347864 -0.706722 -0.706635
    outer loop
      vertex 16.3421 -35.1537 0.365607
      vertex 15.95 -35.0344 0.22699
      vertex 16.3421 -35.0151 0.22699
    endloop
  endfacet
  facet normal -0.0960663 -0.976255 -0.194157
    outer loop
      vertex -16.3421 -35.3759 0.901983
      vertex -16.5362 -35.3568 0.901983
      vertex -16.5287 -35.3193 0.709716
    endloop
  endfacet
  facet normal -0.100416 -0.167542 -0.980738
    outer loop
      vertex -17.9969 -34.169 0.0430603
      vertex -18.2267 -33.8074 0.00481606
      vertex -17.89 -34.0092 0.00481606
    endloop
  endfacet
  facet normal -0.100463 -0.167571 -0.980728
    outer loop
      vertex -18.2267 -33.8074 0.00481606
      vertex -17.9969 -34.169 0.0430603
      vertex -18.3335 -33.9672 0.0430603
    endloop
  endfacet
  facet normal 0.187444 0.0571981 -0.980609
    outer loop
      vertex 20.0625 25.6178 0.0430603
      vertex 19.8739 25.5802 0.00481606
      vertex 20.0459 25.6722 0.0430603
    endloop
  endfacet
  facet normal -0.057346 0.187398 -0.980609
    outer loop
      vertex -17.1486 28.3183 0.00481606
      vertex -17.2222 28.4959 0.0430603
      vertex -17.1303 28.3239 0.00481606
    endloop
  endfacet
  facet normal -0.195058 0 -0.980792
    outer loop
      vertex -20.2403 -30.4 0.0430603
      vertex -20.048 24.4 0.00481606
      vertex -20.048 -30.4 0.00481606
    endloop
  endfacet
  facet normal -0.195058 0 -0.980792
    outer loop
      vertex -20.048 24.4 0.00481606
      vertex -20.2403 -30.4 0.0430603
      vertex -20.2403 24.4 0.0430603
    endloop
  endfacet
  facet normal 0.59563 -0.803259 0
    outer loop
      vertex 18.7252 -34.5533 0.901983
      vertex 19.0405 -34.3195 3.09802
      vertex 18.7252 -34.5533 3.09802
    endloop
  endfacet
  facet normal 0.59563 -0.803259 0
    outer loop
      vertex 19.0405 -34.3195 3.09802
      vertex 18.7252 -34.5533 0.901983
      vertex 19.0405 -34.3195 0.901983
    endloop
  endfacet
  facet normal 0.311158 -0.869925 0.382636
    outer loop
      vertex 17.4773 -35.1119 3.29028
      vertex 17.8182 -34.9103 3.4714
      vertex 17.4486 -35.0425 3.4714
    endloop
  endfacet
  facet normal 0.311424 -0.870009 0.38223
    outer loop
      vertex 17.8182 -34.9103 3.4714
      vertex 17.4773 -35.1119 3.29028
      vertex 17.8469 -34.9796 3.29028
    endloop
  endfacet
  facet normal 0.514084 -0.85774 0
    outer loop
      vertex 18.3885 -34.7551 0.901983
      vertex 18.7252 -34.5533 3.09802
      vertex 18.3885 -34.7551 3.09802
    endloop
  endfacet
  facet normal 0.514084 -0.85774 0
    outer loop
      vertex 18.7252 -34.5533 3.09802
      vertex 18.3885 -34.7551 0.901983
      vertex 18.7252 -34.5533 0.901983
    endloop
  endfacet
  facet normal -0.161714 0.533416 -0.830251
    outer loop
      vertex -17.2915 28.6633 0.118079
      vertex -17.3539 28.8139 0.22699
      vertex -17.2031 28.6901 0.118079
    endloop
  endfacet
  facet normal -0.678444 0.205814 -0.705234
    outer loop
      vertex -20.4 25.6849 0.22699
      vertex -20.5359 25.7119 0.365607
      vertex -20.3639 25.8039 0.22699
    endloop
  endfacet
  facet normal -0.0193051 0.195119 -0.98059
    outer loop
      vertex -16.3421 28.4788 0.00481606
      vertex -16.3987 28.6654 0.0430603
      vertex -16.3421 28.671 0.0430603
    endloop
  endfacet
  facet normal -1 0 0
    outer loop
      vertex -20.9452 -30.4 0.901983
      vertex -20.9452 24.4 3.09802
      vertex -20.9452 24.4 0.901983
    endloop
  endfacet
  facet normal -1 -0 0
    outer loop
      vertex -20.9452 24.4 3.09802
      vertex -20.9452 -30.4 0.901983
      vertex -20.9452 -30.4 3.09802
    endloop
  endfacet
  facet normal -0.25717 0.283804 -0.923753
    outer loop
      vertex -18.9837 27.4337 0.0430603
      vertex -18.8209 27.8254 0.118079
      vertex -18.6928 27.6973 0.0430603
    endloop
  endfacet
  facet normal -0.25717 0.283804 -0.923753
    outer loop
      vertex -18.8209 27.8254 0.118079
      vertex -18.9837 27.4337 0.0430603
      vertex -19.1118 27.5618 0.118079
    endloop
  endfacet
  facet normal -0.976265 -0.0960673 -0.194109
    outer loop
      vertex -20.9068 -30.9862 0.901983
      vertex -20.9259 -30.7921 0.901983
      vertex -20.8693 -30.9788 0.709716
    endloop
  endfacet
  facet normal -0.382269 0.0378216 0.923277
    outer loop
      vertex -20.2154 24.8487 3.95694
      vertex -20.3931 24.884 3.88192
      vertex -20.221 24.7921 3.95694
    endloop
  endfacet
  facet normal -0.758189 0.622439 0.194212
    outer loop
      vertex -19.7457 27.6413 3.09802
      vertex -19.8695 27.4905 3.09802
      vertex -19.7187 27.6142 3.29028
    endloop
  endfacet
  facet normal -0.172891 0.0920721 0.980628
    outer loop
      vertex -19.5592 26.34 3.99518
      vertex -19.7459 26.3967 3.95694
      vertex -19.5682 26.3231 3.99518
    endloop
  endfacet
  facet normal -0.49142 -0.262895 -0.830297
    outer loop
      vertex -19.8696 -32.5475 0.118079
      vertex -20.0052 -32.638 0.22699
      vertex -19.9132 -32.466 0.118079
    endloop
  endfacet
  facet normal -0.835392 -0.394981 -0.382242
    outer loop
      vertex -20.2925 -32.6231 0.528604
      vertex -20.5296 -32.2969 0.709716
      vertex -20.4603 -32.2682 0.528604
    endloop
  endfacet
  facet normal -0.835392 -0.394981 -0.382242
    outer loop
      vertex -20.5296 -32.2969 0.709716
      vertex -20.2925 -32.6231 0.528604
      vertex -20.3618 -32.6518 0.709716
    endloop
  endfacet
  facet normal -0.307627 -0.22811 -0.92376
    outer loop
      vertex -19.434 -33.1995 0.118079
      vertex -19.5172 -32.7835 0.0430603
      vertex -19.2834 -33.0988 0.0430603
    endloop
  endfacet
  facet normal -0.307627 -0.22811 -0.92376
    outer loop
      vertex -19.5172 -32.7835 0.0430603
      vertex -19.434 -33.1995 0.118079
      vertex -19.6678 -32.8842 0.118079
    endloop
  endfacet
  facet normal 0.884646 -0.268105 -0.381472
    outer loop
      vertex 20.6619 -31.9273 0.709716
      vertex 20.5925 -31.8986 0.528604
      vertex 20.7163 -31.7478 0.709716
    endloop
  endfacet
  facet normal 0.195037 0 0.980796
    outer loop
      vertex 20.048 24.4 3.99518
      vertex 20.2403 -30.4 3.95694
      vertex 20.2403 24.4 3.95694
    endloop
  endfacet
  facet normal 0.195037 0 0.980796
    outer loop
      vertex 20.2403 -30.4 3.95694
      vertex 20.048 24.4 3.99518
      vertex 20.048 -30.4 3.99518
    endloop
  endfacet
  facet normal 0.707158 0 0.707056
    outer loop
      vertex 20.5844 24.4 3.77301
      vertex 20.723 -30.4 3.63439
      vertex 20.723 24.4 3.63439
    endloop
  endfacet
  facet normal 0.707158 0 0.707056
    outer loop
      vertex 20.723 -30.4 3.63439
      vertex 20.5844 24.4 3.77301
      vertex 20.5844 -30.4 3.77301
    endloop
  endfacet
  facet normal 0.193253 -0.0286669 0.98073
    outer loop
      vertex 19.9693 -31.1995 3.99518
      vertex 20.2154 -30.8487 3.95694
      vertex 20.0269 -30.8112 3.99518
    endloop
  endfacet
  facet normal 0.193253 -0.0286669 0.98073
    outer loop
      vertex 20.2154 -30.8487 3.95694
      vertex 19.9693 -31.1995 3.99518
      vertex 20.1578 -31.237 3.95694
    endloop
  endfacet
  facet normal 0.70673 -0.0347868 0.706628
    outer loop
      vertex 20.5844 -30.4 3.77301
      vertex 20.7037 -30.7921 3.63439
      vertex 20.723 -30.4 3.63439
    endloop
  endfacet
  facet normal 0.70673 -0.0347868 0.706628
    outer loop
      vertex 20.7037 -30.7921 3.63439
      vertex 20.5844 -30.4 3.77301
      vertex 20.5651 -30.7921 3.77301
    endloop
  endfacet
  facet normal 0.831485 -0 0.555548
    outer loop
      vertex 20.723 -30.4 3.63439
      vertex 20.8319 24.4 3.4714
      vertex 20.723 24.4 3.63439
    endloop
  endfacet
  facet normal 0.831485 0 0.555548
    outer loop
      vertex 20.8319 24.4 3.4714
      vertex 20.723 -30.4 3.63439
      vertex 20.8319 -30.4 3.4714
    endloop
  endfacet
  facet normal 0.822834 0.122058 -0.555018
    outer loop
      vertex 20.7957 24.9641 0.528604
      vertex 20.6313 25.3312 0.365607
      vertex 20.7381 25.3524 0.528604
    endloop
  endfacet
  facet normal 0.822834 0.122058 -0.555018
    outer loop
      vertex 20.6313 25.3312 0.365607
      vertex 20.7957 24.9641 0.528604
      vertex 20.6889 24.9429 0.365607
    endloop
  endfacet
  facet normal 0.639546 0.302564 -0.706708
    outer loop
      vertex 20.2316 26.1735 0.22699
      vertex 20.1918 26.5814 0.365607
      vertex 20.3597 26.2265 0.365607
    endloop
  endfacet
  facet normal 0.639821 0.302513 -0.706481
    outer loop
      vertex 20.1918 26.5814 0.365607
      vertex 20.2316 26.1735 0.22699
      vertex 20.0638 26.5284 0.22699
    endloop
  endfacet
  facet normal 0.970217 0.143921 -0.194847
    outer loop
      vertex 20.9068 24.9862 0.901983
      vertex 20.8117 25.367 0.709716
      vertex 20.8492 25.3745 0.901983
    endloop
  endfacet
  facet normal 0.970226 0.143959 -0.194775
    outer loop
      vertex 20.8117 25.367 0.709716
      vertex 20.9068 24.9862 0.901983
      vertex 20.8693 24.9788 0.709716
    endloop
  endfacet
  facet normal 0.382435 0.0374528 -0.923223
    outer loop
      vertex 20.4021 24.7921 0.118079
      vertex 20.221 24.7921 0.0430603
      vertex 20.3931 24.884 0.118079
    endloop
  endfacet
  facet normal 0.979687 0.0482223 -0.194646
    outer loop
      vertex 20.9452 24.4 0.901983
      vertex 20.8877 24.7921 0.709716
      vertex 20.9259 24.7921 0.901983
    endloop
  endfacet
  facet normal 0.979602 0.0479683 -0.195139
    outer loop
      vertex 20.8877 24.7921 0.709716
      vertex 20.9452 24.4 0.901983
      vertex 20.9069 24.4 0.709716
    endloop
  endfacet
  facet normal 0.919929 0.0906626 -0.381458
    outer loop
      vertex 20.8877 24.7921 0.709716
      vertex 20.8126 24.7921 0.528604
      vertex 20.8693 24.9788 0.709716
    endloop
  endfacet
  facet normal 0.951426 0.238356 0.194872
    outer loop
      vertex 20.7163 25.7478 3.29028
      vertex 20.8492 25.3745 3.09802
      vertex 20.7538 25.7553 3.09802
    endloop
  endfacet
  facet normal 0.951426 0.238356 0.194872
    outer loop
      vertex 20.8492 25.3745 3.09802
      vertex 20.7163 25.7478 3.29028
      vertex 20.8117 25.367 3.29028
    endloop
  endfacet
  facet normal 0.979698 0.047973 0.194655
    outer loop
      vertex 20.9069 24.4 3.29028
      vertex 20.9259 24.7921 3.09802
      vertex 20.8877 24.7921 3.29028
    endloop
  endfacet
  facet normal 0.979589 0.0482175 0.195143
    outer loop
      vertex 20.9259 24.7921 3.09802
      vertex 20.9069 24.4 3.29028
      vertex 20.9452 24.4 3.09802
    endloop
  endfacet
  facet normal 0.976265 0.0960673 -0.194109
    outer loop
      vertex 20.9259 24.7921 0.901983
      vertex 20.8693 24.9788 0.709716
      vertex 20.9068 24.9862 0.901983
    endloop
  endfacet
  facet normal 0.93881 0.28452 0.194125
    outer loop
      vertex 20.6972 25.942 3.09802
      vertex 20.6619 25.9273 3.29028
      vertex 20.7163 25.7478 3.29028
    endloop
  endfacet
  facet normal -0.0474348 -0.18954 -0.980726
    outer loop
      vertex -17.1678 -34.5125 0.0430603
      vertex -16.7495 -34.4193 0.00481606
      vertex -16.787 -34.6078 0.0430603
    endloop
  endfacet
  facet normal -0.0474592 -0.189439 -0.980745
    outer loop
      vertex -16.7495 -34.4193 0.00481606
      vertex -17.1678 -34.5125 0.0430603
      vertex -17.1303 -34.3239 0.00481606
    endloop
  endfacet
  facet normal 0.131108 0.144687 -0.980753
    outer loop
      vertex 18.8477 27.2977 0.00481606
      vertex 18.6928 27.6973 0.0430603
      vertex 18.9837 27.4337 0.0430603
    endloop
  endfacet
  facet normal 0.131176 0.144712 -0.98074
    outer loop
      vertex 18.6928 27.6973 0.0430603
      vertex 18.8477 27.2977 0.00481606
      vertex 18.5569 27.5613 0.00481606
    endloop
  endfacet
  facet normal 0.502634 0.23765 -0.831193
    outer loop
      vertex 20.081 26.1111 0.118079
      vertex 20.0638 26.5284 0.22699
      vertex 20.2316 26.1735 0.22699
    endloop
  endfacet
  facet normal 0.502634 0.23765 -0.831193
    outer loop
      vertex 20.0638 26.5284 0.22699
      vertex 20.081 26.1111 0.118079
      vertex 19.9132 26.466 0.118079
    endloop
  endfacet
  facet normal -0.172756 0.0925726 -0.980605
    outer loop
      vertex -19.5592 26.34 0.00481606
      vertex -19.7459 26.3967 0.0430603
      vertex -19.719 26.4469 0.0430603
    endloop
  endfacet
  facet normal 0.568272 0.421383 -0.706755
    outer loop
      vertex 19.8033 26.9747 0.22699
      vertex 19.6848 27.367 0.365607
      vertex 19.9186 27.0517 0.365607
    endloop
  endfacet
  facet normal 0.568272 0.421383 -0.706755
    outer loop
      vertex 19.6848 27.367 0.365607
      vertex 19.8033 26.9747 0.22699
      vertex 19.5695 27.29 0.22699
    endloop
  endfacet
  facet normal 0.625193 -0.334273 -0.705262
    outer loop
      vertex 20.1204 -32.715 0.365607
      vertex 20.0052 -32.638 0.22699
      vertex 20.0638 -32.5284 0.22699
    endloop
  endfacet
  facet normal 0.8308 -0.0408938 -0.555066
    outer loop
      vertex 20.8126 -30.7921 0.528604
      vertex 20.723 -30.4 0.365607
      vertex 20.8319 -30.4 0.528604
    endloop
  endfacet
  facet normal 0.8308 -0.0408938 -0.555066
    outer loop
      vertex 20.723 -30.4 0.365607
      vertex 20.8126 -30.7921 0.528604
      vertex 20.7037 -30.7921 0.365607
    endloop
  endfacet
  facet normal 0.699737 -0.103798 -0.706819
    outer loop
      vertex 20.4953 -31.3041 0.22699
      vertex 20.6889 -30.9429 0.365607
      vertex 20.6313 -31.3312 0.365607
    endloop
  endfacet
  facet normal 0.699737 -0.103798 -0.706819
    outer loop
      vertex 20.6889 -30.9429 0.365607
      vertex 20.4953 -31.3041 0.22699
      vertex 20.5529 -30.9158 0.22699
    endloop
  endfacet
  facet normal 0.60681 -0.363689 -0.706762
    outer loop
      vertex 19.8033 -32.9747 0.22699
      vertex 20.1204 -32.715 0.365607
      vertex 19.9186 -33.0517 0.365607
    endloop
  endfacet
  facet normal 0.606915 -0.363932 -0.706546
    outer loop
      vertex 20.1204 -32.715 0.365607
      vertex 19.8033 -32.9747 0.22699
      vertex 20.0052 -32.638 0.22699
    endloop
  endfacet
  facet normal 0.187444 -0.0571981 -0.980609
    outer loop
      vertex 20.0459 -31.6722 0.0430603
      vertex 19.8739 -31.5802 0.00481606
      vertex 20.0625 -31.6178 0.0430603
    endloop
  endfacet
  facet normal 0.382704 0 -0.923871
    outer loop
      vertex 20.2403 -30.4 0.0430603
      vertex 20.4214 24.4 0.118079
      vertex 20.4214 -30.4 0.118079
    endloop
  endfacet
  facet normal 0.382704 0 -0.923871
    outer loop
      vertex 20.4214 24.4 0.118079
      vertex 20.2403 -30.4 0.0430603
      vertex 20.2403 24.4 0.0430603
    endloop
  endfacet
  facet normal 0.554944 0.054347 -0.830111
    outer loop
      vertex 20.4021 24.7921 0.118079
      vertex 20.3931 24.884 0.118079
      vertex 20.5529 24.9158 0.22699
    endloop
  endfacet
  facet normal 0.70715 0 -0.707063
    outer loop
      vertex 20.5844 -30.4 0.22699
      vertex 20.723 24.4 0.365607
      vertex 20.723 -30.4 0.365607
    endloop
  endfacet
  facet normal 0.70715 0 -0.707063
    outer loop
      vertex 20.723 24.4 0.365607
      vertex 20.5844 -30.4 0.22699
      vertex 20.5844 24.4 0.22699
    endloop
  endfacet
  facet normal -0.195285 0.0184038 -0.980574
    outer loop
      vertex -20.0287 24.7921 0.00481606
      vertex -20.2154 24.8487 0.0430603
      vertex -20.0269 24.8112 0.00481606
    endloop
  endfacet
  facet normal 0.421501 0.568189 -0.706752
    outer loop
      vertex 18.5247 28.2534 0.22699
      vertex 18.917 28.1348 0.365607
      vertex 18.84 28.0195 0.22699
    endloop
  endfacet
  facet normal 0.421505 0.568437 -0.70655
    outer loop
      vertex 18.917 28.1348 0.365607
      vertex 18.5247 28.2534 0.22699
      vertex 18.6017 28.3686 0.365607
    endloop
  endfacet
  facet normal 0.0286699 0.193273 -0.980726
    outer loop
      vertex 16.7495 28.4193 0.00481606
      vertex 16.3987 28.6654 0.0430603
      vertex 16.787 28.6078 0.0430603
    endloop
  endfacet
  facet normal 0.0286699 0.193273 -0.980726
    outer loop
      vertex 16.3987 28.6654 0.0430603
      vertex 16.7495 28.4193 0.00481606
      vertex 16.3612 28.4769 0.00481606
    endloop
  endfacet
  facet normal 0.998791 -0.0491626 0
    outer loop
      vertex 20.9259 -30.7921 3.09802
      vertex 20.9452 -30.4 0.901983
      vertex 20.9452 -30.4 3.09802
    endloop
  endfacet
  facet normal 0.998791 -0.0491626 0
    outer loop
      vertex 20.9452 -30.4 0.901983
      vertex 20.9259 -30.7921 3.09802
      vertex 20.9259 -30.7921 0.901983
    endloop
  endfacet
  facet normal 0.995193 -0.0979299 0
    outer loop
      vertex 20.9068 -30.9862 3.09802
      vertex 20.9259 -30.7921 0.901983
      vertex 20.9259 -30.7921 3.09802
    endloop
  endfacet
  facet normal 0.995193 -0.0979299 0
    outer loop
      vertex 20.9259 -30.7921 0.901983
      vertex 20.9068 -30.9862 3.09802
      vertex 20.9068 -30.9862 0.901983
    endloop
  endfacet
  facet normal 0.919929 -0.0906626 -0.381458
    outer loop
      vertex 20.8693 -30.9788 0.709716
      vertex 20.8126 -30.7921 0.528604
      vertex 20.8877 -30.7921 0.709716
    endloop
  endfacet
  facet normal 0.59563 0.803259 -0
    outer loop
      vertex 19.0405 28.3195 0.901983
      vertex 18.7252 28.5533 3.09802
      vertex 19.0405 28.3195 3.09802
    endloop
  endfacet
  facet normal 0.59563 0.803259 0
    outer loop
      vertex 18.7252 28.5533 3.09802
      vertex 19.0405 28.3195 0.901983
      vertex 18.7252 28.5533 0.901983
    endloop
  endfacet
  facet normal 0.6223 0.758265 0.194361
    outer loop
      vertex 19.0405 28.3195 3.09802
      vertex 19.0192 28.2877 3.29028
      vertex 19.1642 28.1687 3.29028
    endloop
  endfacet
  facet normal 0.787835 0.584192 0.19503
    outer loop
      vertex 19.8377 27.4692 3.29028
      vertex 20.1033 27.1752 3.09802
      vertex 19.8695 27.4905 3.09802
    endloop
  endfacet
  facet normal 0.787835 0.584192 0.19503
    outer loop
      vertex 20.1033 27.1752 3.09802
      vertex 19.8377 27.4692 3.29028
      vertex 20.0715 27.1539 3.29028
    endloop
  endfacet
  facet normal 0.841273 0.504214 0.195008
    outer loop
      vertex 20.0715 27.1539 3.29028
      vertex 20.3051 26.8385 3.09802
      vertex 20.1033 27.1752 3.09802
    endloop
  endfacet
  facet normal 0.841273 0.504214 0.195008
    outer loop
      vertex 20.3051 26.8385 3.09802
      vertex 20.0715 27.1539 3.29028
      vertex 20.2733 26.8172 3.29028
    endloop
  endfacet
  facet normal 0.903997 0.427539 0
    outer loop
      vertex 20.5649 26.3116 3.09802
      vertex 20.3971 26.6664 0.901983
      vertex 20.3971 26.6664 3.09802
    endloop
  endfacet
  facet normal 0.903997 0.427539 0
    outer loop
      vertex 20.3971 26.6664 0.901983
      vertex 20.5649 26.3116 3.09802
      vertex 20.5649 26.3116 0.901983
    endloop
  endfacet
  facet normal -0.53334 -0.161795 0.830283
    outer loop
      vertex -20.2401 -31.6531 3.88192
      vertex -20.4 -31.6849 3.77301
      vertex -20.3639 -31.8039 3.77301
    endloop
  endfacet
  facet normal 0.172738 0.0925628 0.980609
    outer loop
      vertex 19.719 26.4469 3.95694
      vertex 19.5592 26.34 3.99518
      vertex 19.7459 26.3967 3.95694
    endloop
  endfacet
  facet normal 0.360715 0.12912 0.923695
    outer loop
      vertex 19.9137 26.0418 3.95694
      vertex 20.2133 25.7415 3.88192
      vertex 20.081 26.1111 3.88192
    endloop
  endfacet
  facet normal 0.360589 0.128977 0.923764
    outer loop
      vertex 20.2133 25.7415 3.88192
      vertex 19.9137 26.0418 3.95694
      vertex 20.0459 25.6722 3.95694
    endloop
  endfacet
  facet normal 0.0695749 0.705444 0.705342
    outer loop
      vertex 16.3421 29.1537 3.63439
      vertex 16.3421 29.0151 3.77301
      vertex 16.4658 29.0029 3.77301
    endloop
  endfacet
  facet normal 0.0907283 0.920103 -0.381023
    outer loop
      vertex 16.5287 29.3193 0.709716
      vertex 16.3421 29.2627 0.528604
      vertex 16.3421 29.3377 0.709716
    endloop
  endfacet
  facet normal 0.436188 0.815203 0.38103
    outer loop
      vertex 18.2018 28.8118 3.29028
      vertex 18.1731 28.7425 3.4714
      vertex 18.3672 28.7233 3.29028
    endloop
  endfacet
  facet normal 0.284597 0.938769 0.194207
    outer loop
      vertex 17.3053 29.2038 3.09802
      vertex 17.2978 29.1663 3.29028
      vertex 17.492 29.1472 3.09802
    endloop
  endfacet
  facet normal 0.0451954 0.922976 0.382195
    outer loop
      vertex 16.3421 29.3377 3.29028
      vertex 15.95 29.2819 3.4714
      vertex 16.3421 29.2627 3.4714
    endloop
  endfacet
  facet normal 0.0451954 0.922976 0.382195
    outer loop
      vertex 15.95 29.2819 3.4714
      vertex 16.3421 29.3377 3.29028
      vertex 15.95 29.3569 3.29028
    endloop
  endfacet
  facet normal 0.124294 0.151495 0.980612
    outer loop
      vertex 18.6488 27.7334 3.95694
      vertex 18.542 27.5735 3.99518
      vertex 18.6928 27.6973 3.95694
    endloop
  endfacet
  facet normal -0.382441 -0.0374534 0.923221
    outer loop
      vertex -20.221 -30.7921 3.95694
      vertex -20.4021 -30.7921 3.88192
      vertex -20.3931 -30.884 3.88192
    endloop
  endfacet
  facet normal 0.462818 0.864973 0.19396
    outer loop
      vertex 18.2164 28.8471 3.09802
      vertex 18.2018 28.8118 3.29028
      vertex 18.3672 28.7233 3.29028
    endloop
  endfacet
  facet normal 0.622439 0.758189 0.194212
    outer loop
      vertex 19.1913 28.1957 3.09802
      vertex 19.0405 28.3195 3.09802
      vertex 19.1642 28.1687 3.29028
    endloop
  endfacet
  facet normal 0.504214 0.841273 0.195008
    outer loop
      vertex 18.3885 28.7551 3.09802
      vertex 18.7039 28.5215 3.29028
      vertex 18.7252 28.5533 3.09802
    endloop
  endfacet
  facet normal 0.504214 0.841273 0.195008
    outer loop
      vertex 18.7039 28.5215 3.29028
      vertex 18.3885 28.7551 3.09802
      vertex 18.3672 28.7233 3.29028
    endloop
  endfacet
  facet normal 0.112188 0.367652 -0.923172
    outer loop
      vertex 17.2222 28.4959 0.0430603
      vertex 17.1678 28.5125 0.0430603
      vertex 17.2031 28.6901 0.118079
    endloop
  endfacet
  facet normal 0.243015 0.970023 -0
    outer loop
      vertex 17.3053 29.2038 0.901983
      vertex 16.9245 29.2992 3.09802
      vertex 17.3053 29.2038 3.09802
    endloop
  endfacet
  facet normal 0.243015 0.970023 0
    outer loop
      vertex 16.9245 29.2992 3.09802
      vertex 17.3053 29.2038 0.901983
      vertex 16.9245 29.2992 0.901983
    endloop
  endfacet
  facet normal 0.224552 0.896325 0.382332
    outer loop
      vertex 16.917 29.2617 3.29028
      vertex 17.2832 29.0927 3.4714
      vertex 17.2978 29.1663 3.29028
    endloop
  endfacet
  facet normal 0.224552 0.896325 0.382332
    outer loop
      vertex 17.2832 29.0927 3.4714
      vertex 16.917 29.2617 3.29028
      vertex 16.9024 29.1881 3.4714
    endloop
  endfacet
  facet normal 0.0979299 0.995193 -0
    outer loop
      vertex 16.5362 29.3568 0.901983
      vertex 16.3421 29.3759 3.09802
      vertex 16.5362 29.3568 3.09802
    endloop
  endfacet
  facet normal 0.0979299 0.995193 0
    outer loop
      vertex 16.3421 29.3759 3.09802
      vertex 16.5362 29.3568 0.901983
      vertex 16.3421 29.3759 0.901983
    endloop
  endfacet
  facet normal -0.0273358 0.555355 -0.831164
    outer loop
      vertex -16.3421 29.0151 0.22699
      vertex -15.95 28.8714 0.118079
      vertex -16.3421 28.8521 0.118079
    endloop
  endfacet
  facet normal -0.0273358 0.555355 -0.831164
    outer loop
      vertex -15.95 28.8714 0.118079
      vertex -16.3421 29.0151 0.22699
      vertex -15.95 29.0344 0.22699
    endloop
  endfacet
  facet normal 0.0547107 0.554731 -0.830229
    outer loop
      vertex 16.4658 29.0029 0.22699
      vertex 16.3421 28.8521 0.118079
      vertex 16.3421 29.0151 0.22699
    endloop
  endfacet
  facet normal 0.0813397 0.828786 -0.553622
    outer loop
      vertex 16.4929 29.1389 0.365607
      vertex 16.3421 29.1537 0.365607
      vertex 16.5141 29.2457 0.528604
    endloop
  endfacet
  facet normal -0.0347864 0.706722 -0.706635
    outer loop
      vertex -16.3421 29.1537 0.365607
      vertex -15.95 29.0344 0.22699
      vertex -16.3421 29.0151 0.22699
    endloop
  endfacet
  facet normal -0.0347864 0.706722 -0.706635
    outer loop
      vertex -15.95 29.0344 0.22699
      vertex -16.3421 29.1537 0.365607
      vertex -15.95 29.173 0.365607
    endloop
  endfacet
  facet normal 0.678461 -0.205878 0.705198
    outer loop
      vertex 20.5359 -31.7119 3.63439
      vertex 20.3639 -31.8039 3.77301
      vertex 20.4919 -31.8569 3.63439
    endloop
  endfacet
  facet normal 0.865089 -0.462453 -0.194314
    outer loop
      vertex 20.3051 -32.8385 0.901983
      vertex 20.2733 -32.8172 0.709716
      vertex 20.3971 -32.6664 0.901983
    endloop
  endfacet
  facet normal 0.828735 -0.081428 -0.553686
    outer loop
      vertex 20.7957 -30.9641 0.528604
      vertex 20.7037 -30.7921 0.365607
      vertex 20.8126 -30.7921 0.528604
    endloop
  endfacet
  facet normal 0.884652 -0.268106 0.381457
    outer loop
      vertex 20.7163 -31.7478 3.29028
      vertex 20.5925 -31.8986 3.4714
      vertex 20.6619 -31.9273 3.29028
    endloop
  endfacet
  facet normal 0.976263 -0.0960671 0.194116
    outer loop
      vertex 20.9259 -30.7921 3.09802
      vertex 20.8693 -30.9788 3.29028
      vertex 20.9068 -30.9862 3.09802
    endloop
  endfacet
  facet normal 0.822823 -0.122057 0.555035
    outer loop
      vertex 20.6313 -31.3312 3.63439
      vertex 20.7957 -30.9641 3.4714
      vertex 20.6889 -30.9429 3.63439
    endloop
  endfacet
  facet normal 0.822823 -0.122057 0.555035
    outer loop
      vertex 20.7957 -30.9641 3.4714
      vertex 20.6313 -31.3312 3.63439
      vertex 20.7381 -31.3524 3.4714
    endloop
  endfacet
  facet normal 0.740908 -0.671607 0
    outer loop
      vertex 19.4821 -33.9321 3.09802
      vertex 19.7457 -33.6413 0.901983
      vertex 19.7457 -33.6413 3.09802
    endloop
  endfacet
  facet normal 0.740908 -0.671607 0
    outer loop
      vertex 19.7457 -33.6413 0.901983
      vertex 19.4821 -33.9321 3.09802
      vertex 19.4821 -33.9321 0.901983
    endloop
  endfacet
  facet normal 0.187424 0.057192 0.980613
    outer loop
      vertex 20.0459 25.6722 3.95694
      vertex 19.8739 25.5802 3.99518
      vertex 20.0625 25.6178 3.95694
    endloop
  endfacet
  facet normal 0.919935 0.0906631 0.381444
    outer loop
      vertex 20.8693 24.9788 3.29028
      vertex 20.8126 24.7921 3.4714
      vertex 20.8877 24.7921 3.29028
    endloop
  endfacet
  facet normal 0.922966 -0.0454304 0.382191
    outer loop
      vertex 20.8126 -30.7921 3.4714
      vertex 20.9069 -30.4 3.29028
      vertex 20.8319 -30.4 3.4714
    endloop
  endfacet
  facet normal 0.922796 -0.0451866 0.38263
    outer loop
      vertex 20.9069 -30.4 3.29028
      vertex 20.8126 -30.7921 3.4714
      vertex 20.8877 -30.7921 3.29028
    endloop
  endfacet
  facet normal 0.382269 -0.0378216 0.923277
    outer loop
      vertex 20.221 -30.7921 3.95694
      vertex 20.2154 -30.8487 3.95694
      vertex 20.3931 -30.884 3.88192
    endloop
  endfacet
  facet normal 0.705444 -0.0695749 0.705342
    outer loop
      vertex 20.5651 -30.7921 3.77301
      vertex 20.5529 -30.9158 3.77301
      vertex 20.7037 -30.7921 3.63439
    endloop
  endfacet
  facet normal 0.446739 -0.331264 0.831077
    outer loop
      vertex 19.6678 -32.8842 3.88192
      vertex 19.5695 -33.29 3.77301
      vertex 19.8033 -32.9747 3.77301
    endloop
  endfacet
  facet normal 0.446739 -0.331264 0.831077
    outer loop
      vertex 19.5695 -33.29 3.77301
      vertex 19.6678 -32.8842 3.88192
      vertex 19.434 -33.1995 3.88192
    endloop
  endfacet
  facet normal 0.502631 -0.237648 0.831195
    outer loop
      vertex 20.081 -32.1111 3.88192
      vertex 20.0638 -32.5284 3.77301
      vertex 20.2316 -32.1735 3.77301
    endloop
  endfacet
  facet normal 0.502631 -0.237648 0.831195
    outer loop
      vertex 20.0638 -32.5284 3.77301
      vertex 20.081 -32.1111 3.88192
      vertex 19.9132 -32.466 3.88192
    endloop
  endfacet
  facet normal 0.815203 -0.436188 0.38103
    outer loop
      vertex 20.2925 -32.6231 3.4714
      vertex 20.2733 -32.8172 3.29028
      vertex 20.3618 -32.6518 3.29028
    endloop
  endfacet
  facet normal 0.639553 -0.302567 0.7067
    outer loop
      vertex 20.2316 -32.1735 3.77301
      vertex 20.1918 -32.5814 3.63439
      vertex 20.3597 -32.2265 3.63439
    endloop
  endfacet
  facet normal 0.639828 -0.302516 0.706473
    outer loop
      vertex 20.1918 -32.5814 3.63439
      vertex 20.2316 -32.1735 3.77301
      vertex 20.0638 -32.5284 3.77301
    endloop
  endfacet
  facet normal 0.167524 -0.100405 0.980742
    outer loop
      vertex 19.3574 -32.6767 3.99518
      vertex 19.719 -32.4469 3.95694
      vertex 19.5592 -32.34 3.99518
    endloop
  endfacet
  facet normal 0.167553 -0.100452 0.980732
    outer loop
      vertex 19.719 -32.4469 3.95694
      vertex 19.3574 -32.6767 3.99518
      vertex 19.5172 -32.7835 3.95694
    endloop
  endfacet
  facet normal -0.0920721 0.172891 0.980628
    outer loop
      vertex -17.8731 28.0182 3.99518
      vertex -17.9467 28.1959 3.95694
      vertex -17.89 28.0092 3.99518
    endloop
  endfacet
  facet normal 0.124294 -0.151495 0.980612
    outer loop
      vertex 18.6928 -33.6973 3.95694
      vertex 18.542 -33.5735 3.99518
      vertex 18.6488 -33.7334 3.95694
    endloop
  endfacet
  facet normal -0.187424 -0.057192 0.980613
    outer loop
      vertex -19.8739 -31.5802 3.99518
      vertex -20.0625 -31.6178 3.95694
      vertex -20.0459 -31.6722 3.95694
    endloop
  endfacet
  facet normal 0.382641 -0.0188344 0.923705
    outer loop
      vertex 20.2403 -30.4 3.95694
      vertex 20.4021 -30.7921 3.88192
      vertex 20.4214 -30.4 3.88192
    endloop
  endfacet
  facet normal 0.382641 -0.0188344 0.923705
    outer loop
      vertex 20.4021 -30.7921 3.88192
      vertex 20.2403 -30.4 3.95694
      vertex 20.221 -30.7921 3.95694
    endloop
  endfacet
  facet normal -0.296989 0.243666 0.923269
    outer loop
      vertex -19.2473 27.1428 3.95694
      vertex -19.434 27.1995 3.88192
      vertex -19.2834 27.0988 3.95694
    endloop
  endfacet
  facet normal -0.181257 0.338818 0.923227
    outer loop
      vertex -18.016 28.3632 3.88192
      vertex -18.0975 28.3196 3.88192
      vertex -17.9969 28.169 3.95694
    endloop
  endfacet
  facet normal 0.00955474 -0.195126 0.980732
    outer loop
      vertex 15.95 -34.498 3.99518
      vertex 16.3421 -34.671 3.95694
      vertex 16.3421 -34.4788 3.99518
    endloop
  endfacet
  facet normal 0.0095997 -0.195028 0.980751
    outer loop
      vertex 16.3421 -34.671 3.95694
      vertex 15.95 -34.498 3.99518
      vertex 15.95 -34.6903 3.95694
    endloop
  endfacet
  facet normal 0.42765 0.713316 0.555244
    outer loop
      vertex 18.3256 28.661 3.4714
      vertex 18.6017 28.3686 3.63439
      vertex 18.6622 28.4592 3.4714
    endloop
  endfacet
  facet normal 0.427495 0.713269 0.555423
    outer loop
      vertex 18.6017 28.3686 3.63439
      vertex 18.3256 28.661 3.4714
      vertex 18.265 28.5704 3.63439
    endloop
  endfacet
  facet normal -0.181257 -0.338818 0.923227
    outer loop
      vertex -17.9969 -34.169 3.95694
      vertex -18.0975 -34.3196 3.88192
      vertex -18.016 -34.3632 3.88192
    endloop
  endfacet
  facet normal -0.205816 -0.678451 0.705226
    outer loop
      vertex -17.2349 -34.85 3.77301
      vertex -17.3539 -34.8139 3.77301
      vertex -17.2619 -34.9859 3.63439
    endloop
  endfacet
  facet normal -0.678461 -0.205878 0.705198
    outer loop
      vertex -20.3639 -31.8039 3.77301
      vertex -20.5359 -31.7119 3.63439
      vertex -20.4919 -31.8569 3.63439
    endloop
  endfacet
  facet normal -0.6252 0.334277 0.705254
    outer loop
      vertex -20.0052 26.638 3.77301
      vertex -20.1204 26.715 3.63439
      vertex -20.0638 26.5284 3.77301
    endloop
  endfacet
  facet normal -0.831485 0 0.555548
    outer loop
      vertex -20.8319 -30.4 3.4714
      vertex -20.723 24.4 3.63439
      vertex -20.8319 24.4 3.4714
    endloop
  endfacet
  facet normal -0.831485 0 0.555548
    outer loop
      vertex -20.723 24.4 3.63439
      vertex -20.8319 -30.4 3.4714
      vertex -20.723 -30.4 3.63439
    endloop
  endfacet
  facet normal -0.183927 0.0657879 -0.980736
    outer loop
      vertex -20.0459 25.6722 0.0430603
      vertex -19.7361 25.9682 0.00481606
      vertex -19.8683 25.5986 0.00481606
    endloop
  endfacet
  facet normal -0.183927 0.0657879 -0.980736
    outer loop
      vertex -19.7361 25.9682 0.00481606
      vertex -20.0459 25.6722 0.0430603
      vertex -19.9137 26.0418 0.0430603
    endloop
  endfacet
  facet normal -0.783205 -0.28014 0.555078
    outer loop
      vertex -20.5925 -31.8986 3.4714
      vertex -20.3597 -32.2265 3.63439
      vertex -20.4919 -31.8569 3.63439
    endloop
  endfacet
  facet normal -0.783205 -0.28014 0.555078
    outer loop
      vertex -20.3597 -32.2265 3.63439
      vertex -20.5925 -31.8986 3.4714
      vertex -20.4603 -32.2682 3.4714
    endloop
  endfacet
  facet normal -0.923458 -0.330556 0.194826
    outer loop
      vertex -20.6972 -31.942 3.09802
      vertex -20.5296 -32.2969 3.29028
      vertex -20.6619 -31.9273 3.29028
    endloop
  endfacet
  facet normal -0.923458 -0.330556 0.194826
    outer loop
      vertex -20.5296 -32.2969 3.29028
      vertex -20.6972 -31.942 3.09802
      vertex -20.5649 -32.3116 3.09802
    endloop
  endfacet
  facet normal -0.713269 -0.427495 0.555423
    outer loop
      vertex -20.211 -32.7756 3.4714
      vertex -19.9186 -33.0517 3.63439
      vertex -20.1204 -32.715 3.63439
    endloop
  endfacet
  facet normal -0.713316 -0.42765 0.555244
    outer loop
      vertex -19.9186 -33.0517 3.63439
      vertex -20.211 -32.7756 3.4714
      vertex -20.0092 -33.1122 3.4714
    endloop
  endfacet
  facet normal 0.0273356 -0.555352 0.831166
    outer loop
      vertex 15.95 -34.8714 3.88192
      vertex 16.3421 -35.0151 3.77301
      vertex 16.3421 -34.8521 3.88192
    endloop
  endfacet
  facet normal 0.0273356 -0.555352 0.831166
    outer loop
      vertex 16.3421 -35.0151 3.77301
      vertex 15.95 -34.8714 3.88192
      vertex 15.95 -35.0344 3.77301
    endloop
  endfacet
  facet normal -0.449742 -0.547785 0.705452
    outer loop
      vertex -18.84 -34.0195 3.77301
      vertex -18.9361 -33.9406 3.77301
      vertex -18.917 -34.1348 3.63439
    endloop
  endfacet
  facet normal -0.639828 0.302516 0.706473
    outer loop
      vertex -20.1918 26.5814 3.63439
      vertex -20.2316 26.1735 3.77301
      vertex -20.0638 26.5284 3.77301
    endloop
  endfacet
  facet normal -0.639553 0.302567 0.7067
    outer loop
      vertex -20.2316 26.1735 3.77301
      vertex -20.1918 26.5814 3.63439
      vertex -20.3597 26.2265 3.63439
    endloop
  endfacet
  facet normal 0 -1 0
    outer loop
      vertex -15.95 -35.3952 0.901983
      vertex 15.95 -35.3952 3.09802
      vertex -15.95 -35.3952 3.09802
    endloop
  endfacet
  facet normal 0 -1 -0
    outer loop
      vertex 15.95 -35.3952 3.09802
      vertex -15.95 -35.3952 0.901983
      vertex 15.95 -35.3952 0.901983
    endloop
  endfacet
  facet normal 0.28452 -0.93881 0.194125
    outer loop
      vertex 17.4773 -35.1119 3.29028
      vertex 17.2978 -35.1663 3.29028
      vertex 17.492 -35.1472 3.09802
    endloop
  endfacet
  facet normal -0.378823 0.0561943 0.923761
    outer loop
      vertex -20.3931 24.884 3.88192
      vertex -20.1578 25.237 3.95694
      vertex -20.3355 25.2723 3.88192
    endloop
  endfacet
  facet normal -0.378823 0.0561943 0.923761
    outer loop
      vertex -20.1578 25.237 3.95694
      vertex -20.3931 24.884 3.88192
      vertex -20.2154 24.8487 3.95694
    endloop
  endfacet
  facet normal 0.0573399 -0.187378 0.980613
    outer loop
      vertex 17.1486 -34.3183 3.99518
      vertex 17.1303 -34.3239 3.99518
      vertex 17.2222 -34.4959 3.95694
    endloop
  endfacet
  facet normal 0.495382 -0.668067 0.555233
    outer loop
      vertex 18.6622 -34.4592 3.4714
      vertex 18.917 -34.1348 3.63439
      vertex 18.6017 -34.3686 3.63439
    endloop
  endfacet
  facet normal 0.495633 -0.668119 0.554946
    outer loop
      vertex 18.917 -34.1348 3.63439
      vertex 18.6622 -34.4592 3.4714
      vertex 18.9775 -34.2253 3.4714
    endloop
  endfacet
  facet normal 0.435858 -0.815562 0.380638
    outer loop
      vertex 18.3256 -34.661 3.4714
      vertex 18.1731 -34.7425 3.4714
      vertex 18.3672 -34.7233 3.29028
    endloop
  endfacet
  facet normal -0.491533 -0.262809 -0.830257
    outer loop
      vertex -20.0052 -32.638 0.22699
      vertex -20.0638 -32.5284 0.22699
      vertex -19.9132 -32.466 0.118079
    endloop
  endfacet
  facet normal -0.742203 -0.550591 -0.382078
    outer loop
      vertex -19.7753 -33.4275 0.528604
      vertex -20.0715 -33.1539 0.709716
      vertex -20.0092 -33.1122 0.528604
    endloop
  endfacet
  facet normal -0.742199 -0.550352 -0.382431
    outer loop
      vertex -20.0715 -33.1539 0.709716
      vertex -19.7753 -33.4275 0.528604
      vertex -19.8377 -33.4692 0.709716
    endloop
  endfacet
  facet normal -0.135584 -0.914016 0.382349
    outer loop
      vertex -16.5287 -35.3193 3.29028
      vertex -16.9024 -35.1881 3.4714
      vertex -16.917 -35.2617 3.29028
    endloop
  endfacet
  facet normal -0.135584 -0.914016 0.382349
    outer loop
      vertex -16.9024 -35.1881 3.4714
      vertex -16.5287 -35.3193 3.29028
      vertex -16.5141 -35.2457 3.4714
    endloop
  endfacet
  facet normal -0.0374534 -0.382441 0.923221
    outer loop
      vertex -16.3421 -34.671 3.95694
      vertex -16.434 -34.8431 3.88192
      vertex -16.3421 -34.8521 3.88192
    endloop
  endfacet
  facet normal -0.0451954 -0.922976 0.382195
    outer loop
      vertex -16.3421 -35.3377 3.29028
      vertex -15.95 -35.2819 3.4714
      vertex -16.3421 -35.2627 3.4714
    endloop
  endfacet
  facet normal -0.0451954 -0.922976 0.382195
    outer loop
      vertex -15.95 -35.2819 3.4714
      vertex -16.3421 -35.3377 3.29028
      vertex -15.95 -35.3569 3.29028
    endloop
  endfacet
  facet normal 0 -0.555559 0.831477
    outer loop
      vertex -15.95 -34.8714 3.88192
      vertex 15.95 -35.0344 3.77301
      vertex 15.95 -34.8714 3.88192
    endloop
  endfacet
  facet normal 0 -0.555559 0.831477
    outer loop
      vertex 15.95 -35.0344 3.77301
      vertex -15.95 -34.8714 3.88192
      vertex -15.95 -35.0344 3.77301
    endloop
  endfacet
  facet normal -0.392394 -0.734227 0.554019
    outer loop
      vertex -18.1314 -34.6418 3.63439
      vertex -18.265 -34.5704 3.63439
      vertex -18.1731 -34.7425 3.4714
    endloop
  endfacet
  facet normal -0.124167 -0.151647 0.980605
    outer loop
      vertex -18.5569 -33.5613 3.99518
      vertex -18.6928 -33.6973 3.95694
      vertex -18.542 -33.5735 3.99518
    endloop
  endfacet
  facet normal -0.634521 -0.772906 0
    outer loop
      vertex -19.1913 -34.1957 0.901983
      vertex -19.0405 -34.3195 3.09802
      vertex -19.1913 -34.1957 3.09802
    endloop
  endfacet
  facet normal -0.634521 -0.772906 -0
    outer loop
      vertex -19.0405 -34.3195 3.09802
      vertex -19.1913 -34.1957 0.901983
      vertex -19.0405 -34.3195 0.901983
    endloop
  endfacet
  facet normal -0.584192 -0.787835 0.19503
    outer loop
      vertex -18.7252 -34.5533 3.09802
      vertex -19.0192 -34.2877 3.29028
      vertex -19.0405 -34.3195 3.09802
    endloop
  endfacet
  facet normal -0.584192 -0.787835 0.19503
    outer loop
      vertex -19.0192 -34.2877 3.29028
      vertex -18.7252 -34.5533 3.09802
      vertex -18.7039 -34.5215 3.29028
    endloop
  endfacet
  facet normal -0.59563 -0.803259 0
    outer loop
      vertex -19.0405 -34.3195 0.901983
      vertex -18.7252 -34.5533 3.09802
      vertex -19.0405 -34.3195 3.09802
    endloop
  endfacet
  facet normal -0.59563 -0.803259 -0
    outer loop
      vertex -18.7252 -34.5533 3.09802
      vertex -19.0405 -34.3195 0.901983
      vertex -18.7252 -34.5533 0.901983
    endloop
  endfacet
  facet normal -0.586507 -0.714651 -0.381161
    outer loop
      vertex -19.0192 -34.2877 0.709716
      vertex -19.1642 -34.1687 0.709716
      vertex -19.1112 -34.1156 0.528604
    endloop
  endfacet
  facet normal -0.62244 -0.75819 -0.194205
    outer loop
      vertex -19.0405 -34.3195 0.901983
      vertex -19.1913 -34.1957 0.901983
      vertex -19.1642 -34.1687 0.709716
    endloop
  endfacet
  facet normal 0 -0.707158 0.707056
    outer loop
      vertex -15.95 -35.0344 3.77301
      vertex 15.95 -35.173 3.63439
      vertex 15.95 -35.0344 3.77301
    endloop
  endfacet
  facet normal 0 -0.707158 0.707056
    outer loop
      vertex 15.95 -35.173 3.63439
      vertex -15.95 -35.0344 3.77301
      vertex -15.95 -35.173 3.63439
    endloop
  endfacet
  facet normal 0 -0.382709 0.923869
    outer loop
      vertex -15.95 -34.6903 3.95694
      vertex 15.95 -34.8714 3.88192
      vertex 15.95 -34.6903 3.95694
    endloop
  endfacet
  facet normal 0 -0.382709 0.923869
    outer loop
      vertex 15.95 -34.8714 3.88192
      vertex -15.95 -34.6903 3.95694
      vertex -15.95 -34.8714 3.88192
    endloop
  endfacet
  facet normal -0.462818 -0.864973 0.19396
    outer loop
      vertex -18.2018 -34.8118 3.29028
      vertex -18.3672 -34.7233 3.29028
      vertex -18.2164 -34.8471 3.09802
    endloop
  endfacet
  facet normal -0.436188 -0.815203 0.38103
    outer loop
      vertex -18.1731 -34.7425 3.4714
      vertex -18.3672 -34.7233 3.29028
      vertex -18.2018 -34.8118 3.29028
    endloop
  endfacet
  facet normal -0.0979299 -0.995193 0
    outer loop
      vertex -16.5362 -35.3568 0.901983
      vertex -16.3421 -35.3759 3.09802
      vertex -16.5362 -35.3568 3.09802
    endloop
  endfacet
  facet normal -0.0979299 -0.995193 -0
    outer loop
      vertex -16.3421 -35.3759 3.09802
      vertex -16.5362 -35.3568 0.901983
      vertex -16.3421 -35.3759 0.901983
    endloop
  endfacet
  facet normal -0.0962669 -0.976272 0.193975
    outer loop
      vertex -16.3421 -35.3377 3.29028
      vertex -16.5287 -35.3193 3.29028
      vertex -16.3421 -35.3759 3.09802
    endloop
  endfacet
  facet normal -0.995193 0.0979299 0
    outer loop
      vertex -20.9259 24.7921 0.901983
      vertex -20.9068 24.9862 3.09802
      vertex -20.9068 24.9862 0.901983
    endloop
  endfacet
  facet normal -0.995193 0.0979299 0
    outer loop
      vertex -20.9068 24.9862 3.09802
      vertex -20.9259 24.7921 0.901983
      vertex -20.9259 24.7921 3.09802
    endloop
  endfacet
  facet normal -0.831496 0 -0.555531
    outer loop
      vertex -20.723 -30.4 0.365607
      vertex -20.8319 24.4 0.528604
      vertex -20.723 24.4 0.365607
    endloop
  endfacet
  facet normal -0.831496 -0 -0.555531
    outer loop
      vertex -20.8319 24.4 0.528604
      vertex -20.723 -30.4 0.365607
      vertex -20.8319 -30.4 0.528604
    endloop
  endfacet
  facet normal -0.523463 -0.187376 -0.83119
    outer loop
      vertex -20.3639 -31.8039 0.22699
      vertex -20.081 -32.1111 0.118079
      vertex -20.2316 -32.1735 0.22699
    endloop
  endfacet
  facet normal -0.523463 -0.187376 -0.83119
    outer loop
      vertex -20.081 -32.1111 0.118079
      vertex -20.3639 -31.8039 0.22699
      vertex -20.2133 -31.7415 0.118079
    endloop
  endfacet
  facet normal 0.193273 -0.0286699 -0.980726
    outer loop
      vertex 19.9693 -31.1995 0.00481606
      vertex 20.2154 -30.8487 0.0430603
      vertex 20.1578 -31.237 0.0430603
    endloop
  endfacet
  facet normal 0.193273 -0.0286699 -0.980726
    outer loop
      vertex 20.2154 -30.8487 0.0430603
      vertex 19.9693 -31.1995 0.00481606
      vertex 20.0269 -30.8112 0.00481606
    endloop
  endfacet
  facet normal -0.70715 0 -0.707063
    outer loop
      vertex -20.723 -30.4 0.365607
      vertex -20.5844 24.4 0.22699
      vertex -20.5844 -30.4 0.22699
    endloop
  endfacet
  facet normal -0.70715 0 -0.707063
    outer loop
      vertex -20.5844 24.4 0.22699
      vertex -20.723 -30.4 0.365607
      vertex -20.723 24.4 0.365607
    endloop
  endfacet
  facet normal -0.205878 0.678461 0.705198
    outer loop
      vertex -17.2619 28.9859 3.63439
      vertex -17.4069 28.9419 3.63439
      vertex -17.3539 28.8139 3.77301
    endloop
  endfacet
  facet normal -0.462819 0.864975 -0.193953
    outer loop
      vertex -18.2018 28.8118 0.709716
      vertex -18.3672 28.7233 0.709716
      vertex -18.2164 28.8471 0.901983
    endloop
  endfacet
  facet normal 0.172891 0.0920721 0.980628
    outer loop
      vertex 19.7459 26.3967 3.95694
      vertex 19.5592 26.34 3.99518
      vertex 19.5682 26.3231 3.99518
    endloop
  endfacet
  facet normal -0.338818 0.181257 0.923227
    outer loop
      vertex -19.8696 26.5475 3.88192
      vertex -19.9132 26.466 3.88192
      vertex -19.719 26.4469 3.95694
    endloop
  endfacet
  facet normal -0.528333 0.643666 0.553678
    outer loop
      vertex -18.917 28.1348 3.63439
      vertex -19.1112 28.1156 3.4714
      vertex -19.0342 28.0386 3.63439
    endloop
  endfacet
  facet normal -0.435858 0.815562 0.380638
    outer loop
      vertex -18.1731 28.7425 3.4714
      vertex -18.3672 28.7233 3.29028
      vertex -18.3256 28.661 3.4714
    endloop
  endfacet
  facet normal -0.0194047 -0.195068 0.980598
    outer loop
      vertex -16.3612 -34.4769 3.99518
      vertex -16.3987 -34.6654 3.95694
      vertex -16.3421 -34.4788 3.99518
    endloop
  endfacet
  facet normal -0.151495 -0.124294 0.980612
    outer loop
      vertex -19.1235 -32.992 3.99518
      vertex -19.2834 -33.0988 3.95694
      vertex -19.2473 -33.1428 3.95694
    endloop
  endfacet
  facet normal 0.268105 -0.884646 -0.381472
    outer loop
      vertex 17.4773 -35.1119 0.709716
      vertex 17.2978 -35.1663 0.709716
      vertex 17.4486 -35.0425 0.528604
    endloop
  endfacet
  facet normal 0.224551 -0.896319 -0.382346
    outer loop
      vertex 17.2832 -35.0927 0.528604
      vertex 16.917 -35.2617 0.709716
      vertex 16.9024 -35.1881 0.528604
    endloop
  endfacet
  facet normal 0.224551 -0.896319 -0.382346
    outer loop
      vertex 16.917 -35.2617 0.709716
      vertex 17.2832 -35.0927 0.528604
      vertex 17.2978 -35.1663 0.709716
    endloop
  endfacet
  facet normal 0.528262 -0.643834 -0.553549
    outer loop
      vertex 18.9775 -34.2253 0.528604
      vertex 18.917 -34.1348 0.365607
      vertex 19.1112 -34.1156 0.528604
    endloop
  endfacet
  facet normal 0.550591 -0.742203 -0.382078
    outer loop
      vertex 18.9775 -34.2253 0.528604
      vertex 18.7039 -34.5215 0.709716
      vertex 18.6622 -34.4592 0.528604
    endloop
  endfacet
  facet normal 0.550352 -0.742199 -0.382431
    outer loop
      vertex 18.7039 -34.5215 0.709716
      vertex 18.9775 -34.2253 0.528604
      vertex 19.0192 -34.2877 0.709716
    endloop
  endfacet
  facet normal 0.586399 -0.71469 -0.381253
    outer loop
      vertex 19.0192 -34.2877 0.709716
      vertex 18.9775 -34.2253 0.528604
      vertex 19.1112 -34.1156 0.528604
    endloop
  endfacet
  facet normal 0.586507 -0.714651 -0.381161
    outer loop
      vertex 19.1642 -34.1687 0.709716
      vertex 19.0192 -34.2877 0.709716
      vertex 19.1112 -34.1156 0.528604
    endloop
  endfacet
  facet normal 0.462453 -0.865089 -0.194314
    outer loop
      vertex 18.3885 -34.7551 0.901983
      vertex 18.2164 -34.8471 0.901983
      vertex 18.3672 -34.7233 0.709716
    endloop
  endfacet
  facet normal 0.462819 -0.864975 -0.193953
    outer loop
      vertex 18.2164 -34.8471 0.901983
      vertex 18.2018 -34.8118 0.709716
      vertex 18.3672 -34.7233 0.709716
    endloop
  endfacet
  facet normal 0.0960663 -0.976255 -0.194157
    outer loop
      vertex 16.5362 -35.3568 0.901983
      vertex 16.3421 -35.3759 0.901983
      vertex 16.5287 -35.3193 0.709716
    endloop
  endfacet
  facet normal 0.0962669 -0.976272 0.193975
    outer loop
      vertex 16.3421 -35.3377 3.29028
      vertex 16.3421 -35.3759 3.09802
      vertex 16.5287 -35.3193 3.29028
    endloop
  endfacet
  facet normal 0.238356 -0.951427 -0.194865
    outer loop
      vertex 17.2978 -35.1663 0.709716
      vertex 16.9245 -35.2992 0.901983
      vertex 16.917 -35.2617 0.709716
    endloop
  endfacet
  facet normal 0.238356 -0.951427 -0.194865
    outer loop
      vertex 16.9245 -35.2992 0.901983
      vertex 17.2978 -35.1663 0.709716
      vertex 17.3053 -35.2038 0.901983
    endloop
  endfacet
  facet normal 0.238356 -0.951426 0.194872
    outer loop
      vertex 16.9245 -35.2992 3.09802
      vertex 17.2978 -35.1663 3.29028
      vertex 16.917 -35.2617 3.29028
    endloop
  endfacet
  facet normal 0.238356 -0.951426 0.194872
    outer loop
      vertex 17.2978 -35.1663 3.29028
      vertex 16.9245 -35.2992 3.09802
      vertex 17.3053 -35.2038 3.09802
    endloop
  endfacet
  facet normal 0.0482175 -0.97959 -0.195136
    outer loop
      vertex 15.95 -35.3569 0.709716
      vertex 16.3421 -35.3759 0.901983
      vertex 15.95 -35.3952 0.901983
    endloop
  endfacet
  facet normal 0.047973 -0.979699 -0.194649
    outer loop
      vertex 16.3421 -35.3759 0.901983
      vertex 15.95 -35.3569 0.709716
      vertex 16.3421 -35.3377 0.709716
    endloop
  endfacet
  facet normal 0.0907283 -0.920103 -0.381023
    outer loop
      vertex 16.5287 -35.3193 0.709716
      vertex 16.3421 -35.3377 0.709716
      vertex 16.3421 -35.2627 0.528604
    endloop
  endfacet
  facet normal 0.171947 -0.686168 -0.70683
    outer loop
      vertex 16.8541 -34.9453 0.22699
      vertex 17.2619 -34.9859 0.365607
      vertex 16.8812 -35.0813 0.365607
    endloop
  endfacet
  facet normal 0.171809 -0.686516 -0.706525
    outer loop
      vertex 17.2619 -34.9859 0.365607
      vertex 16.8541 -34.9453 0.22699
      vertex 17.2349 -34.85 0.22699
    endloop
  endfacet
  facet normal 0.0692206 -0.705302 -0.705519
    outer loop
      vertex 16.4929 -35.1389 0.365607
      vertex 16.3421 -35.1537 0.365607
      vertex 16.4658 -35.0029 0.22699
    endloop
  endfacet
  facet normal -0.0920819 -0.172909 -0.980624
    outer loop
      vertex -17.8731 -34.0182 0.00481606
      vertex -17.9467 -34.1959 0.0430603
      vertex -17.89 -34.0092 0.00481606
    endloop
  endfacet
  facet normal 0.057346 -0.187398 -0.980609
    outer loop
      vertex 17.2222 -34.4959 0.0430603
      vertex 17.1303 -34.3239 0.00481606
      vertex 17.1486 -34.3183 0.00481606
    endloop
  endfacet
  facet normal 0.243725 -0.296961 -0.923262
    outer loop
      vertex 18.7495 -33.884 0.118079
      vertex 18.6928 -33.6973 0.0430603
      vertex 18.8209 -33.8254 0.118079
    endloop
  endfacet
  facet normal -0.193273 0.0286699 -0.980726
    outer loop
      vertex -20.2154 24.8487 0.0430603
      vertex -19.9693 25.1995 0.00481606
      vertex -20.0269 24.8112 0.00481606
    endloop
  endfacet
  facet normal -0.193273 0.0286699 -0.980726
    outer loop
      vertex -19.9693 25.1995 0.00481606
      vertex -20.2154 24.8487 0.0430603
      vertex -20.1578 25.237 0.0430603
    endloop
  endfacet
  facet normal 0.353757 -0.431028 -0.830103
    outer loop
      vertex 18.9361 -33.9406 0.22699
      vertex 18.7495 -33.884 0.118079
      vertex 18.8209 -33.8254 0.118079
    endloop
  endfacet
  facet normal 0.25717 -0.283804 -0.923753
    outer loop
      vertex 18.8209 -33.8254 0.118079
      vertex 18.9837 -33.4337 0.0430603
      vertex 19.1118 -33.5618 0.118079
    endloop
  endfacet
  facet normal 0.25717 -0.283804 -0.923753
    outer loop
      vertex 18.9837 -33.4337 0.0430603
      vertex 18.8209 -33.8254 0.118079
      vertex 18.6928 -33.6973 0.0430603
    endloop
  endfacet
  facet normal 0.00960072 -0.195049 -0.980747
    outer loop
      vertex 15.95 -34.498 0.00481606
      vertex 16.3421 -34.671 0.0430603
      vertex 15.95 -34.6903 0.0430603
    endloop
  endfacet
  facet normal 0.00955576 -0.195147 -0.980728
    outer loop
      vertex 16.3421 -34.671 0.0430603
      vertex 15.95 -34.498 0.00481606
      vertex 16.3421 -34.4788 0.00481606
    endloop
  endfacet
  facet normal 0.0378211 -0.382263 -0.923279
    outer loop
      vertex 16.434 -34.8431 0.118079
      vertex 16.3421 -34.671 0.0430603
      vertex 16.3987 -34.6654 0.0430603
    endloop
  endfacet
  facet normal 0.0572064 -0.187472 -0.980603
    outer loop
      vertex 17.1678 -34.5125 0.0430603
      vertex 17.1303 -34.3239 0.00481606
      vertex 17.2222 -34.4959 0.0430603
    endloop
  endfacet
  facet normal -0.0491626 -0.998791 0
    outer loop
      vertex -16.3421 -35.3759 0.901983
      vertex -15.95 -35.3952 3.09802
      vertex -16.3421 -35.3759 3.09802
    endloop
  endfacet
  facet normal -0.0491626 -0.998791 -0
    outer loop
      vertex -15.95 -35.3952 3.09802
      vertex -16.3421 -35.3759 0.901983
      vertex -15.95 -35.3952 0.901983
    endloop
  endfacet
  facet normal -0.0909311 -0.920009 -0.381202
    outer loop
      vertex -16.3421 -35.2627 0.528604
      vertex -16.5287 -35.3193 0.709716
      vertex -16.5141 -35.2457 0.528604
    endloop
  endfacet
  facet normal -0.0347864 -0.706722 -0.706635
    outer loop
      vertex -16.3421 -35.1537 0.365607
      vertex -15.95 -35.0344 0.22699
      vertex -15.95 -35.173 0.365607
    endloop
  endfacet
  facet normal -0.0347864 -0.706722 -0.706635
    outer loop
      vertex -15.95 -35.0344 0.22699
      vertex -16.3421 -35.1537 0.365607
      vertex -16.3421 -35.0151 0.22699
    endloop
  endfacet
  facet normal -0.112188 -0.367652 -0.923172
    outer loop
      vertex -17.2031 -34.6901 0.118079
      vertex -17.2222 -34.4959 0.0430603
      vertex -17.1678 -34.5125 0.0430603
    endloop
  endfacet
  facet normal -0.205876 -0.678454 -0.705206
    outer loop
      vertex -17.2619 -34.9859 0.365607
      vertex -17.4069 -34.9419 0.365607
      vertex -17.3539 -34.8139 0.22699
    endloop
  endfacet
  facet normal -0.241804 -0.796855 -0.553672
    outer loop
      vertex -17.2619 -34.9859 0.365607
      vertex -17.4486 -35.0425 0.528604
      vertex -17.4069 -34.9419 0.365607
    endloop
  endfacet
  facet normal -0.0482223 -0.979687 -0.194646
    outer loop
      vertex -16.3421 -35.3377 0.709716
      vertex -15.95 -35.3952 0.901983
      vertex -16.3421 -35.3759 0.901983
    endloop
  endfacet
  facet normal -0.0479683 -0.979602 -0.195139
    outer loop
      vertex -15.95 -35.3952 0.901983
      vertex -16.3421 -35.3377 0.709716
      vertex -15.95 -35.3569 0.709716
    endloop
  endfacet
  facet normal -0.243015 -0.970023 0
    outer loop
      vertex -17.3053 -35.2038 0.901983
      vertex -16.9245 -35.2992 3.09802
      vertex -17.3053 -35.2038 3.09802
    endloop
  endfacet
  facet normal -0.243015 -0.970023 -0
    outer loop
      vertex -16.9245 -35.2992 3.09802
      vertex -17.3053 -35.2038 0.901983
      vertex -16.9245 -35.2992 0.901983
    endloop
  endfacet
  facet normal -0.620385 -0.684636 -0.382617
    outer loop
      vertex -19.402 -33.852 0.528604
      vertex -19.1642 -34.1687 0.709716
      vertex -19.4551 -33.9051 0.709716
    endloop
  endfacet
  facet normal -0.620583 -0.684619 -0.382328
    outer loop
      vertex -19.1642 -34.1687 0.709716
      vertex -19.402 -33.852 0.528604
      vertex -19.1112 -34.1156 0.528604
    endloop
  endfacet
  facet normal -0.643674 -0.52834 -0.553661
    outer loop
      vertex -19.6656 -33.5612 0.528604
      vertex -19.6848 -33.367 0.365607
      vertex -19.5886 -33.4842 0.365607
    endloop
  endfacet
  facet normal -0.449738 -0.547779 -0.70546
    outer loop
      vertex -18.917 -34.1348 0.365607
      vertex -18.9361 -33.9406 0.22699
      vertex -18.84 -34.0195 0.22699
    endloop
  endfacet
  facet normal -0.0286699 -0.193273 -0.980726
    outer loop
      vertex -16.3987 -34.6654 0.0430603
      vertex -16.7495 -34.4193 0.00481606
      vertex -16.3612 -34.4769 0.00481606
    endloop
  endfacet
  facet normal -0.0286699 -0.193273 -0.980726
    outer loop
      vertex -16.7495 -34.4193 0.00481606
      vertex -16.3987 -34.6654 0.0430603
      vertex -16.787 -34.6078 0.0430603
    endloop
  endfacet
  facet normal -0.187376 -0.523463 -0.83119
    outer loop
      vertex -17.3539 -34.8139 0.22699
      vertex -17.6611 -34.531 0.118079
      vertex -17.2915 -34.6633 0.118079
    endloop
  endfacet
  facet normal -0.187376 -0.523463 -0.83119
    outer loop
      vertex -17.6611 -34.531 0.118079
      vertex -17.3539 -34.8139 0.22699
      vertex -17.7235 -34.6816 0.22699
    endloop
  endfacet
  facet normal -0.0657879 -0.183927 -0.980736
    outer loop
      vertex -17.2222 -34.4959 0.0430603
      vertex -17.5182 -34.1861 0.00481606
      vertex -17.1486 -34.3183 0.00481606
    endloop
  endfacet
  facet normal -0.0657879 -0.183927 -0.980736
    outer loop
      vertex -17.5182 -34.1861 0.00481606
      vertex -17.2222 -34.4959 0.0430603
      vertex -17.5918 -34.3637 0.0430603
    endloop
  endfacet
  facet normal 0 -0.195058 -0.980792
    outer loop
      vertex -15.95 -34.6903 0.0430603
      vertex 15.95 -34.498 0.00481606
      vertex 15.95 -34.6903 0.0430603
    endloop
  endfacet
  facet normal -0 -0.195058 -0.980792
    outer loop
      vertex 15.95 -34.498 0.00481606
      vertex -15.95 -34.6903 0.0430603
      vertex -15.95 -34.498 0.00481606
    endloop
  endfacet
  facet normal -0.0813397 -0.828786 -0.553622
    outer loop
      vertex -16.3421 -35.1537 0.365607
      vertex -16.5141 -35.2457 0.528604
      vertex -16.4929 -35.1389 0.365607
    endloop
  endfacet
  facet normal 0.205876 -0.678454 -0.705206
    outer loop
      vertex 17.4069 -34.9419 0.365607
      vertex 17.2619 -34.9859 0.365607
      vertex 17.3539 -34.8139 0.22699
    endloop
  endfacet
  facet normal 0.0816108 -0.550164 -0.831059
    outer loop
      vertex 16.4658 -35.0029 0.22699
      vertex 16.8223 -34.7855 0.118079
      vertex 16.8541 -34.9453 0.22699
    endloop
  endfacet
  facet normal 0.0816108 -0.550164 -0.831059
    outer loop
      vertex 16.8223 -34.7855 0.118079
      vertex 16.4658 -35.0029 0.22699
      vertex 16.434 -34.8431 0.118079
    endloop
  endfacet
  facet normal 0.116372 -0.156938 -0.980728
    outer loop
      vertex 18.2267 -33.8074 0.00481606
      vertex 18.6488 -33.7334 0.0430603
      vertex 18.3335 -33.9672 0.0430603
    endloop
  endfacet
  facet normal 0.116358 -0.156853 -0.980744
    outer loop
      vertex 18.6488 -33.7334 0.0430603
      vertex 18.2267 -33.8074 0.00481606
      vertex 18.542 -33.5735 0.00481606
    endloop
  endfacet
  facet normal -0.49142 0.262895 -0.830297
    outer loop
      vertex -19.9132 26.466 0.118079
      vertex -20.0052 26.638 0.22699
      vertex -19.8696 26.5475 0.118079
    endloop
  endfacet
  facet normal -0.262895 -0.49142 -0.830297
    outer loop
      vertex -18.016 -34.3632 0.118079
      vertex -18.188 -34.4552 0.22699
      vertex -18.0975 -34.3196 0.118079
    endloop
  endfacet
  facet normal -0.353757 -0.431028 -0.830103
    outer loop
      vertex -18.7495 -33.884 0.118079
      vertex -18.9361 -33.9406 0.22699
      vertex -18.8209 -33.8254 0.118079
    endloop
  endfacet
  facet normal -0.421505 -0.568437 -0.70655
    outer loop
      vertex -18.917 -34.1348 0.365607
      vertex -18.5247 -34.2534 0.22699
      vertex -18.6017 -34.3686 0.365607
    endloop
  endfacet
  facet normal -0.421501 -0.568189 -0.706752
    outer loop
      vertex -18.5247 -34.2534 0.22699
      vertex -18.917 -34.1348 0.365607
      vertex -18.84 -34.0195 0.22699
    endloop
  endfacet
  facet normal 0.144687 -0.131108 -0.980753
    outer loop
      vertex 18.8477 -33.2977 0.00481606
      vertex 19.2473 -33.1428 0.0430603
      vertex 18.9837 -33.4337 0.0430603
    endloop
  endfacet
  facet normal 0.144712 -0.131176 -0.98074
    outer loop
      vertex 19.2473 -33.1428 0.0430603
      vertex 18.8477 -33.2977 0.00481606
      vertex 19.1113 -33.0069 0.00481606
    endloop
  endfacet
  facet normal -0.183927 -0.0657879 -0.980736
    outer loop
      vertex -20.0459 -31.6722 0.0430603
      vertex -19.7361 -31.9682 0.00481606
      vertex -19.9137 -32.0418 0.0430603
    endloop
  endfacet
  facet normal -0.183927 -0.0657879 -0.980736
    outer loop
      vertex -19.7361 -31.9682 0.00481606
      vertex -20.0459 -31.6722 0.0430603
      vertex -19.8683 -31.5986 0.00481606
    endloop
  endfacet
  facet normal 0.726813 -0.658604 -0.194896
    outer loop
      vertex 19.7457 -33.6413 0.901983
      vertex 19.4551 -33.9051 0.709716
      vertex 19.7187 -33.6142 0.709716
    endloop
  endfacet
  facet normal 0.726748 -0.658772 -0.194568
    outer loop
      vertex 19.4551 -33.9051 0.709716
      vertex 19.7457 -33.6413 0.901983
      vertex 19.4821 -33.9321 0.901983
    endloop
  endfacet
  facet normal 0.243728 -0.296966 0.923259
    outer loop
      vertex 18.8209 -33.8254 3.88192
      vertex 18.6928 -33.6973 3.95694
      vertex 18.7495 -33.884 3.88192
    endloop
  endfacet
  facet normal 0.353802 -0.43093 0.830135
    outer loop
      vertex 18.9361 -33.9406 3.77301
      vertex 18.7495 -33.884 3.88192
      vertex 18.84 -34.0195 3.77301
    endloop
  endfacet
  facet normal 0.584192 -0.787835 0.19503
    outer loop
      vertex 18.7252 -34.5533 3.09802
      vertex 19.0192 -34.2877 3.29028
      vertex 18.7039 -34.5215 3.29028
    endloop
  endfacet
  facet normal 0.584192 -0.787835 0.19503
    outer loop
      vertex 19.0192 -34.2877 3.29028
      vertex 18.7252 -34.5533 3.09802
      vertex 19.0405 -34.3195 3.09802
    endloop
  endfacet
  facet normal 0.462453 -0.865088 0.19432
    outer loop
      vertex 18.3672 -34.7233 3.29028
      vertex 18.2164 -34.8471 3.09802
      vertex 18.3885 -34.7551 3.09802
    endloop
  endfacet
  facet normal -0.187444 0.0571981 -0.980609
    outer loop
      vertex -19.8739 25.5802 0.00481606
      vertex -20.0625 25.6178 0.0430603
      vertex -20.0459 25.6722 0.0430603
    endloop
  endfacet
  facet normal -0.475022 0.524218 -0.706789
    outer loop
      vertex -19.227 27.677 0.22699
      vertex -19.0342 28.0386 0.365607
      vertex -18.9361 27.9406 0.22699
    endloop
  endfacet
  facet normal -0.475224 0.524261 -0.70662
    outer loop
      vertex -19.0342 28.0386 0.365607
      vertex -19.227 27.677 0.22699
      vertex -19.325 27.775 0.365607
    endloop
  endfacet
  facet normal -0.533344 0.161796 -0.830281
    outer loop
      vertex -20.2401 25.6531 0.118079
      vertex -20.4 25.6849 0.22699
      vertex -20.3639 25.8039 0.22699
    endloop
  endfacet
  facet normal -0.870003 0.311422 -0.382244
    outer loop
      vertex -20.4603 26.2682 0.528604
      vertex -20.6619 25.9273 0.709716
      vertex -20.5296 26.2969 0.709716
    endloop
  endfacet
  facet normal -0.86992 0.311156 -0.382651
    outer loop
      vertex -20.6619 25.9273 0.709716
      vertex -20.4603 26.2682 0.528604
      vertex -20.5925 25.8986 0.528604
    endloop
  endfacet
  facet normal -0.0286699 0.193273 -0.980726
    outer loop
      vertex -16.7495 28.4193 0.00481606
      vertex -16.3987 28.6654 0.0430603
      vertex -16.3612 28.4769 0.00481606
    endloop
  endfacet
  facet normal -0.0286699 0.193273 -0.980726
    outer loop
      vertex -16.3987 28.6654 0.0430603
      vertex -16.7495 28.4193 0.00481606
      vertex -16.787 28.6078 0.0430603
    endloop
  endfacet
  facet normal -0.815557 0.435855 -0.380653
    outer loop
      vertex -20.211 26.7756 0.528604
      vertex -20.2925 26.6231 0.528604
      vertex -20.2733 26.8172 0.709716
    endloop
  endfacet
  facet normal -0.742203 0.550356 0.382417
    outer loop
      vertex -20.0715 27.1539 3.29028
      vertex -19.7753 27.4275 3.4714
      vertex -19.8377 27.4692 3.29028
    endloop
  endfacet
  facet normal -0.742208 0.550595 0.382064
    outer loop
      vertex -19.7753 27.4275 3.4714
      vertex -20.0715 27.1539 3.29028
      vertex -20.0092 27.1122 3.4714
    endloop
  endfacet
  facet normal -0.70673 0.0347868 0.706628
    outer loop
      vertex -20.7037 24.7921 3.63439
      vertex -20.5844 24.4 3.77301
      vertex -20.5651 24.7921 3.77301
    endloop
  endfacet
  facet normal -0.70673 0.0347868 0.706628
    outer loop
      vertex -20.5844 24.4 3.77301
      vertex -20.7037 24.7921 3.63439
      vertex -20.723 24.4 3.63439
    endloop
  endfacet
  facet normal -0.60681 -0.363689 -0.706762
    outer loop
      vertex -20.1204 -32.715 0.365607
      vertex -19.8033 -32.9747 0.22699
      vertex -19.9186 -33.0517 0.365607
    endloop
  endfacet
  facet normal -0.606915 -0.363932 -0.706546
    outer loop
      vertex -19.8033 -32.9747 0.22699
      vertex -20.1204 -32.715 0.365607
      vertex -20.0052 -32.638 0.22699
    endloop
  endfacet
  facet normal -0.430932 -0.353804 -0.830133
    outer loop
      vertex -19.4906 -33.3861 0.22699
      vertex -19.5695 -33.29 0.22699
      vertex -19.434 -33.1995 0.118079
    endloop
  endfacet
  facet normal 0.195028 0.0095997 0.980751
    outer loop
      vertex 20.221 24.7921 3.95694
      vertex 20.048 24.4 3.99518
      vertex 20.2403 24.4 3.95694
    endloop
  endfacet
  facet normal 0.195028 0.0095997 0.980751
    outer loop
      vertex 20.048 24.4 3.99518
      vertex 20.221 24.7921 3.95694
      vertex 20.0287 24.7921 3.99518
    endloop
  endfacet
  facet normal 0.378823 0.0561943 0.923761
    outer loop
      vertex 20.1578 25.237 3.95694
      vertex 20.3931 24.884 3.88192
      vertex 20.3355 25.2723 3.88192
    endloop
  endfacet
  facet normal 0.378823 0.0561943 0.923761
    outer loop
      vertex 20.3931 24.884 3.88192
      vertex 20.1578 25.237 3.95694
      vertex 20.2154 24.8487 3.95694
    endloop
  endfacet
  facet normal 0.70531 -0.0692214 0.705512
    outer loop
      vertex 20.7037 -30.7921 3.63439
      vertex 20.5529 -30.9158 3.77301
      vertex 20.6889 -30.9429 3.63439
    endloop
  endfacet
  facet normal 0.671607 0.740908 -0
    outer loop
      vertex 19.4821 27.9321 0.901983
      vertex 19.1913 28.1957 3.09802
      vertex 19.4821 27.9321 3.09802
    endloop
  endfacet
  facet normal 0.671607 0.740908 0
    outer loop
      vertex 19.1913 28.1957 3.09802
      vertex 19.4821 27.9321 0.901983
      vertex 19.1913 28.1957 0.901983
    endloop
  endfacet
  facet normal 0.841274 0.504215 -0.195001
    outer loop
      vertex 20.3051 26.8385 0.901983
      vertex 20.0715 27.1539 0.709716
      vertex 20.1033 27.1752 0.901983
    endloop
  endfacet
  facet normal 0.841274 0.504215 -0.195001
    outer loop
      vertex 20.0715 27.1539 0.709716
      vertex 20.3051 26.8385 0.901983
      vertex 20.2733 26.8172 0.709716
    endloop
  endfacet
  facet normal 0.951427 0.238356 -0.194865
    outer loop
      vertex 20.8492 25.3745 0.901983
      vertex 20.7163 25.7478 0.709716
      vertex 20.7538 25.7553 0.901983
    endloop
  endfacet
  facet normal 0.951427 0.238356 -0.194865
    outer loop
      vertex 20.7163 25.7478 0.709716
      vertex 20.8492 25.3745 0.901983
      vertex 20.8117 25.367 0.709716
    endloop
  endfacet
  facet normal 0.792672 0.475085 -0.382054
    outer loop
      vertex 20.2733 26.8172 0.709716
      vertex 20.0092 27.1122 0.528604
      vertex 20.0715 27.1539 0.709716
    endloop
  endfacet
  facet normal 0.792688 0.475236 -0.381832
    outer loop
      vertex 20.0092 27.1122 0.528604
      vertex 20.2733 26.8172 0.709716
      vertex 20.211 26.7756 0.528604
    endloop
  endfacet
  facet normal 0.806856 0.202138 -0.555089
    outer loop
      vertex 20.7381 25.3524 0.528604
      vertex 20.5359 25.7119 0.365607
      vertex 20.6427 25.7332 0.528604
    endloop
  endfacet
  facet normal 0.8069 0.202202 -0.555002
    outer loop
      vertex 20.5359 25.7119 0.365607
      vertex 20.7381 25.3524 0.528604
      vertex 20.6313 25.3312 0.365607
    endloop
  endfacet
  facet normal 0.705437 -0.0695742 -0.70535
    outer loop
      vertex 20.7037 -30.7921 0.365607
      vertex 20.5529 -30.9158 0.22699
      vertex 20.5651 -30.7921 0.22699
    endloop
  endfacet
  facet normal 0.699745 0.103799 0.706812
    outer loop
      vertex 20.4953 25.3041 3.77301
      vertex 20.6889 24.9429 3.63439
      vertex 20.6313 25.3312 3.63439
    endloop
  endfacet
  facet normal 0.699745 0.103799 0.706812
    outer loop
      vertex 20.6889 24.9429 3.63439
      vertex 20.4953 25.3041 3.77301
      vertex 20.5529 24.9158 3.77301
    endloop
  endfacet
  facet normal 1 -0 0
    outer loop
      vertex 20.9452 -30.4 3.09802
      vertex 20.9452 24.4 0.901983
      vertex 20.9452 24.4 3.09802
    endloop
  endfacet
  facet normal 1 0 0
    outer loop
      vertex 20.9452 24.4 0.901983
      vertex 20.9452 -30.4 3.09802
      vertex 20.9452 -30.4 0.901983
    endloop
  endfacet
  facet normal 0.980731 0 -0.195364
    outer loop
      vertex 20.9452 -30.4 0.901983
      vertex 20.9069 24.4 0.709716
      vertex 20.9452 24.4 0.901983
    endloop
  endfacet
  facet normal 0.980731 0 -0.195364
    outer loop
      vertex 20.9069 24.4 0.709716
      vertex 20.9452 -30.4 0.901983
      vertex 20.9069 -30.4 0.709716
    endloop
  endfacet
  facet normal 0.976278 0.0962159 -0.193969
    outer loop
      vertex 20.8877 24.7921 0.709716
      vertex 20.8693 24.9788 0.709716
      vertex 20.9259 24.7921 0.901983
    endloop
  endfacet
  facet normal 0.864973 0.462818 0.19396
    outer loop
      vertex 20.3971 26.6664 3.09802
      vertex 20.2733 26.8172 3.29028
      vertex 20.3618 26.6518 3.29028
    endloop
  endfacet
  facet normal 0 0.195058 -0.980792
    outer loop
      vertex -15.95 28.498 0.00481606
      vertex 15.95 28.6903 0.0430603
      vertex 15.95 28.498 0.00481606
    endloop
  endfacet
  facet normal 0 0.195058 -0.980792
    outer loop
      vertex 15.95 28.6903 0.0430603
      vertex -15.95 28.498 0.00481606
      vertex -15.95 28.6903 0.0430603
    endloop
  endfacet
  facet normal 0.491533 0.262809 -0.830257
    outer loop
      vertex 20.0638 26.5284 0.22699
      vertex 19.9132 26.466 0.118079
      vertex 20.0052 26.638 0.22699
    endloop
  endfacet
  facet normal 0.686168 0.171947 -0.70683
    outer loop
      vertex 20.4953 25.3041 0.22699
      vertex 20.5359 25.7119 0.365607
      vertex 20.6313 25.3312 0.365607
    endloop
  endfacet
  facet normal 0.686516 0.171809 -0.706525
    outer loop
      vertex 20.5359 25.7119 0.365607
      vertex 20.4953 25.3041 0.22699
      vertex 20.4 25.6849 0.22699
    endloop
  endfacet
  facet normal 0.740908 0.671607 0
    outer loop
      vertex 19.7457 27.6413 3.09802
      vertex 19.4821 27.9321 0.901983
      vertex 19.4821 27.9321 3.09802
    endloop
  endfacet
  facet normal 0.740908 0.671607 0
    outer loop
      vertex 19.4821 27.9321 0.901983
      vertex 19.7457 27.6413 3.09802
      vertex 19.7457 27.6413 0.901983
    endloop
  endfacet
  facet normal 0.758189 0.622439 0.194212
    outer loop
      vertex 19.7457 27.6413 3.09802
      vertex 19.7187 27.6142 3.29028
      vertex 19.8695 27.4905 3.09802
    endloop
  endfacet
  facet normal 0.726747 0.658771 0.194575
    outer loop
      vertex 19.4551 27.9051 3.29028
      vertex 19.7457 27.6413 3.09802
      vertex 19.4821 27.9321 3.09802
    endloop
  endfacet
  facet normal 0.726812 0.658603 0.194903
    outer loop
      vertex 19.7457 27.6413 3.09802
      vertex 19.4551 27.9051 3.29028
      vertex 19.7187 27.6142 3.29028
    endloop
  endfacet
  facet normal 0.815557 -0.435855 -0.380653
    outer loop
      vertex 20.2733 -32.8172 0.709716
      vertex 20.211 -32.7756 0.528604
      vertex 20.2925 -32.6231 0.528604
    endloop
  endfacet
  facet normal 0.71469 -0.586399 -0.381253
    outer loop
      vertex 19.8377 -33.4692 0.709716
      vertex 19.6656 -33.5612 0.528604
      vertex 19.7753 -33.4275 0.528604
    endloop
  endfacet
  facet normal 0.151511 -0.124308 -0.980608
    outer loop
      vertex 19.2473 -33.1428 0.0430603
      vertex 19.1235 -32.992 0.00481606
      vertex 19.2834 -33.0988 0.0430603
    endloop
  endfacet
  facet normal 0.706722 -0.0347864 -0.706635
    outer loop
      vertex 20.7037 -30.7921 0.365607
      vertex 20.5844 -30.4 0.22699
      vertex 20.723 -30.4 0.365607
    endloop
  endfacet
  facet normal 0.706722 -0.0347864 -0.706635
    outer loop
      vertex 20.5844 -30.4 0.22699
      vertex 20.7037 -30.7921 0.365607
      vertex 20.5651 -30.7921 0.22699
    endloop
  endfacet
  facet normal 0.705302 -0.0692206 -0.705519
    outer loop
      vertex 20.6889 -30.9429 0.365607
      vertex 20.5529 -30.9158 0.22699
      vertex 20.7037 -30.7921 0.365607
    endloop
  endfacet
  facet normal 0.586511 0.714656 0.381147
    outer loop
      vertex 19.1642 28.1687 3.29028
      vertex 19.0192 28.2877 3.29028
      vertex 19.1112 28.1156 3.4714
    endloop
  endfacet
  facet normal 0.586403 0.714695 0.381239
    outer loop
      vertex 19.0192 28.2877 3.29028
      vertex 18.9775 28.2253 3.4714
      vertex 19.1112 28.1156 3.4714
    endloop
  endfacet
  facet normal 0.815562 0.435858 0.380638
    outer loop
      vertex 20.2733 26.8172 3.29028
      vertex 20.211 26.7756 3.4714
      vertex 20.2925 26.6231 3.4714
    endloop
  endfacet
  facet normal 0.881899 0.471439 0
    outer loop
      vertex 20.3971 26.6664 3.09802
      vertex 20.3051 26.8385 0.901983
      vertex 20.3051 26.8385 3.09802
    endloop
  endfacet
  facet normal 0.881899 0.471439 0
    outer loop
      vertex 20.3051 26.8385 0.901983
      vertex 20.3971 26.6664 3.09802
      vertex 20.3971 26.6664 0.901983
    endloop
  endfacet
  facet normal 0.85774 0.514084 0
    outer loop
      vertex 20.3051 26.8385 3.09802
      vertex 20.1033 27.1752 0.901983
      vertex 20.1033 27.1752 3.09802
    endloop
  endfacet
  facet normal 0.85774 0.514084 0
    outer loop
      vertex 20.1033 27.1752 0.901983
      vertex 20.3051 26.8385 3.09802
      vertex 20.3051 26.8385 0.901983
    endloop
  endfacet
  facet normal -0.243728 0.296966 0.923259
    outer loop
      vertex -18.7495 27.884 3.88192
      vertex -18.8209 27.8254 3.88192
      vertex -18.6928 27.6973 3.95694
    endloop
  endfacet
  facet normal 0.307631 0.228113 0.923757
    outer loop
      vertex 19.434 27.1995 3.88192
      vertex 19.5172 26.7835 3.95694
      vertex 19.6678 26.8842 3.88192
    endloop
  endfacet
  facet normal 0.307631 0.228113 0.923757
    outer loop
      vertex 19.5172 26.7835 3.95694
      vertex 19.434 27.1995 3.88192
      vertex 19.2834 27.0988 3.95694
    endloop
  endfacet
  facet normal 0.195264 0.0184018 0.980578
    outer loop
      vertex 20.2154 24.8487 3.95694
      vertex 20.0269 24.8112 3.99518
      vertex 20.0287 24.7921 3.99518
    endloop
  endfacet
  facet normal 0.639553 0.302567 0.7067
    outer loop
      vertex 20.1918 26.5814 3.63439
      vertex 20.2316 26.1735 3.77301
      vertex 20.3597 26.2265 3.63439
    endloop
  endfacet
  facet normal 0.639828 0.302516 0.706473
    outer loop
      vertex 20.2316 26.1735 3.77301
      vertex 20.1918 26.5814 3.63439
      vertex 20.0638 26.5284 3.77301
    endloop
  endfacet
  facet normal 0.328507 0.196889 0.923752
    outer loop
      vertex 19.5172 26.7835 3.95694
      vertex 19.8696 26.5475 3.88192
      vertex 19.6678 26.8842 3.88192
    endloop
  endfacet
  facet normal 0.328559 0.196979 0.923714
    outer loop
      vertex 19.8696 26.5475 3.88192
      vertex 19.5172 26.7835 3.95694
      vertex 19.719 26.4469 3.95694
    endloop
  endfacet
  facet normal 0.331245 0.446522 0.831201
    outer loop
      vertex 18.4342 28.1178 3.88192
      vertex 18.84 28.0195 3.77301
      vertex 18.5247 28.2534 3.77301
    endloop
  endfacet
  facet normal 0.331264 0.446739 0.831077
    outer loop
      vertex 18.84 28.0195 3.77301
      vertex 18.4342 28.1178 3.88192
      vertex 18.7495 27.884 3.88192
    endloop
  endfacet
  facet normal 0.0925628 0.172738 0.980609
    outer loop
      vertex 17.9467 28.1959 3.95694
      vertex 17.89 28.0092 3.99518
      vertex 17.9969 28.169 3.95694
    endloop
  endfacet
  facet normal 0.0920721 -0.172891 0.980628
    outer loop
      vertex 17.89 -34.0092 3.99518
      vertex 17.8731 -34.0182 3.99518
      vertex 17.9467 -34.1959 3.95694
    endloop
  endfacet
  facet normal 0.111452 0.367624 0.923272
    outer loop
      vertex 17.2915 28.6633 3.88192
      vertex 17.2031 28.6901 3.88192
      vertex 17.2222 28.4959 3.95694
    endloop
  endfacet
  facet normal -0 0.707158 0.707056
    outer loop
      vertex -15.95 29.173 3.63439
      vertex 15.95 29.0344 3.77301
      vertex 15.95 29.173 3.63439
    endloop
  endfacet
  facet normal 0 0.707158 0.707056
    outer loop
      vertex 15.95 29.0344 3.77301
      vertex -15.95 29.173 3.63439
      vertex -15.95 29.0344 3.77301
    endloop
  endfacet
  facet normal -0.135584 0.914016 0.382349
    outer loop
      vertex -16.5287 29.3193 3.29028
      vertex -16.9024 29.1881 3.4714
      vertex -16.5141 29.2457 3.4714
    endloop
  endfacet
  facet normal -0.135584 0.914016 0.382349
    outer loop
      vertex -16.9024 29.1881 3.4714
      vertex -16.5287 29.3193 3.29028
      vertex -16.917 29.2617 3.29028
    endloop
  endfacet
  facet normal 0.394984 0.835398 0.382228
    outer loop
      vertex 17.8469 28.9796 3.29028
      vertex 18.1731 28.7425 3.4714
      vertex 18.2018 28.8118 3.29028
    endloop
  endfacet
  facet normal 0.394984 0.835398 0.382228
    outer loop
      vertex 18.1731 28.7425 3.4714
      vertex 17.8469 28.9796 3.29028
      vertex 17.8182 28.9103 3.4714
    endloop
  endfacet
  facet normal 0.0960662 0.976254 0.194164
    outer loop
      vertex 16.5362 29.3568 3.09802
      vertex 16.3421 29.3759 3.09802
      vertex 16.5287 29.3193 3.29028
    endloop
  endfacet
  facet normal 0.202138 0.806856 -0.555089
    outer loop
      vertex 17.2619 28.9859 0.365607
      vertex 16.9024 29.1881 0.528604
      vertex 17.2832 29.0927 0.528604
    endloop
  endfacet
  facet normal 0.202202 0.8069 -0.555002
    outer loop
      vertex 16.9024 29.1881 0.528604
      vertex 17.2619 28.9859 0.365607
      vertex 16.8812 29.0813 0.365607
    endloop
  endfacet
  facet normal 0.584192 0.787835 0.19503
    outer loop
      vertex 18.7252 28.5533 3.09802
      vertex 19.0192 28.2877 3.29028
      vertex 19.0405 28.3195 3.09802
    endloop
  endfacet
  facet normal 0.584192 0.787835 0.19503
    outer loop
      vertex 19.0192 28.2877 3.29028
      vertex 18.7252 28.5533 3.09802
      vertex 18.7039 28.5215 3.29028
    endloop
  endfacet
  facet normal 0.742199 0.550352 -0.382431
    outer loop
      vertex 20.0715 27.1539 0.709716
      vertex 19.7753 27.4275 0.528604
      vertex 19.8377 27.4692 0.709716
    endloop
  endfacet
  facet normal 0.742203 0.550591 -0.382078
    outer loop
      vertex 19.7753 27.4275 0.528604
      vertex 20.0715 27.1539 0.709716
      vertex 20.0092 27.1122 0.528604
    endloop
  endfacet
  facet normal 0.205878 0.678461 0.705198
    outer loop
      vertex 17.4069 28.9419 3.63439
      vertex 17.2619 28.9859 3.63439
      vertex 17.3539 28.8139 3.77301
    endloop
  endfacet
  facet normal 0.0960663 0.976255 -0.194157
    outer loop
      vertex 16.5287 29.3193 0.709716
      vertex 16.3421 29.3759 0.901983
      vertex 16.5362 29.3568 0.901983
    endloop
  endfacet
  facet normal 0.096267 0.976273 -0.193968
    outer loop
      vertex 16.5287 29.3193 0.709716
      vertex 16.3421 29.3377 0.709716
      vertex 16.3421 29.3759 0.901983
    endloop
  endfacet
  facet normal 0.0451952 0.92297 -0.38221
    outer loop
      vertex 16.3421 29.2627 0.528604
      vertex 15.95 29.3569 0.709716
      vertex 16.3421 29.3377 0.709716
    endloop
  endfacet
  facet normal 0.0451952 0.92297 -0.38221
    outer loop
      vertex 15.95 29.3569 0.709716
      vertex 16.3421 29.2627 0.528604
      vertex 15.95 29.2819 0.528604
    endloop
  endfacet
  facet normal 0 0.382704 -0.923871
    outer loop
      vertex -15.95 28.6903 0.0430603
      vertex 15.95 28.8714 0.118079
      vertex 15.95 28.6903 0.0430603
    endloop
  endfacet
  facet normal 0 0.382704 -0.923871
    outer loop
      vertex 15.95 28.8714 0.118079
      vertex -15.95 28.6903 0.0430603
      vertex -15.95 28.8714 0.118079
    endloop
  endfacet
  facet normal -0.0561934 0.378818 -0.923764
    outer loop
      vertex -16.787 28.6078 0.0430603
      vertex -16.434 28.8431 0.118079
      vertex -16.3987 28.6654 0.0430603
    endloop
  endfacet
  facet normal -0.0561934 0.378818 -0.923764
    outer loop
      vertex -16.434 28.8431 0.118079
      vertex -16.787 28.6078 0.0430603
      vertex -16.8223 28.7855 0.118079
    endloop
  endfacet
  facet normal -0.504215 0.841274 -0.195001
    outer loop
      vertex -18.7039 28.5215 0.709716
      vertex -18.3885 28.7551 0.901983
      vertex -18.3672 28.7233 0.709716
    endloop
  endfacet
  facet normal -0.504215 0.841274 -0.195001
    outer loop
      vertex -18.3885 28.7551 0.901983
      vertex -18.7039 28.5215 0.709716
      vertex -18.7252 28.5533 0.901983
    endloop
  endfacet
  facet normal 0.666332 -0.238517 0.706478
    outer loop
      vertex 20.2316 -32.1735 3.77301
      vertex 20.4919 -31.8569 3.63439
      vertex 20.3639 -31.8039 3.77301
    endloop
  endfacet
  facet normal 0.666167 -0.238277 0.706714
    outer loop
      vertex 20.4919 -31.8569 3.63439
      vertex 20.2316 -32.1735 3.77301
      vertex 20.3597 -32.2265 3.63439
    endloop
  endfacet
  facet normal 0.678451 -0.205816 0.705226
    outer loop
      vertex 20.4 -31.6849 3.77301
      vertex 20.3639 -31.8039 3.77301
      vertex 20.5359 -31.7119 3.63439
    endloop
  endfacet
  facet normal 0.53334 -0.161795 0.830283
    outer loop
      vertex 20.4 -31.6849 3.77301
      vertex 20.2401 -31.6531 3.88192
      vertex 20.3639 -31.8039 3.77301
    endloop
  endfacet
  facet normal 0.539534 -0.135025 0.831066
    outer loop
      vertex 20.3355 -31.2723 3.88192
      vertex 20.4 -31.6849 3.77301
      vertex 20.4953 -31.3041 3.77301
    endloop
  endfacet
  facet normal 0.539284 -0.135104 0.831216
    outer loop
      vertex 20.4 -31.6849 3.77301
      vertex 20.3355 -31.2723 3.88192
      vertex 20.2401 -31.6531 3.88192
    endloop
  endfacet
  facet normal 0.886715 -0.419247 -0.194854
    outer loop
      vertex 20.5649 -32.3116 0.901983
      vertex 20.3618 -32.6518 0.709716
      vertex 20.5296 -32.2969 0.709716
    endloop
  endfacet
  facet normal 0.886707 -0.419362 -0.194643
    outer loop
      vertex 20.3618 -32.6518 0.709716
      vertex 20.5649 -32.3116 0.901983
      vertex 20.3971 -32.6664 0.901983
    endloop
  endfacet
  facet normal 0.815198 -0.436185 -0.381044
    outer loop
      vertex 20.3618 -32.6518 0.709716
      vertex 20.2733 -32.8172 0.709716
      vertex 20.2925 -32.6231 0.528604
    endloop
  endfacet
  facet normal 0.8069 -0.202202 -0.555002
    outer loop
      vertex 20.7381 -31.3524 0.528604
      vertex 20.5359 -31.7119 0.365607
      vertex 20.6313 -31.3312 0.365607
    endloop
  endfacet
  facet normal 0.806856 -0.202138 -0.555089
    outer loop
      vertex 20.5359 -31.7119 0.365607
      vertex 20.7381 -31.3524 0.528604
      vertex 20.6427 -31.7332 0.528604
    endloop
  endfacet
  facet normal 0.783215 -0.280144 -0.555062
    outer loop
      vertex 20.5925 -31.8986 0.528604
      vertex 20.3597 -32.2265 0.365607
      vertex 20.4919 -31.8569 0.365607
    endloop
  endfacet
  facet normal 0.783215 -0.280144 -0.555062
    outer loop
      vertex 20.3597 -32.2265 0.365607
      vertex 20.5925 -31.8986 0.528604
      vertex 20.4603 -32.2682 0.528604
    endloop
  endfacet
  facet normal 0.920051 -0.0904004 -0.381226
    outer loop
      vertex 20.8693 -30.9788 0.709716
      vertex 20.7957 -30.9641 0.528604
      vertex 20.8126 -30.7921 0.528604
    endloop
  endfacet
  facet normal 0.970023 -0.243015 0
    outer loop
      vertex 20.7538 -31.7553 3.09802
      vertex 20.8492 -31.3745 0.901983
      vertex 20.8492 -31.3745 3.09802
    endloop
  endfacet
  facet normal 0.970023 -0.243015 0
    outer loop
      vertex 20.8492 -31.3745 0.901983
      vertex 20.7538 -31.7553 3.09802
      vertex 20.7538 -31.7553 0.901983
    endloop
  endfacet
  facet normal 0.896325 -0.224552 0.382332
    outer loop
      vertex 20.6427 -31.7332 3.4714
      vertex 20.8117 -31.367 3.29028
      vertex 20.7381 -31.3524 3.4714
    endloop
  endfacet
  facet normal 0.896325 -0.224552 0.382332
    outer loop
      vertex 20.8117 -31.367 3.29028
      vertex 20.6427 -31.7332 3.4714
      vertex 20.7163 -31.7478 3.29028
    endloop
  endfacet
  facet normal 0.976277 -0.0962158 0.193976
    outer loop
      vertex 20.8877 -30.7921 3.29028
      vertex 20.8693 -30.9788 3.29028
      vertex 20.9259 -30.7921 3.09802
    endloop
  endfacet
  facet normal 0.787835 -0.584192 0.19503
    outer loop
      vertex 19.8377 -33.4692 3.29028
      vertex 20.1033 -33.1752 3.09802
      vertex 20.0715 -33.1539 3.29028
    endloop
  endfacet
  facet normal 0.787835 -0.584192 0.19503
    outer loop
      vertex 20.1033 -33.1752 3.09802
      vertex 19.8377 -33.4692 3.29028
      vertex 19.8695 -33.4905 3.09802
    endloop
  endfacet
  facet normal 0.792694 -0.475239 0.381817
    outer loop
      vertex 20.0092 -33.1122 3.4714
      vertex 20.2733 -32.8172 3.29028
      vertex 20.211 -32.7756 3.4714
    endloop
  endfacet
  facet normal 0.792677 -0.475088 0.382039
    outer loop
      vertex 20.2733 -32.8172 3.29028
      vertex 20.0092 -33.1122 3.4714
      vertex 20.0715 -33.1539 3.29028
    endloop
  endfacet
  facet normal 0.734228 0.392391 0.554021
    outer loop
      vertex 20.211 26.7756 3.4714
      vertex 20.1204 26.715 3.63439
      vertex 20.2925 26.6231 3.4714
    endloop
  endfacet
  facet normal 0.6252 0.334277 0.705254
    outer loop
      vertex 20.1204 26.715 3.63439
      vertex 20.0052 26.638 3.77301
      vertex 20.0638 26.5284 3.77301
    endloop
  endfacet
  facet normal 0.156921 -0.11636 0.980732
    outer loop
      vertex 19.3574 -32.6767 3.99518
      vertex 19.2834 -33.0988 3.95694
      vertex 19.5172 -32.7835 3.95694
    endloop
  endfacet
  facet normal 0.156836 -0.116346 0.980748
    outer loop
      vertex 19.2834 -33.0988 3.95694
      vertex 19.3574 -32.6767 3.99518
      vertex 19.1235 -32.992 3.99518
    endloop
  endfacet
  facet normal 0.783205 -0.28014 0.555078
    outer loop
      vertex 20.3597 -32.2265 3.63439
      vertex 20.5925 -31.8986 3.4714
      vertex 20.4919 -31.8569 3.63439
    endloop
  endfacet
  facet normal 0.783205 -0.28014 0.555078
    outer loop
      vertex 20.5925 -31.8986 3.4714
      vertex 20.3597 -32.2265 3.63439
      vertex 20.4603 -32.2682 3.4714
    endloop
  endfacet
  facet normal 0.606921 -0.363936 0.706539
    outer loop
      vertex 19.8033 -32.9747 3.77301
      vertex 20.1204 -32.715 3.63439
      vertex 20.0052 -32.638 3.77301
    endloop
  endfacet
  facet normal 0.606816 -0.363693 0.706754
    outer loop
      vertex 20.1204 -32.715 3.63439
      vertex 19.8033 -32.9747 3.77301
      vertex 19.9186 -33.0517 3.63439
    endloop
  endfacet
  facet normal 0.625321 -0.334191 0.705188
    outer loop
      vertex 20.1918 -32.5814 3.63439
      vertex 20.0638 -32.5284 3.77301
      vertex 20.1204 -32.715 3.63439
    endloop
  endfacet
  facet normal -0.338776 0.181535 0.923188
    outer loop
      vertex -19.719 26.4469 3.95694
      vertex -19.9132 26.466 3.88192
      vertex -19.7459 26.3967 3.95694
    endloop
  endfacet
  facet normal 0.338776 -0.181535 0.923188
    outer loop
      vertex 19.7459 -32.3967 3.95694
      vertex 19.719 -32.4469 3.95694
      vertex 19.9132 -32.466 3.88192
    endloop
  endfacet
  facet normal 0.172738 -0.0925628 0.980609
    outer loop
      vertex 19.7459 -32.3967 3.95694
      vertex 19.5592 -32.34 3.99518
      vertex 19.719 -32.4469 3.95694
    endloop
  endfacet
  facet normal 0.55494 -0.0543467 0.830113
    outer loop
      vertex 20.4021 -30.7921 3.88192
      vertex 20.3931 -30.884 3.88192
      vertex 20.5529 -30.9158 3.77301
    endloop
  endfacet
  facet normal -0.131162 -0.144696 0.980744
    outer loop
      vertex -18.8477 -33.2977 3.99518
      vertex -18.6928 -33.6973 3.95694
      vertex -18.5569 -33.5613 3.99518
    endloop
  endfacet
  facet normal -0.131094 -0.144671 0.980757
    outer loop
      vertex -18.6928 -33.6973 3.95694
      vertex -18.8477 -33.2977 3.99518
      vertex -18.9837 -33.4337 3.95694
    endloop
  endfacet
  facet normal 0.367657 0.112189 0.923169
    outer loop
      vertex 20.2401 25.6531 3.88192
      vertex 20.0459 25.6722 3.95694
      vertex 20.0625 25.6178 3.95694
    endloop
  endfacet
  facet normal -0.195028 -0.0095997 0.980751
    outer loop
      vertex -20.048 -30.4 3.99518
      vertex -20.221 -30.7921 3.95694
      vertex -20.0287 -30.7921 3.99518
    endloop
  endfacet
  facet normal -0.195028 -0.0095997 0.980751
    outer loop
      vertex -20.221 -30.7921 3.95694
      vertex -20.048 -30.4 3.99518
      vertex -20.2403 -30.4 3.95694
    endloop
  endfacet
  facet normal 0.0834883 -0.176474 0.980758
    outer loop
      vertex 17.5182 -34.1861 3.99518
      vertex 17.9467 -34.1959 3.95694
      vertex 17.8731 -34.0182 3.99518
    endloop
  endfacet
  facet normal 0.0834846 -0.176571 0.980741
    outer loop
      vertex 17.9467 -34.1959 3.95694
      vertex 17.5182 -34.1861 3.99518
      vertex 17.5918 -34.3637 3.95694
    endloop
  endfacet
  facet normal -0.539284 -0.135104 0.831216
    outer loop
      vertex -20.3355 -31.2723 3.88192
      vertex -20.4 -31.6849 3.77301
      vertex -20.2401 -31.6531 3.88192
    endloop
  endfacet
  facet normal -0.539534 -0.135025 0.831066
    outer loop
      vertex -20.4 -31.6849 3.77301
      vertex -20.3355 -31.2723 3.88192
      vertex -20.4953 -31.3041 3.77301
    endloop
  endfacet
  facet normal -0.815203 -0.436188 0.38103
    outer loop
      vertex -20.2925 -32.6231 3.4714
      vertex -20.3618 -32.6518 3.29028
      vertex -20.2733 -32.8172 3.29028
    endloop
  endfacet
  facet normal -0.338818 -0.181257 0.923227
    outer loop
      vertex -19.719 -32.4469 3.95694
      vertex -19.9132 -32.466 3.88192
      vertex -19.8696 -32.5475 3.88192
    endloop
  endfacet
  facet normal 0.382641 0.0188344 0.923705
    outer loop
      vertex 20.4021 24.7921 3.88192
      vertex 20.2403 24.4 3.95694
      vertex 20.4214 24.4 3.88192
    endloop
  endfacet
  facet normal 0.382641 0.0188344 0.923705
    outer loop
      vertex 20.2403 24.4 3.95694
      vertex 20.4021 24.7921 3.88192
      vertex 20.221 24.7921 3.95694
    endloop
  endfacet
  facet normal 0.0907289 -0.920109 0.381008
    outer loop
      vertex 16.3421 -35.2627 3.4714
      vertex 16.3421 -35.3377 3.29028
      vertex 16.5287 -35.3193 3.29028
    endloop
  endfacet
  facet normal 0.0909317 -0.920015 0.381188
    outer loop
      vertex 16.5141 -35.2457 3.4714
      vertex 16.3421 -35.2627 3.4714
      vertex 16.5287 -35.3193 3.29028
    endloop
  endfacet
  facet normal 0.237648 -0.502631 0.831195
    outer loop
      vertex 17.6611 -34.531 3.88192
      vertex 18.0784 -34.5138 3.77301
      vertex 18.016 -34.3632 3.88192
    endloop
  endfacet
  facet normal 0.237648 -0.502631 0.831195
    outer loop
      vertex 18.0784 -34.5138 3.77301
      vertex 17.6611 -34.531 3.88192
      vertex 17.7235 -34.6816 3.77301
    endloop
  endfacet
  facet normal -0.128977 0.360589 0.923764
    outer loop
      vertex -17.2915 28.6633 3.88192
      vertex -17.5918 28.3637 3.95694
      vertex -17.2222 28.4959 3.95694
    endloop
  endfacet
  facet normal -0.12912 0.360715 0.923695
    outer loop
      vertex -17.5918 28.3637 3.95694
      vertex -17.2915 28.6633 3.88192
      vertex -17.6611 28.531 3.88192
    endloop
  endfacet
  facet normal 0.307631 -0.228113 0.923757
    outer loop
      vertex 19.5172 -32.7835 3.95694
      vertex 19.434 -33.1995 3.88192
      vertex 19.6678 -32.8842 3.88192
    endloop
  endfacet
  facet normal 0.307631 -0.228113 0.923757
    outer loop
      vertex 19.434 -33.1995 3.88192
      vertex 19.5172 -32.7835 3.95694
      vertex 19.2834 -33.0988 3.95694
    endloop
  endfacet
  facet normal -0.019303 0.195098 0.980594
    outer loop
      vertex -16.3421 28.671 3.95694
      vertex -16.3987 28.6654 3.95694
      vertex -16.3421 28.4788 3.99518
    endloop
  endfacet
  facet normal 0.363806 -0.607004 0.706535
    outer loop
      vertex 18.5247 -34.2534 3.77301
      vertex 18.265 -34.5704 3.63439
      vertex 18.6017 -34.3686 3.63439
    endloop
  endfacet
  facet normal 0.363806 -0.607004 0.706535
    outer loop
      vertex 18.265 -34.5704 3.63439
      vertex 18.5247 -34.2534 3.77301
      vertex 18.188 -34.4552 3.77301
    endloop
  endfacet
  facet normal 0.392391 -0.734228 0.554021
    outer loop
      vertex 18.265 -34.5704 3.63439
      vertex 18.1731 -34.7425 3.4714
      vertex 18.3256 -34.661 3.4714
    endloop
  endfacet
  facet normal 0.262807 -0.49153 0.830259
    outer loop
      vertex 18.188 -34.4552 3.77301
      vertex 18.016 -34.3632 3.88192
      vertex 18.0784 -34.5138 3.77301
    endloop
  endfacet
  facet normal 0.187375 -0.523459 0.831192
    outer loop
      vertex 17.6611 -34.531 3.88192
      vertex 17.3539 -34.8139 3.77301
      vertex 17.7235 -34.6816 3.77301
    endloop
  endfacet
  facet normal 0.187375 -0.523459 0.831192
    outer loop
      vertex 17.3539 -34.8139 3.77301
      vertex 17.6611 -34.531 3.88192
      vertex 17.2915 -34.6633 3.88192
    endloop
  endfacet
  facet normal -0.75819 -0.62244 -0.194205
    outer loop
      vertex -19.7457 -33.6413 0.901983
      vertex -19.8695 -33.4905 0.901983
      vertex -19.7187 -33.6142 0.709716
    endloop
  endfacet
  facet normal -0.726813 -0.658604 -0.194896
    outer loop
      vertex -19.4551 -33.9051 0.709716
      vertex -19.7457 -33.6413 0.901983
      vertex -19.7187 -33.6142 0.709716
    endloop
  endfacet
  facet normal -0.726748 -0.658772 -0.194568
    outer loop
      vertex -19.7457 -33.6413 0.901983
      vertex -19.4551 -33.9051 0.709716
      vertex -19.4821 -33.9321 0.901983
    endloop
  endfacet
  facet normal -0.815557 -0.435855 -0.380653
    outer loop
      vertex -20.2733 -32.8172 0.709716
      vertex -20.2925 -32.6231 0.528604
      vertex -20.211 -32.7756 0.528604
    endloop
  endfacet
  facet normal -0.71469 -0.586399 -0.381253
    outer loop
      vertex -19.6656 -33.5612 0.528604
      vertex -19.8377 -33.4692 0.709716
      vertex -19.7753 -33.4275 0.528604
    endloop
  endfacet
  facet normal 0 -0.831485 0.555548
    outer loop
      vertex -15.95 -35.2819 3.4714
      vertex 15.95 -35.173 3.63439
      vertex -15.95 -35.173 3.63439
    endloop
  endfacet
  facet normal 0 -0.831485 0.555548
    outer loop
      vertex 15.95 -35.173 3.63439
      vertex -15.95 -35.2819 3.4714
      vertex 15.95 -35.2819 3.4714
    endloop
  endfacet
  facet normal -0.0960662 -0.976254 0.194164
    outer loop
      vertex -16.5287 -35.3193 3.29028
      vertex -16.5362 -35.3568 3.09802
      vertex -16.3421 -35.3759 3.09802
    endloop
  endfacet
  facet normal -0.0907289 -0.920109 0.381008
    outer loop
      vertex -16.3421 -35.2627 3.4714
      vertex -16.5287 -35.3193 3.29028
      vertex -16.3421 -35.3377 3.29028
    endloop
  endfacet
  facet normal 0.0188344 -0.382641 0.923705
    outer loop
      vertex 15.95 -34.6903 3.95694
      vertex 16.3421 -34.8521 3.88192
      vertex 16.3421 -34.671 3.95694
    endloop
  endfacet
  facet normal 0.0188344 -0.382641 0.923705
    outer loop
      vertex 16.3421 -34.8521 3.88192
      vertex 15.95 -34.6903 3.95694
      vertex 15.95 -34.8714 3.88192
    endloop
  endfacet
  facet normal -0.241838 -0.796812 0.553719
    outer loop
      vertex -17.2619 -34.9859 3.63439
      vertex -17.4486 -35.0425 3.4714
      vertex -17.2832 -35.0927 3.4714
    endloop
  endfacet
  facet normal -0.622439 -0.758189 0.194212
    outer loop
      vertex -19.1642 -34.1687 3.29028
      vertex -19.1913 -34.1957 3.09802
      vertex -19.0405 -34.3195 3.09802
    endloop
  endfacet
  facet normal -0.475088 -0.792677 0.382039
    outer loop
      vertex -18.3672 -34.7233 3.29028
      vertex -18.6622 -34.4592 3.4714
      vertex -18.7039 -34.5215 3.29028
    endloop
  endfacet
  facet normal -0.475239 -0.792694 0.381817
    outer loop
      vertex -18.6622 -34.4592 3.4714
      vertex -18.3672 -34.7233 3.29028
      vertex -18.3256 -34.661 3.4714
    endloop
  endfacet
  facet normal -0.394984 -0.835398 0.382228
    outer loop
      vertex -17.8469 -34.9796 3.29028
      vertex -18.1731 -34.7425 3.4714
      vertex -18.2018 -34.8118 3.29028
    endloop
  endfacet
  facet normal -0.394984 -0.835398 0.382228
    outer loop
      vertex -18.1731 -34.7425 3.4714
      vertex -17.8469 -34.9796 3.29028
      vertex -17.8182 -34.9103 3.4714
    endloop
  endfacet
  facet normal -0.734227 -0.392394 0.554019
    outer loop
      vertex -20.1918 -32.5814 3.63439
      vertex -20.2925 -32.6231 3.4714
      vertex -20.1204 -32.715 3.63439
    endloop
  endfacet
  facet normal -0.491417 -0.262893 0.830299
    outer loop
      vertex -19.9132 -32.466 3.88192
      vertex -20.0052 -32.638 3.77301
      vertex -19.8696 -32.5475 3.88192
    endloop
  endfacet
  facet normal -0.547806 -0.44965 0.705495
    outer loop
      vertex -19.4906 -33.3861 3.77301
      vertex -19.6848 -33.367 3.63439
      vertex -19.5886 -33.4842 3.63439
    endloop
  endfacet
  facet normal -0.586511 -0.714656 0.381147
    outer loop
      vertex -19.1112 -34.1156 3.4714
      vertex -19.1642 -34.1687 3.29028
      vertex -19.0192 -34.2877 3.29028
    endloop
  endfacet
  facet normal -0.671607 -0.740908 0
    outer loop
      vertex -19.4821 -33.9321 0.901983
      vertex -19.1913 -34.1957 3.09802
      vertex -19.4821 -33.9321 3.09802
    endloop
  endfacet
  facet normal -0.671607 -0.740908 -0
    outer loop
      vertex -19.1913 -34.1957 3.09802
      vertex -19.4821 -33.9321 0.901983
      vertex -19.1913 -34.1957 0.901983
    endloop
  endfacet
  facet normal -0.28014 -0.783205 0.555078
    outer loop
      vertex -17.4486 -35.0425 3.4714
      vertex -17.7765 -34.8097 3.63439
      vertex -17.8182 -34.9103 3.4714
    endloop
  endfacet
  facet normal -0.28014 -0.783205 0.555078
    outer loop
      vertex -17.7765 -34.8097 3.63439
      vertex -17.4486 -35.0425 3.4714
      vertex -17.4069 -34.9419 3.63439
    endloop
  endfacet
  facet normal -0.302516 -0.639828 0.706473
    outer loop
      vertex -18.1314 -34.6418 3.63439
      vertex -17.7235 -34.6816 3.77301
      vertex -18.0784 -34.5138 3.77301
    endloop
  endfacet
  facet normal -0.302567 -0.639553 0.7067
    outer loop
      vertex -17.7235 -34.6816 3.77301
      vertex -18.1314 -34.6418 3.63439
      vertex -17.7765 -34.8097 3.63439
    endloop
  endfacet
  facet normal -0.938771 0.284598 -0.194201
    outer loop
      vertex -20.7163 25.7478 0.709716
      vertex -20.7538 25.7553 0.901983
      vertex -20.6972 25.942 0.901983
    endloop
  endfacet
  facet normal -0.976278 0.0962159 -0.193969
    outer loop
      vertex -20.8877 24.7921 0.709716
      vertex -20.9259 24.7921 0.901983
      vertex -20.8693 24.9788 0.709716
    endloop
  endfacet
  facet normal -0.920057 -0.090401 0.381212
    outer loop
      vertex -20.8126 -30.7921 3.4714
      vertex -20.8693 -30.9788 3.29028
      vertex -20.7957 -30.9641 3.4714
    endloop
  endfacet
  facet normal -0.976263 0.0960671 0.194116
    outer loop
      vertex -20.9068 24.9862 3.09802
      vertex -20.9259 24.7921 3.09802
      vertex -20.8693 24.9788 3.29028
    endloop
  endfacet
  facet normal -0.705302 0.0692206 -0.705519
    outer loop
      vertex -20.5529 24.9158 0.22699
      vertex -20.7037 24.7921 0.365607
      vertex -20.6889 24.9429 0.365607
    endloop
  endfacet
  facet normal -0.533416 -0.161714 -0.830251
    outer loop
      vertex -20.2133 -31.7415 0.118079
      vertex -20.3639 -31.8039 0.22699
      vertex -20.2401 -31.6531 0.118079
    endloop
  endfacet
  facet normal -0.367619 -0.11145 -0.923274
    outer loop
      vertex -20.2133 -31.7415 0.118079
      vertex -20.2401 -31.6531 0.118079
      vertex -20.0459 -31.6722 0.0430603
    endloop
  endfacet
  facet normal 0.262895 -0.49142 -0.830297
    outer loop
      vertex 18.188 -34.4552 0.22699
      vertex 18.016 -34.3632 0.118079
      vertex 18.0975 -34.3196 0.118079
    endloop
  endfacet
  facet normal -0.189413 -0.0474652 -0.98075
    outer loop
      vertex -20.0625 -31.6178 0.0430603
      vertex -19.9693 -31.1995 0.00481606
      vertex -19.8739 -31.5802 0.00481606
    endloop
  endfacet
  facet normal -0.18954 -0.0474348 -0.980726
    outer loop
      vertex -19.9693 -31.1995 0.00481606
      vertex -20.0625 -31.6178 0.0430603
      vertex -20.1578 -31.237 0.0430603
    endloop
  endfacet
  facet normal -0.547806 0.44965 0.705495
    outer loop
      vertex -19.5886 27.4842 3.63439
      vertex -19.6848 27.367 3.63439
      vertex -19.4906 27.3861 3.77301
    endloop
  endfacet
  facet normal -0.835398 0.394984 0.382228
    outer loop
      vertex -20.5296 26.2969 3.29028
      vertex -20.2925 26.6231 3.4714
      vertex -20.3618 26.6518 3.29028
    endloop
  endfacet
  facet normal -0.835398 0.394984 0.382228
    outer loop
      vertex -20.2925 26.6231 3.4714
      vertex -20.5296 26.2969 3.29028
      vertex -20.4603 26.2682 3.4714
    endloop
  endfacet
  facet normal -0.558647 0.616292 0.555066
    outer loop
      vertex -19.1112 28.1156 3.4714
      vertex -19.325 27.775 3.63439
      vertex -19.0342 28.0386 3.63439
    endloop
  endfacet
  facet normal -0.558647 0.616292 0.555066
    outer loop
      vertex -19.325 27.775 3.63439
      vertex -19.1112 28.1156 3.4714
      vertex -19.402 27.852 3.4714
    endloop
  endfacet
  facet normal -0.436188 0.815203 0.38103
    outer loop
      vertex -18.2018 28.8118 3.29028
      vertex -18.3672 28.7233 3.29028
      vertex -18.1731 28.7425 3.4714
    endloop
  endfacet
  facet normal -0.0909311 0.920009 -0.381202
    outer loop
      vertex -16.5141 29.2457 0.528604
      vertex -16.5287 29.3193 0.709716
      vertex -16.3421 29.2627 0.528604
    endloop
  endfacet
  facet normal -0.146733 0.989176 0
    outer loop
      vertex -16.5362 29.3568 0.901983
      vertex -16.9245 29.2992 3.09802
      vertex -16.5362 29.3568 3.09802
    endloop
  endfacet
  facet normal -0.146733 0.989176 0
    outer loop
      vertex -16.9245 29.2992 3.09802
      vertex -16.5362 29.3568 0.901983
      vertex -16.9245 29.2992 0.901983
    endloop
  endfacet
  facet normal -0.0930693 0.371497 0.923758
    outer loop
      vertex -17.2031 28.6901 3.88192
      vertex -16.787 28.6078 3.95694
      vertex -16.8223 28.7855 3.88192
    endloop
  endfacet
  facet normal -0.0930191 0.371686 0.923687
    outer loop
      vertex -16.787 28.6078 3.95694
      vertex -17.2031 28.6901 3.88192
      vertex -17.1678 28.5125 3.95694
    endloop
  endfacet
  facet normal -0.268106 0.884652 0.381457
    outer loop
      vertex -17.2978 29.1663 3.29028
      vertex -17.4773 29.1119 3.29028
      vertex -17.4486 29.0425 3.4714
    endloop
  endfacet
  facet normal -0.161795 0.53334 0.830283
    outer loop
      vertex -17.2349 28.85 3.77301
      vertex -17.3539 28.8139 3.77301
      vertex -17.2031 28.6901 3.88192
    endloop
  endfacet
  facet normal -0.44965 0.547806 0.705495
    outer loop
      vertex -18.917 28.1348 3.63439
      vertex -19.0342 28.0386 3.63439
      vertex -18.9361 27.9406 3.77301
    endloop
  endfacet
  facet normal -0.714695 0.586403 0.381239
    outer loop
      vertex -19.6656 27.5612 3.4714
      vertex -19.8377 27.4692 3.29028
      vertex -19.7753 27.4275 3.4714
    endloop
  endfacet
  facet normal 0.195001 0.0192934 0.980613
    outer loop
      vertex 20.2154 24.8487 3.95694
      vertex 20.0287 24.7921 3.99518
      vertex 20.221 24.7921 3.95694
    endloop
  endfacet
  facet normal -0.187492 0.0570628 0.980607
    outer loop
      vertex -19.8683 25.5986 3.99518
      vertex -20.0459 25.6722 3.95694
      vertex -19.8739 25.5802 3.99518
    endloop
  endfacet
  facet normal -0.37349 0.412171 0.831036
    outer loop
      vertex -18.9361 27.9406 3.77301
      vertex -19.1118 27.5618 3.88192
      vertex -18.8209 27.8254 3.88192
    endloop
  endfacet
  facet normal -0.37349 0.412171 0.831036
    outer loop
      vertex -19.1118 27.5618 3.88192
      vertex -18.9361 27.9406 3.77301
      vertex -19.227 27.677 3.77301
    endloop
  endfacet
  facet normal -0.243666 0.296989 0.923269
    outer loop
      vertex -18.6488 27.7334 3.95694
      vertex -18.7495 27.884 3.88192
      vertex -18.6928 27.6973 3.95694
    endloop
  endfacet
  facet normal 0.334273 -0.625193 -0.705262
    outer loop
      vertex 18.265 -34.5704 0.365607
      vertex 18.0784 -34.5138 0.22699
      vertex 18.188 -34.4552 0.22699
    endloop
  endfacet
  facet normal 0.421505 -0.568437 -0.70655
    outer loop
      vertex 18.5247 -34.2534 0.22699
      vertex 18.917 -34.1348 0.365607
      vertex 18.6017 -34.3686 0.365607
    endloop
  endfacet
  facet normal 0.421501 -0.568189 -0.706752
    outer loop
      vertex 18.917 -34.1348 0.365607
      vertex 18.5247 -34.2534 0.22699
      vertex 18.84 -34.0195 0.22699
    endloop
  endfacet
  facet normal 0.435855 -0.815557 -0.380653
    outer loop
      vertex 18.3672 -34.7233 0.709716
      vertex 18.1731 -34.7425 0.528604
      vertex 18.3256 -34.661 0.528604
    endloop
  endfacet
  facet normal 0.475236 -0.792688 -0.381832
    outer loop
      vertex 18.6622 -34.4592 0.528604
      vertex 18.3672 -34.7233 0.709716
      vertex 18.3256 -34.661 0.528604
    endloop
  endfacet
  facet normal 0.475085 -0.792672 -0.382054
    outer loop
      vertex 18.3672 -34.7233 0.709716
      vertex 18.6622 -34.4592 0.528604
      vertex 18.7039 -34.5215 0.709716
    endloop
  endfacet
  facet normal 0.504215 -0.841274 -0.195001
    outer loop
      vertex 18.7039 -34.5215 0.709716
      vertex 18.3885 -34.7551 0.901983
      vertex 18.3672 -34.7233 0.709716
    endloop
  endfacet
  facet normal 0.504215 -0.841274 -0.195001
    outer loop
      vertex 18.3885 -34.7551 0.901983
      vertex 18.7039 -34.5215 0.709716
      vertex 18.7252 -34.5533 0.901983
    endloop
  endfacet
  facet normal 0.0960662 -0.976254 0.194164
    outer loop
      vertex 16.5287 -35.3193 3.29028
      vertex 16.3421 -35.3759 3.09802
      vertex 16.5362 -35.3568 3.09802
    endloop
  endfacet
  facet normal 0.0979299 -0.995193 0
    outer loop
      vertex 16.3421 -35.3759 0.901983
      vertex 16.5362 -35.3568 3.09802
      vertex 16.3421 -35.3759 3.09802
    endloop
  endfacet
  facet normal 0.0979299 -0.995193 0
    outer loop
      vertex 16.5362 -35.3568 3.09802
      vertex 16.3421 -35.3759 0.901983
      vertex 16.5362 -35.3568 0.901983
    endloop
  endfacet
  facet normal 0.268106 -0.884652 0.381457
    outer loop
      vertex 17.4486 -35.0425 3.4714
      vertex 17.2978 -35.1663 3.29028
      vertex 17.4773 -35.1119 3.29028
    endloop
  endfacet
  facet normal 0.284598 -0.938771 -0.194201
    outer loop
      vertex 17.3053 -35.2038 0.901983
      vertex 17.2978 -35.1663 0.709716
      vertex 17.492 -35.1472 0.901983
    endloop
  endfacet
  facet normal 0.161796 -0.533344 -0.830281
    outer loop
      vertex 17.2349 -34.85 0.22699
      vertex 17.2031 -34.6901 0.118079
      vertex 17.3539 -34.8139 0.22699
    endloop
  endfacet
  facet normal -0.100416 0.167542 -0.980738
    outer loop
      vertex -18.2267 27.8074 0.00481606
      vertex -17.9969 28.169 0.0430603
      vertex -17.89 28.0092 0.00481606
    endloop
  endfacet
  facet normal -0.100463 0.167571 -0.980728
    outer loop
      vertex -17.9969 28.169 0.0430603
      vertex -18.2267 27.8074 0.00481606
      vertex -18.3335 27.9672 0.0430603
    endloop
  endfacet
  facet normal 0.0909311 -0.920009 -0.381202
    outer loop
      vertex 16.5287 -35.3193 0.709716
      vertex 16.3421 -35.2627 0.528604
      vertex 16.5141 -35.2457 0.528604
    endloop
  endfacet
  facet normal 0.0695742 -0.705437 -0.70535
    outer loop
      vertex 16.4658 -35.0029 0.22699
      vertex 16.3421 -35.1537 0.365607
      vertex 16.3421 -35.0151 0.22699
    endloop
  endfacet
  facet normal 0.205814 -0.678444 -0.705234
    outer loop
      vertex 17.2619 -34.9859 0.365607
      vertex 17.2349 -34.85 0.22699
      vertex 17.3539 -34.8139 0.22699
    endloop
  endfacet
  facet normal 0.238275 -0.66616 -0.706722
    outer loop
      vertex 17.4069 -34.9419 0.365607
      vertex 17.7235 -34.6816 0.22699
      vertex 17.7765 -34.8097 0.365607
    endloop
  endfacet
  facet normal 0.238514 -0.666325 -0.706485
    outer loop
      vertex 17.7235 -34.6816 0.22699
      vertex 17.4069 -34.9419 0.365607
      vertex 17.3539 -34.8139 0.22699
    endloop
  endfacet
  facet normal 0.0286699 -0.193273 -0.980726
    outer loop
      vertex 16.3987 -34.6654 0.0430603
      vertex 16.7495 -34.4193 0.00481606
      vertex 16.787 -34.6078 0.0430603
    endloop
  endfacet
  facet normal 0.0286699 -0.193273 -0.980726
    outer loop
      vertex 16.7495 -34.4193 0.00481606
      vertex 16.3987 -34.6654 0.0430603
      vertex 16.3612 -34.4769 0.00481606
    endloop
  endfacet
  facet normal -0.243725 -0.296961 -0.923262
    outer loop
      vertex -18.7495 -33.884 0.118079
      vertex -18.8209 -33.8254 0.118079
      vertex -18.6928 -33.6973 0.0430603
    endloop
  endfacet
  facet normal 0.243662 -0.296984 -0.923271
    outer loop
      vertex 18.7495 -33.884 0.118079
      vertex 18.6488 -33.7334 0.0430603
      vertex 18.6928 -33.6973 0.0430603
    endloop
  endfacet
  facet normal 0.331247 -0.446525 -0.831198
    outer loop
      vertex 18.4342 -34.1178 0.118079
      vertex 18.84 -34.0195 0.22699
      vertex 18.5247 -34.2534 0.22699
    endloop
  endfacet
  facet normal 0.331266 -0.446742 -0.831074
    outer loop
      vertex 18.84 -34.0195 0.22699
      vertex 18.4342 -34.1178 0.118079
      vertex 18.7495 -33.884 0.118079
    endloop
  endfacet
  facet normal 0.23765 -0.502634 -0.831193
    outer loop
      vertex 17.6611 -34.531 0.118079
      vertex 18.0784 -34.5138 0.22699
      vertex 17.7235 -34.6816 0.22699
    endloop
  endfacet
  facet normal 0.23765 -0.502634 -0.831193
    outer loop
      vertex 18.0784 -34.5138 0.22699
      vertex 17.6611 -34.531 0.118079
      vertex 18.016 -34.3632 0.118079
    endloop
  endfacet
  facet normal 0.0374528 -0.382435 -0.923223
    outer loop
      vertex 16.434 -34.8431 0.118079
      vertex 16.3421 -34.8521 0.118079
      vertex 16.3421 -34.671 0.0430603
    endloop
  endfacet
  facet normal 0.0474592 0.189439 -0.980745
    outer loop
      vertex 16.7495 28.4193 0.00481606
      vertex 17.1678 28.5125 0.0430603
      vertex 17.1303 28.3239 0.00481606
    endloop
  endfacet
  facet normal 0.0474348 0.18954 -0.980726
    outer loop
      vertex 17.1678 28.5125 0.0430603
      vertex 16.7495 28.4193 0.00481606
      vertex 16.787 28.6078 0.0430603
    endloop
  endfacet
  facet normal -0.187512 -0.0570689 -0.980603
    outer loop
      vertex -19.8683 -31.5986 0.00481606
      vertex -20.0459 -31.6722 0.0430603
      vertex -19.8739 -31.5802 0.00481606
    endloop
  endfacet
  facet normal -0.224551 -0.896319 -0.382346
    outer loop
      vertex -17.2832 -35.0927 0.528604
      vertex -16.917 -35.2617 0.709716
      vertex -17.2978 -35.1663 0.709716
    endloop
  endfacet
  facet normal -0.224551 -0.896319 -0.382346
    outer loop
      vertex -16.917 -35.2617 0.709716
      vertex -17.2832 -35.0927 0.528604
      vertex -16.9024 -35.1881 0.528604
    endloop
  endfacet
  facet normal 0 -0.831496 -0.555531
    outer loop
      vertex -15.95 -35.173 0.365607
      vertex 15.95 -35.2819 0.528604
      vertex -15.95 -35.2819 0.528604
    endloop
  endfacet
  facet normal 0 -0.831496 -0.555531
    outer loop
      vertex 15.95 -35.2819 0.528604
      vertex -15.95 -35.173 0.365607
      vertex 15.95 -35.173 0.365607
    endloop
  endfacet
  facet normal -0.096267 -0.976273 -0.193968
    outer loop
      vertex -16.3421 -35.3759 0.901983
      vertex -16.5287 -35.3193 0.709716
      vertex -16.3421 -35.3377 0.709716
    endloop
  endfacet
  facet normal -0.0818835 -0.828469 -0.554017
    outer loop
      vertex -16.3421 -35.2627 0.528604
      vertex -16.5141 -35.2457 0.528604
      vertex -16.3421 -35.1537 0.365607
    endloop
  endfacet
  facet normal -0.392399 -0.734237 -0.554002
    outer loop
      vertex -18.1731 -34.7425 0.528604
      vertex -18.265 -34.5704 0.365607
      vertex -18.1314 -34.6418 0.365607
    endloop
  endfacet
  facet normal -0.241841 -0.796823 -0.553703
    outer loop
      vertex -17.2832 -35.0927 0.528604
      vertex -17.4486 -35.0425 0.528604
      vertex -17.2619 -34.9859 0.365607
    endloop
  endfacet
  facet normal -0.135026 -0.539538 -0.831064
    outer loop
      vertex -17.2349 -34.85 0.22699
      vertex -16.8223 -34.7855 0.118079
      vertex -16.8541 -34.9453 0.22699
    endloop
  endfacet
  facet normal -0.135105 -0.539287 -0.831214
    outer loop
      vertex -16.8223 -34.7855 0.118079
      vertex -17.2349 -34.85 0.22699
      vertex -17.2031 -34.6901 0.118079
    endloop
  endfacet
  facet normal -0.268501 -0.884664 -0.381153
    outer loop
      vertex -17.2978 -35.1663 0.709716
      vertex -17.4486 -35.0425 0.528604
      vertex -17.2832 -35.0927 0.528604
    endloop
  endfacet
  facet normal -0.302564 -0.639546 -0.706708
    outer loop
      vertex -18.1314 -34.6418 0.365607
      vertex -17.7235 -34.6816 0.22699
      vertex -17.7765 -34.8097 0.365607
    endloop
  endfacet
  facet normal -0.302513 -0.639821 -0.706481
    outer loop
      vertex -17.7235 -34.6816 0.22699
      vertex -18.1314 -34.6418 0.365607
      vertex -18.0784 -34.5138 0.22699
    endloop
  endfacet
  facet normal -0.280144 -0.783215 -0.555062
    outer loop
      vertex -17.7765 -34.8097 0.365607
      vertex -17.4486 -35.0425 0.528604
      vertex -17.8182 -34.9103 0.528604
    endloop
  endfacet
  facet normal -0.280144 -0.783215 -0.555062
    outer loop
      vertex -17.4486 -35.0425 0.528604
      vertex -17.7765 -34.8097 0.365607
      vertex -17.4069 -34.9419 0.365607
    endloop
  endfacet
  facet normal -0.311422 -0.870003 -0.382244
    outer loop
      vertex -17.8182 -34.9103 0.528604
      vertex -17.4773 -35.1119 0.709716
      vertex -17.8469 -34.9796 0.709716
    endloop
  endfacet
  facet normal -0.311156 -0.86992 -0.382651
    outer loop
      vertex -17.4773 -35.1119 0.709716
      vertex -17.8182 -34.9103 0.528604
      vertex -17.4486 -35.0425 0.528604
    endloop
  endfacet
  facet normal -0.268106 -0.884652 0.381457
    outer loop
      vertex -17.4486 -35.0425 3.4714
      vertex -17.4773 -35.1119 3.29028
      vertex -17.2978 -35.1663 3.29028
    endloop
  endfacet
  facet normal -0.135583 -0.91401 -0.382364
    outer loop
      vertex -16.9024 -35.1881 0.528604
      vertex -16.5287 -35.3193 0.709716
      vertex -16.917 -35.2617 0.709716
    endloop
  endfacet
  facet normal -0.135583 -0.91401 -0.382364
    outer loop
      vertex -16.5287 -35.3193 0.709716
      vertex -16.9024 -35.1881 0.528604
      vertex -16.5141 -35.2457 0.528604
    endloop
  endfacet
  facet normal -0.143921 -0.970217 -0.194847
    outer loop
      vertex -16.917 -35.2617 0.709716
      vertex -16.5362 -35.3568 0.901983
      vertex -16.9245 -35.2992 0.901983
    endloop
  endfacet
  facet normal -0.143921 -0.970217 -0.194847
    outer loop
      vertex -16.5362 -35.3568 0.901983
      vertex -16.917 -35.2617 0.709716
      vertex -16.5287 -35.3193 0.709716
    endloop
  endfacet
  facet normal -0.462819 -0.864975 -0.193953
    outer loop
      vertex -18.2164 -34.8471 0.901983
      vertex -18.3672 -34.7233 0.709716
      vertex -18.2018 -34.8118 0.709716
    endloop
  endfacet
  facet normal -0.558654 -0.6163 -0.55505
    outer loop
      vertex -19.325 -33.775 0.365607
      vertex -19.1112 -34.1156 0.528604
      vertex -19.402 -33.852 0.528604
    endloop
  endfacet
  facet normal -0.558654 -0.6163 -0.55505
    outer loop
      vertex -19.1112 -34.1156 0.528604
      vertex -19.325 -33.775 0.365607
      vertex -19.0342 -34.0386 0.365607
    endloop
  endfacet
  facet normal -0.684619 -0.620583 -0.382328
    outer loop
      vertex -19.402 -33.852 0.528604
      vertex -19.7187 -33.6142 0.709716
      vertex -19.6656 -33.5612 0.528604
    endloop
  endfacet
  facet normal -0.684636 -0.620385 -0.382617
    outer loop
      vertex -19.7187 -33.6142 0.709716
      vertex -19.402 -33.852 0.528604
      vertex -19.4551 -33.9051 0.709716
    endloop
  endfacet
  facet normal -0.758266 -0.622301 -0.194354
    outer loop
      vertex -19.7187 -33.6142 0.709716
      vertex -19.8695 -33.4905 0.901983
      vertex -19.8377 -33.4692 0.709716
    endloop
  endfacet
  facet normal -0.412173 -0.373492 -0.831033
    outer loop
      vertex -19.4906 -33.3861 0.22699
      vertex -19.1118 -33.5618 0.118079
      vertex -19.227 -33.677 0.22699
    endloop
  endfacet
  facet normal -0.412173 -0.373492 -0.831033
    outer loop
      vertex -19.1118 -33.5618 0.118079
      vertex -19.4906 -33.3861 0.22699
      vertex -19.3754 -33.2709 0.118079
    endloop
  endfacet
  facet normal -0.547779 -0.449738 -0.70546
    outer loop
      vertex -19.4906 -33.3861 0.22699
      vertex -19.6848 -33.367 0.365607
      vertex -19.5695 -33.29 0.22699
    endloop
  endfacet
  facet normal -0.550352 -0.742199 -0.382431
    outer loop
      vertex -18.9775 -34.2253 0.528604
      vertex -18.7039 -34.5215 0.709716
      vertex -19.0192 -34.2877 0.709716
    endloop
  endfacet
  facet normal -0.550591 -0.742203 -0.382078
    outer loop
      vertex -18.7039 -34.5215 0.709716
      vertex -18.9775 -34.2253 0.528604
      vertex -18.6622 -34.4592 0.528604
    endloop
  endfacet
  facet normal -0.528262 -0.643834 -0.553549
    outer loop
      vertex -18.9775 -34.2253 0.528604
      vertex -19.1112 -34.1156 0.528604
      vertex -18.917 -34.1348 0.365607
    endloop
  endfacet
  facet normal -0.0930679 -0.371491 -0.92376
    outer loop
      vertex -17.2031 -34.6901 0.118079
      vertex -16.787 -34.6078 0.0430603
      vertex -16.8223 -34.7855 0.118079
    endloop
  endfacet
  facet normal -0.0930177 -0.37168 -0.923689
    outer loop
      vertex -16.787 -34.6078 0.0430603
      vertex -17.2031 -34.6901 0.118079
      vertex -17.1678 -34.5125 0.0430603
    endloop
  endfacet
  facet normal -0.0816108 -0.550164 -0.831059
    outer loop
      vertex -16.4658 -35.0029 0.22699
      vertex -16.8223 -34.7855 0.118079
      vertex -16.434 -34.8431 0.118079
    endloop
  endfacet
  facet normal -0.0816108 -0.550164 -0.831059
    outer loop
      vertex -16.8223 -34.7855 0.118079
      vertex -16.4658 -35.0029 0.22699
      vertex -16.8541 -34.9453 0.22699
    endloop
  endfacet
  facet normal -0.22811 -0.307627 -0.92376
    outer loop
      vertex -18.7495 -33.884 0.118079
      vertex -18.3335 -33.9672 0.0430603
      vertex -18.4342 -34.1178 0.118079
    endloop
  endfacet
  facet normal -0.22811 -0.307627 -0.92376
    outer loop
      vertex -18.3335 -33.9672 0.0430603
      vertex -18.7495 -33.884 0.118079
      vertex -18.6488 -33.7334 0.0430603
    endloop
  endfacet
  facet normal -0.449738 0.547779 -0.70546
    outer loop
      vertex -18.84 28.0195 0.22699
      vertex -18.9361 27.9406 0.22699
      vertex -18.917 28.1348 0.365607
    endloop
  endfacet
  facet normal -0.128975 -0.360584 -0.923766
    outer loop
      vertex -17.2915 -34.6633 0.118079
      vertex -17.5918 -34.3637 0.0430603
      vertex -17.2222 -34.4959 0.0430603
    endloop
  endfacet
  facet normal -0.129118 -0.36071 -0.923698
    outer loop
      vertex -17.5918 -34.3637 0.0430603
      vertex -17.2915 -34.6633 0.118079
      vertex -17.6611 -34.531 0.118079
    endloop
  endfacet
  facet normal -0.00960072 -0.195049 -0.980747
    outer loop
      vertex -16.3421 -34.671 0.0430603
      vertex -15.95 -34.498 0.00481606
      vertex -15.95 -34.6903 0.0430603
    endloop
  endfacet
  facet normal -0.00955576 -0.195147 -0.980728
    outer loop
      vertex -15.95 -34.498 0.00481606
      vertex -16.3421 -34.671 0.0430603
      vertex -16.3421 -34.4788 0.00481606
    endloop
  endfacet
  facet normal -0.0378211 -0.382263 -0.923279
    outer loop
      vertex -16.3421 -34.671 0.0430603
      vertex -16.434 -34.8431 0.118079
      vertex -16.3987 -34.6654 0.0430603
    endloop
  endfacet
  facet normal -0.331247 -0.446525 -0.831198
    outer loop
      vertex -18.84 -34.0195 0.22699
      vertex -18.4342 -34.1178 0.118079
      vertex -18.5247 -34.2534 0.22699
    endloop
  endfacet
  facet normal -0.331266 -0.446742 -0.831074
    outer loop
      vertex -18.4342 -34.1178 0.118079
      vertex -18.84 -34.0195 0.22699
      vertex -18.7495 -33.884 0.118079
    endloop
  endfacet
  facet normal -0.181255 -0.338813 -0.923229
    outer loop
      vertex -18.016 -34.3632 0.118079
      vertex -18.0975 -34.3196 0.118079
      vertex -17.9969 -34.169 0.0430603
    endloop
  endfacet
  facet normal 0.0930679 -0.371491 -0.92376
    outer loop
      vertex 16.787 -34.6078 0.0430603
      vertex 17.2031 -34.6901 0.118079
      vertex 16.8223 -34.7855 0.118079
    endloop
  endfacet
  facet normal 0.0930177 -0.37168 -0.923689
    outer loop
      vertex 17.2031 -34.6901 0.118079
      vertex 16.787 -34.6078 0.0430603
      vertex 17.1678 -34.5125 0.0430603
    endloop
  endfacet
  facet normal -0.167571 -0.100463 -0.980728
    outer loop
      vertex -19.719 -32.4469 0.0430603
      vertex -19.3574 -32.6767 0.00481606
      vertex -19.5172 -32.7835 0.0430603
    endloop
  endfacet
  facet normal -0.167542 -0.100416 -0.980738
    outer loop
      vertex -19.3574 -32.6767 0.00481606
      vertex -19.719 -32.4469 0.0430603
      vertex -19.5592 -32.34 0.00481606
    endloop
  endfacet
  facet normal -0.346359 -0.163762 -0.923698
    outer loop
      vertex -19.9132 -32.466 0.118079
      vertex -19.9137 -32.0418 0.0430603
      vertex -19.7459 -32.3967 0.0430603
    endloop
  endfacet
  facet normal -0.346359 -0.163762 -0.923698
    outer loop
      vertex -19.9137 -32.0418 0.0430603
      vertex -19.9132 -32.466 0.118079
      vertex -20.081 -32.1111 0.118079
    endloop
  endfacet
  facet normal -0.353804 -0.430932 -0.830133
    outer loop
      vertex -18.84 -34.0195 0.22699
      vertex -18.9361 -33.9406 0.22699
      vertex -18.7495 -33.884 0.118079
    endloop
  endfacet
  facet normal -0.382263 -0.0378211 -0.923279
    outer loop
      vertex -20.2154 -30.8487 0.0430603
      vertex -20.3931 -30.884 0.118079
      vertex -20.221 -30.7921 0.0430603
    endloop
  endfacet
  facet normal -0.378818 -0.0561934 -0.923764
    outer loop
      vertex -20.3931 -30.884 0.118079
      vertex -20.1578 -31.237 0.0430603
      vertex -20.3355 -31.2723 0.118079
    endloop
  endfacet
  facet normal -0.378818 -0.0561934 -0.923764
    outer loop
      vertex -20.1578 -31.237 0.0430603
      vertex -20.3931 -30.884 0.118079
      vertex -20.2154 -30.8487 0.0430603
    endloop
  endfacet
  facet normal -0.296984 -0.243662 -0.923271
    outer loop
      vertex -19.2473 -33.1428 0.0430603
      vertex -19.434 -33.1995 0.118079
      vertex -19.2834 -33.0988 0.0430603
    endloop
  endfacet
  facet normal 0.758266 -0.622301 -0.194354
    outer loop
      vertex 19.8695 -33.4905 0.901983
      vertex 19.7187 -33.6142 0.709716
      vertex 19.8377 -33.4692 0.709716
    endloop
  endfacet
  facet normal 0.634521 -0.772906 0
    outer loop
      vertex 19.0405 -34.3195 0.901983
      vertex 19.1913 -34.1957 3.09802
      vertex 19.0405 -34.3195 3.09802
    endloop
  endfacet
  facet normal 0.634521 -0.772906 0
    outer loop
      vertex 19.1913 -34.1957 3.09802
      vertex 19.0405 -34.3195 0.901983
      vertex 19.1913 -34.1957 0.901983
    endloop
  endfacet
  facet normal 0.671607 -0.740908 0
    outer loop
      vertex 19.1913 -34.1957 0.901983
      vertex 19.4821 -33.9321 3.09802
      vertex 19.1913 -34.1957 3.09802
    endloop
  endfacet
  facet normal 0.671607 -0.740908 0
    outer loop
      vertex 19.4821 -33.9321 3.09802
      vertex 19.1913 -34.1957 0.901983
      vertex 19.4821 -33.9321 0.901983
    endloop
  endfacet
  facet normal 0.586511 -0.714656 0.381147
    outer loop
      vertex 19.1112 -34.1156 3.4714
      vertex 19.0192 -34.2877 3.29028
      vertex 19.1642 -34.1687 3.29028
    endloop
  endfacet
  facet normal 0.558647 -0.616292 0.555066
    outer loop
      vertex 19.1112 -34.1156 3.4714
      vertex 19.325 -33.775 3.63439
      vertex 19.0342 -34.0386 3.63439
    endloop
  endfacet
  facet normal 0.558647 -0.616292 0.555066
    outer loop
      vertex 19.325 -33.775 3.63439
      vertex 19.1112 -34.1156 3.4714
      vertex 19.402 -33.852 3.4714
    endloop
  endfacet
  facet normal 0.449742 -0.547785 0.705452
    outer loop
      vertex 18.9361 -33.9406 3.77301
      vertex 18.84 -34.0195 3.77301
      vertex 18.917 -34.1348 3.63439
    endloop
  endfacet
  facet normal 0.528255 -0.643826 0.553566
    outer loop
      vertex 19.1112 -34.1156 3.4714
      vertex 18.917 -34.1348 3.63439
      vertex 18.9775 -34.2253 3.4714
    endloop
  endfacet
  facet normal -0.533416 0.161714 -0.830251
    outer loop
      vertex -20.2401 25.6531 0.118079
      vertex -20.3639 25.8039 0.22699
      vertex -20.2133 25.7415 0.118079
    endloop
  endfacet
  facet normal -0.841274 0.504215 -0.195001
    outer loop
      vertex -20.0715 27.1539 0.709716
      vertex -20.3051 26.8385 0.901983
      vertex -20.1033 27.1752 0.901983
    endloop
  endfacet
  facet normal -0.841274 0.504215 -0.195001
    outer loop
      vertex -20.3051 26.8385 0.901983
      vertex -20.0715 27.1539 0.709716
      vertex -20.2733 26.8172 0.709716
    endloop
  endfacet
  facet normal -0.528262 0.643834 -0.553549
    outer loop
      vertex -18.917 28.1348 0.365607
      vertex -19.1112 28.1156 0.528604
      vertex -18.9775 28.2253 0.528604
    endloop
  endfacet
  facet normal -0.419247 0.886714 0.194861
    outer loop
      vertex -17.8616 29.0149 3.09802
      vertex -18.2018 28.8118 3.29028
      vertex -17.8469 28.9796 3.29028
    endloop
  endfacet
  facet normal -0.419361 0.886706 0.19465
    outer loop
      vertex -18.2018 28.8118 3.29028
      vertex -17.8616 29.0149 3.09802
      vertex -18.2164 28.8471 3.09802
    endloop
  endfacet
  facet normal -0.176493 0.0834972 -0.980754
    outer loop
      vertex -19.7361 25.9682 0.00481606
      vertex -19.7459 26.3967 0.0430603
      vertex -19.5682 26.3231 0.00481606
    endloop
  endfacet
  facet normal -0.17659 0.0834935 -0.980737
    outer loop
      vertex -19.7459 26.3967 0.0430603
      vertex -19.7361 25.9682 0.00481606
      vertex -19.9137 26.0418 0.0430603
    endloop
  endfacet
  facet normal -0.734237 0.392399 -0.554002
    outer loop
      vertex -20.1918 26.5814 0.365607
      vertex -20.2925 26.6231 0.528604
      vertex -20.1204 26.715 0.365607
    endloop
  endfacet
  facet normal -0.622301 0.758266 -0.194354
    outer loop
      vertex -19.0192 28.2877 0.709716
      vertex -19.1642 28.1687 0.709716
      vertex -19.0405 28.3195 0.901983
    endloop
  endfacet
  facet normal -0.841273 0.504214 0.195008
    outer loop
      vertex -20.3051 26.8385 3.09802
      vertex -20.0715 27.1539 3.29028
      vertex -20.1033 27.1752 3.09802
    endloop
  endfacet
  facet normal -0.841273 0.504214 0.195008
    outer loop
      vertex -20.0715 27.1539 3.29028
      vertex -20.3051 26.8385 3.09802
      vertex -20.2733 26.8172 3.29028
    endloop
  endfacet
  facet normal -0.938811 0.28452 -0.194118
    outer loop
      vertex -20.6619 25.9273 0.709716
      vertex -20.7163 25.7478 0.709716
      vertex -20.6972 25.942 0.901983
    endloop
  endfacet
  facet normal -0.881899 0.471439 0
    outer loop
      vertex -20.3971 26.6664 0.901983
      vertex -20.3051 26.8385 3.09802
      vertex -20.3051 26.8385 0.901983
    endloop
  endfacet
  facet normal -0.881899 0.471439 0
    outer loop
      vertex -20.3051 26.8385 3.09802
      vertex -20.3971 26.6664 0.901983
      vertex -20.3971 26.6664 3.09802
    endloop
  endfacet
  facet normal -0.92346 0.330557 -0.194819
    outer loop
      vertex -20.5296 26.2969 0.709716
      vertex -20.6972 25.942 0.901983
      vertex -20.5649 26.3116 0.901983
    endloop
  endfacet
  facet normal -0.92346 0.330557 -0.194819
    outer loop
      vertex -20.6972 25.942 0.901983
      vertex -20.5296 26.2969 0.709716
      vertex -20.6619 25.9273 0.709716
    endloop
  endfacet
  facet normal -0.9415 0.337014 0
    outer loop
      vertex -20.6972 25.942 0.901983
      vertex -20.5649 26.3116 3.09802
      vertex -20.5649 26.3116 0.901983
    endloop
  endfacet
  facet normal -0.9415 0.337014 0
    outer loop
      vertex -20.5649 26.3116 3.09802
      vertex -20.6972 25.942 0.901983
      vertex -20.6972 25.942 3.09802
    endloop
  endfacet
  facet normal -0.938769 0.284597 0.194207
    outer loop
      vertex -20.6972 25.942 3.09802
      vertex -20.7538 25.7553 3.09802
      vertex -20.7163 25.7478 3.29028
    endloop
  endfacet
  facet normal -0.828724 0.0814269 0.553703
    outer loop
      vertex -20.7957 24.9641 3.4714
      vertex -20.8126 24.7921 3.4714
      vertex -20.7037 24.7921 3.63439
    endloop
  endfacet
  facet normal -0.896325 0.224552 0.382332
    outer loop
      vertex -20.8117 25.367 3.29028
      vertex -20.6427 25.7332 3.4714
      vertex -20.7163 25.7478 3.29028
    endloop
  endfacet
  facet normal -0.896325 0.224552 0.382332
    outer loop
      vertex -20.6427 25.7332 3.4714
      vertex -20.8117 25.367 3.29028
      vertex -20.7381 25.3524 3.4714
    endloop
  endfacet
  facet normal 0.0474298 0.18952 0.980731
    outer loop
      vertex 16.7495 28.4193 3.99518
      vertex 17.1678 28.5125 3.95694
      vertex 16.787 28.6078 3.95694
    endloop
  endfacet
  facet normal 0.0474541 0.189418 0.980749
    outer loop
      vertex 17.1678 28.5125 3.95694
      vertex 16.7495 28.4193 3.99518
      vertex 17.1303 28.3239 3.99518
    endloop
  endfacet
  facet normal -0.193253 0.0286669 0.98073
    outer loop
      vertex -20.2154 24.8487 3.95694
      vertex -19.9693 25.1995 3.99518
      vertex -20.1578 25.237 3.95694
    endloop
  endfacet
  facet normal -0.193253 0.0286669 0.98073
    outer loop
      vertex -19.9693 25.1995 3.99518
      vertex -20.2154 24.8487 3.95694
      vertex -20.0269 24.8112 3.99518
    endloop
  endfacet
  facet normal 0.144671 0.131094 0.980757
    outer loop
      vertex 18.8477 27.2977 3.99518
      vertex 19.2473 27.1428 3.95694
      vertex 18.9837 27.4337 3.95694
    endloop
  endfacet
  facet normal 0.144696 0.131162 0.980744
    outer loop
      vertex 19.2473 27.1428 3.95694
      vertex 18.8477 27.2977 3.99518
      vertex 19.1113 27.0069 3.99518
    endloop
  endfacet
  facet normal -0.172909 -0.0920819 -0.980624
    outer loop
      vertex -19.5592 -32.34 0.00481606
      vertex -19.7459 -32.3967 0.0430603
      vertex -19.5682 -32.3231 0.00481606
    endloop
  endfacet
  facet normal -0.0572064 -0.187472 -0.980603
    outer loop
      vertex -17.1678 -34.5125 0.0430603
      vertex -17.2222 -34.4959 0.0430603
      vertex -17.1303 -34.3239 0.00481606
    endloop
  endfacet
  facet normal -0.00955576 0.195147 -0.980728
    outer loop
      vertex -16.3421 28.671 0.0430603
      vertex -15.95 28.498 0.00481606
      vertex -16.3421 28.4788 0.00481606
    endloop
  endfacet
  facet normal -0.00960072 0.195049 -0.980747
    outer loop
      vertex -15.95 28.498 0.00481606
      vertex -16.3421 28.671 0.0430603
      vertex -15.95 28.6903 0.0430603
    endloop
  endfacet
  facet normal 0.70673 0.0347868 0.706628
    outer loop
      vertex 20.7037 24.7921 3.63439
      vertex 20.5844 24.4 3.77301
      vertex 20.723 24.4 3.63439
    endloop
  endfacet
  facet normal 0.70673 0.0347868 0.706628
    outer loop
      vertex 20.5844 24.4 3.77301
      vertex 20.7037 24.7921 3.63439
      vertex 20.5651 24.7921 3.77301
    endloop
  endfacet
  facet normal 0.18952 0.0474298 0.980731
    outer loop
      vertex 20.0625 25.6178 3.95694
      vertex 19.9693 25.1995 3.99518
      vertex 20.1578 25.237 3.95694
    endloop
  endfacet
  facet normal 0.189393 0.0474602 0.980754
    outer loop
      vertex 19.9693 25.1995 3.99518
      vertex 20.0625 25.6178 3.95694
      vertex 19.8739 25.5802 3.99518
    endloop
  endfacet
  facet normal 0.550161 0.0816102 0.831061
    outer loop
      vertex 20.3355 25.2723 3.88192
      vertex 20.5529 24.9158 3.77301
      vertex 20.4953 25.3041 3.77301
    endloop
  endfacet
  facet normal 0.550161 0.0816102 0.831061
    outer loop
      vertex 20.5529 24.9158 3.77301
      vertex 20.3355 25.2723 3.88192
      vertex 20.3931 24.884 3.88192
    endloop
  endfacet
  facet normal 0.920057 -0.090401 0.381212
    outer loop
      vertex 20.8126 -30.7921 3.4714
      vertex 20.7957 -30.9641 3.4714
      vertex 20.8693 -30.9788 3.29028
    endloop
  endfacet
  facet normal 0.870003 0.311422 -0.382244
    outer loop
      vertex 20.6619 25.9273 0.709716
      vertex 20.4603 26.2682 0.528604
      vertex 20.5296 26.2969 0.709716
    endloop
  endfacet
  facet normal 0.86992 0.311156 -0.382651
    outer loop
      vertex 20.4603 26.2682 0.528604
      vertex 20.6619 25.9273 0.709716
      vertex 20.5925 25.8986 0.528604
    endloop
  endfacet
  facet normal 0.783215 0.280144 -0.555062
    outer loop
      vertex 20.5925 25.8986 0.528604
      vertex 20.3597 26.2265 0.365607
      vertex 20.4603 26.2682 0.528604
    endloop
  endfacet
  facet normal 0.783215 0.280144 -0.555062
    outer loop
      vertex 20.3597 26.2265 0.365607
      vertex 20.5925 25.8986 0.528604
      vertex 20.4919 25.8569 0.365607
    endloop
  endfacet
  facet normal 0.92346 0.330557 -0.194819
    outer loop
      vertex 20.6972 25.942 0.901983
      vertex 20.5296 26.2969 0.709716
      vertex 20.5649 26.3116 0.901983
    endloop
  endfacet
  facet normal 0.92346 0.330557 -0.194819
    outer loop
      vertex 20.5296 26.2969 0.709716
      vertex 20.6972 25.942 0.901983
      vertex 20.6619 25.9273 0.709716
    endloop
  endfacet
  facet normal 0.699737 0.103798 -0.706819
    outer loop
      vertex 20.4953 25.3041 0.22699
      vertex 20.6889 24.9429 0.365607
      vertex 20.5529 24.9158 0.22699
    endloop
  endfacet
  facet normal 0.699737 0.103798 -0.706819
    outer loop
      vertex 20.6889 24.9429 0.365607
      vertex 20.4953 25.3041 0.22699
      vertex 20.6313 25.3312 0.365607
    endloop
  endfacet
  facet normal 0.796823 0.241841 -0.553703
    outer loop
      vertex 20.6427 25.7332 0.528604
      vertex 20.5359 25.7119 0.365607
      vertex 20.5925 25.8986 0.528604
    endloop
  endfacet
  facet normal 0.550164 0.0816108 -0.831059
    outer loop
      vertex 20.3355 25.2723 0.118079
      vertex 20.5529 24.9158 0.22699
      vertex 20.3931 24.884 0.118079
    endloop
  endfacet
  facet normal 0.550164 0.0816108 -0.831059
    outer loop
      vertex 20.5529 24.9158 0.22699
      vertex 20.3355 25.2723 0.118079
      vertex 20.4953 25.3041 0.22699
    endloop
  endfacet
  facet normal 0.8308 0.0408938 -0.555066
    outer loop
      vertex 20.8319 24.4 0.528604
      vertex 20.7037 24.7921 0.365607
      vertex 20.8126 24.7921 0.528604
    endloop
  endfacet
  facet normal 0.8308 0.0408938 -0.555066
    outer loop
      vertex 20.7037 24.7921 0.365607
      vertex 20.8319 24.4 0.528604
      vertex 20.723 24.4 0.365607
    endloop
  endfacet
  facet normal 0.533416 0.161714 -0.830251
    outer loop
      vertex 20.2401 25.6531 0.118079
      vertex 20.2133 25.7415 0.118079
      vertex 20.3639 25.8039 0.22699
    endloop
  endfacet
  facet normal 0.914011 0.135618 0.38235
    outer loop
      vertex 20.7381 25.3524 3.4714
      vertex 20.8693 24.9788 3.29028
      vertex 20.8117 25.367 3.29028
    endloop
  endfacet
  facet normal 0.91399 0.13558 0.382413
    outer loop
      vertex 20.8693 24.9788 3.29028
      vertex 20.7381 25.3524 3.4714
      vertex 20.7957 24.9641 3.4714
    endloop
  endfacet
  facet normal 0.989176 0.146733 0
    outer loop
      vertex 20.9068 24.9862 3.09802
      vertex 20.8492 25.3745 0.901983
      vertex 20.8492 25.3745 3.09802
    endloop
  endfacet
  facet normal 0.989176 0.146733 0
    outer loop
      vertex 20.8492 25.3745 0.901983
      vertex 20.9068 24.9862 3.09802
      vertex 20.9068 24.9862 0.901983
    endloop
  endfacet
  facet normal 0.998791 0.0491626 0
    outer loop
      vertex 20.9452 24.4 3.09802
      vertex 20.9259 24.7921 0.901983
      vertex 20.9259 24.7921 3.09802
    endloop
  endfacet
  facet normal 0.998791 0.0491626 0
    outer loop
      vertex 20.9259 24.7921 0.901983
      vertex 20.9452 24.4 3.09802
      vertex 20.9452 24.4 0.901983
    endloop
  endfacet
  facet normal 0.995193 0.0979299 0
    outer loop
      vertex 20.9259 24.7921 3.09802
      vertex 20.9068 24.9862 0.901983
      vertex 20.9068 24.9862 3.09802
    endloop
  endfacet
  facet normal 0.995193 0.0979299 0
    outer loop
      vertex 20.9068 24.9862 0.901983
      vertex 20.9259 24.7921 3.09802
      vertex 20.9259 24.7921 0.901983
    endloop
  endfacet
  facet normal 0.0561934 0.378818 -0.923764
    outer loop
      vertex 16.787 28.6078 0.0430603
      vertex 16.434 28.8431 0.118079
      vertex 16.8223 28.7855 0.118079
    endloop
  endfacet
  facet normal 0.0561934 0.378818 -0.923764
    outer loop
      vertex 16.434 28.8431 0.118079
      vertex 16.787 28.6078 0.0430603
      vertex 16.3987 28.6654 0.0430603
    endloop
  endfacet
  facet normal 0.0818835 0.828469 -0.554017
    outer loop
      vertex 16.5141 29.2457 0.528604
      vertex 16.3421 29.1537 0.365607
      vertex 16.3421 29.2627 0.528604
    endloop
  endfacet
  facet normal 0.280144 0.783215 -0.555062
    outer loop
      vertex 17.7765 28.8097 0.365607
      vertex 17.4486 29.0425 0.528604
      vertex 17.8182 28.9103 0.528604
    endloop
  endfacet
  facet normal 0.280144 0.783215 -0.555062
    outer loop
      vertex 17.4486 29.0425 0.528604
      vertex 17.7765 28.8097 0.365607
      vertex 17.4069 28.9419 0.365607
    endloop
  endfacet
  facet normal 0.419362 0.886707 -0.194643
    outer loop
      vertex 18.2018 28.8118 0.709716
      vertex 17.8616 29.0149 0.901983
      vertex 18.2164 28.8471 0.901983
    endloop
  endfacet
  facet normal 0.419247 0.886715 -0.194854
    outer loop
      vertex 17.8616 29.0149 0.901983
      vertex 18.2018 28.8118 0.709716
      vertex 17.8469 28.9796 0.709716
    endloop
  endfacet
  facet normal 0.378818 0.0561934 -0.923764
    outer loop
      vertex 20.1578 25.237 0.0430603
      vertex 20.3931 24.884 0.118079
      vertex 20.2154 24.8487 0.0430603
    endloop
  endfacet
  facet normal 0.378818 0.0561934 -0.923764
    outer loop
      vertex 20.3931 24.884 0.118079
      vertex 20.1578 25.237 0.0430603
      vertex 20.3355 25.2723 0.118079
    endloop
  endfacet
  facet normal 0.360584 0.128975 -0.923766
    outer loop
      vertex 19.9137 26.0418 0.0430603
      vertex 20.2133 25.7415 0.118079
      vertex 20.0459 25.6722 0.0430603
    endloop
  endfacet
  facet normal 0.36071 0.129118 -0.923698
    outer loop
      vertex 20.2133 25.7415 0.118079
      vertex 19.9137 26.0418 0.0430603
      vertex 20.081 26.1111 0.118079
    endloop
  endfacet
  facet normal 0.382263 0.0378211 -0.923279
    outer loop
      vertex 20.221 24.7921 0.0430603
      vertex 20.2154 24.8487 0.0430603
      vertex 20.3931 24.884 0.118079
    endloop
  endfacet
  facet normal 0.555355 0.0273358 -0.831164
    outer loop
      vertex 20.4214 24.4 0.118079
      vertex 20.5651 24.7921 0.22699
      vertex 20.5844 24.4 0.22699
    endloop
  endfacet
  facet normal 0.555355 0.0273358 -0.831164
    outer loop
      vertex 20.5651 24.7921 0.22699
      vertex 20.4214 24.4 0.118079
      vertex 20.4021 24.7921 0.118079
    endloop
  endfacet
  facet normal 0.22811 0.307627 -0.92376
    outer loop
      vertex 18.3335 27.9672 0.0430603
      vertex 18.7495 27.884 0.118079
      vertex 18.6488 27.7334 0.0430603
    endloop
  endfacet
  facet normal 0.22811 0.307627 -0.92376
    outer loop
      vertex 18.7495 27.884 0.118079
      vertex 18.3335 27.9672 0.0430603
      vertex 18.4342 28.1178 0.118079
    endloop
  endfacet
  facet normal 0.831496 0 -0.555531
    outer loop
      vertex 20.8319 -30.4 0.528604
      vertex 20.723 24.4 0.365607
      vertex 20.8319 24.4 0.528604
    endloop
  endfacet
  facet normal 0.831496 0 -0.555531
    outer loop
      vertex 20.723 24.4 0.365607
      vertex 20.8319 -30.4 0.528604
      vertex 20.723 -30.4 0.365607
    endloop
  endfacet
  facet normal 0.792688 -0.475236 -0.381832
    outer loop
      vertex 20.2733 -32.8172 0.709716
      vertex 20.0092 -33.1122 0.528604
      vertex 20.211 -32.7756 0.528604
    endloop
  endfacet
  facet normal 0.792672 -0.475085 -0.382054
    outer loop
      vertex 20.0092 -33.1122 0.528604
      vertex 20.2733 -32.8172 0.709716
      vertex 20.0715 -33.1539 0.709716
    endloop
  endfacet
  facet normal 0.431028 -0.353757 -0.830103
    outer loop
      vertex 19.4906 -33.3861 0.22699
      vertex 19.3754 -33.2709 0.118079
      vertex 19.434 -33.1995 0.118079
    endloop
  endfacet
  facet normal 0.338771 -0.181532 -0.92319
    outer loop
      vertex 19.9132 -32.466 0.118079
      vertex 19.719 -32.4469 0.0430603
      vertex 19.7459 -32.3967 0.0430603
    endloop
  endfacet
  facet normal 0.430932 -0.353804 -0.830133
    outer loop
      vertex 19.4906 -33.3861 0.22699
      vertex 19.434 -33.1995 0.118079
      vertex 19.5695 -33.29 0.22699
    endloop
  endfacet
  facet normal 0.371491 -0.0930679 -0.92376
    outer loop
      vertex 20.2401 -31.6531 0.118079
      vertex 20.1578 -31.237 0.0430603
      vertex 20.3355 -31.2723 0.118079
    endloop
  endfacet
  facet normal 0.37168 -0.0930177 -0.923689
    outer loop
      vertex 20.1578 -31.237 0.0430603
      vertex 20.2401 -31.6531 0.118079
      vertex 20.0625 -31.6178 0.0430603
    endloop
  endfacet
  facet normal 0.554731 -0.0547107 -0.830229
    outer loop
      vertex 20.5529 -30.9158 0.22699
      vertex 20.4021 -30.7921 0.118079
      vertex 20.5651 -30.7921 0.22699
    endloop
  endfacet
  facet normal -0.172909 0.0920819 -0.980624
    outer loop
      vertex -19.5682 26.3231 0.00481606
      vertex -19.7459 26.3967 0.0430603
      vertex -19.5592 26.34 0.00481606
    endloop
  endfacet
  facet normal 0.550164 -0.0816108 -0.831059
    outer loop
      vertex 20.3355 -31.2723 0.118079
      vertex 20.5529 -30.9158 0.22699
      vertex 20.4953 -31.3041 0.22699
    endloop
  endfacet
  facet normal 0.550164 -0.0816108 -0.831059
    outer loop
      vertex 20.5529 -30.9158 0.22699
      vertex 20.3355 -31.2723 0.118079
      vertex 20.3931 -30.884 0.118079
    endloop
  endfacet
  facet normal 0.678444 -0.205814 -0.705234
    outer loop
      vertex 20.5359 -31.7119 0.365607
      vertex 20.3639 -31.8039 0.22699
      vertex 20.4 -31.6849 0.22699
    endloop
  endfacet
  facet normal -0.195022 -0.0192954 -0.980609
    outer loop
      vertex -20.2154 -30.8487 0.0430603
      vertex -20.221 -30.7921 0.0430603
      vertex -20.0287 -30.7921 0.00481606
    endloop
  endfacet
  facet normal 0.792677 0.475088 0.382039
    outer loop
      vertex 20.0092 27.1122 3.4714
      vertex 20.2733 26.8172 3.29028
      vertex 20.0715 27.1539 3.29028
    endloop
  endfacet
  facet normal 0.792694 0.475239 0.381817
    outer loop
      vertex 20.2733 26.8172 3.29028
      vertex 20.0092 27.1122 3.4714
      vertex 20.211 26.7756 3.4714
    endloop
  endfacet
  facet normal 0.547806 0.44965 0.705495
    outer loop
      vertex 19.5886 27.4842 3.63439
      vertex 19.4906 27.3861 3.77301
      vertex 19.6848 27.367 3.63439
    endloop
  endfacet
  facet normal 0.758265 0.6223 0.194361
    outer loop
      vertex 19.8695 27.4905 3.09802
      vertex 19.7187 27.6142 3.29028
      vertex 19.8377 27.4692 3.29028
    endloop
  endfacet
  facet normal 0.606816 0.363693 0.706754
    outer loop
      vertex 19.8033 26.9747 3.77301
      vertex 20.1204 26.715 3.63439
      vertex 19.9186 27.0517 3.63439
    endloop
  endfacet
  facet normal 0.606921 0.363936 0.706539
    outer loop
      vertex 20.1204 26.715 3.63439
      vertex 19.8033 26.9747 3.77301
      vertex 20.0052 26.638 3.77301
    endloop
  endfacet
  facet normal -0.151495 0.124294 0.980612
    outer loop
      vertex -19.2473 27.1428 3.95694
      vertex -19.2834 27.0988 3.95694
      vertex -19.1235 26.992 3.99518
    endloop
  endfacet
  facet normal 0.346364 -0.163764 0.923695
    outer loop
      vertex 19.9137 -32.0418 3.95694
      vertex 19.9132 -32.466 3.88192
      vertex 20.081 -32.1111 3.88192
    endloop
  endfacet
  facet normal 0.346364 -0.163764 0.923695
    outer loop
      vertex 19.9132 -32.466 3.88192
      vertex 19.9137 -32.0418 3.95694
      vertex 19.7459 -32.3967 3.95694
    endloop
  endfacet
  facet normal 0.183908 0.0657809 0.98074
    outer loop
      vertex 19.7361 25.9682 3.99518
      vertex 20.0459 25.6722 3.95694
      vertex 19.9137 26.0418 3.95694
    endloop
  endfacet
  facet normal 0.183908 0.0657809 0.98074
    outer loop
      vertex 20.0459 25.6722 3.95694
      vertex 19.7361 25.9682 3.99518
      vertex 19.8683 25.5986 3.99518
    endloop
  endfacet
  facet normal 0.668119 0.495633 0.554946
    outer loop
      vertex 19.6848 27.367 3.63439
      vertex 20.0092 27.1122 3.4714
      vertex 19.7753 27.4275 3.4714
    endloop
  endfacet
  facet normal 0.668067 0.495382 0.555233
    outer loop
      vertex 20.0092 27.1122 3.4714
      vertex 19.6848 27.367 3.63439
      vertex 19.9186 27.0517 3.63439
    endloop
  endfacet
  facet normal 0.495633 0.668119 0.554946
    outer loop
      vertex 18.6622 28.4592 3.4714
      vertex 18.917 28.1348 3.63439
      vertex 18.9775 28.2253 3.4714
    endloop
  endfacet
  facet normal 0.495382 0.668067 0.555233
    outer loop
      vertex 18.917 28.1348 3.63439
      vertex 18.6622 28.4592 3.4714
      vertex 18.6017 28.3686 3.63439
    endloop
  endfacet
  facet normal 0.28014 0.783205 0.555078
    outer loop
      vertex 17.4486 29.0425 3.4714
      vertex 17.7765 28.8097 3.63439
      vertex 17.8182 28.9103 3.4714
    endloop
  endfacet
  facet normal 0.28014 0.783205 0.555078
    outer loop
      vertex 17.7765 28.8097 3.63439
      vertex 17.4486 29.0425 3.4714
      vertex 17.4069 28.9419 3.63439
    endloop
  endfacet
  facet normal 0.151647 0.124167 0.980605
    outer loop
      vertex 19.2473 27.1428 3.95694
      vertex 19.1113 27.0069 3.99518
      vertex 19.1235 26.992 3.99518
    endloop
  endfacet
  facet normal 0.135584 0.914016 0.382349
    outer loop
      vertex 16.5287 29.3193 3.29028
      vertex 16.9024 29.1881 3.4714
      vertex 16.917 29.2617 3.29028
    endloop
  endfacet
  facet normal 0.135584 0.914016 0.382349
    outer loop
      vertex 16.9024 29.1881 3.4714
      vertex 16.5287 29.3193 3.29028
      vertex 16.5141 29.2457 3.4714
    endloop
  endfacet
  facet normal 0.462453 0.865088 0.19432
    outer loop
      vertex 18.3885 28.7551 3.09802
      vertex 18.2164 28.8471 3.09802
      vertex 18.3672 28.7233 3.29028
    endloop
  endfacet
  facet normal 0.550356 0.742203 0.382417
    outer loop
      vertex 18.7039 28.5215 3.29028
      vertex 18.9775 28.2253 3.4714
      vertex 19.0192 28.2877 3.29028
    endloop
  endfacet
  facet normal 0.550595 0.742208 0.382064
    outer loop
      vertex 18.9775 28.2253 3.4714
      vertex 18.7039 28.5215 3.29028
      vertex 18.6622 28.4592 3.4714
    endloop
  endfacet
  facet normal 0.620389 0.68464 0.382603
    outer loop
      vertex 19.1642 28.1687 3.29028
      vertex 19.402 27.852 3.4714
      vertex 19.4551 27.9051 3.29028
    endloop
  endfacet
  facet normal 0.620587 0.684623 0.382313
    outer loop
      vertex 19.402 27.852 3.4714
      vertex 19.1642 28.1687 3.29028
      vertex 19.1112 28.1156 3.4714
    endloop
  endfacet
  facet normal 0.0273356 0.555352 0.831166
    outer loop
      vertex 15.95 28.8714 3.88192
      vertex 16.3421 29.0151 3.77301
      vertex 15.95 29.0344 3.77301
    endloop
  endfacet
  facet normal 0.0273356 0.555352 0.831166
    outer loop
      vertex 16.3421 29.0151 3.77301
      vertex 15.95 28.8714 3.88192
      vertex 16.3421 28.8521 3.88192
    endloop
  endfacet
  facet normal 0.0907289 0.920109 0.381008
    outer loop
      vertex 16.3421 29.3377 3.29028
      vertex 16.3421 29.2627 3.4714
      vertex 16.5287 29.3193 3.29028
    endloop
  endfacet
  facet normal -0.143921 0.970216 0.194853
    outer loop
      vertex -16.5362 29.3568 3.09802
      vertex -16.917 29.2617 3.29028
      vertex -16.5287 29.3193 3.29028
    endloop
  endfacet
  facet normal -0.143921 0.970216 0.194853
    outer loop
      vertex -16.917 29.2617 3.29028
      vertex -16.5362 29.3568 3.09802
      vertex -16.9245 29.2992 3.09802
    endloop
  endfacet
  facet normal -0.0347868 0.70673 0.706628
    outer loop
      vertex -16.3421 29.1537 3.63439
      vertex -15.95 29.0344 3.77301
      vertex -15.95 29.173 3.63439
    endloop
  endfacet
  facet normal -0.0347868 0.70673 0.706628
    outer loop
      vertex -15.95 29.0344 3.77301
      vertex -16.3421 29.1537 3.63439
      vertex -16.3421 29.0151 3.77301
    endloop
  endfacet
  facet normal 0.205816 0.678451 0.705226
    outer loop
      vertex 17.2619 28.9859 3.63439
      vertex 17.2349 28.85 3.77301
      vertex 17.3539 28.8139 3.77301
    endloop
  endfacet
  facet normal 0.047973 0.979698 0.194655
    outer loop
      vertex 16.3421 29.3759 3.09802
      vertex 15.95 29.3569 3.29028
      vertex 16.3421 29.3377 3.29028
    endloop
  endfacet
  facet normal 0.0482175 0.979589 0.195143
    outer loop
      vertex 15.95 29.3569 3.29028
      vertex 16.3421 29.3759 3.09802
      vertex 15.95 29.3952 3.09802
    endloop
  endfacet
  facet normal 0.658771 0.726747 0.194575
    outer loop
      vertex 19.1913 28.1957 3.09802
      vertex 19.4551 27.9051 3.29028
      vertex 19.4821 27.9321 3.09802
    endloop
  endfacet
  facet normal 0.658603 0.726812 0.194903
    outer loop
      vertex 19.4551 27.9051 3.29028
      vertex 19.1913 28.1957 3.09802
      vertex 19.1642 28.1687 3.29028
    endloop
  endfacet
  facet normal 0.0909311 0.920009 -0.381202
    outer loop
      vertex 16.5141 29.2457 0.528604
      vertex 16.3421 29.2627 0.528604
      vertex 16.5287 29.3193 0.709716
    endloop
  endfacet
  facet normal 0.161796 0.533344 -0.830281
    outer loop
      vertex 17.3539 28.8139 0.22699
      vertex 17.2031 28.6901 0.118079
      vertex 17.2349 28.85 0.22699
    endloop
  endfacet
  facet normal -0.0813397 0.828786 -0.553622
    outer loop
      vertex -16.4929 29.1389 0.365607
      vertex -16.5141 29.2457 0.528604
      vertex -16.3421 29.1537 0.365607
    endloop
  endfacet
  facet normal 0 0.980731 -0.195364
    outer loop
      vertex 15.95 29.3569 0.709716
      vertex -15.95 29.3952 0.901983
      vertex 15.95 29.3952 0.901983
    endloop
  endfacet
  facet normal 0 0.980731 -0.195364
    outer loop
      vertex -15.95 29.3952 0.901983
      vertex 15.95 29.3569 0.709716
      vertex -15.95 29.3569 0.709716
    endloop
  endfacet
  facet normal 0.686175 -0.171949 0.706822
    outer loop
      vertex 20.4953 -31.3041 3.77301
      vertex 20.5359 -31.7119 3.63439
      vertex 20.6313 -31.3312 3.63439
    endloop
  endfacet
  facet normal 0.686523 -0.171811 0.706517
    outer loop
      vertex 20.5359 -31.7119 3.63439
      vertex 20.4953 -31.3041 3.77301
      vertex 20.4 -31.6849 3.77301
    endloop
  endfacet
  facet normal 0.523459 -0.187375 0.831192
    outer loop
      vertex 20.081 -32.1111 3.88192
      vertex 20.3639 -31.8039 3.77301
      vertex 20.2133 -31.7415 3.88192
    endloop
  endfacet
  facet normal 0.523459 -0.187375 0.831192
    outer loop
      vertex 20.3639 -31.8039 3.77301
      vertex 20.081 -32.1111 3.88192
      vertex 20.2316 -32.1735 3.77301
    endloop
  endfacet
  facet normal 0.371497 -0.0930693 0.923758
    outer loop
      vertex 20.1578 -31.237 3.95694
      vertex 20.2401 -31.6531 3.88192
      vertex 20.3355 -31.2723 3.88192
    endloop
  endfacet
  facet normal 0.371686 -0.0930191 0.923687
    outer loop
      vertex 20.2401 -31.6531 3.88192
      vertex 20.1578 -31.237 3.95694
      vertex 20.0625 -31.6178 3.95694
    endloop
  endfacet
  facet normal 0.367657 -0.112189 0.923169
    outer loop
      vertex 20.0625 -31.6178 3.95694
      vertex 20.0459 -31.6722 3.95694
      vertex 20.2401 -31.6531 3.88192
    endloop
  endfacet
  facet normal 0.923458 -0.330556 0.194826
    outer loop
      vertex 20.5296 -32.2969 3.29028
      vertex 20.6972 -31.942 3.09802
      vertex 20.6619 -31.9273 3.29028
    endloop
  endfacet
  facet normal 0.923458 -0.330556 0.194826
    outer loop
      vertex 20.6972 -31.942 3.09802
      vertex 20.5296 -32.2969 3.29028
      vertex 20.5649 -32.3116 3.09802
    endloop
  endfacet
  facet normal 0.835398 -0.394984 0.382228
    outer loop
      vertex 20.2925 -32.6231 3.4714
      vertex 20.5296 -32.2969 3.29028
      vertex 20.4603 -32.2682 3.4714
    endloop
  endfacet
  facet normal 0.835398 -0.394984 0.382228
    outer loop
      vertex 20.5296 -32.2969 3.29028
      vertex 20.2925 -32.6231 3.4714
      vertex 20.3618 -32.6518 3.29028
    endloop
  endfacet
  facet normal 0.539538 -0.135026 -0.831064
    outer loop
      vertex 20.4 -31.6849 0.22699
      vertex 20.3355 -31.2723 0.118079
      vertex 20.4953 -31.3041 0.22699
    endloop
  endfacet
  facet normal 0.539287 -0.135105 -0.831214
    outer loop
      vertex 20.3355 -31.2723 0.118079
      vertex 20.4 -31.6849 0.22699
      vertex 20.2401 -31.6531 0.118079
    endloop
  endfacet
  facet normal 0.913984 -0.135579 -0.382428
    outer loop
      vertex 20.8693 -30.9788 0.709716
      vertex 20.7381 -31.3524 0.528604
      vertex 20.7957 -30.9641 0.528604
    endloop
  endfacet
  facet normal 0.914005 -0.135617 -0.382364
    outer loop
      vertex 20.7381 -31.3524 0.528604
      vertex 20.8693 -30.9788 0.709716
      vertex 20.8117 -31.367 0.709716
    endloop
  endfacet
  facet normal 0.884669 -0.268503 0.381138
    outer loop
      vertex 20.6427 -31.7332 3.4714
      vertex 20.5925 -31.8986 3.4714
      vertex 20.7163 -31.7478 3.29028
    endloop
  endfacet
  facet normal 0.919935 -0.0906631 0.381444
    outer loop
      vertex 20.8877 -30.7921 3.29028
      vertex 20.8126 -30.7921 3.4714
      vertex 20.8693 -30.9788 3.29028
    endloop
  endfacet
  facet normal 0.864973 -0.462818 0.19396
    outer loop
      vertex 20.3618 -32.6518 3.29028
      vertex 20.2733 -32.8172 3.29028
      vertex 20.3971 -32.6664 3.09802
    endloop
  endfacet
  facet normal 0.865088 -0.462453 0.19432
    outer loop
      vertex 20.3971 -32.6664 3.09802
      vertex 20.2733 -32.8172 3.29028
      vertex 20.3051 -32.8385 3.09802
    endloop
  endfacet
  facet normal 0.881899 -0.471439 0
    outer loop
      vertex 20.3051 -32.8385 3.09802
      vertex 20.3971 -32.6664 0.901983
      vertex 20.3971 -32.6664 3.09802
    endloop
  endfacet
  facet normal 0.881899 -0.471439 0
    outer loop
      vertex 20.3971 -32.6664 0.901983
      vertex 20.3051 -32.8385 3.09802
      vertex 20.3051 -32.8385 0.901983
    endloop
  endfacet
  facet normal 0.616292 -0.558647 0.555066
    outer loop
      vertex 19.325 -33.775 3.63439
      vertex 19.6656 -33.5612 3.4714
      vertex 19.5886 -33.4842 3.63439
    endloop
  endfacet
  facet normal 0.616292 -0.558647 0.555066
    outer loop
      vertex 19.6656 -33.5612 3.4714
      vertex 19.325 -33.775 3.63439
      vertex 19.402 -33.852 3.4714
    endloop
  endfacet
  facet normal 0.830789 0.0408932 0.555083
    outer loop
      vertex 20.723 24.4 3.63439
      vertex 20.8126 24.7921 3.4714
      vertex 20.7037 24.7921 3.63439
    endloop
  endfacet
  facet normal 0.830789 0.0408932 0.555083
    outer loop
      vertex 20.8126 24.7921 3.4714
      vertex 20.723 24.4 3.63439
      vertex 20.8319 24.4 3.4714
    endloop
  endfacet
  facet normal 0.806846 0.202135 0.555105
    outer loop
      vertex 20.5359 25.7119 3.63439
      vertex 20.7381 25.3524 3.4714
      vertex 20.6427 25.7332 3.4714
    endloop
  endfacet
  facet normal 0.806889 0.202199 0.555018
    outer loop
      vertex 20.7381 25.3524 3.4714
      vertex 20.5359 25.7119 3.63439
      vertex 20.6313 25.3312 3.63439
    endloop
  endfacet
  facet normal 0.734227 0.392394 0.554019
    outer loop
      vertex 20.2925 26.6231 3.4714
      vertex 20.1204 26.715 3.63439
      vertex 20.1918 26.5814 3.63439
    endloop
  endfacet
  facet normal 0.568278 -0.421388 0.706748
    outer loop
      vertex 19.8033 -32.9747 3.77301
      vertex 19.6848 -33.367 3.63439
      vertex 19.9186 -33.0517 3.63439
    endloop
  endfacet
  facet normal 0.568278 -0.421388 0.706748
    outer loop
      vertex 19.6848 -33.367 3.63439
      vertex 19.8033 -32.9747 3.77301
      vertex 19.5695 -33.29 3.77301
    endloop
  endfacet
  facet normal 0.734228 -0.392391 0.554021
    outer loop
      vertex 20.2925 -32.6231 3.4714
      vertex 20.1204 -32.715 3.63439
      vertex 20.211 -32.7756 3.4714
    endloop
  endfacet
  facet normal -0.195037 0 0.980796
    outer loop
      vertex -20.2403 24.4 3.95694
      vertex -20.048 -30.4 3.99518
      vertex -20.048 24.4 3.99518
    endloop
  endfacet
  facet normal -0.195037 0 0.980796
    outer loop
      vertex -20.048 -30.4 3.99518
      vertex -20.2403 24.4 3.95694
      vertex -20.2403 -30.4 3.95694
    endloop
  endfacet
  facet normal 0.328559 -0.196979 0.923714
    outer loop
      vertex 19.5172 -32.7835 3.95694
      vertex 19.8696 -32.5475 3.88192
      vertex 19.719 -32.4469 3.95694
    endloop
  endfacet
  facet normal 0.328507 -0.196889 0.923752
    outer loop
      vertex 19.8696 -32.5475 3.88192
      vertex 19.5172 -32.7835 3.95694
      vertex 19.6678 -32.8842 3.88192
    endloop
  endfacet
  facet normal 0.161713 -0.533413 0.830253
    outer loop
      vertex 17.2915 -34.6633 3.88192
      vertex 17.2031 -34.6901 3.88192
      vertex 17.3539 -34.8139 3.77301
    endloop
  endfacet
  facet normal -0.167524 -0.100405 0.980742
    outer loop
      vertex -19.719 -32.4469 3.95694
      vertex -19.3574 -32.6767 3.99518
      vertex -19.5592 -32.34 3.99518
    endloop
  endfacet
  facet normal -0.167553 -0.100452 0.980732
    outer loop
      vertex -19.3574 -32.6767 3.99518
      vertex -19.719 -32.4469 3.95694
      vertex -19.5172 -32.7835 3.95694
    endloop
  endfacet
  facet normal 0.49153 -0.262807 0.830259
    outer loop
      vertex 20.0638 -32.5284 3.77301
      vertex 19.9132 -32.466 3.88192
      vertex 20.0052 -32.638 3.77301
    endloop
  endfacet
  facet normal 0.378823 -0.0561943 0.923761
    outer loop
      vertex 20.1578 -31.237 3.95694
      vertex 20.3931 -30.884 3.88192
      vertex 20.2154 -30.8487 3.95694
    endloop
  endfacet
  facet normal 0.378823 -0.0561943 0.923761
    outer loop
      vertex 20.3931 -30.884 3.88192
      vertex 20.1578 -31.237 3.95694
      vertex 20.3355 -31.2723 3.88192
    endloop
  endfacet
  facet normal -0.476861 -0.285805 0.831216
    outer loop
      vertex -20.0052 -32.638 3.77301
      vertex -19.6678 -32.8842 3.88192
      vertex -19.8696 -32.5475 3.88192
    endloop
  endfacet
  facet normal -0.476968 -0.286011 0.831083
    outer loop
      vertex -19.6678 -32.8842 3.88192
      vertex -20.0052 -32.638 3.77301
      vertex -19.8033 -32.9747 3.77301
    endloop
  endfacet
  facet normal -0.144696 -0.131162 0.980744
    outer loop
      vertex -19.2473 -33.1428 3.95694
      vertex -18.8477 -33.2977 3.99518
      vertex -19.1113 -33.0069 3.99518
    endloop
  endfacet
  facet normal -0.144671 -0.131094 0.980757
    outer loop
      vertex -18.8477 -33.2977 3.99518
      vertex -19.2473 -33.1428 3.95694
      vertex -18.9837 -33.4337 3.95694
    endloop
  endfacet
  facet normal -0.338776 -0.181535 0.923188
    outer loop
      vertex -19.7459 -32.3967 3.95694
      vertex -19.9132 -32.466 3.88192
      vertex -19.719 -32.4469 3.95694
    endloop
  endfacet
  facet normal -0.181535 -0.338776 0.923188
    outer loop
      vertex -17.9969 -34.169 3.95694
      vertex -18.016 -34.3632 3.88192
      vertex -17.9467 -34.1959 3.95694
    endloop
  endfacet
  facet normal 0.0286669 -0.193253 0.98073
    outer loop
      vertex 16.7495 -34.4193 3.99518
      vertex 16.3987 -34.6654 3.95694
      vertex 16.787 -34.6078 3.95694
    endloop
  endfacet
  facet normal 0.0286669 -0.193253 0.98073
    outer loop
      vertex 16.3987 -34.6654 3.95694
      vertex 16.7495 -34.4193 3.99518
      vertex 16.3612 -34.4769 3.99518
    endloop
  endfacet
  facet normal -0.262807 -0.49153 0.830259
    outer loop
      vertex -18.016 -34.3632 3.88192
      vertex -18.188 -34.4552 3.77301
      vertex -18.0784 -34.5138 3.77301
    endloop
  endfacet
  facet normal -0.237648 -0.502631 0.831195
    outer loop
      vertex -18.0784 -34.5138 3.77301
      vertex -17.6611 -34.531 3.88192
      vertex -18.016 -34.3632 3.88192
    endloop
  endfacet
  facet normal -0.237648 -0.502631 0.831195
    outer loop
      vertex -17.6611 -34.531 3.88192
      vertex -18.0784 -34.5138 3.77301
      vertex -17.7235 -34.6816 3.77301
    endloop
  endfacet
  facet normal -0.112189 -0.367657 0.923169
    outer loop
      vertex -17.1678 -34.5125 3.95694
      vertex -17.2222 -34.4959 3.95694
      vertex -17.2031 -34.6901 3.88192
    endloop
  endfacet
  facet normal -0.0573399 0.187378 0.980613
    outer loop
      vertex -17.1303 28.3239 3.99518
      vertex -17.2222 28.4959 3.95694
      vertex -17.1486 28.3183 3.99518
    endloop
  endfacet
  facet normal -0.0834883 -0.176474 0.980758
    outer loop
      vertex -17.9467 -34.1959 3.95694
      vertex -17.5182 -34.1861 3.99518
      vertex -17.8731 -34.0182 3.99518
    endloop
  endfacet
  facet normal -0.0834846 -0.176571 0.980741
    outer loop
      vertex -17.5182 -34.1861 3.99518
      vertex -17.9467 -34.1959 3.95694
      vertex -17.5918 -34.3637 3.95694
    endloop
  endfacet
  facet normal -0.187492 -0.0570628 0.980607
    outer loop
      vertex -19.8739 -31.5802 3.99518
      vertex -20.0459 -31.6722 3.95694
      vertex -19.8683 -31.5986 3.99518
    endloop
  endfacet
  facet normal -0.172891 -0.0920721 0.980628
    outer loop
      vertex -19.5682 -32.3231 3.99518
      vertex -19.7459 -32.3967 3.95694
      vertex -19.5592 -32.34 3.99518
    endloop
  endfacet
  facet normal -0.382704 0 -0.923871
    outer loop
      vertex -20.4214 -30.4 0.118079
      vertex -20.2403 24.4 0.0430603
      vertex -20.2403 -30.4 0.0430603
    endloop
  endfacet
  facet normal -0.382704 0 -0.923871
    outer loop
      vertex -20.2403 24.4 0.0430603
      vertex -20.4214 -30.4 0.118079
      vertex -20.4214 24.4 0.118079
    endloop
  endfacet
  facet normal -0.92278 0.0454212 -0.382641
    outer loop
      vertex -20.8319 24.4 0.528604
      vertex -20.8877 24.7921 0.709716
      vertex -20.8126 24.7921 0.528604
    endloop
  endfacet
  facet normal -0.92297 0.0451952 -0.38221
    outer loop
      vertex -20.8877 24.7921 0.709716
      vertex -20.8319 24.4 0.528604
      vertex -20.9069 24.4 0.709716
    endloop
  endfacet
  facet normal -0.979602 -0.0479683 -0.195139
    outer loop
      vertex -20.8877 -30.7921 0.709716
      vertex -20.9452 -30.4 0.901983
      vertex -20.9069 -30.4 0.709716
    endloop
  endfacet
  facet normal -0.979687 -0.0482223 -0.194646
    outer loop
      vertex -20.9452 -30.4 0.901983
      vertex -20.8877 -30.7921 0.709716
      vertex -20.9259 -30.7921 0.901983
    endloop
  endfacet
  facet normal -0.920051 0.0904004 -0.381226
    outer loop
      vertex -20.8126 24.7921 0.528604
      vertex -20.8693 24.9788 0.709716
      vertex -20.7957 24.9641 0.528604
    endloop
  endfacet
  facet normal -0.835398 -0.394984 0.382228
    outer loop
      vertex -20.5296 -32.2969 3.29028
      vertex -20.2925 -32.6231 3.4714
      vertex -20.4603 -32.2682 3.4714
    endloop
  endfacet
  facet normal -0.835398 -0.394984 0.382228
    outer loop
      vertex -20.2925 -32.6231 3.4714
      vertex -20.5296 -32.2969 3.29028
      vertex -20.3618 -32.6518 3.29028
    endloop
  endfacet
  facet normal -0.886714 -0.419247 0.194861
    outer loop
      vertex -20.5649 -32.3116 3.09802
      vertex -20.3618 -32.6518 3.29028
      vertex -20.5296 -32.2969 3.29028
    endloop
  endfacet
  facet normal -0.886706 -0.419361 0.19465
    outer loop
      vertex -20.3618 -32.6518 3.29028
      vertex -20.5649 -32.3116 3.09802
      vertex -20.3971 -32.6664 3.09802
    endloop
  endfacet
  facet normal -0.806889 -0.202199 0.555018
    outer loop
      vertex -20.7381 -31.3524 3.4714
      vertex -20.5359 -31.7119 3.63439
      vertex -20.6313 -31.3312 3.63439
    endloop
  endfacet
  facet normal -0.806846 -0.202135 0.555105
    outer loop
      vertex -20.5359 -31.7119 3.63439
      vertex -20.7381 -31.3524 3.4714
      vertex -20.6427 -31.7332 3.4714
    endloop
  endfacet
  facet normal -0.881899 -0.471439 0
    outer loop
      vertex -20.3051 -32.8385 0.901983
      vertex -20.3971 -32.6664 3.09802
      vertex -20.3971 -32.6664 0.901983
    endloop
  endfacet
  facet normal -0.881899 -0.471439 0
    outer loop
      vertex -20.3971 -32.6664 3.09802
      vertex -20.3051 -32.8385 0.901983
      vertex -20.3051 -32.8385 3.09802
    endloop
  endfacet
  facet normal -0.533413 -0.161713 0.830253
    outer loop
      vertex -20.2401 -31.6531 3.88192
      vertex -20.3639 -31.8039 3.77301
      vertex -20.2133 -31.7415 3.88192
    endloop
  endfacet
  facet normal -0.666332 -0.238517 0.706478
    outer loop
      vertex -20.4919 -31.8569 3.63439
      vertex -20.2316 -32.1735 3.77301
      vertex -20.3639 -31.8039 3.77301
    endloop
  endfacet
  facet normal -0.666167 -0.238277 0.706714
    outer loop
      vertex -20.2316 -32.1735 3.77301
      vertex -20.4919 -31.8569 3.63439
      vertex -20.3597 -32.2265 3.63439
    endloop
  endfacet
  facet normal -0.378823 -0.0561943 0.923761
    outer loop
      vertex -20.3931 -30.884 3.88192
      vertex -20.1578 -31.237 3.95694
      vertex -20.2154 -30.8487 3.95694
    endloop
  endfacet
  facet normal -0.378823 -0.0561943 0.923761
    outer loop
      vertex -20.1578 -31.237 3.95694
      vertex -20.3931 -30.884 3.88192
      vertex -20.3355 -31.2723 3.88192
    endloop
  endfacet
  facet normal -0.195001 -0.0192934 0.980613
    outer loop
      vertex -20.0287 -30.7921 3.99518
      vertex -20.221 -30.7921 3.95694
      vertex -20.2154 -30.8487 3.95694
    endloop
  endfacet
  facet normal -0.841273 -0.504214 0.195008
    outer loop
      vertex -20.3051 -32.8385 3.09802
      vertex -20.0715 -33.1539 3.29028
      vertex -20.2733 -32.8172 3.29028
    endloop
  endfacet
  facet normal -0.841273 -0.504214 0.195008
    outer loop
      vertex -20.0715 -33.1539 3.29028
      vertex -20.3051 -32.8385 3.09802
      vertex -20.1033 -33.1752 3.09802
    endloop
  endfacet
  facet normal -0.758265 -0.6223 0.194361
    outer loop
      vertex -19.8377 -33.4692 3.29028
      vertex -19.8695 -33.4905 3.09802
      vertex -19.7187 -33.6142 3.29028
    endloop
  endfacet
  facet normal -0.796845 -0.241801 0.553688
    outer loop
      vertex -20.5359 -31.7119 3.63439
      vertex -20.5925 -31.8986 3.4714
      vertex -20.4919 -31.8569 3.63439
    endloop
  endfacet
  facet normal -0.803259 -0.59563 0
    outer loop
      vertex -19.8695 -33.4905 0.901983
      vertex -20.1033 -33.1752 3.09802
      vertex -20.1033 -33.1752 0.901983
    endloop
  endfacet
  facet normal -0.803259 -0.59563 0
    outer loop
      vertex -20.1033 -33.1752 3.09802
      vertex -19.8695 -33.4905 0.901983
      vertex -19.8695 -33.4905 3.09802
    endloop
  endfacet
  facet normal 0.0561943 -0.378823 0.923761
    outer loop
      vertex 16.787 -34.6078 3.95694
      vertex 16.434 -34.8431 3.88192
      vertex 16.8223 -34.7855 3.88192
    endloop
  endfacet
  facet normal 0.0561943 -0.378823 0.923761
    outer loop
      vertex 16.434 -34.8431 3.88192
      vertex 16.787 -34.6078 3.95694
      vertex 16.3987 -34.6654 3.95694
    endloop
  endfacet
  facet normal 0.0378216 -0.382269 0.923277
    outer loop
      vertex 16.3987 -34.6654 3.95694
      vertex 16.3421 -34.671 3.95694
      vertex 16.434 -34.8431 3.88192
    endloop
  endfacet
  facet normal 0.124167 -0.151647 0.980605
    outer loop
      vertex 18.5569 -33.5613 3.99518
      vertex 18.542 -33.5735 3.99518
      vertex 18.6928 -33.6973 3.95694
    endloop
  endfacet
  facet normal 0.122057 -0.822823 0.555035
    outer loop
      vertex 16.5141 -35.2457 3.4714
      vertex 16.8812 -35.0813 3.63439
      vertex 16.4929 -35.1389 3.63439
    endloop
  endfacet
  facet normal 0.122057 -0.822823 0.555035
    outer loop
      vertex 16.8812 -35.0813 3.63439
      vertex 16.5141 -35.2457 3.4714
      vertex 16.9024 -35.1881 3.4714
    endloop
  endfacet
  facet normal 0.0692214 -0.70531 0.705512
    outer loop
      vertex 16.4658 -35.0029 3.77301
      vertex 16.3421 -35.1537 3.63439
      vertex 16.4929 -35.1389 3.63439
    endloop
  endfacet
  facet normal 0.0451954 -0.922976 0.382195
    outer loop
      vertex 15.95 -35.3569 3.29028
      vertex 16.3421 -35.2627 3.4714
      vertex 15.95 -35.2819 3.4714
    endloop
  endfacet
  facet normal 0.0451954 -0.922976 0.382195
    outer loop
      vertex 16.3421 -35.2627 3.4714
      vertex 15.95 -35.3569 3.29028
      vertex 16.3421 -35.3377 3.29028
    endloop
  endfacet
  facet normal 0.0657809 -0.183908 0.98074
    outer loop
      vertex 17.5182 -34.1861 3.99518
      vertex 17.2222 -34.4959 3.95694
      vertex 17.5918 -34.3637 3.95694
    endloop
  endfacet
  facet normal 0.0657809 -0.183908 0.98074
    outer loop
      vertex 17.2222 -34.4959 3.95694
      vertex 17.5182 -34.1861 3.99518
      vertex 17.1486 -34.3183 3.99518
    endloop
  endfacet
  facet normal 0.0695749 -0.705444 0.705342
    outer loop
      vertex 16.3421 -35.0151 3.77301
      vertex 16.3421 -35.1537 3.63439
      vertex 16.4658 -35.0029 3.77301
    endloop
  endfacet
  facet normal 0.0572003 -0.187452 0.980607
    outer loop
      vertex 17.2222 -34.4959 3.95694
      vertex 17.1303 -34.3239 3.99518
      vertex 17.1678 -34.5125 3.95694
    endloop
  endfacet
  facet normal 0.181535 -0.338776 0.923188
    outer loop
      vertex 17.9969 -34.169 3.95694
      vertex 17.9467 -34.1959 3.95694
      vertex 18.016 -34.3632 3.88192
    endloop
  endfacet
  facet normal -0.195028 0.0095997 0.980751
    outer loop
      vertex -20.221 24.7921 3.95694
      vertex -20.048 24.4 3.99518
      vertex -20.0287 24.7921 3.99518
    endloop
  endfacet
  facet normal -0.195028 0.0095997 0.980751
    outer loop
      vertex -20.048 24.4 3.99518
      vertex -20.221 24.7921 3.95694
      vertex -20.2403 24.4 3.95694
    endloop
  endfacet
  facet normal 0.243666 -0.296989 0.923269
    outer loop
      vertex 18.6928 -33.6973 3.95694
      vertex 18.6488 -33.7334 3.95694
      vertex 18.7495 -33.884 3.88192
    endloop
  endfacet
  facet normal 0.116346 -0.156836 0.980748
    outer loop
      vertex 18.2267 -33.8074 3.99518
      vertex 18.6488 -33.7334 3.95694
      vertex 18.542 -33.5735 3.99518
    endloop
  endfacet
  facet normal 0.11636 -0.156921 0.980732
    outer loop
      vertex 18.6488 -33.7334 3.95694
      vertex 18.2267 -33.8074 3.99518
      vertex 18.3335 -33.9672 3.95694
    endloop
  endfacet
  facet normal 0.427495 -0.713269 0.555423
    outer loop
      vertex 18.3256 -34.661 3.4714
      vertex 18.6017 -34.3686 3.63439
      vertex 18.265 -34.5704 3.63439
    endloop
  endfacet
  facet normal 0.42765 -0.713316 0.555244
    outer loop
      vertex 18.6017 -34.3686 3.63439
      vertex 18.3256 -34.661 3.4714
      vertex 18.6622 -34.4592 3.4714
    endloop
  endfacet
  facet normal 0.504214 -0.841273 0.195008
    outer loop
      vertex 18.3885 -34.7551 3.09802
      vertex 18.7039 -34.5215 3.29028
      vertex 18.3672 -34.7233 3.29028
    endloop
  endfacet
  facet normal 0.504214 -0.841273 0.195008
    outer loop
      vertex 18.7039 -34.5215 3.29028
      vertex 18.3885 -34.7551 3.09802
      vertex 18.7252 -34.5533 3.09802
    endloop
  endfacet
  facet normal 0.103799 -0.699745 0.706812
    outer loop
      vertex 16.8541 -34.9453 3.77301
      vertex 16.4929 -35.1389 3.63439
      vertex 16.8812 -35.0813 3.63439
    endloop
  endfacet
  facet normal 0.103799 -0.699745 0.706812
    outer loop
      vertex 16.4929 -35.1389 3.63439
      vertex 16.8541 -34.9453 3.77301
      vertex 16.4658 -35.0029 3.77301
    endloop
  endfacet
  facet normal -0.740908 -0.671607 0
    outer loop
      vertex -19.4821 -33.9321 0.901983
      vertex -19.7457 -33.6413 3.09802
      vertex -19.7457 -33.6413 0.901983
    endloop
  endfacet
  facet normal -0.740908 -0.671607 0
    outer loop
      vertex -19.7457 -33.6413 3.09802
      vertex -19.4821 -33.9321 0.901983
      vertex -19.4821 -33.9321 3.09802
    endloop
  endfacet
  facet normal -0.714651 -0.586507 -0.381161
    outer loop
      vertex -19.7187 -33.6142 0.709716
      vertex -19.8377 -33.4692 0.709716
      vertex -19.6656 -33.5612 0.528604
    endloop
  endfacet
  facet normal -0.841274 -0.504215 -0.195001
    outer loop
      vertex -20.0715 -33.1539 0.709716
      vertex -20.3051 -32.8385 0.901983
      vertex -20.2733 -32.8172 0.709716
    endloop
  endfacet
  facet normal -0.841274 -0.504215 -0.195001
    outer loop
      vertex -20.3051 -32.8385 0.901983
      vertex -20.0715 -33.1539 0.709716
      vertex -20.1033 -33.1752 0.901983
    endloop
  endfacet
  facet normal -0.95699 -0.290121 0
    outer loop
      vertex -20.6972 -31.942 0.901983
      vertex -20.7538 -31.7553 3.09802
      vertex -20.7538 -31.7553 0.901983
    endloop
  endfacet
  facet normal -0.95699 -0.290121 0
    outer loop
      vertex -20.7538 -31.7553 3.09802
      vertex -20.6972 -31.942 0.901983
      vertex -20.6972 -31.942 3.09802
    endloop
  endfacet
  facet normal -0.678454 -0.205876 -0.705206
    outer loop
      vertex -20.4919 -31.8569 0.365607
      vertex -20.5359 -31.7119 0.365607
      vertex -20.3639 -31.8039 0.22699
    endloop
  endfacet
  facet normal -0.122057 -0.822823 0.555035
    outer loop
      vertex -16.5141 -35.2457 3.4714
      vertex -16.8812 -35.0813 3.63439
      vertex -16.9024 -35.1881 3.4714
    endloop
  endfacet
  facet normal -0.122057 -0.822823 0.555035
    outer loop
      vertex -16.8812 -35.0813 3.63439
      vertex -16.5141 -35.2457 3.4714
      vertex -16.4929 -35.1389 3.63439
    endloop
  endfacet
  facet normal -0.0347868 -0.70673 0.706628
    outer loop
      vertex -16.3421 -35.1537 3.63439
      vertex -15.95 -35.0344 3.77301
      vertex -16.3421 -35.0151 3.77301
    endloop
  endfacet
  facet normal -0.0347868 -0.70673 0.706628
    outer loop
      vertex -15.95 -35.0344 3.77301
      vertex -16.3421 -35.1537 3.63439
      vertex -15.95 -35.173 3.63439
    endloop
  endfacet
  facet normal -0.311424 -0.870009 0.38223
    outer loop
      vertex -17.4773 -35.1119 3.29028
      vertex -17.8182 -34.9103 3.4714
      vertex -17.8469 -34.9796 3.29028
    endloop
  endfacet
  facet normal -0.311158 -0.869925 0.382636
    outer loop
      vertex -17.8182 -34.9103 3.4714
      vertex -17.4773 -35.1119 3.29028
      vertex -17.4486 -35.0425 3.4714
    endloop
  endfacet
  facet normal -0.161795 -0.53334 0.830283
    outer loop
      vertex -17.2031 -34.6901 3.88192
      vertex -17.3539 -34.8139 3.77301
      vertex -17.2349 -34.85 3.77301
    endloop
  endfacet
  facet normal -0.0474541 -0.189418 0.980749
    outer loop
      vertex -17.1678 -34.5125 3.95694
      vertex -16.7495 -34.4193 3.99518
      vertex -17.1303 -34.3239 3.99518
    endloop
  endfacet
  facet normal -0.0474298 -0.18952 0.980731
    outer loop
      vertex -16.7495 -34.4193 3.99518
      vertex -17.1678 -34.5125 3.95694
      vertex -16.787 -34.6078 3.95694
    endloop
  endfacet
  facet normal -0.0813387 -0.828775 0.553639
    outer loop
      vertex -16.4929 -35.1389 3.63439
      vertex -16.5141 -35.2457 3.4714
      vertex -16.3421 -35.1537 3.63439
    endloop
  endfacet
  facet normal -0.0408817 -0.830554 0.555435
    outer loop
      vertex -16.3421 -35.2627 3.4714
      vertex -15.95 -35.173 3.63439
      vertex -16.3421 -35.1537 3.63439
    endloop
  endfacet
  facet normal -0.0406817 -0.830796 0.555088
    outer loop
      vertex -15.95 -35.173 3.63439
      vertex -16.3421 -35.2627 3.4714
      vertex -15.95 -35.2819 3.4714
    endloop
  endfacet
  facet normal -0.528255 -0.643826 0.553566
    outer loop
      vertex -18.917 -34.1348 3.63439
      vertex -19.1112 -34.1156 3.4714
      vertex -18.9775 -34.2253 3.4714
    endloop
  endfacet
  facet normal -0.550356 -0.742203 0.382417
    outer loop
      vertex -18.7039 -34.5215 3.29028
      vertex -18.9775 -34.2253 3.4714
      vertex -19.0192 -34.2877 3.29028
    endloop
  endfacet
  facet normal -0.550595 -0.742208 0.382064
    outer loop
      vertex -18.9775 -34.2253 3.4714
      vertex -18.7039 -34.5215 3.29028
      vertex -18.6622 -34.4592 3.4714
    endloop
  endfacet
  facet normal -0.435858 -0.815562 0.380638
    outer loop
      vertex -18.3256 -34.661 3.4714
      vertex -18.3672 -34.7233 3.29028
      vertex -18.1731 -34.7425 3.4714
    endloop
  endfacet
  facet normal -0.330556 -0.923458 0.194826
    outer loop
      vertex -17.492 -35.1472 3.09802
      vertex -17.8469 -34.9796 3.29028
      vertex -17.8616 -35.0149 3.09802
    endloop
  endfacet
  facet normal -0.330556 -0.923458 0.194826
    outer loop
      vertex -17.8469 -34.9796 3.29028
      vertex -17.492 -35.1472 3.09802
      vertex -17.4773 -35.1119 3.29028
    endloop
  endfacet
  facet normal -0.392391 -0.734228 0.554021
    outer loop
      vertex -18.265 -34.5704 3.63439
      vertex -18.3256 -34.661 3.4714
      vertex -18.1731 -34.7425 3.4714
    endloop
  endfacet
  facet normal -0.547785 -0.449742 0.705452
    outer loop
      vertex -19.5695 -33.29 3.77301
      vertex -19.6848 -33.367 3.63439
      vertex -19.4906 -33.3861 3.77301
    endloop
  endfacet
  facet normal -0.742208 -0.550595 0.382064
    outer loop
      vertex -20.0715 -33.1539 3.29028
      vertex -19.7753 -33.4275 3.4714
      vertex -20.0092 -33.1122 3.4714
    endloop
  endfacet
  facet normal -0.742203 -0.550356 0.382417
    outer loop
      vertex -19.7753 -33.4275 3.4714
      vertex -20.0715 -33.1539 3.29028
      vertex -19.8377 -33.4692 3.29028
    endloop
  endfacet
  facet normal -0.151647 -0.124167 0.980605
    outer loop
      vertex -19.1235 -32.992 3.99518
      vertex -19.2473 -33.1428 3.95694
      vertex -19.1113 -33.0069 3.99518
    endloop
  endfacet
  facet normal -0.643826 -0.528255 0.553566
    outer loop
      vertex -19.6848 -33.367 3.63439
      vertex -19.7753 -33.4275 3.4714
      vertex -19.6656 -33.5612 3.4714
    endloop
  endfacet
  facet normal -0.495633 -0.668119 0.554946
    outer loop
      vertex -18.6622 -34.4592 3.4714
      vertex -18.917 -34.1348 3.63439
      vertex -18.9775 -34.2253 3.4714
    endloop
  endfacet
  facet normal -0.495382 -0.668067 0.555233
    outer loop
      vertex -18.917 -34.1348 3.63439
      vertex -18.6622 -34.4592 3.4714
      vertex -18.6017 -34.3686 3.63439
    endloop
  endfacet
  facet normal -0.668067 -0.495382 0.555233
    outer loop
      vertex -20.0092 -33.1122 3.4714
      vertex -19.6848 -33.367 3.63439
      vertex -19.9186 -33.0517 3.63439
    endloop
  endfacet
  facet normal -0.668119 -0.495633 0.554946
    outer loop
      vertex -19.6848 -33.367 3.63439
      vertex -20.0092 -33.1122 3.4714
      vertex -19.7753 -33.4275 3.4714
    endloop
  endfacet
  facet normal -0.228113 -0.307631 0.923757
    outer loop
      vertex -18.7495 -33.884 3.88192
      vertex -18.3335 -33.9672 3.95694
      vertex -18.6488 -33.7334 3.95694
    endloop
  endfacet
  facet normal -0.228113 -0.307631 0.923757
    outer loop
      vertex -18.3335 -33.9672 3.95694
      vertex -18.7495 -33.884 3.88192
      vertex -18.4342 -34.1178 3.88192
    endloop
  endfacet
  facet normal -0.334277 -0.6252 0.705254
    outer loop
      vertex -18.188 -34.4552 3.77301
      vertex -18.265 -34.5704 3.63439
      vertex -18.0784 -34.5138 3.77301
    endloop
  endfacet
  facet normal -0.462453 -0.865088 0.19432
    outer loop
      vertex -18.3672 -34.7233 3.29028
      vertex -18.3885 -34.7551 3.09802
      vertex -18.2164 -34.8471 3.09802
    endloop
  endfacet
  facet normal -0.330557 -0.92346 -0.194819
    outer loop
      vertex -17.8469 -34.9796 0.709716
      vertex -17.492 -35.1472 0.901983
      vertex -17.8616 -35.0149 0.901983
    endloop
  endfacet
  facet normal -0.330557 -0.92346 -0.194819
    outer loop
      vertex -17.492 -35.1472 0.901983
      vertex -17.8469 -34.9796 0.709716
      vertex -17.4773 -35.1119 0.709716
    endloop
  endfacet
  facet normal -0.290121 -0.95699 0
    outer loop
      vertex -17.492 -35.1472 0.901983
      vertex -17.3053 -35.2038 3.09802
      vertex -17.492 -35.1472 3.09802
    endloop
  endfacet
  facet normal -0.290121 -0.95699 -0
    outer loop
      vertex -17.3053 -35.2038 3.09802
      vertex -17.492 -35.1472 0.901983
      vertex -17.3053 -35.2038 0.901983
    endloop
  endfacet
  facet normal -0.923458 0.330556 0.194826
    outer loop
      vertex -20.6972 25.942 3.09802
      vertex -20.5296 26.2969 3.29028
      vertex -20.5649 26.3116 3.09802
    endloop
  endfacet
  facet normal -0.923458 0.330556 0.194826
    outer loop
      vertex -20.5296 26.2969 3.29028
      vertex -20.6972 25.942 3.09802
      vertex -20.6619 25.9273 3.29028
    endloop
  endfacet
  facet normal -0.92392 0 0.382586
    outer loop
      vertex -20.9069 -30.4 3.29028
      vertex -20.8319 24.4 3.4714
      vertex -20.9069 24.4 3.29028
    endloop
  endfacet
  facet normal -0.92392 0 0.382586
    outer loop
      vertex -20.8319 24.4 3.4714
      vertex -20.9069 -30.4 3.29028
      vertex -20.8319 -30.4 3.4714
    endloop
  endfacet
  facet normal -0.970216 0.143921 0.194853
    outer loop
      vertex -20.9068 24.9862 3.09802
      vertex -20.8117 25.367 3.29028
      vertex -20.8492 25.3745 3.09802
    endloop
  endfacet
  facet normal -0.970225 0.143959 0.194782
    outer loop
      vertex -20.8117 25.367 3.29028
      vertex -20.9068 24.9862 3.09802
      vertex -20.8693 24.9788 3.29028
    endloop
  endfacet
  facet normal -0.951427 0.238356 -0.194865
    outer loop
      vertex -20.7163 25.7478 0.709716
      vertex -20.8492 25.3745 0.901983
      vertex -20.7538 25.7553 0.901983
    endloop
  endfacet
  facet normal -0.951427 0.238356 -0.194865
    outer loop
      vertex -20.8492 25.3745 0.901983
      vertex -20.7163 25.7478 0.709716
      vertex -20.8117 25.367 0.709716
    endloop
  endfacet
  facet normal -0.822834 0.122058 -0.555018
    outer loop
      vertex -20.6313 25.3312 0.365607
      vertex -20.7957 24.9641 0.528604
      vertex -20.7381 25.3524 0.528604
    endloop
  endfacet
  facet normal -0.822834 0.122058 -0.555018
    outer loop
      vertex -20.7957 24.9641 0.528604
      vertex -20.6313 25.3312 0.365607
      vertex -20.6889 24.9429 0.365607
    endloop
  endfacet
  facet normal -0.828735 0.081428 -0.553686
    outer loop
      vertex -20.7037 24.7921 0.365607
      vertex -20.8126 24.7921 0.528604
      vertex -20.7957 24.9641 0.528604
    endloop
  endfacet
  facet normal -0.828786 0.0813397 -0.553622
    outer loop
      vertex -20.7037 24.7921 0.365607
      vertex -20.7957 24.9641 0.528604
      vertex -20.6889 24.9429 0.365607
    endloop
  endfacet
  facet normal -0.187444 -0.0571981 -0.980609
    outer loop
      vertex -20.0459 -31.6722 0.0430603
      vertex -20.0625 -31.6178 0.0430603
      vertex -19.8739 -31.5802 0.00481606
    endloop
  endfacet
  facet normal -0.057346 -0.187398 -0.980609
    outer loop
      vertex -17.1303 -34.3239 0.00481606
      vertex -17.2222 -34.4959 0.0430603
      vertex -17.1486 -34.3183 0.00481606
    endloop
  endfacet
  facet normal -0.144712 0.131176 -0.98074
    outer loop
      vertex -19.2473 27.1428 0.0430603
      vertex -18.8477 27.2977 0.00481606
      vertex -19.1113 27.0069 0.00481606
    endloop
  endfacet
  facet normal -0.144687 0.131108 -0.980753
    outer loop
      vertex -18.8477 27.2977 0.00481606
      vertex -19.2473 27.1428 0.0430603
      vertex -18.9837 27.4337 0.0430603
    endloop
  endfacet
  facet normal -0.758265 0.6223 0.194361
    outer loop
      vertex -19.7187 27.6142 3.29028
      vertex -19.8695 27.4905 3.09802
      vertex -19.8377 27.4692 3.29028
    endloop
  endfacet
  facet normal -0.783205 0.28014 0.555078
    outer loop
      vertex -20.5925 25.8986 3.4714
      vertex -20.3597 26.2265 3.63439
      vertex -20.4603 26.2682 3.4714
    endloop
  endfacet
  facet normal -0.783205 0.28014 0.555078
    outer loop
      vertex -20.3597 26.2265 3.63439
      vertex -20.5925 25.8986 3.4714
      vertex -20.4919 25.8569 3.63439
    endloop
  endfacet
  facet normal -0.666167 0.238277 0.706714
    outer loop
      vertex -20.4919 25.8569 3.63439
      vertex -20.2316 26.1735 3.77301
      vertex -20.3597 26.2265 3.63439
    endloop
  endfacet
  facet normal -0.666332 0.238517 0.706478
    outer loop
      vertex -20.2316 26.1735 3.77301
      vertex -20.4919 25.8569 3.63439
      vertex -20.3639 25.8039 3.77301
    endloop
  endfacet
  facet normal -0.353755 0.431026 0.830105
    outer loop
      vertex -18.7495 27.884 3.88192
      vertex -18.9361 27.9406 3.77301
      vertex -18.8209 27.8254 3.88192
    endloop
  endfacet
  facet normal -0.427539 0.903997 0
    outer loop
      vertex -17.8616 29.0149 0.901983
      vertex -18.2164 28.8471 3.09802
      vertex -17.8616 29.0149 3.09802
    endloop
  endfacet
  facet normal -0.427539 0.903997 0
    outer loop
      vertex -18.2164 28.8471 3.09802
      vertex -17.8616 29.0149 0.901983
      vertex -18.2164 28.8471 0.901983
    endloop
  endfacet
  facet normal -0.238514 0.666325 -0.706485
    outer loop
      vertex -17.7235 28.6816 0.22699
      vertex -17.4069 28.9419 0.365607
      vertex -17.3539 28.8139 0.22699
    endloop
  endfacet
  facet normal -0.238275 0.66616 -0.706722
    outer loop
      vertex -17.4069 28.9419 0.365607
      vertex -17.7235 28.6816 0.22699
      vertex -17.7765 28.8097 0.365607
    endloop
  endfacet
  facet normal -0.0818825 0.828458 0.554033
    outer loop
      vertex -16.3421 29.2627 3.4714
      vertex -16.5141 29.2457 3.4714
      vertex -16.3421 29.1537 3.63439
    endloop
  endfacet
  facet normal -0.202199 0.806889 0.555018
    outer loop
      vertex -16.9024 29.1881 3.4714
      vertex -17.2619 28.9859 3.63439
      vertex -16.8812 29.0813 3.63439
    endloop
  endfacet
  facet normal -0.202135 0.806846 0.555105
    outer loop
      vertex -17.2619 28.9859 3.63439
      vertex -16.9024 29.1881 3.4714
      vertex -17.2832 29.0927 3.4714
    endloop
  endfacet
  facet normal -0.0408932 0.830789 0.555083
    outer loop
      vertex -15.95 29.2819 3.4714
      vertex -16.3421 29.1537 3.63439
      vertex -15.95 29.173 3.63439
    endloop
  endfacet
  facet normal -0.0406702 0.830561 0.55544
    outer loop
      vertex -16.3421 29.1537 3.63439
      vertex -15.95 29.2819 3.4714
      vertex -16.3421 29.2627 3.4714
    endloop
  endfacet
  facet normal -0.124167 0.151647 0.980605
    outer loop
      vertex -18.542 27.5735 3.99518
      vertex -18.6928 27.6973 3.95694
      vertex -18.5569 27.5613 3.99518
    endloop
  endfacet
  facet normal -0.122057 0.822823 0.555035
    outer loop
      vertex -16.5141 29.2457 3.4714
      vertex -16.8812 29.0813 3.63439
      vertex -16.4929 29.1389 3.63439
    endloop
  endfacet
  facet normal -0.122057 0.822823 0.555035
    outer loop
      vertex -16.8812 29.0813 3.63439
      vertex -16.5141 29.2457 3.4714
      vertex -16.9024 29.1881 3.4714
    endloop
  endfacet
  facet normal -0.0816102 0.550161 0.831061
    outer loop
      vertex -16.4658 29.0029 3.77301
      vertex -16.8223 28.7855 3.88192
      vertex -16.434 28.8431 3.88192
    endloop
  endfacet
  facet normal -0.0816102 0.550161 0.831061
    outer loop
      vertex -16.8223 28.7855 3.88192
      vertex -16.4658 29.0029 3.77301
      vertex -16.8541 28.9453 3.77301
    endloop
  endfacet
  facet normal -0.128977 -0.360589 0.923764
    outer loop
      vertex -17.5918 -34.3637 3.95694
      vertex -17.2915 -34.6633 3.88192
      vertex -17.2222 -34.4959 3.95694
    endloop
  endfacet
  facet normal -0.12912 -0.360715 0.923695
    outer loop
      vertex -17.2915 -34.6633 3.88192
      vertex -17.5918 -34.3637 3.95694
      vertex -17.6611 -34.531 3.88192
    endloop
  endfacet
  facet normal -0.0543467 0.55494 0.830113
    outer loop
      vertex -16.3421 28.8521 3.88192
      vertex -16.4658 29.0029 3.77301
      vertex -16.434 28.8431 3.88192
    endloop
  endfacet
  facet normal -0.205816 0.678451 0.705226
    outer loop
      vertex -17.2619 28.9859 3.63439
      vertex -17.3539 28.8139 3.77301
      vertex -17.2349 28.85 3.77301
    endloop
  endfacet
  facet normal -0.238356 0.951426 0.194872
    outer loop
      vertex -16.9245 29.2992 3.09802
      vertex -17.2978 29.1663 3.29028
      vertex -16.917 29.2617 3.29028
    endloop
  endfacet
  facet normal -0.238356 0.951426 0.194872
    outer loop
      vertex -17.2978 29.1663 3.29028
      vertex -16.9245 29.2992 3.09802
      vertex -17.3053 29.2038 3.09802
    endloop
  endfacet
  facet normal -0.0188344 0.382641 0.923705
    outer loop
      vertex -16.3421 28.8521 3.88192
      vertex -15.95 28.6903 3.95694
      vertex -15.95 28.8714 3.88192
    endloop
  endfacet
  facet normal -0.0188344 0.382641 0.923705
    outer loop
      vertex -15.95 28.6903 3.95694
      vertex -16.3421 28.8521 3.88192
      vertex -16.3421 28.671 3.95694
    endloop
  endfacet
  facet normal -0.135025 0.539534 0.831066
    outer loop
      vertex -17.2349 28.85 3.77301
      vertex -16.8223 28.7855 3.88192
      vertex -16.8541 28.9453 3.77301
    endloop
  endfacet
  facet normal -0.135104 0.539284 0.831216
    outer loop
      vertex -16.8223 28.7855 3.88192
      vertex -17.2349 28.85 3.77301
      vertex -17.2031 28.6901 3.88192
    endloop
  endfacet
  facet normal -0.241801 0.796845 0.553688
    outer loop
      vertex -17.2619 28.9859 3.63439
      vertex -17.4486 29.0425 3.4714
      vertex -17.4069 28.9419 3.63439
    endloop
  endfacet
  facet normal -0.302567 0.639553 0.7067
    outer loop
      vertex -18.1314 28.6418 3.63439
      vertex -17.7235 28.6816 3.77301
      vertex -17.7765 28.8097 3.63439
    endloop
  endfacet
  facet normal -0.302516 0.639828 0.706473
    outer loop
      vertex -17.7235 28.6816 3.77301
      vertex -18.1314 28.6418 3.63439
      vertex -18.0784 28.5138 3.77301
    endloop
  endfacet
  facet normal -0.161713 0.533413 0.830253
    outer loop
      vertex -17.2031 28.6901 3.88192
      vertex -17.3539 28.8139 3.77301
      vertex -17.2915 28.6633 3.88192
    endloop
  endfacet
  facet normal -0.187375 0.523459 0.831192
    outer loop
      vertex -17.3539 28.8139 3.77301
      vertex -17.6611 28.531 3.88192
      vertex -17.2915 28.6633 3.88192
    endloop
  endfacet
  facet normal -0.187375 0.523459 0.831192
    outer loop
      vertex -17.6611 28.531 3.88192
      vertex -17.3539 28.8139 3.77301
      vertex -17.7235 28.6816 3.77301
    endloop
  endfacet
  facet normal -0.151647 0.124167 0.980605
    outer loop
      vertex -19.1113 27.0069 3.99518
      vertex -19.2473 27.1428 3.95694
      vertex -19.1235 26.992 3.99518
    endloop
  endfacet
  facet normal -0.131162 0.144696 0.980744
    outer loop
      vertex -18.6928 27.6973 3.95694
      vertex -18.8477 27.2977 3.99518
      vertex -18.5569 27.5613 3.99518
    endloop
  endfacet
  facet normal -0.131094 0.144671 0.980757
    outer loop
      vertex -18.8477 27.2977 3.99518
      vertex -18.6928 27.6973 3.95694
      vertex -18.9837 27.4337 3.95694
    endloop
  endfacet
  facet normal 0.172891 -0.0920721 0.980628
    outer loop
      vertex 19.5682 -32.3231 3.99518
      vertex 19.5592 -32.34 3.99518
      vertex 19.7459 -32.3967 3.95694
    endloop
  endfacet
  facet normal -0.412171 0.37349 0.831036
    outer loop
      vertex -19.4906 27.3861 3.77301
      vertex -19.1118 27.5618 3.88192
      vertex -19.227 27.677 3.77301
    endloop
  endfacet
  facet normal -0.412171 0.37349 0.831036
    outer loop
      vertex -19.1118 27.5618 3.88192
      vertex -19.4906 27.3861 3.77301
      vertex -19.3754 27.2709 3.88192
    endloop
  endfacet
  facet normal -0.449742 0.547785 0.705452
    outer loop
      vertex -18.917 28.1348 3.63439
      vertex -18.9361 27.9406 3.77301
      vertex -18.84 28.0195 3.77301
    endloop
  endfacet
  facet normal -0.331245 0.446522 0.831201
    outer loop
      vertex -18.84 28.0195 3.77301
      vertex -18.4342 28.1178 3.88192
      vertex -18.5247 28.2534 3.77301
    endloop
  endfacet
  facet normal -0.331264 0.446739 0.831077
    outer loop
      vertex -18.4342 28.1178 3.88192
      vertex -18.84 28.0195 3.77301
      vertex -18.7495 27.884 3.88192
    endloop
  endfacet
  facet normal 0.394981 -0.835392 -0.382242
    outer loop
      vertex 18.1731 -34.7425 0.528604
      vertex 17.8469 -34.9796 0.709716
      vertex 17.8182 -34.9103 0.528604
    endloop
  endfacet
  facet normal 0.394981 -0.835392 -0.382242
    outer loop
      vertex 17.8469 -34.9796 0.709716
      vertex 18.1731 -34.7425 0.528604
      vertex 18.2018 -34.8118 0.709716
    endloop
  endfacet
  facet normal 0.392399 -0.734237 -0.554002
    outer loop
      vertex 18.1731 -34.7425 0.528604
      vertex 18.1314 -34.6418 0.365607
      vertex 18.265 -34.5704 0.365607
    endloop
  endfacet
  facet normal 0.334187 -0.625314 -0.705196
    outer loop
      vertex 18.1314 -34.6418 0.365607
      vertex 18.0784 -34.5138 0.22699
      vertex 18.265 -34.5704 0.365607
    endloop
  endfacet
  facet normal 0.363802 -0.606997 -0.706543
    outer loop
      vertex 18.265 -34.5704 0.365607
      vertex 18.5247 -34.2534 0.22699
      vertex 18.6017 -34.3686 0.365607
    endloop
  endfacet
  facet normal 0.363802 -0.606997 -0.706543
    outer loop
      vertex 18.5247 -34.2534 0.22699
      vertex 18.265 -34.5704 0.365607
      vertex 18.188 -34.4552 0.22699
    endloop
  endfacet
  facet normal 0.394984 -0.835398 0.382228
    outer loop
      vertex 17.8469 -34.9796 3.29028
      vertex 18.1731 -34.7425 3.4714
      vertex 17.8182 -34.9103 3.4714
    endloop
  endfacet
  facet normal 0.394984 -0.835398 0.382228
    outer loop
      vertex 18.1731 -34.7425 3.4714
      vertex 17.8469 -34.9796 3.29028
      vertex 18.2018 -34.8118 3.29028
    endloop
  endfacet
  facet normal 0.241838 -0.796812 0.553719
    outer loop
      vertex 17.4486 -35.0425 3.4714
      vertex 17.2619 -34.9859 3.63439
      vertex 17.2832 -35.0927 3.4714
    endloop
  endfacet
  facet normal 0.284597 -0.938769 0.194207
    outer loop
      vertex 17.492 -35.1472 3.09802
      vertex 17.2978 -35.1663 3.29028
      vertex 17.3053 -35.2038 3.09802
    endloop
  endfacet
  facet normal 0.243015 -0.970023 0
    outer loop
      vertex 16.9245 -35.2992 0.901983
      vertex 17.3053 -35.2038 3.09802
      vertex 16.9245 -35.2992 3.09802
    endloop
  endfacet
  facet normal 0.243015 -0.970023 0
    outer loop
      vertex 17.3053 -35.2038 3.09802
      vertex 16.9245 -35.2992 0.901983
      vertex 17.3053 -35.2038 0.901983
    endloop
  endfacet
  facet normal 0.290121 -0.95699 0
    outer loop
      vertex 17.3053 -35.2038 0.901983
      vertex 17.492 -35.1472 3.09802
      vertex 17.3053 -35.2038 3.09802
    endloop
  endfacet
  facet normal 0.290121 -0.95699 0
    outer loop
      vertex 17.492 -35.1472 3.09802
      vertex 17.3053 -35.2038 0.901983
      vertex 17.492 -35.1472 0.901983
    endloop
  endfacet
  facet normal 0.330556 -0.923458 0.194826
    outer loop
      vertex 17.492 -35.1472 3.09802
      vertex 17.8469 -34.9796 3.29028
      vertex 17.4773 -35.1119 3.29028
    endloop
  endfacet
  facet normal 0.330556 -0.923458 0.194826
    outer loop
      vertex 17.8469 -34.9796 3.29028
      vertex 17.492 -35.1472 3.09802
      vertex 17.8616 -35.0149 3.09802
    endloop
  endfacet
  facet normal 0.187376 -0.523463 -0.83119
    outer loop
      vertex 17.3539 -34.8139 0.22699
      vertex 17.6611 -34.531 0.118079
      vertex 17.7235 -34.6816 0.22699
    endloop
  endfacet
  facet normal 0.187376 -0.523463 -0.83119
    outer loop
      vertex 17.6611 -34.531 0.118079
      vertex 17.3539 -34.8139 0.22699
      vertex 17.2915 -34.6633 0.118079
    endloop
  endfacet
  facet normal 0.0451952 -0.92297 -0.38221
    outer loop
      vertex 15.95 -35.2819 0.528604
      vertex 16.3421 -35.3377 0.709716
      vertex 15.95 -35.3569 0.709716
    endloop
  endfacet
  facet normal 0.0451952 -0.92297 -0.38221
    outer loop
      vertex 16.3421 -35.3377 0.709716
      vertex 15.95 -35.2819 0.528604
      vertex 16.3421 -35.2627 0.528604
    endloop
  endfacet
  facet normal 0.202202 -0.8069 -0.555002
    outer loop
      vertex 17.2619 -34.9859 0.365607
      vertex 16.9024 -35.1881 0.528604
      vertex 16.8812 -35.0813 0.365607
    endloop
  endfacet
  facet normal 0.202138 -0.806856 -0.555089
    outer loop
      vertex 16.9024 -35.1881 0.528604
      vertex 17.2619 -34.9859 0.365607
      vertex 17.2832 -35.0927 0.528604
    endloop
  endfacet
  facet normal 0.241841 -0.796823 -0.553703
    outer loop
      vertex 17.2832 -35.0927 0.528604
      vertex 17.2619 -34.9859 0.365607
      vertex 17.4486 -35.0425 0.528604
    endloop
  endfacet
  facet normal 0.181255 -0.338813 -0.923229
    outer loop
      vertex 18.016 -34.3632 0.118079
      vertex 17.9969 -34.169 0.0430603
      vertex 18.0975 -34.3196 0.118079
    endloop
  endfacet
  facet normal 0.112188 -0.367652 -0.923172
    outer loop
      vertex 17.2031 -34.6901 0.118079
      vertex 17.1678 -34.5125 0.0430603
      vertex 17.2222 -34.4959 0.0430603
    endloop
  endfacet
  facet normal 0.22811 -0.307627 -0.92376
    outer loop
      vertex 18.3335 -33.9672 0.0430603
      vertex 18.7495 -33.884 0.118079
      vertex 18.4342 -34.1178 0.118079
    endloop
  endfacet
  facet normal 0.22811 -0.307627 -0.92376
    outer loop
      vertex 18.7495 -33.884 0.118079
      vertex 18.3335 -33.9672 0.0430603
      vertex 18.6488 -33.7334 0.0430603
    endloop
  endfacet
  facet normal 0.392396 -0.734237 -0.554005
    outer loop
      vertex 18.3256 -34.661 0.528604
      vertex 18.1731 -34.7425 0.528604
      vertex 18.265 -34.5704 0.365607
    endloop
  endfacet
  facet normal 0.338813 -0.181255 -0.923229
    outer loop
      vertex 19.8696 -32.5475 0.118079
      vertex 19.719 -32.4469 0.0430603
      vertex 19.9132 -32.466 0.118079
    endloop
  endfacet
  facet normal 0.0406822 -0.830807 -0.555071
    outer loop
      vertex 15.95 -35.173 0.365607
      vertex 16.3421 -35.2627 0.528604
      vertex 15.95 -35.2819 0.528604
    endloop
  endfacet
  facet normal 0.0408822 -0.830565 -0.555419
    outer loop
      vertex 16.3421 -35.2627 0.528604
      vertex 15.95 -35.173 0.365607
      vertex 16.3421 -35.1537 0.365607
    endloop
  endfacet
  facet normal 0.0188341 -0.382636 -0.923707
    outer loop
      vertex 15.95 -34.6903 0.0430603
      vertex 16.3421 -34.8521 0.118079
      vertex 15.95 -34.8714 0.118079
    endloop
  endfacet
  facet normal 0.0188341 -0.382636 -0.923707
    outer loop
      vertex 16.3421 -34.8521 0.118079
      vertex 15.95 -34.6903 0.0430603
      vertex 16.3421 -34.671 0.0430603
    endloop
  endfacet
  facet normal 0.0920819 0.172909 -0.980624
    outer loop
      vertex 17.89 28.0092 0.00481606
      vertex 17.8731 28.0182 0.00481606
      vertex 17.9467 28.1959 0.0430603
    endloop
  endfacet
  facet normal -0.0907283 -0.920103 -0.381023
    outer loop
      vertex -16.3421 -35.3377 0.709716
      vertex -16.5287 -35.3193 0.709716
      vertex -16.3421 -35.2627 0.528604
    endloop
  endfacet
  facet normal -0.103798 -0.699737 -0.706819
    outer loop
      vertex -16.4929 -35.1389 0.365607
      vertex -16.8541 -34.9453 0.22699
      vertex -16.4658 -35.0029 0.22699
    endloop
  endfacet
  facet normal -0.103798 -0.699737 -0.706819
    outer loop
      vertex -16.8541 -34.9453 0.22699
      vertex -16.4929 -35.1389 0.365607
      vertex -16.8812 -35.0813 0.365607
    endloop
  endfacet
  facet normal 0 -0.555563 -0.831475
    outer loop
      vertex -15.95 -35.0344 0.22699
      vertex 15.95 -34.8714 0.118079
      vertex 15.95 -35.0344 0.22699
    endloop
  endfacet
  facet normal -0 -0.555563 -0.831475
    outer loop
      vertex 15.95 -34.8714 0.118079
      vertex -15.95 -35.0344 0.22699
      vertex -15.95 -34.8714 0.118079
    endloop
  endfacet
  facet normal -0.0194068 -0.195089 -0.980594
    outer loop
      vertex -16.3421 -34.4788 0.00481606
      vertex -16.3987 -34.6654 0.0430603
      vertex -16.3612 -34.4769 0.00481606
    endloop
  endfacet
  facet normal -0.0547107 -0.554731 -0.830229
    outer loop
      vertex -16.3421 -35.0151 0.22699
      vertex -16.4658 -35.0029 0.22699
      vertex -16.3421 -34.8521 0.118079
    endloop
  endfacet
  facet normal -0.122058 -0.822834 -0.555018
    outer loop
      vertex -16.8812 -35.0813 0.365607
      vertex -16.5141 -35.2457 0.528604
      vertex -16.9024 -35.1881 0.528604
    endloop
  endfacet
  facet normal -0.122058 -0.822834 -0.555018
    outer loop
      vertex -16.5141 -35.2457 0.528604
      vertex -16.8812 -35.0813 0.365607
      vertex -16.4929 -35.1389 0.365607
    endloop
  endfacet
  facet normal -0.238514 -0.666325 -0.706485
    outer loop
      vertex -17.4069 -34.9419 0.365607
      vertex -17.7235 -34.6816 0.22699
      vertex -17.3539 -34.8139 0.22699
    endloop
  endfacet
  facet normal -0.238275 -0.66616 -0.706722
    outer loop
      vertex -17.7235 -34.6816 0.22699
      vertex -17.4069 -34.9419 0.365607
      vertex -17.7765 -34.8097 0.365607
    endloop
  endfacet
  facet normal -0.419362 -0.886707 -0.194643
    outer loop
      vertex -18.2018 -34.8118 0.709716
      vertex -17.8616 -35.0149 0.901983
      vertex -18.2164 -34.8471 0.901983
    endloop
  endfacet
  facet normal -0.419247 -0.886715 -0.194854
    outer loop
      vertex -17.8616 -35.0149 0.901983
      vertex -18.2018 -34.8118 0.709716
      vertex -17.8469 -34.9796 0.709716
    endloop
  endfacet
  facet normal -0.334187 -0.625314 -0.705196
    outer loop
      vertex -18.1314 -34.6418 0.365607
      vertex -18.265 -34.5704 0.365607
      vertex -18.0784 -34.5138 0.22699
    endloop
  endfacet
  facet normal -0.0406707 -0.830572 -0.555424
    outer loop
      vertex -16.3421 -35.1537 0.365607
      vertex -15.95 -35.2819 0.528604
      vertex -16.3421 -35.2627 0.528604
    endloop
  endfacet
  facet normal -0.0408938 -0.8308 -0.555066
    outer loop
      vertex -15.95 -35.2819 0.528604
      vertex -16.3421 -35.1537 0.365607
      vertex -15.95 -35.173 0.365607
    endloop
  endfacet
  facet normal -0.268105 -0.884646 -0.381472
    outer loop
      vertex -17.2978 -35.1663 0.709716
      vertex -17.4773 -35.1119 0.709716
      vertex -17.4486 -35.0425 0.528604
    endloop
  endfacet
  facet normal -0.435855 -0.815557 -0.380653
    outer loop
      vertex -18.1731 -34.7425 0.528604
      vertex -18.3672 -34.7233 0.709716
      vertex -18.3256 -34.661 0.528604
    endloop
  endfacet
  facet normal -0.52834 -0.643674 -0.553661
    outer loop
      vertex -18.917 -34.1348 0.365607
      vertex -19.1112 -34.1156 0.528604
      vertex -19.0342 -34.0386 0.365607
    endloop
  endfacet
  facet normal -0.449645 -0.547801 -0.705503
    outer loop
      vertex -18.917 -34.1348 0.365607
      vertex -19.0342 -34.0386 0.365607
      vertex -18.9361 -33.9406 0.22699
    endloop
  endfacet
  facet normal -0.462453 -0.865089 -0.194314
    outer loop
      vertex -18.2164 -34.8471 0.901983
      vertex -18.3885 -34.7551 0.901983
      vertex -18.3672 -34.7233 0.709716
    endloop
  endfacet
  facet normal -0.394981 -0.835392 -0.382242
    outer loop
      vertex -18.1731 -34.7425 0.528604
      vertex -17.8469 -34.9796 0.709716
      vertex -18.2018 -34.8118 0.709716
    endloop
  endfacet
  facet normal -0.394981 -0.835392 -0.382242
    outer loop
      vertex -17.8469 -34.9796 0.709716
      vertex -18.1731 -34.7425 0.528604
      vertex -17.8182 -34.9103 0.528604
    endloop
  endfacet
  facet normal -0.547801 -0.449645 -0.705503
    outer loop
      vertex -19.5886 -33.4842 0.365607
      vertex -19.6848 -33.367 0.365607
      vertex -19.4906 -33.3861 0.22699
    endloop
  endfacet
  facet normal -0.643834 -0.528262 -0.553549
    outer loop
      vertex -19.6656 -33.5612 0.528604
      vertex -19.7753 -33.4275 0.528604
      vertex -19.6848 -33.367 0.365607
    endloop
  endfacet
  facet normal -0.285807 -0.476864 -0.831213
    outer loop
      vertex -18.188 -34.4552 0.22699
      vertex -18.4342 -34.1178 0.118079
      vertex -18.0975 -34.3196 0.118079
    endloop
  endfacet
  facet normal -0.285807 -0.476864 -0.831213
    outer loop
      vertex -18.4342 -34.1178 0.118079
      vertex -18.188 -34.4552 0.22699
      vertex -18.5247 -34.2534 0.22699
    endloop
  endfacet
  facet normal 0.0374528 0.382435 -0.923223
    outer loop
      vertex 16.434 28.8431 0.118079
      vertex 16.3421 28.671 0.0430603
      vertex 16.3421 28.8521 0.118079
    endloop
  endfacet
  facet normal -0.6163 0.558654 -0.55505
    outer loop
      vertex -19.325 27.775 0.365607
      vertex -19.6656 27.5612 0.528604
      vertex -19.402 27.852 0.528604
    endloop
  endfacet
  facet normal -0.6163 0.558654 -0.55505
    outer loop
      vertex -19.6656 27.5612 0.528604
      vertex -19.325 27.775 0.365607
      vertex -19.5886 27.4842 0.365607
    endloop
  endfacet
  facet normal -0.161796 -0.533344 -0.830281
    outer loop
      vertex -17.2349 -34.85 0.22699
      vertex -17.3539 -34.8139 0.22699
      vertex -17.2031 -34.6901 0.118079
    endloop
  endfacet
  facet normal -0.0188341 -0.382636 -0.923707
    outer loop
      vertex -16.3421 -34.8521 0.118079
      vertex -15.95 -34.6903 0.0430603
      vertex -15.95 -34.8714 0.118079
    endloop
  endfacet
  facet normal -0.0188341 -0.382636 -0.923707
    outer loop
      vertex -15.95 -34.6903 0.0430603
      vertex -16.3421 -34.8521 0.118079
      vertex -16.3421 -34.671 0.0430603
    endloop
  endfacet
  facet normal -0.0374528 -0.382435 -0.923223
    outer loop
      vertex -16.3421 -34.8521 0.118079
      vertex -16.434 -34.8431 0.118079
      vertex -16.3421 -34.671 0.0430603
    endloop
  endfacet
  facet normal -0.054347 -0.554944 -0.830111
    outer loop
      vertex -16.3421 -34.8521 0.118079
      vertex -16.4658 -35.0029 0.22699
      vertex -16.434 -34.8431 0.118079
    endloop
  endfacet
  facet normal -0.0925726 -0.172756 -0.980605
    outer loop
      vertex -17.9467 -34.1959 0.0430603
      vertex -17.9969 -34.169 0.0430603
      vertex -17.89 -34.0092 0.00481606
    endloop
  endfacet
  facet normal -0.163762 -0.346359 -0.923698
    outer loop
      vertex -18.016 -34.3632 0.118079
      vertex -17.5918 -34.3637 0.0430603
      vertex -17.6611 -34.531 0.118079
    endloop
  endfacet
  facet normal -0.163762 -0.346359 -0.923698
    outer loop
      vertex -17.5918 -34.3637 0.0430603
      vertex -18.016 -34.3632 0.118079
      vertex -17.9467 -34.1959 0.0430603
    endloop
  endfacet
  facet normal -0.131176 -0.144712 -0.98074
    outer loop
      vertex -18.6928 -33.6973 0.0430603
      vertex -18.8477 -33.2977 0.00481606
      vertex -18.5569 -33.5613 0.00481606
    endloop
  endfacet
  facet normal -0.131108 -0.144687 -0.980753
    outer loop
      vertex -18.8477 -33.2977 0.00481606
      vertex -18.6928 -33.6973 0.0430603
      vertex -18.9837 -33.4337 0.0430603
    endloop
  endfacet
  facet normal -0.151511 -0.124308 -0.980608
    outer loop
      vertex -19.2473 -33.1428 0.0430603
      vertex -19.2834 -33.0988 0.0430603
      vertex -19.1235 -32.992 0.00481606
    endloop
  endfacet
  facet normal -0.431028 -0.353757 -0.830103
    outer loop
      vertex -19.3754 -33.2709 0.118079
      vertex -19.4906 -33.3861 0.22699
      vertex -19.434 -33.1995 0.118079
    endloop
  endfacet
  facet normal 0.787836 -0.584193 -0.195023
    outer loop
      vertex 20.1033 -33.1752 0.901983
      vertex 19.8377 -33.4692 0.709716
      vertex 20.0715 -33.1539 0.709716
    endloop
  endfacet
  facet normal 0.787836 -0.584193 -0.195023
    outer loop
      vertex 19.8377 -33.4692 0.709716
      vertex 20.1033 -33.1752 0.901983
      vertex 19.8695 -33.4905 0.901983
    endloop
  endfacet
  facet normal 0.841273 -0.504214 0.195008
    outer loop
      vertex 20.0715 -33.1539 3.29028
      vertex 20.3051 -32.8385 3.09802
      vertex 20.2733 -32.8172 3.29028
    endloop
  endfacet
  facet normal 0.841273 -0.504214 0.195008
    outer loop
      vertex 20.3051 -32.8385 3.09802
      vertex 20.0715 -33.1539 3.29028
      vertex 20.1033 -33.1752 3.09802
    endloop
  endfacet
  facet normal 0.772906 -0.634521 0
    outer loop
      vertex 19.7457 -33.6413 3.09802
      vertex 19.8695 -33.4905 0.901983
      vertex 19.8695 -33.4905 3.09802
    endloop
  endfacet
  facet normal 0.772906 -0.634521 0
    outer loop
      vertex 19.8695 -33.4905 0.901983
      vertex 19.7457 -33.6413 3.09802
      vertex 19.7457 -33.6413 0.901983
    endloop
  endfacet
  facet normal 0.62244 -0.75819 -0.194205
    outer loop
      vertex 19.1913 -34.1957 0.901983
      vertex 19.0405 -34.3195 0.901983
      vertex 19.1642 -34.1687 0.709716
    endloop
  endfacet
  facet normal 0.658604 -0.726813 -0.194896
    outer loop
      vertex 19.4551 -33.9051 0.709716
      vertex 19.1913 -34.1957 0.901983
      vertex 19.1642 -34.1687 0.709716
    endloop
  endfacet
  facet normal 0.658772 -0.726748 -0.194568
    outer loop
      vertex 19.1913 -34.1957 0.901983
      vertex 19.4551 -33.9051 0.709716
      vertex 19.4821 -33.9321 0.901983
    endloop
  endfacet
  facet normal 0.528333 -0.643666 0.553678
    outer loop
      vertex 19.0342 -34.0386 3.63439
      vertex 18.917 -34.1348 3.63439
      vertex 19.1112 -34.1156 3.4714
    endloop
  endfacet
  facet normal 0.586403 -0.714695 0.381239
    outer loop
      vertex 19.1112 -34.1156 3.4714
      vertex 18.9775 -34.2253 3.4714
      vertex 19.0192 -34.2877 3.29028
    endloop
  endfacet
  facet normal 0.550595 -0.742208 0.382064
    outer loop
      vertex 18.7039 -34.5215 3.29028
      vertex 18.9775 -34.2253 3.4714
      vertex 18.6622 -34.4592 3.4714
    endloop
  endfacet
  facet normal 0.550356 -0.742203 0.382417
    outer loop
      vertex 18.9775 -34.2253 3.4714
      vertex 18.7039 -34.5215 3.29028
      vertex 19.0192 -34.2877 3.29028
    endloop
  endfacet
  facet normal -0.195022 0.0192954 -0.980609
    outer loop
      vertex -20.0287 24.7921 0.00481606
      vertex -20.221 24.7921 0.0430603
      vertex -20.2154 24.8487 0.0430603
    endloop
  endfacet
  facet normal -0.363802 0.606997 -0.706543
    outer loop
      vertex -18.5247 28.2534 0.22699
      vertex -18.265 28.5704 0.365607
      vertex -18.188 28.4552 0.22699
    endloop
  endfacet
  facet normal -0.363802 0.606997 -0.706543
    outer loop
      vertex -18.265 28.5704 0.365607
      vertex -18.5247 28.2534 0.22699
      vertex -18.6017 28.3686 0.365607
    endloop
  endfacet
  facet normal -0.373492 0.412173 -0.831033
    outer loop
      vertex -19.1118 27.5618 0.118079
      vertex -18.9361 27.9406 0.22699
      vertex -18.8209 27.8254 0.118079
    endloop
  endfacet
  facet normal -0.373492 0.412173 -0.831033
    outer loop
      vertex -18.9361 27.9406 0.22699
      vertex -19.1118 27.5618 0.118079
      vertex -19.227 27.677 0.22699
    endloop
  endfacet
  facet normal -0.792672 0.475085 -0.382054
    outer loop
      vertex -20.0092 27.1122 0.528604
      vertex -20.2733 26.8172 0.709716
      vertex -20.0715 27.1539 0.709716
    endloop
  endfacet
  facet normal -0.792688 0.475236 -0.381832
    outer loop
      vertex -20.2733 26.8172 0.709716
      vertex -20.0092 27.1122 0.528604
      vertex -20.211 26.7756 0.528604
    endloop
  endfacet
  facet normal -0.392399 0.734237 -0.554002
    outer loop
      vertex -18.1314 28.6418 0.365607
      vertex -18.265 28.5704 0.365607
      vertex -18.1731 28.7425 0.528604
    endloop
  endfacet
  facet normal -0.550591 0.742203 -0.382078
    outer loop
      vertex -18.9775 28.2253 0.528604
      vertex -18.7039 28.5215 0.709716
      vertex -18.6622 28.4592 0.528604
    endloop
  endfacet
  facet normal -0.550352 0.742199 -0.382431
    outer loop
      vertex -18.7039 28.5215 0.709716
      vertex -18.9775 28.2253 0.528604
      vertex -19.0192 28.2877 0.709716
    endloop
  endfacet
  facet normal -0.353757 0.431028 -0.830103
    outer loop
      vertex -18.8209 27.8254 0.118079
      vertex -18.9361 27.9406 0.22699
      vertex -18.7495 27.884 0.118079
    endloop
  endfacet
  facet normal -0.758266 0.622301 -0.194354
    outer loop
      vertex -19.8377 27.4692 0.709716
      vertex -19.8695 27.4905 0.901983
      vertex -19.7187 27.6142 0.709716
    endloop
  endfacet
  facet normal -0.378818 0.0561934 -0.923764
    outer loop
      vertex -20.3931 24.884 0.118079
      vertex -20.1578 25.237 0.0430603
      vertex -20.2154 24.8487 0.0430603
    endloop
  endfacet
  facet normal -0.378818 0.0561934 -0.923764
    outer loop
      vertex -20.1578 25.237 0.0430603
      vertex -20.3931 24.884 0.118079
      vertex -20.3355 25.2723 0.118079
    endloop
  endfacet
  facet normal -0.686516 0.171809 -0.706525
    outer loop
      vertex -20.4953 25.3041 0.22699
      vertex -20.5359 25.7119 0.365607
      vertex -20.4 25.6849 0.22699
    endloop
  endfacet
  facet normal -0.686168 0.171947 -0.70683
    outer loop
      vertex -20.5359 25.7119 0.365607
      vertex -20.4953 25.3041 0.22699
      vertex -20.6313 25.3312 0.365607
    endloop
  endfacet
  facet normal -0.705437 0.0695742 -0.70535
    outer loop
      vertex -20.5651 24.7921 0.22699
      vertex -20.7037 24.7921 0.365607
      vertex -20.5529 24.9158 0.22699
    endloop
  endfacet
  facet normal -0.37168 0.0930177 -0.923689
    outer loop
      vertex -20.1578 25.237 0.0430603
      vertex -20.2401 25.6531 0.118079
      vertex -20.0625 25.6178 0.0430603
    endloop
  endfacet
  facet normal -0.371491 0.0930679 -0.92376
    outer loop
      vertex -20.2401 25.6531 0.118079
      vertex -20.1578 25.237 0.0430603
      vertex -20.3355 25.2723 0.118079
    endloop
  endfacet
  facet normal -0.625314 0.334187 -0.705196
    outer loop
      vertex -20.0638 26.5284 0.22699
      vertex -20.1918 26.5814 0.365607
      vertex -20.1204 26.715 0.365607
    endloop
  endfacet
  facet normal -0.144687 -0.131108 -0.980753
    outer loop
      vertex -19.2473 -33.1428 0.0430603
      vertex -18.8477 -33.2977 0.00481606
      vertex -18.9837 -33.4337 0.0430603
    endloop
  endfacet
  facet normal -0.144712 -0.131176 -0.98074
    outer loop
      vertex -18.8477 -33.2977 0.00481606
      vertex -19.2473 -33.1428 0.0430603
      vertex -19.1113 -33.0069 0.00481606
    endloop
  endfacet
  facet normal 0.283804 0.25717 -0.923753
    outer loop
      vertex 18.9837 27.4337 0.0430603
      vertex 19.3754 27.2709 0.118079
      vertex 19.2473 27.1428 0.0430603
    endloop
  endfacet
  facet normal 0.283804 0.25717 -0.923753
    outer loop
      vertex 19.3754 27.2709 0.118079
      vertex 18.9837 27.4337 0.0430603
      vertex 19.1118 27.5618 0.118079
    endloop
  endfacet
  facet normal -0.85774 0.514084 0
    outer loop
      vertex -20.3051 26.8385 0.901983
      vertex -20.1033 27.1752 3.09802
      vertex -20.1033 27.1752 0.901983
    endloop
  endfacet
  facet normal -0.85774 0.514084 0
    outer loop
      vertex -20.1033 27.1752 3.09802
      vertex -20.3051 26.8385 0.901983
      vertex -20.3051 26.8385 3.09802
    endloop
  endfacet
  facet normal -0.547779 0.449738 -0.70546
    outer loop
      vertex -19.5695 27.29 0.22699
      vertex -19.6848 27.367 0.365607
      vertex -19.4906 27.3861 0.22699
    endloop
  endfacet
  facet normal -0.586511 0.714656 0.381147
    outer loop
      vertex -19.0192 28.2877 3.29028
      vertex -19.1642 28.1687 3.29028
      vertex -19.1112 28.1156 3.4714
    endloop
  endfacet
  facet normal -0.6223 0.758265 0.194361
    outer loop
      vertex -19.0405 28.3195 3.09802
      vertex -19.1642 28.1687 3.29028
      vertex -19.0192 28.2877 3.29028
    endloop
  endfacet
  facet normal -0.903997 0.427539 0
    outer loop
      vertex -20.5649 26.3116 0.901983
      vertex -20.3971 26.6664 3.09802
      vertex -20.3971 26.6664 0.901983
    endloop
  endfacet
  facet normal -0.903997 0.427539 0
    outer loop
      vertex -20.3971 26.6664 3.09802
      vertex -20.5649 26.3116 0.901983
      vertex -20.5649 26.3116 3.09802
    endloop
  endfacet
  facet normal -0.666325 0.238514 -0.706485
    outer loop
      vertex -20.4919 25.8569 0.365607
      vertex -20.2316 26.1735 0.22699
      vertex -20.3639 25.8039 0.22699
    endloop
  endfacet
  facet normal -0.66616 0.238275 -0.706722
    outer loop
      vertex -20.2316 26.1735 0.22699
      vertex -20.4919 25.8569 0.365607
      vertex -20.3597 26.2265 0.365607
    endloop
  endfacet
  facet normal -0.884646 0.268105 -0.381472
    outer loop
      vertex -20.5925 25.8986 0.528604
      vertex -20.7163 25.7478 0.709716
      vertex -20.6619 25.9273 0.709716
    endloop
  endfacet
  facet normal -0.914005 0.135617 -0.382364
    outer loop
      vertex -20.7381 25.3524 0.528604
      vertex -20.8693 24.9788 0.709716
      vertex -20.8117 25.367 0.709716
    endloop
  endfacet
  facet normal -0.913984 0.135579 -0.382428
    outer loop
      vertex -20.8693 24.9788 0.709716
      vertex -20.7381 25.3524 0.528604
      vertex -20.7957 24.9641 0.528604
    endloop
  endfacet
  facet normal -0.989176 0.146733 0
    outer loop
      vertex -20.9068 24.9862 0.901983
      vertex -20.8492 25.3745 3.09802
      vertex -20.8492 25.3745 0.901983
    endloop
  endfacet
  facet normal -0.989176 0.146733 0
    outer loop
      vertex -20.8492 25.3745 3.09802
      vertex -20.9068 24.9862 0.901983
      vertex -20.9068 24.9862 3.09802
    endloop
  endfacet
  facet normal -0.835392 0.394981 -0.382242
    outer loop
      vertex -20.2925 26.6231 0.528604
      vertex -20.5296 26.2969 0.709716
      vertex -20.3618 26.6518 0.709716
    endloop
  endfacet
  facet normal -0.835392 0.394981 -0.382242
    outer loop
      vertex -20.5296 26.2969 0.709716
      vertex -20.2925 26.6231 0.528604
      vertex -20.4603 26.2682 0.528604
    endloop
  endfacet
  facet normal -0.678461 0.205878 0.705198
    outer loop
      vertex -20.4919 25.8569 3.63439
      vertex -20.5359 25.7119 3.63439
      vertex -20.3639 25.8039 3.77301
    endloop
  endfacet
  facet normal -0.95699 0.290121 0
    outer loop
      vertex -20.7538 25.7553 0.901983
      vertex -20.6972 25.942 3.09802
      vertex -20.6972 25.942 0.901983
    endloop
  endfacet
  facet normal -0.95699 0.290121 0
    outer loop
      vertex -20.6972 25.942 3.09802
      vertex -20.7538 25.7553 0.901983
      vertex -20.7538 25.7553 3.09802
    endloop
  endfacet
  facet normal -0.699745 -0.103799 0.706812
    outer loop
      vertex -20.6889 -30.9429 3.63439
      vertex -20.4953 -31.3041 3.77301
      vertex -20.5529 -30.9158 3.77301
    endloop
  endfacet
  facet normal -0.699745 -0.103799 0.706812
    outer loop
      vertex -20.4953 -31.3041 3.77301
      vertex -20.6889 -30.9429 3.63439
      vertex -20.6313 -31.3312 3.63439
    endloop
  endfacet
  facet normal -0.796845 0.241801 0.553688
    outer loop
      vertex -20.4919 25.8569 3.63439
      vertex -20.5925 25.8986 3.4714
      vertex -20.5359 25.7119 3.63439
    endloop
  endfacet
  facet normal -0.705444 0.0695749 0.705342
    outer loop
      vertex -20.5529 24.9158 3.77301
      vertex -20.7037 24.7921 3.63439
      vertex -20.5651 24.7921 3.77301
    endloop
  endfacet
  facet normal -0.539284 0.135104 0.831216
    outer loop
      vertex -20.4 25.6849 3.77301
      vertex -20.3355 25.2723 3.88192
      vertex -20.2401 25.6531 3.88192
    endloop
  endfacet
  facet normal -0.539534 0.135025 0.831066
    outer loop
      vertex -20.3355 25.2723 3.88192
      vertex -20.4 25.6849 3.77301
      vertex -20.4953 25.3041 3.77301
    endloop
  endfacet
  facet normal -0.476968 0.286011 0.831083
    outer loop
      vertex -20.0052 26.638 3.77301
      vertex -19.6678 26.8842 3.88192
      vertex -19.8033 26.9747 3.77301
    endloop
  endfacet
  facet normal -0.476861 0.285805 0.831216
    outer loop
      vertex -19.6678 26.8842 3.88192
      vertex -20.0052 26.638 3.77301
      vertex -19.8696 26.5475 3.88192
    endloop
  endfacet
  facet normal -0.0573399 -0.187378 0.980613
    outer loop
      vertex -17.1486 -34.3183 3.99518
      vertex -17.2222 -34.4959 3.95694
      vertex -17.1303 -34.3239 3.99518
    endloop
  endfacet
  facet normal -0.0920721 -0.172891 0.980628
    outer loop
      vertex -17.89 -34.0092 3.99518
      vertex -17.9467 -34.1959 3.95694
      vertex -17.8731 -34.0182 3.99518
    endloop
  endfacet
  facet normal -0.172756 -0.0925726 -0.980605
    outer loop
      vertex -19.719 -32.4469 0.0430603
      vertex -19.7459 -32.3967 0.0430603
      vertex -19.5592 -32.34 0.00481606
    endloop
  endfacet
  facet normal -0.338771 -0.181532 -0.92319
    outer loop
      vertex -19.719 -32.4469 0.0430603
      vertex -19.9132 -32.466 0.118079
      vertex -19.7459 -32.3967 0.0430603
    endloop
  endfacet
  facet normal 0.193253 0.0286669 0.98073
    outer loop
      vertex 19.9693 25.1995 3.99518
      vertex 20.2154 24.8487 3.95694
      vertex 20.1578 25.237 3.95694
    endloop
  endfacet
  facet normal 0.193253 0.0286669 0.98073
    outer loop
      vertex 20.2154 24.8487 3.95694
      vertex 19.9693 25.1995 3.99518
      vertex 20.0269 24.8112 3.99518
    endloop
  endfacet
  facet normal 0.828775 0.0813387 0.553639
    outer loop
      vertex 20.7957 24.9641 3.4714
      vertex 20.6889 24.9429 3.63439
      vertex 20.7037 24.7921 3.63439
    endloop
  endfacet
  facet normal 0.55494 0.0543467 0.830113
    outer loop
      vertex 20.5529 24.9158 3.77301
      vertex 20.3931 24.884 3.88192
      vertex 20.4021 24.7921 3.88192
    endloop
  endfacet
  facet normal 0.533413 0.161713 0.830253
    outer loop
      vertex 20.3639 25.8039 3.77301
      vertex 20.2133 25.7415 3.88192
      vertex 20.2401 25.6531 3.88192
    endloop
  endfacet
  facet normal 0.431028 0.353757 -0.830103
    outer loop
      vertex 19.434 27.1995 0.118079
      vertex 19.3754 27.2709 0.118079
      vertex 19.4906 27.3861 0.22699
    endloop
  endfacet
  facet normal 0.471439 0.881899 -0
    outer loop
      vertex 18.3885 28.7551 0.901983
      vertex 18.2164 28.8471 3.09802
      vertex 18.3885 28.7551 3.09802
    endloop
  endfacet
  facet normal 0.471439 0.881899 0
    outer loop
      vertex 18.2164 28.8471 3.09802
      vertex 18.3885 28.7551 0.901983
      vertex 18.2164 28.8471 0.901983
    endloop
  endfacet
  facet normal 0.787836 0.584193 -0.195023
    outer loop
      vertex 20.1033 27.1752 0.901983
      vertex 19.8377 27.4692 0.709716
      vertex 19.8695 27.4905 0.901983
    endloop
  endfacet
  facet normal 0.787836 0.584193 -0.195023
    outer loop
      vertex 19.8377 27.4692 0.709716
      vertex 20.1033 27.1752 0.901983
      vertex 20.0715 27.1539 0.709716
    endloop
  endfacet
  facet normal 0.606915 0.363932 -0.706546
    outer loop
      vertex 19.8033 26.9747 0.22699
      vertex 20.1204 26.715 0.365607
      vertex 20.0052 26.638 0.22699
    endloop
  endfacet
  facet normal 0.60681 0.363689 -0.706762
    outer loop
      vertex 20.1204 26.715 0.365607
      vertex 19.8033 26.9747 0.22699
      vertex 19.9186 27.0517 0.365607
    endloop
  endfacet
  facet normal 0.815557 0.435855 -0.380653
    outer loop
      vertex 20.2925 26.6231 0.528604
      vertex 20.211 26.7756 0.528604
      vertex 20.2733 26.8172 0.709716
    endloop
  endfacet
  facet normal 0.938771 0.284598 -0.194201
    outer loop
      vertex 20.7163 25.7478 0.709716
      vertex 20.6972 25.942 0.901983
      vertex 20.7538 25.7553 0.901983
    endloop
  endfacet
  facet normal 0.896319 0.224551 -0.382346
    outer loop
      vertex 20.8117 25.367 0.709716
      vertex 20.6427 25.7332 0.528604
      vertex 20.7163 25.7478 0.709716
    endloop
  endfacet
  facet normal 0.896319 0.224551 -0.382346
    outer loop
      vertex 20.6427 25.7332 0.528604
      vertex 20.8117 25.367 0.709716
      vertex 20.7381 25.3524 0.528604
    endloop
  endfacet
  facet normal 0.554731 0.0547107 -0.830229
    outer loop
      vertex 20.5651 24.7921 0.22699
      vertex 20.4021 24.7921 0.118079
      vertex 20.5529 24.9158 0.22699
    endloop
  endfacet
  facet normal 0.678454 0.205876 -0.705206
    outer loop
      vertex 20.5359 25.7119 0.365607
      vertex 20.3639 25.8039 0.22699
      vertex 20.4919 25.8569 0.365607
    endloop
  endfacet
  facet normal 0.539538 0.135026 -0.831064
    outer loop
      vertex 20.3355 25.2723 0.118079
      vertex 20.4 25.6849 0.22699
      vertex 20.4953 25.3041 0.22699
    endloop
  endfacet
  facet normal 0.539287 0.135105 -0.831214
    outer loop
      vertex 20.4 25.6849 0.22699
      vertex 20.3355 25.2723 0.118079
      vertex 20.2401 25.6531 0.118079
    endloop
  endfacet
  facet normal 0.796855 0.241804 -0.553672
    outer loop
      vertex 20.5359 25.7119 0.365607
      vertex 20.4919 25.8569 0.365607
      vertex 20.5925 25.8986 0.528604
    endloop
  endfacet
  facet normal 0.920051 0.0904004 -0.381226
    outer loop
      vertex 20.8126 24.7921 0.528604
      vertex 20.7957 24.9641 0.528604
      vertex 20.8693 24.9788 0.709716
    endloop
  endfacet
  facet normal 0.23765 0.502634 -0.831193
    outer loop
      vertex 17.6611 28.531 0.118079
      vertex 18.0784 28.5138 0.22699
      vertex 18.016 28.3632 0.118079
    endloop
  endfacet
  facet normal 0.23765 0.502634 -0.831193
    outer loop
      vertex 18.0784 28.5138 0.22699
      vertex 17.6611 28.531 0.118079
      vertex 17.7235 28.6816 0.22699
    endloop
  endfacet
  facet normal 0.195049 -0.00960072 -0.980747
    outer loop
      vertex 20.221 -30.7921 0.0430603
      vertex 20.048 -30.4 0.00481606
      vertex 20.2403 -30.4 0.0430603
    endloop
  endfacet
  facet normal 0.195049 -0.00960072 -0.980747
    outer loop
      vertex 20.048 -30.4 0.00481606
      vertex 20.221 -30.7921 0.0430603
      vertex 20.0287 -30.7921 0.00481606
    endloop
  endfacet
  facet normal 0.195022 -0.0192954 -0.980609
    outer loop
      vertex 20.2154 -30.8487 0.0430603
      vertex 20.0287 -30.7921 0.00481606
      vertex 20.221 -30.7921 0.0430603
    endloop
  endfacet
  facet normal 0.268105 0.884646 -0.381472
    outer loop
      vertex 17.4486 29.0425 0.528604
      vertex 17.2978 29.1663 0.709716
      vertex 17.4773 29.1119 0.709716
    endloop
  endfacet
  facet normal 0 0.555563 -0.831475
    outer loop
      vertex -15.95 28.8714 0.118079
      vertex 15.95 29.0344 0.22699
      vertex 15.95 28.8714 0.118079
    endloop
  endfacet
  facet normal 0 0.555563 -0.831475
    outer loop
      vertex 15.95 29.0344 0.22699
      vertex -15.95 28.8714 0.118079
      vertex -15.95 29.0344 0.22699
    endloop
  endfacet
  facet normal 0.0273358 0.555355 -0.831164
    outer loop
      vertex 15.95 28.8714 0.118079
      vertex 16.3421 29.0151 0.22699
      vertex 16.3421 28.8521 0.118079
    endloop
  endfacet
  facet normal 0.0273358 0.555355 -0.831164
    outer loop
      vertex 16.3421 29.0151 0.22699
      vertex 15.95 28.8714 0.118079
      vertex 15.95 29.0344 0.22699
    endloop
  endfacet
  facet normal 0.143921 0.970217 -0.194847
    outer loop
      vertex 16.917 29.2617 0.709716
      vertex 16.5362 29.3568 0.901983
      vertex 16.9245 29.2992 0.901983
    endloop
  endfacet
  facet normal 0.143921 0.970217 -0.194847
    outer loop
      vertex 16.5362 29.3568 0.901983
      vertex 16.917 29.2617 0.709716
      vertex 16.5287 29.3193 0.709716
    endloop
  endfacet
  facet normal 0.205814 0.678444 -0.705234
    outer loop
      vertex 17.3539 28.8139 0.22699
      vertex 17.2349 28.85 0.22699
      vertex 17.2619 28.9859 0.365607
    endloop
  endfacet
  facet normal 0.238356 0.951427 -0.194865
    outer loop
      vertex 17.2978 29.1663 0.709716
      vertex 16.9245 29.2992 0.901983
      vertex 17.3053 29.2038 0.901983
    endloop
  endfacet
  facet normal 0.238356 0.951427 -0.194865
    outer loop
      vertex 16.9245 29.2992 0.901983
      vertex 17.2978 29.1663 0.709716
      vertex 16.917 29.2617 0.709716
    endloop
  endfacet
  facet normal 0.634521 0.772906 -0
    outer loop
      vertex 19.1913 28.1957 0.901983
      vertex 19.0405 28.3195 3.09802
      vertex 19.1913 28.1957 3.09802
    endloop
  endfacet
  facet normal 0.634521 0.772906 0
    outer loop
      vertex 19.0405 28.3195 3.09802
      vertex 19.1913 28.1957 0.901983
      vertex 19.0405 28.3195 0.901983
    endloop
  endfacet
  facet normal 0.75819 0.62244 -0.194205
    outer loop
      vertex 19.8695 27.4905 0.901983
      vertex 19.7187 27.6142 0.709716
      vertex 19.7457 27.6413 0.901983
    endloop
  endfacet
  facet normal 0.296961 0.243725 -0.923262
    outer loop
      vertex 19.434 27.1995 0.118079
      vertex 19.2473 27.1428 0.0430603
      vertex 19.3754 27.2709 0.118079
    endloop
  endfacet
  facet normal -0.189413 0.0474652 -0.98075
    outer loop
      vertex -19.9693 25.1995 0.00481606
      vertex -20.0625 25.6178 0.0430603
      vertex -19.8739 25.5802 0.00481606
    endloop
  endfacet
  facet normal -0.18954 0.0474348 -0.980726
    outer loop
      vertex -20.0625 25.6178 0.0430603
      vertex -19.9693 25.1995 0.00481606
      vertex -20.1578 25.237 0.0430603
    endloop
  endfacet
  facet normal 0.167542 0.100416 -0.980738
    outer loop
      vertex 19.3574 26.6767 0.00481606
      vertex 19.719 26.4469 0.0430603
      vertex 19.5592 26.34 0.00481606
    endloop
  endfacet
  facet normal 0.167571 0.100463 -0.980728
    outer loop
      vertex 19.719 26.4469 0.0430603
      vertex 19.3574 26.6767 0.00481606
      vertex 19.5172 26.7835 0.0430603
    endloop
  endfacet
  facet normal 0.183927 0.0657879 -0.980736
    outer loop
      vertex 19.7361 25.9682 0.00481606
      vertex 20.0459 25.6722 0.0430603
      vertex 19.8683 25.5986 0.00481606
    endloop
  endfacet
  facet normal 0.183927 0.0657879 -0.980736
    outer loop
      vertex 20.0459 25.6722 0.0430603
      vertex 19.7361 25.9682 0.00481606
      vertex 19.9137 26.0418 0.0430603
    endloop
  endfacet
  facet normal 0.172909 0.0920819 -0.980624
    outer loop
      vertex 19.5682 26.3231 0.00481606
      vertex 19.5592 26.34 0.00481606
      vertex 19.7459 26.3967 0.0430603
    endloop
  endfacet
  facet normal 0.124181 -0.151663 -0.980601
    outer loop
      vertex 18.6928 -33.6973 0.0430603
      vertex 18.542 -33.5735 0.00481606
      vertex 18.5569 -33.5613 0.00481606
    endloop
  endfacet
  facet normal 0.187512 -0.0570689 -0.980603
    outer loop
      vertex 20.0459 -31.6722 0.0430603
      vertex 19.8683 -31.5986 0.00481606
      vertex 19.8739 -31.5802 0.00481606
    endloop
  endfacet
  facet normal 0.378818 -0.0561934 -0.923764
    outer loop
      vertex 20.1578 -31.237 0.0430603
      vertex 20.3931 -30.884 0.118079
      vertex 20.3355 -31.2723 0.118079
    endloop
  endfacet
  facet normal 0.378818 -0.0561934 -0.923764
    outer loop
      vertex 20.3931 -30.884 0.118079
      vertex 20.1578 -31.237 0.0430603
      vertex 20.2154 -30.8487 0.0430603
    endloop
  endfacet
  facet normal 0.367652 -0.112188 -0.923172
    outer loop
      vertex 20.2401 -31.6531 0.118079
      vertex 20.0459 -31.6722 0.0430603
      vertex 20.0625 -31.6178 0.0430603
    endloop
  endfacet
  facet normal 0.338813 0.181255 -0.923229
    outer loop
      vertex 19.9132 26.466 0.118079
      vertex 19.719 26.4469 0.0430603
      vertex 19.8696 26.5475 0.118079
    endloop
  endfacet
  facet normal 0.625314 0.334187 -0.705196
    outer loop
      vertex 20.1918 26.5814 0.365607
      vertex 20.0638 26.5284 0.22699
      vertex 20.1204 26.715 0.365607
    endloop
  endfacet
  facet normal 0.558654 0.6163 -0.55505
    outer loop
      vertex 19.325 27.775 0.365607
      vertex 19.1112 28.1156 0.528604
      vertex 19.402 27.852 0.528604
    endloop
  endfacet
  facet normal 0.558654 0.6163 -0.55505
    outer loop
      vertex 19.1112 28.1156 0.528604
      vertex 19.325 27.775 0.365607
      vertex 19.0342 28.0386 0.365607
    endloop
  endfacet
  facet normal 0.156938 0.116372 -0.980728
    outer loop
      vertex 19.3574 26.6767 0.00481606
      vertex 19.2834 27.0988 0.0430603
      vertex 19.5172 26.7835 0.0430603
    endloop
  endfacet
  facet normal 0.156853 0.116358 -0.980744
    outer loop
      vertex 19.2834 27.0988 0.0430603
      vertex 19.3574 26.6767 0.00481606
      vertex 19.1235 26.992 0.00481606
    endloop
  endfacet
  facet normal 0.392399 0.734237 -0.554002
    outer loop
      vertex 18.265 28.5704 0.365607
      vertex 18.1314 28.6418 0.365607
      vertex 18.1731 28.7425 0.528604
    endloop
  endfacet
  facet normal 0.772906 0.634521 0
    outer loop
      vertex 19.8695 27.4905 3.09802
      vertex 19.7457 27.6413 0.901983
      vertex 19.7457 27.6413 3.09802
    endloop
  endfacet
  facet normal 0.772906 0.634521 0
    outer loop
      vertex 19.7457 27.6413 0.901983
      vertex 19.8695 27.4905 3.09802
      vertex 19.8695 27.4905 0.901983
    endloop
  endfacet
  facet normal 0.758266 0.622301 -0.194354
    outer loop
      vertex 19.8377 27.4692 0.709716
      vertex 19.7187 27.6142 0.709716
      vertex 19.8695 27.4905 0.901983
    endloop
  endfacet
  facet normal 0.923914 0 -0.3826
    outer loop
      vertex 20.9069 -30.4 0.709716
      vertex 20.8319 24.4 0.528604
      vertex 20.9069 24.4 0.709716
    endloop
  endfacet
  facet normal 0.923914 0 -0.3826
    outer loop
      vertex 20.8319 24.4 0.528604
      vertex 20.9069 -30.4 0.709716
      vertex 20.8319 -30.4 0.528604
    endloop
  endfacet
  facet normal 0.828735 0.081428 -0.553686
    outer loop
      vertex 20.8126 24.7921 0.528604
      vertex 20.7037 24.7921 0.365607
      vertex 20.7957 24.9641 0.528604
    endloop
  endfacet
  facet normal 0.678454 -0.205876 -0.705206
    outer loop
      vertex 20.4919 -31.8569 0.365607
      vertex 20.3639 -31.8039 0.22699
      vertex 20.5359 -31.7119 0.365607
    endloop
  endfacet
  facet normal 0.412173 -0.373492 -0.831033
    outer loop
      vertex 19.1118 -33.5618 0.118079
      vertex 19.4906 -33.3861 0.22699
      vertex 19.227 -33.677 0.22699
    endloop
  endfacet
  facet normal 0.412173 -0.373492 -0.831033
    outer loop
      vertex 19.4906 -33.3861 0.22699
      vertex 19.1118 -33.5618 0.118079
      vertex 19.3754 -33.2709 0.118079
    endloop
  endfacet
  facet normal 0.296961 -0.243725 -0.923262
    outer loop
      vertex 19.3754 -33.2709 0.118079
      vertex 19.2473 -33.1428 0.0430603
      vertex 19.434 -33.1995 0.118079
    endloop
  endfacet
  facet normal 0.283804 -0.25717 -0.923753
    outer loop
      vertex 18.9837 -33.4337 0.0430603
      vertex 19.3754 -33.2709 0.118079
      vertex 19.1118 -33.5618 0.118079
    endloop
  endfacet
  facet normal 0.283804 -0.25717 -0.923753
    outer loop
      vertex 19.3754 -33.2709 0.118079
      vertex 18.9837 -33.4337 0.0430603
      vertex 19.2473 -33.1428 0.0430603
    endloop
  endfacet
  facet normal 0.523463 -0.187376 -0.83119
    outer loop
      vertex 20.081 -32.1111 0.118079
      vertex 20.3639 -31.8039 0.22699
      vertex 20.2316 -32.1735 0.22699
    endloop
  endfacet
  facet normal 0.523463 -0.187376 -0.83119
    outer loop
      vertex 20.3639 -31.8039 0.22699
      vertex 20.081 -32.1111 0.118079
      vertex 20.2133 -31.7415 0.118079
    endloop
  endfacet
  facet normal 0.686168 -0.171947 -0.70683
    outer loop
      vertex 20.5359 -31.7119 0.365607
      vertex 20.4953 -31.3041 0.22699
      vertex 20.6313 -31.3312 0.365607
    endloop
  endfacet
  facet normal 0.686516 -0.171809 -0.706525
    outer loop
      vertex 20.4953 -31.3041 0.22699
      vertex 20.5359 -31.7119 0.365607
      vertex 20.4 -31.6849 0.22699
    endloop
  endfacet
  facet normal 0.714695 0.586403 0.381239
    outer loop
      vertex 19.8377 27.4692 3.29028
      vertex 19.6656 27.5612 3.4714
      vertex 19.7753 27.4275 3.4714
    endloop
  endfacet
  facet normal 0.643826 0.528255 0.553566
    outer loop
      vertex 19.7753 27.4275 3.4714
      vertex 19.6656 27.5612 3.4714
      vertex 19.6848 27.367 3.63439
    endloop
  endfacet
  facet normal 0.886706 0.419361 0.19465
    outer loop
      vertex 20.3618 26.6518 3.29028
      vertex 20.5649 26.3116 3.09802
      vertex 20.3971 26.6664 3.09802
    endloop
  endfacet
  facet normal 0.886714 0.419247 0.194861
    outer loop
      vertex 20.5649 26.3116 3.09802
      vertex 20.3618 26.6518 3.29028
      vertex 20.5296 26.2969 3.29028
    endloop
  endfacet
  facet normal 0.176571 0.0834846 0.980741
    outer loop
      vertex 19.7459 26.3967 3.95694
      vertex 19.7361 25.9682 3.99518
      vertex 19.9137 26.0418 3.95694
    endloop
  endfacet
  facet normal 0.176474 0.0834883 0.980758
    outer loop
      vertex 19.7361 25.9682 3.99518
      vertex 19.7459 26.3967 3.95694
      vertex 19.5682 26.3231 3.99518
    endloop
  endfacet
  facet normal 0.338776 0.181535 0.923188
    outer loop
      vertex 19.9132 26.466 3.88192
      vertex 19.719 26.4469 3.95694
      vertex 19.7459 26.3967 3.95694
    endloop
  endfacet
  facet normal 0.0920721 0.172891 0.980628
    outer loop
      vertex 17.9467 28.1959 3.95694
      vertex 17.8731 28.0182 3.99518
      vertex 17.89 28.0092 3.99518
    endloop
  endfacet
  facet normal 0.367624 0.111452 0.923272
    outer loop
      vertex 20.2133 25.7415 3.88192
      vertex 20.0459 25.6722 3.95694
      vertex 20.2401 25.6531 3.88192
    endloop
  endfacet
  facet normal 0.43093 0.353802 0.830135
    outer loop
      vertex 19.4906 27.3861 3.77301
      vertex 19.434 27.1995 3.88192
      vertex 19.5695 27.29 3.77301
    endloop
  endfacet
  facet normal 0.446739 0.331264 0.831077
    outer loop
      vertex 19.5695 27.29 3.77301
      vertex 19.6678 26.8842 3.88192
      vertex 19.8033 26.9747 3.77301
    endloop
  endfacet
  facet normal 0.446739 0.331264 0.831077
    outer loop
      vertex 19.6678 26.8842 3.88192
      vertex 19.5695 27.29 3.77301
      vertex 19.434 27.1995 3.88192
    endloop
  endfacet
  facet normal 0.338818 0.181257 0.923227
    outer loop
      vertex 19.8696 26.5475 3.88192
      vertex 19.719 26.4469 3.95694
      vertex 19.9132 26.466 3.88192
    endloop
  endfacet
  facet normal 0.491417 0.262893 0.830299
    outer loop
      vertex 20.0052 26.638 3.77301
      vertex 19.8696 26.5475 3.88192
      vertex 19.9132 26.466 3.88192
    endloop
  endfacet
  facet normal 0.112189 0.367657 0.923169
    outer loop
      vertex 17.2031 28.6901 3.88192
      vertex 17.1678 28.5125 3.95694
      vertex 17.2222 28.4959 3.95694
    endloop
  endfacet
  facet normal 0.285805 0.476861 0.831216
    outer loop
      vertex 18.188 28.4552 3.77301
      vertex 18.4342 28.1178 3.88192
      vertex 18.5247 28.2534 3.77301
    endloop
  endfacet
  facet normal 0.285805 0.476861 0.831216
    outer loop
      vertex 18.4342 28.1178 3.88192
      vertex 18.188 28.4552 3.77301
      vertex 18.0975 28.3196 3.88192
    endloop
  endfacet
  facet normal 0.475088 0.792677 0.382039
    outer loop
      vertex 18.3672 28.7233 3.29028
      vertex 18.6622 28.4592 3.4714
      vertex 18.7039 28.5215 3.29028
    endloop
  endfacet
  facet normal 0.475239 0.792694 0.381817
    outer loop
      vertex 18.6622 28.4592 3.4714
      vertex 18.3672 28.7233 3.29028
      vertex 18.3256 28.661 3.4714
    endloop
  endfacet
  facet normal 0.435858 0.815562 0.380638
    outer loop
      vertex 18.3672 28.7233 3.29028
      vertex 18.1731 28.7425 3.4714
      vertex 18.3256 28.661 3.4714
    endloop
  endfacet
  facet normal 0.419361 0.886706 0.19465
    outer loop
      vertex 17.8616 29.0149 3.09802
      vertex 18.2018 28.8118 3.29028
      vertex 18.2164 28.8471 3.09802
    endloop
  endfacet
  facet normal 0.419247 0.886714 0.194861
    outer loop
      vertex 18.2018 28.8118 3.29028
      vertex 17.8616 29.0149 3.09802
      vertex 17.8469 28.9796 3.29028
    endloop
  endfacet
  facet normal 0.392391 0.734228 0.554021
    outer loop
      vertex 18.3256 28.661 3.4714
      vertex 18.1731 28.7425 3.4714
      vertex 18.265 28.5704 3.63439
    endloop
  endfacet
  facet normal 0.392394 0.734227 0.554019
    outer loop
      vertex 18.1731 28.7425 3.4714
      vertex 18.1314 28.6418 3.63439
      vertex 18.265 28.5704 3.63439
    endloop
  endfacet
  facet normal 0.528333 0.643666 0.553678
    outer loop
      vertex 19.1112 28.1156 3.4714
      vertex 18.917 28.1348 3.63439
      vertex 19.0342 28.0386 3.63439
    endloop
  endfacet
  facet normal 0.528255 0.643826 0.553566
    outer loop
      vertex 18.9775 28.2253 3.4714
      vertex 18.917 28.1348 3.63439
      vertex 19.1112 28.1156 3.4714
    endloop
  endfacet
  facet normal 0.449742 0.547785 0.705452
    outer loop
      vertex 18.917 28.1348 3.63439
      vertex 18.84 28.0195 3.77301
      vertex 18.9361 27.9406 3.77301
    endloop
  endfacet
  facet normal 0.161713 0.533413 0.830253
    outer loop
      vertex 17.3539 28.8139 3.77301
      vertex 17.2031 28.6901 3.88192
      vertex 17.2915 28.6633 3.88192
    endloop
  endfacet
  facet normal 0.143921 0.970216 0.194853
    outer loop
      vertex 16.5362 29.3568 3.09802
      vertex 16.917 29.2617 3.29028
      vertex 16.9245 29.2992 3.09802
    endloop
  endfacet
  facet normal 0.143921 0.970216 0.194853
    outer loop
      vertex 16.917 29.2617 3.29028
      vertex 16.5362 29.3568 3.09802
      vertex 16.5287 29.3193 3.29028
    endloop
  endfacet
  facet normal -0.0273356 0.555352 0.831166
    outer loop
      vertex -16.3421 29.0151 3.77301
      vertex -15.95 28.8714 3.88192
      vertex -15.95 29.0344 3.77301
    endloop
  endfacet
  facet normal -0.0273356 0.555352 0.831166
    outer loop
      vertex -15.95 28.8714 3.88192
      vertex -16.3421 29.0151 3.77301
      vertex -16.3421 28.8521 3.88192
    endloop
  endfacet
  facet normal -0.0692214 0.70531 0.705512
    outer loop
      vertex -16.3421 29.1537 3.63439
      vertex -16.4929 29.1389 3.63439
      vertex -16.4658 29.0029 3.77301
    endloop
  endfacet
  facet normal 0.0408817 0.830554 0.555435
    outer loop
      vertex 16.3421 29.2627 3.4714
      vertex 15.95 29.173 3.63439
      vertex 16.3421 29.1537 3.63439
    endloop
  endfacet
  facet normal 0.0406817 0.830796 0.555088
    outer loop
      vertex 15.95 29.173 3.63439
      vertex 16.3421 29.2627 3.4714
      vertex 15.95 29.2819 3.4714
    endloop
  endfacet
  facet normal 0.122057 0.822823 0.555035
    outer loop
      vertex 16.5141 29.2457 3.4714
      vertex 16.8812 29.0813 3.63439
      vertex 16.9024 29.1881 3.4714
    endloop
  endfacet
  facet normal 0.122057 0.822823 0.555035
    outer loop
      vertex 16.8812 29.0813 3.63439
      vertex 16.5141 29.2457 3.4714
      vertex 16.4929 29.1389 3.63439
    endloop
  endfacet
  facet normal 0.238277 0.666167 0.706714
    outer loop
      vertex 17.4069 28.9419 3.63439
      vertex 17.7235 28.6816 3.77301
      vertex 17.7765 28.8097 3.63439
    endloop
  endfacet
  facet normal 0.238517 0.666332 0.706478
    outer loop
      vertex 17.7235 28.6816 3.77301
      vertex 17.4069 28.9419 3.63439
      vertex 17.3539 28.8139 3.77301
    endloop
  endfacet
  facet normal 0.0491626 0.998791 -0
    outer loop
      vertex 16.3421 29.3759 0.901983
      vertex 15.95 29.3952 3.09802
      vertex 16.3421 29.3759 3.09802
    endloop
  endfacet
  facet normal 0.0491626 0.998791 0
    outer loop
      vertex 15.95 29.3952 3.09802
      vertex 16.3421 29.3759 0.901983
      vertex 15.95 29.3952 0.901983
    endloop
  endfacet
  facet normal 0.0813387 0.828775 0.553639
    outer loop
      vertex 16.5141 29.2457 3.4714
      vertex 16.3421 29.1537 3.63439
      vertex 16.4929 29.1389 3.63439
    endloop
  endfacet
  facet normal -0.143921 0.970217 -0.194847
    outer loop
      vertex -16.917 29.2617 0.709716
      vertex -16.5362 29.3568 0.901983
      vertex -16.5287 29.3193 0.709716
    endloop
  endfacet
  facet normal -0.143921 0.970217 -0.194847
    outer loop
      vertex -16.5362 29.3568 0.901983
      vertex -16.917 29.2617 0.709716
      vertex -16.9245 29.2992 0.901983
    endloop
  endfacet
  facet normal 0 0.831496 -0.555531
    outer loop
      vertex 15.95 29.173 0.365607
      vertex -15.95 29.2819 0.528604
      vertex 15.95 29.2819 0.528604
    endloop
  endfacet
  facet normal 0 0.831496 -0.555531
    outer loop
      vertex -15.95 29.2819 0.528604
      vertex 15.95 29.173 0.365607
      vertex -15.95 29.173 0.365607
    endloop
  endfacet
  facet normal 0.360589 -0.128977 0.923764
    outer loop
      vertex 19.9137 -32.0418 3.95694
      vertex 20.2133 -31.7415 3.88192
      vertex 20.0459 -31.6722 3.95694
    endloop
  endfacet
  facet normal 0.360715 -0.12912 0.923695
    outer loop
      vertex 20.2133 -31.7415 3.88192
      vertex 19.9137 -32.0418 3.95694
      vertex 20.081 -32.1111 3.88192
    endloop
  endfacet
  facet normal 0.86992 -0.311156 -0.382651
    outer loop
      vertex 20.6619 -31.9273 0.709716
      vertex 20.4603 -32.2682 0.528604
      vertex 20.5925 -31.8986 0.528604
    endloop
  endfacet
  facet normal 0.870003 -0.311422 -0.382244
    outer loop
      vertex 20.4603 -32.2682 0.528604
      vertex 20.6619 -31.9273 0.709716
      vertex 20.5296 -32.2969 0.709716
    endloop
  endfacet
  facet normal 0.884664 -0.268501 -0.381153
    outer loop
      vertex 20.7163 -31.7478 0.709716
      vertex 20.5925 -31.8986 0.528604
      vertex 20.6427 -31.7332 0.528604
    endloop
  endfacet
  facet normal 0.751904 -0.355719 -0.555072
    outer loop
      vertex 20.4603 -32.2682 0.528604
      vertex 20.1918 -32.5814 0.365607
      vertex 20.3597 -32.2265 0.365607
    endloop
  endfacet
  facet normal 0.751791 -0.355454 -0.555395
    outer loop
      vertex 20.1918 -32.5814 0.365607
      vertex 20.4603 -32.2682 0.528604
      vertex 20.2925 -32.6231 0.528604
    endloop
  endfacet
  facet normal 0.533344 -0.161796 -0.830281
    outer loop
      vertex 20.3639 -31.8039 0.22699
      vertex 20.2401 -31.6531 0.118079
      vertex 20.4 -31.6849 0.22699
    endloop
  endfacet
  facet normal 0.828786 -0.0813397 -0.553622
    outer loop
      vertex 20.7957 -30.9641 0.528604
      vertex 20.6889 -30.9429 0.365607
      vertex 20.7037 -30.7921 0.365607
    endloop
  endfacet
  facet normal 0.822834 -0.122058 -0.555018
    outer loop
      vertex 20.7957 -30.9641 0.528604
      vertex 20.6313 -31.3312 0.365607
      vertex 20.6889 -30.9429 0.365607
    endloop
  endfacet
  facet normal 0.822834 -0.122058 -0.555018
    outer loop
      vertex 20.6313 -31.3312 0.365607
      vertex 20.7957 -30.9641 0.528604
      vertex 20.7381 -31.3524 0.528604
    endloop
  endfacet
  facet normal 0.970225 -0.143959 0.194782
    outer loop
      vertex 20.8117 -31.367 3.29028
      vertex 20.9068 -30.9862 3.09802
      vertex 20.8693 -30.9788 3.29028
    endloop
  endfacet
  facet normal 0.970216 -0.143921 0.194853
    outer loop
      vertex 20.9068 -30.9862 3.09802
      vertex 20.8117 -31.367 3.29028
      vertex 20.8492 -31.3745 3.09802
    endloop
  endfacet
  facet normal 0.93881 -0.28452 0.194125
    outer loop
      vertex 20.7163 -31.7478 3.29028
      vertex 20.6619 -31.9273 3.29028
      vertex 20.6972 -31.942 3.09802
    endloop
  endfacet
  facet normal 0.938769 -0.284597 0.194207
    outer loop
      vertex 20.7163 -31.7478 3.29028
      vertex 20.6972 -31.942 3.09802
      vertex 20.7538 -31.7553 3.09802
    endloop
  endfacet
  facet normal 0.903997 -0.427539 0
    outer loop
      vertex 20.3971 -32.6664 3.09802
      vertex 20.5649 -32.3116 0.901983
      vertex 20.5649 -32.3116 3.09802
    endloop
  endfacet
  facet normal 0.903997 -0.427539 0
    outer loop
      vertex 20.5649 -32.3116 0.901983
      vertex 20.3971 -32.6664 3.09802
      vertex 20.3971 -32.6664 0.901983
    endloop
  endfacet
  facet normal 0.9415 -0.337014 0
    outer loop
      vertex 20.5649 -32.3116 3.09802
      vertex 20.6972 -31.942 0.901983
      vertex 20.6972 -31.942 3.09802
    endloop
  endfacet
  facet normal 0.9415 -0.337014 0
    outer loop
      vertex 20.6972 -31.942 0.901983
      vertex 20.5649 -32.3116 3.09802
      vertex 20.5649 -32.3116 0.901983
    endloop
  endfacet
  facet normal 0.886714 -0.419247 0.194861
    outer loop
      vertex 20.3618 -32.6518 3.29028
      vertex 20.5649 -32.3116 3.09802
      vertex 20.5296 -32.2969 3.29028
    endloop
  endfacet
  facet normal 0.886706 -0.419361 0.19465
    outer loop
      vertex 20.5649 -32.3116 3.09802
      vertex 20.3618 -32.6518 3.29028
      vertex 20.3971 -32.6664 3.09802
    endloop
  endfacet
  facet normal 0.684623 -0.620587 0.382313
    outer loop
      vertex 19.402 -33.852 3.4714
      vertex 19.7187 -33.6142 3.29028
      vertex 19.6656 -33.5612 3.4714
    endloop
  endfacet
  facet normal 0.68464 -0.620389 0.382603
    outer loop
      vertex 19.7187 -33.6142 3.29028
      vertex 19.402 -33.852 3.4714
      vertex 19.4551 -33.9051 3.29028
    endloop
  endfacet
  facet normal 0.658603 -0.726812 0.194903
    outer loop
      vertex 19.1913 -34.1957 3.09802
      vertex 19.4551 -33.9051 3.29028
      vertex 19.1642 -34.1687 3.29028
    endloop
  endfacet
  facet normal 0.658771 -0.726747 0.194575
    outer loop
      vertex 19.4551 -33.9051 3.29028
      vertex 19.1913 -34.1957 3.09802
      vertex 19.4821 -33.9321 3.09802
    endloop
  endfacet
  facet normal 0.742208 -0.550595 0.382064
    outer loop
      vertex 19.7753 -33.4275 3.4714
      vertex 20.0715 -33.1539 3.29028
      vertex 20.0092 -33.1122 3.4714
    endloop
  endfacet
  facet normal 0.742203 -0.550356 0.382417
    outer loop
      vertex 20.0715 -33.1539 3.29028
      vertex 19.7753 -33.4275 3.4714
      vertex 19.8377 -33.4692 3.29028
    endloop
  endfacet
  facet normal 0.938769 0.284597 0.194207
    outer loop
      vertex 20.7538 25.7553 3.09802
      vertex 20.6972 25.942 3.09802
      vertex 20.7163 25.7478 3.29028
    endloop
  endfacet
  facet normal 0.884652 0.268106 0.381457
    outer loop
      vertex 20.6619 25.9273 3.29028
      vertex 20.5925 25.8986 3.4714
      vertex 20.7163 25.7478 3.29028
    endloop
  endfacet
  facet normal 0.920057 0.090401 0.381212
    outer loop
      vertex 20.8693 24.9788 3.29028
      vertex 20.7957 24.9641 3.4714
      vertex 20.8126 24.7921 3.4714
    endloop
  endfacet
  facet normal 0.828724 0.0814269 0.553703
    outer loop
      vertex 20.7957 24.9641 3.4714
      vertex 20.7037 24.7921 3.63439
      vertex 20.8126 24.7921 3.4714
    endloop
  endfacet
  facet normal 0.796845 0.241801 0.553688
    outer loop
      vertex 20.5925 25.8986 3.4714
      vertex 20.4919 25.8569 3.63439
      vertex 20.5359 25.7119 3.63439
    endloop
  endfacet
  facet normal 0.783205 0.28014 0.555078
    outer loop
      vertex 20.3597 26.2265 3.63439
      vertex 20.5925 25.8986 3.4714
      vertex 20.4603 26.2682 3.4714
    endloop
  endfacet
  facet normal 0.783205 0.28014 0.555078
    outer loop
      vertex 20.5925 25.8986 3.4714
      vertex 20.3597 26.2265 3.63439
      vertex 20.4919 25.8569 3.63439
    endloop
  endfacet
  facet normal 0.257174 -0.283808 0.92375
    outer loop
      vertex 18.9837 -33.4337 3.95694
      vertex 18.8209 -33.8254 3.88192
      vertex 19.1118 -33.5618 3.88192
    endloop
  endfacet
  facet normal 0.257174 -0.283808 0.92375
    outer loop
      vertex 18.8209 -33.8254 3.88192
      vertex 18.9837 -33.4337 3.95694
      vertex 18.6928 -33.6973 3.95694
    endloop
  endfacet
  facet normal 0.43093 -0.353802 0.830135
    outer loop
      vertex 19.5695 -33.29 3.77301
      vertex 19.434 -33.1995 3.88192
      vertex 19.4906 -33.3861 3.77301
    endloop
  endfacet
  facet normal 0.431026 -0.353755 0.830105
    outer loop
      vertex 19.434 -33.1995 3.88192
      vertex 19.3754 -33.2709 3.88192
      vertex 19.4906 -33.3861 3.77301
    endloop
  endfacet
  facet normal 0.751894 -0.355714 0.555088
    outer loop
      vertex 20.1918 -32.5814 3.63439
      vertex 20.4603 -32.2682 3.4714
      vertex 20.3597 -32.2265 3.63439
    endloop
  endfacet
  facet normal 0.751781 -0.355449 0.555412
    outer loop
      vertex 20.4603 -32.2682 3.4714
      vertex 20.1918 -32.5814 3.63439
      vertex 20.2925 -32.6231 3.4714
    endloop
  endfacet
  facet normal -0.0930191 -0.371686 0.923687
    outer loop
      vertex -17.2031 -34.6901 3.88192
      vertex -16.787 -34.6078 3.95694
      vertex -17.1678 -34.5125 3.95694
    endloop
  endfacet
  facet normal -0.0930693 -0.371497 0.923758
    outer loop
      vertex -16.787 -34.6078 3.95694
      vertex -17.2031 -34.6901 3.88192
      vertex -16.8223 -34.7855 3.88192
    endloop
  endfacet
  facet normal 0.187492 -0.0570628 0.980607
    outer loop
      vertex 19.8739 -31.5802 3.99518
      vertex 19.8683 -31.5986 3.99518
      vertex 20.0459 -31.6722 3.95694
    endloop
  endfacet
  facet normal -0.156836 -0.116346 0.980748
    outer loop
      vertex -19.3574 -32.6767 3.99518
      vertex -19.2834 -33.0988 3.95694
      vertex -19.1235 -32.992 3.99518
    endloop
  endfacet
  facet normal -0.156921 -0.11636 0.980732
    outer loop
      vertex -19.2834 -33.0988 3.95694
      vertex -19.3574 -32.6767 3.99518
      vertex -19.5172 -32.7835 3.95694
    endloop
  endfacet
  facet normal 0.338818 -0.181257 0.923227
    outer loop
      vertex 19.9132 -32.466 3.88192
      vertex 19.719 -32.4469 3.95694
      vertex 19.8696 -32.5475 3.88192
    endloop
  endfacet
  facet normal 0.491417 -0.262893 0.830299
    outer loop
      vertex 19.9132 -32.466 3.88192
      vertex 19.8696 -32.5475 3.88192
      vertex 20.0052 -32.638 3.77301
    endloop
  endfacet
  facet normal -0.643666 -0.528333 0.553678
    outer loop
      vertex -19.5886 -33.4842 3.63439
      vertex -19.6848 -33.367 3.63439
      vertex -19.6656 -33.5612 3.4714
    endloop
  endfacet
  facet normal -0 0.195037 0.980796
    outer loop
      vertex -15.95 28.6903 3.95694
      vertex 15.95 28.498 3.99518
      vertex 15.95 28.6903 3.95694
    endloop
  endfacet
  facet normal 0 0.195037 0.980796
    outer loop
      vertex 15.95 28.498 3.99518
      vertex -15.95 28.6903 3.95694
      vertex -15.95 28.498 3.99518
    endloop
  endfacet
  facet normal -0.568278 -0.421388 0.706748
    outer loop
      vertex -19.8033 -32.9747 3.77301
      vertex -19.6848 -33.367 3.63439
      vertex -19.5695 -33.29 3.77301
    endloop
  endfacet
  facet normal -0.568278 -0.421388 0.706748
    outer loop
      vertex -19.6848 -33.367 3.63439
      vertex -19.8033 -32.9747 3.77301
      vertex -19.9186 -33.0517 3.63439
    endloop
  endfacet
  facet normal -0.296989 -0.243666 0.923269
    outer loop
      vertex -19.2834 -33.0988 3.95694
      vertex -19.434 -33.1995 3.88192
      vertex -19.2473 -33.1428 3.95694
    endloop
  endfacet
  facet normal 0.019303 -0.195098 0.980594
    outer loop
      vertex 16.3421 -34.4788 3.99518
      vertex 16.3421 -34.671 3.95694
      vertex 16.3987 -34.6654 3.95694
    endloop
  endfacet
  facet normal -0.111452 0.367624 0.923272
    outer loop
      vertex -17.2031 28.6901 3.88192
      vertex -17.2915 28.6633 3.88192
      vertex -17.2222 28.4959 3.95694
    endloop
  endfacet
  facet normal -0.0925628 -0.172738 0.980609
    outer loop
      vertex -17.89 -34.0092 3.99518
      vertex -17.9969 -34.169 3.95694
      vertex -17.9467 -34.1959 3.95694
    endloop
  endfacet
  facet normal -0.103799 -0.699745 0.706812
    outer loop
      vertex -16.8541 -34.9453 3.77301
      vertex -16.4929 -35.1389 3.63439
      vertex -16.4658 -35.0029 3.77301
    endloop
  endfacet
  facet normal -0.103799 -0.699745 0.706812
    outer loop
      vertex -16.4929 -35.1389 3.63439
      vertex -16.8541 -34.9453 3.77301
      vertex -16.8812 -35.0813 3.63439
    endloop
  endfacet
  facet normal -0.0194047 0.195068 0.980598
    outer loop
      vertex -16.3421 28.4788 3.99518
      vertex -16.3987 28.6654 3.95694
      vertex -16.3612 28.4769 3.99518
    endloop
  endfacet
  facet normal -0.550161 -0.0816102 0.831061
    outer loop
      vertex -20.5529 -30.9158 3.77301
      vertex -20.3355 -31.2723 3.88192
      vertex -20.3931 -30.884 3.88192
    endloop
  endfacet
  facet normal -0.550161 -0.0816102 0.831061
    outer loop
      vertex -20.3355 -31.2723 3.88192
      vertex -20.5529 -30.9158 3.77301
      vertex -20.4953 -31.3041 3.77301
    endloop
  endfacet
  facet normal -0.116346 -0.156836 0.980748
    outer loop
      vertex -18.6488 -33.7334 3.95694
      vertex -18.2267 -33.8074 3.99518
      vertex -18.542 -33.5735 3.99518
    endloop
  endfacet
  facet normal -0.11636 -0.156921 0.980732
    outer loop
      vertex -18.2267 -33.8074 3.99518
      vertex -18.6488 -33.7334 3.95694
      vertex -18.3335 -33.9672 3.95694
    endloop
  endfacet
  facet normal -0.367624 -0.111452 0.923272
    outer loop
      vertex -20.0459 -31.6722 3.95694
      vertex -20.2401 -31.6531 3.88192
      vertex -20.2133 -31.7415 3.88192
    endloop
  endfacet
  facet normal -0.183908 0.0657809 0.98074
    outer loop
      vertex -20.0459 25.6722 3.95694
      vertex -19.7361 25.9682 3.99518
      vertex -19.9137 26.0418 3.95694
    endloop
  endfacet
  facet normal -0.183908 0.0657809 0.98074
    outer loop
      vertex -19.7361 25.9682 3.99518
      vertex -20.0459 25.6722 3.95694
      vertex -19.8683 25.5986 3.99518
    endloop
  endfacet
  facet normal -0.828786 -0.0813397 -0.553622
    outer loop
      vertex -20.6889 -30.9429 0.365607
      vertex -20.7957 -30.9641 0.528604
      vertex -20.7037 -30.7921 0.365607
    endloop
  endfacet
  facet normal -0.705302 -0.0692206 -0.705519
    outer loop
      vertex -20.6889 -30.9429 0.365607
      vertex -20.7037 -30.7921 0.365607
      vertex -20.5529 -30.9158 0.22699
    endloop
  endfacet
  facet normal -0.886715 -0.419247 -0.194854
    outer loop
      vertex -20.3618 -32.6518 0.709716
      vertex -20.5649 -32.3116 0.901983
      vertex -20.5296 -32.2969 0.709716
    endloop
  endfacet
  facet normal -0.886707 -0.419362 -0.194643
    outer loop
      vertex -20.5649 -32.3116 0.901983
      vertex -20.3618 -32.6518 0.709716
      vertex -20.3971 -32.6664 0.901983
    endloop
  endfacet
  facet normal -0.951426 -0.238356 0.194872
    outer loop
      vertex -20.8492 -31.3745 3.09802
      vertex -20.7163 -31.7478 3.29028
      vertex -20.8117 -31.367 3.29028
    endloop
  endfacet
  facet normal -0.951426 -0.238356 0.194872
    outer loop
      vertex -20.7163 -31.7478 3.29028
      vertex -20.8492 -31.3745 3.09802
      vertex -20.7538 -31.7553 3.09802
    endloop
  endfacet
  facet normal -0.555355 0.0273358 -0.831164
    outer loop
      vertex -20.4214 24.4 0.118079
      vertex -20.5651 24.7921 0.22699
      vertex -20.4021 24.7921 0.118079
    endloop
  endfacet
  facet normal -0.555355 0.0273358 -0.831164
    outer loop
      vertex -20.5651 24.7921 0.22699
      vertex -20.4214 24.4 0.118079
      vertex -20.5844 24.4 0.22699
    endloop
  endfacet
  facet normal -0.9415 -0.337014 0
    outer loop
      vertex -20.5649 -32.3116 0.901983
      vertex -20.6972 -31.942 3.09802
      vertex -20.6972 -31.942 0.901983
    endloop
  endfacet
  facet normal -0.9415 -0.337014 0
    outer loop
      vertex -20.6972 -31.942 3.09802
      vertex -20.5649 -32.3116 0.901983
      vertex -20.5649 -32.3116 3.09802
    endloop
  endfacet
  facet normal -0.815198 -0.436185 -0.381044
    outer loop
      vertex -20.2733 -32.8172 0.709716
      vertex -20.3618 -32.6518 0.709716
      vertex -20.2925 -32.6231 0.528604
    endloop
  endfacet
  facet normal -0.938771 -0.284598 -0.194201
    outer loop
      vertex -20.6972 -31.942 0.901983
      vertex -20.7538 -31.7553 0.901983
      vertex -20.7163 -31.7478 0.709716
    endloop
  endfacet
  facet normal -0.822823 -0.122057 0.555035
    outer loop
      vertex -20.7957 -30.9641 3.4714
      vertex -20.6313 -31.3312 3.63439
      vertex -20.6889 -30.9429 3.63439
    endloop
  endfacet
  facet normal -0.822823 -0.122057 0.555035
    outer loop
      vertex -20.6313 -31.3312 3.63439
      vertex -20.7957 -30.9641 3.4714
      vertex -20.7381 -31.3524 3.4714
    endloop
  endfacet
  facet normal -0.919935 0.0906631 0.381444
    outer loop
      vertex -20.8693 24.9788 3.29028
      vertex -20.8877 24.7921 3.29028
      vertex -20.8126 24.7921 3.4714
    endloop
  endfacet
  facet normal -0.726812 -0.658603 0.194903
    outer loop
      vertex -19.7457 -33.6413 3.09802
      vertex -19.4551 -33.9051 3.29028
      vertex -19.7187 -33.6142 3.29028
    endloop
  endfacet
  facet normal -0.726747 -0.658771 0.194575
    outer loop
      vertex -19.4551 -33.9051 3.29028
      vertex -19.7457 -33.6413 3.09802
      vertex -19.4821 -33.9321 3.09802
    endloop
  endfacet
  facet normal -0.815562 -0.435858 0.380638
    outer loop
      vertex -20.211 -32.7756 3.4714
      vertex -20.2925 -32.6231 3.4714
      vertex -20.2733 -32.8172 3.29028
    endloop
  endfacet
  facet normal -0.864973 -0.462818 0.19396
    outer loop
      vertex -20.3618 -32.6518 3.29028
      vertex -20.3971 -32.6664 3.09802
      vertex -20.2733 -32.8172 3.29028
    endloop
  endfacet
  facet normal -0.865088 -0.462453 0.19432
    outer loop
      vertex -20.2733 -32.8172 3.29028
      vertex -20.3971 -32.6664 3.09802
      vertex -20.3051 -32.8385 3.09802
    endloop
  endfacet
  facet normal -0.144671 0.131094 0.980757
    outer loop
      vertex -19.2473 27.1428 3.95694
      vertex -18.8477 27.2977 3.99518
      vertex -18.9837 27.4337 3.95694
    endloop
  endfacet
  facet normal -0.144696 0.131162 0.980744
    outer loop
      vertex -18.8477 27.2977 3.99518
      vertex -19.2473 27.1428 3.95694
      vertex -19.1113 27.0069 3.99518
    endloop
  endfacet
  facet normal 0.163764 -0.346364 0.923695
    outer loop
      vertex 17.5918 -34.3637 3.95694
      vertex 18.016 -34.3632 3.88192
      vertex 17.9467 -34.1959 3.95694
    endloop
  endfacet
  facet normal 0.163764 -0.346364 0.923695
    outer loop
      vertex 18.016 -34.3632 3.88192
      vertex 17.5918 -34.3637 3.95694
      vertex 17.6611 -34.531 3.88192
    endloop
  endfacet
  facet normal 0.262893 -0.491417 0.830299
    outer loop
      vertex 18.0975 -34.3196 3.88192
      vertex 18.016 -34.3632 3.88192
      vertex 18.188 -34.4552 3.77301
    endloop
  endfacet
  facet normal 0.334277 -0.6252 0.705254
    outer loop
      vertex 18.188 -34.4552 3.77301
      vertex 18.0784 -34.5138 3.77301
      vertex 18.265 -34.5704 3.63439
    endloop
  endfacet
  facet normal 0.135104 -0.539284 0.831216
    outer loop
      vertex 16.8223 -34.7855 3.88192
      vertex 17.2349 -34.85 3.77301
      vertex 17.2031 -34.6901 3.88192
    endloop
  endfacet
  facet normal 0.135025 -0.539534 0.831066
    outer loop
      vertex 17.2349 -34.85 3.77301
      vertex 16.8223 -34.7855 3.88192
      vertex 16.8541 -34.9453 3.77301
    endloop
  endfacet
  facet normal 0.0374534 -0.382441 0.923221
    outer loop
      vertex 16.3421 -34.671 3.95694
      vertex 16.3421 -34.8521 3.88192
      vertex 16.434 -34.8431 3.88192
    endloop
  endfacet
  facet normal 0.296989 -0.243666 0.923269
    outer loop
      vertex 19.2834 -33.0988 3.95694
      vertex 19.2473 -33.1428 3.95694
      vertex 19.434 -33.1995 3.88192
    endloop
  endfacet
  facet normal 0.44965 -0.547806 0.705495
    outer loop
      vertex 18.9361 -33.9406 3.77301
      vertex 18.917 -34.1348 3.63439
      vertex 19.0342 -34.0386 3.63439
    endloop
  endfacet
  facet normal 0.392394 -0.734227 0.554019
    outer loop
      vertex 18.265 -34.5704 3.63439
      vertex 18.1314 -34.6418 3.63439
      vertex 18.1731 -34.7425 3.4714
    endloop
  endfacet
  facet normal 0.334191 -0.625321 0.705188
    outer loop
      vertex 18.265 -34.5704 3.63439
      vertex 18.0784 -34.5138 3.77301
      vertex 18.1314 -34.6418 3.63439
    endloop
  endfacet
  facet normal 0.205816 -0.678451 0.705226
    outer loop
      vertex 17.3539 -34.8139 3.77301
      vertex 17.2349 -34.85 3.77301
      vertex 17.2619 -34.9859 3.63439
    endloop
  endfacet
  facet normal -0.639821 -0.302513 -0.706481
    outer loop
      vertex -20.1918 -32.5814 0.365607
      vertex -20.2316 -32.1735 0.22699
      vertex -20.0638 -32.5284 0.22699
    endloop
  endfacet
  facet normal -0.639546 -0.302564 -0.706708
    outer loop
      vertex -20.2316 -32.1735 0.22699
      vertex -20.1918 -32.5814 0.365607
      vertex -20.3597 -32.2265 0.365607
    endloop
  endfacet
  facet normal -0.792688 -0.475236 -0.381832
    outer loop
      vertex -20.0092 -33.1122 0.528604
      vertex -20.2733 -32.8172 0.709716
      vertex -20.211 -32.7756 0.528604
    endloop
  endfacet
  facet normal -0.792672 -0.475085 -0.382054
    outer loop
      vertex -20.2733 -32.8172 0.709716
      vertex -20.0092 -33.1122 0.528604
      vertex -20.0715 -33.1539 0.709716
    endloop
  endfacet
  facet normal -0.787836 -0.584193 -0.195023
    outer loop
      vertex -19.8377 -33.4692 0.709716
      vertex -20.1033 -33.1752 0.901983
      vertex -20.0715 -33.1539 0.709716
    endloop
  endfacet
  facet normal -0.787836 -0.584193 -0.195023
    outer loop
      vertex -20.1033 -33.1752 0.901983
      vertex -19.8377 -33.4692 0.709716
      vertex -19.8695 -33.4905 0.901983
    endloop
  endfacet
  facet normal -0.0909317 -0.920015 0.381188
    outer loop
      vertex -16.5141 -35.2457 3.4714
      vertex -16.5287 -35.3193 3.29028
      vertex -16.3421 -35.2627 3.4714
    endloop
  endfacet
  facet normal -0.0818825 -0.828458 0.554033
    outer loop
      vertex -16.3421 -35.1537 3.63439
      vertex -16.5141 -35.2457 3.4714
      vertex -16.3421 -35.2627 3.4714
    endloop
  endfacet
  facet normal -0.143921 -0.970216 0.194853
    outer loop
      vertex -16.5362 -35.3568 3.09802
      vertex -16.917 -35.2617 3.29028
      vertex -16.9245 -35.2992 3.09802
    endloop
  endfacet
  facet normal -0.143921 -0.970216 0.194853
    outer loop
      vertex -16.917 -35.2617 3.29028
      vertex -16.5362 -35.3568 3.09802
      vertex -16.5287 -35.3193 3.29028
    endloop
  endfacet
  facet normal -0.284597 -0.938769 0.194207
    outer loop
      vertex -17.2978 -35.1663 3.29028
      vertex -17.492 -35.1472 3.09802
      vertex -17.3053 -35.2038 3.09802
    endloop
  endfacet
  facet normal -0.171811 -0.686523 0.706517
    outer loop
      vertex -17.2619 -34.9859 3.63439
      vertex -16.8541 -34.9453 3.77301
      vertex -17.2349 -34.85 3.77301
    endloop
  endfacet
  facet normal -0.171949 -0.686175 0.706822
    outer loop
      vertex -16.8541 -34.9453 3.77301
      vertex -17.2619 -34.9859 3.63439
      vertex -16.8812 -35.0813 3.63439
    endloop
  endfacet
  facet normal -0.202135 -0.806846 0.555105
    outer loop
      vertex -16.9024 -35.1881 3.4714
      vertex -17.2619 -34.9859 3.63439
      vertex -17.2832 -35.0927 3.4714
    endloop
  endfacet
  facet normal -0.202199 -0.806889 0.555018
    outer loop
      vertex -17.2619 -34.9859 3.63439
      vertex -16.9024 -35.1881 3.4714
      vertex -16.8812 -35.0813 3.63439
    endloop
  endfacet
  facet normal -0.238356 -0.951426 0.194872
    outer loop
      vertex -16.9245 -35.2992 3.09802
      vertex -17.2978 -35.1663 3.29028
      vertex -17.3053 -35.2038 3.09802
    endloop
  endfacet
  facet normal -0.238356 -0.951426 0.194872
    outer loop
      vertex -17.2978 -35.1663 3.29028
      vertex -16.9245 -35.2992 3.09802
      vertex -16.917 -35.2617 3.29028
    endloop
  endfacet
  facet normal -0.334191 -0.625321 0.705188
    outer loop
      vertex -18.0784 -34.5138 3.77301
      vertex -18.265 -34.5704 3.63439
      vertex -18.1314 -34.6418 3.63439
    endloop
  endfacet
  facet normal -0.504214 -0.841273 0.195008
    outer loop
      vertex -18.3885 -34.7551 3.09802
      vertex -18.7039 -34.5215 3.29028
      vertex -18.7252 -34.5533 3.09802
    endloop
  endfacet
  facet normal -0.504214 -0.841273 0.195008
    outer loop
      vertex -18.7039 -34.5215 3.29028
      vertex -18.3885 -34.7551 3.09802
      vertex -18.3672 -34.7233 3.29028
    endloop
  endfacet
  facet normal -0.528333 -0.643666 0.553678
    outer loop
      vertex -19.0342 -34.0386 3.63439
      vertex -19.1112 -34.1156 3.4714
      vertex -18.917 -34.1348 3.63439
    endloop
  endfacet
  facet normal -0.620389 -0.68464 0.382603
    outer loop
      vertex -19.1642 -34.1687 3.29028
      vertex -19.402 -33.852 3.4714
      vertex -19.4551 -33.9051 3.29028
    endloop
  endfacet
  facet normal -0.620587 -0.684623 0.382313
    outer loop
      vertex -19.402 -33.852 3.4714
      vertex -19.1642 -34.1687 3.29028
      vertex -19.1112 -34.1156 3.4714
    endloop
  endfacet
  facet normal -0.558647 -0.616292 0.555066
    outer loop
      vertex -19.1112 -34.1156 3.4714
      vertex -19.325 -33.775 3.63439
      vertex -19.402 -33.852 3.4714
    endloop
  endfacet
  facet normal -0.558647 -0.616292 0.555066
    outer loop
      vertex -19.325 -33.775 3.63439
      vertex -19.1112 -34.1156 3.4714
      vertex -19.0342 -34.0386 3.63439
    endloop
  endfacet
  facet normal -0.421506 -0.568195 0.706744
    outer loop
      vertex -18.917 -34.1348 3.63439
      vertex -18.5247 -34.2534 3.77301
      vertex -18.84 -34.0195 3.77301
    endloop
  endfacet
  facet normal -0.42151 -0.568443 0.706542
    outer loop
      vertex -18.5247 -34.2534 3.77301
      vertex -18.917 -34.1348 3.63439
      vertex -18.6017 -34.3686 3.63439
    endloop
  endfacet
  facet normal -0.714656 -0.586511 0.381147
    outer loop
      vertex -19.6656 -33.5612 3.4714
      vertex -19.8377 -33.4692 3.29028
      vertex -19.7187 -33.6142 3.29028
    endloop
  endfacet
  facet normal -0.684623 -0.620587 0.382313
    outer loop
      vertex -19.7187 -33.6142 3.29028
      vertex -19.402 -33.852 3.4714
      vertex -19.6656 -33.5612 3.4714
    endloop
  endfacet
  facet normal -0.68464 -0.620389 0.382603
    outer loop
      vertex -19.402 -33.852 3.4714
      vertex -19.7187 -33.6142 3.29028
      vertex -19.4551 -33.9051 3.29028
    endloop
  endfacet
  facet normal -0.616292 -0.558647 0.555066
    outer loop
      vertex -19.6656 -33.5612 3.4714
      vertex -19.325 -33.775 3.63439
      vertex -19.5886 -33.4842 3.63439
    endloop
  endfacet
  facet normal -0.616292 -0.558647 0.555066
    outer loop
      vertex -19.325 -33.775 3.63439
      vertex -19.6656 -33.5612 3.4714
      vertex -19.402 -33.852 3.4714
    endloop
  endfacet
  facet normal -0.37349 -0.412171 0.831036
    outer loop
      vertex -19.1118 -33.5618 3.88192
      vertex -18.9361 -33.9406 3.77301
      vertex -18.8209 -33.8254 3.88192
    endloop
  endfacet
  facet normal -0.37349 -0.412171 0.831036
    outer loop
      vertex -18.9361 -33.9406 3.77301
      vertex -19.1118 -33.5618 3.88192
      vertex -19.227 -33.677 3.77301
    endloop
  endfacet
  facet normal -0.419361 -0.886706 0.19465
    outer loop
      vertex -17.8616 -35.0149 3.09802
      vertex -18.2018 -34.8118 3.29028
      vertex -18.2164 -34.8471 3.09802
    endloop
  endfacet
  facet normal -0.419247 -0.886714 0.194861
    outer loop
      vertex -18.2018 -34.8118 3.29028
      vertex -17.8616 -35.0149 3.09802
      vertex -17.8469 -34.9796 3.29028
    endloop
  endfacet
  facet normal -0.146733 -0.989176 0
    outer loop
      vertex -16.9245 -35.2992 0.901983
      vertex -16.5362 -35.3568 3.09802
      vertex -16.9245 -35.2992 3.09802
    endloop
  endfacet
  facet normal -0.146733 -0.989176 -0
    outer loop
      vertex -16.5362 -35.3568 3.09802
      vertex -16.9245 -35.2992 0.901983
      vertex -16.5362 -35.3568 0.901983
    endloop
  endfacet
  facet normal -0.337014 -0.9415 0
    outer loop
      vertex -17.8616 -35.0149 0.901983
      vertex -17.492 -35.1472 3.09802
      vertex -17.8616 -35.0149 3.09802
    endloop
  endfacet
  facet normal -0.337014 -0.9415 -0
    outer loop
      vertex -17.492 -35.1472 3.09802
      vertex -17.8616 -35.0149 0.901983
      vertex -17.492 -35.1472 0.901983
    endloop
  endfacet
  facet normal -0.896319 0.224551 -0.382346
    outer loop
      vertex -20.6427 25.7332 0.528604
      vertex -20.8117 25.367 0.709716
      vertex -20.7163 25.7478 0.709716
    endloop
  endfacet
  facet normal -0.896319 0.224551 -0.382346
    outer loop
      vertex -20.8117 25.367 0.709716
      vertex -20.6427 25.7332 0.528604
      vertex -20.7381 25.3524 0.528604
    endloop
  endfacet
  facet normal -0.976265 0.0960673 -0.194109
    outer loop
      vertex -20.8693 24.9788 0.709716
      vertex -20.9259 24.7921 0.901983
      vertex -20.9068 24.9862 0.901983
    endloop
  endfacet
  facet normal -0.706722 0.0347864 -0.706635
    outer loop
      vertex -20.5844 24.4 0.22699
      vertex -20.7037 24.7921 0.365607
      vertex -20.5651 24.7921 0.22699
    endloop
  endfacet
  facet normal -0.706722 0.0347864 -0.706635
    outer loop
      vertex -20.7037 24.7921 0.365607
      vertex -20.5844 24.4 0.22699
      vertex -20.723 24.4 0.365607
    endloop
  endfacet
  facet normal -0.8308 0.0408938 -0.555066
    outer loop
      vertex -20.723 24.4 0.365607
      vertex -20.8126 24.7921 0.528604
      vertex -20.7037 24.7921 0.365607
    endloop
  endfacet
  facet normal -0.8308 0.0408938 -0.555066
    outer loop
      vertex -20.8126 24.7921 0.528604
      vertex -20.723 24.4 0.365607
      vertex -20.8319 24.4 0.528604
    endloop
  endfacet
  facet normal -0.714656 0.586511 0.381147
    outer loop
      vertex -19.7187 27.6142 3.29028
      vertex -19.8377 27.4692 3.29028
      vertex -19.6656 27.5612 3.4714
    endloop
  endfacet
  facet normal -0.787835 0.584192 0.19503
    outer loop
      vertex -20.1033 27.1752 3.09802
      vertex -19.8377 27.4692 3.29028
      vertex -19.8695 27.4905 3.09802
    endloop
  endfacet
  facet normal -0.787835 0.584192 0.19503
    outer loop
      vertex -19.8377 27.4692 3.29028
      vertex -20.1033 27.1752 3.09802
      vertex -20.0715 27.1539 3.29028
    endloop
  endfacet
  facet normal -0.796812 0.241838 0.553719
    outer loop
      vertex -20.5925 25.8986 3.4714
      vertex -20.6427 25.7332 3.4714
      vertex -20.5359 25.7119 3.63439
    endloop
  endfacet
  facet normal -0.713316 0.42765 0.555244
    outer loop
      vertex -20.211 26.7756 3.4714
      vertex -19.9186 27.0517 3.63439
      vertex -20.0092 27.1122 3.4714
    endloop
  endfacet
  facet normal -0.713269 0.427495 0.555423
    outer loop
      vertex -19.9186 27.0517 3.63439
      vertex -20.211 26.7756 3.4714
      vertex -20.1204 26.715 3.63439
    endloop
  endfacet
  facet normal -0.568278 0.421388 0.706748
    outer loop
      vertex -19.6848 27.367 3.63439
      vertex -19.8033 26.9747 3.77301
      vertex -19.5695 27.29 3.77301
    endloop
  endfacet
  facet normal -0.568278 0.421388 0.706748
    outer loop
      vertex -19.8033 26.9747 3.77301
      vertex -19.6848 27.367 3.63439
      vertex -19.9186 27.0517 3.63439
    endloop
  endfacet
  facet normal -0.241838 0.796812 0.553719
    outer loop
      vertex -17.2832 29.0927 3.4714
      vertex -17.4486 29.0425 3.4714
      vertex -17.2619 28.9859 3.63439
    endloop
  endfacet
  facet normal -0.262807 0.49153 0.830259
    outer loop
      vertex -18.0784 28.5138 3.77301
      vertex -18.188 28.4552 3.77301
      vertex -18.016 28.3632 3.88192
    endloop
  endfacet
  facet normal -0.285805 0.476861 0.831216
    outer loop
      vertex -18.188 28.4552 3.77301
      vertex -18.4342 28.1178 3.88192
      vertex -18.0975 28.3196 3.88192
    endloop
  endfacet
  facet normal -0.285805 0.476861 0.831216
    outer loop
      vertex -18.4342 28.1178 3.88192
      vertex -18.188 28.4552 3.77301
      vertex -18.5247 28.2534 3.77301
    endloop
  endfacet
  facet normal -0.0907289 0.920109 0.381008
    outer loop
      vertex -16.3421 29.3377 3.29028
      vertex -16.5287 29.3193 3.29028
      vertex -16.3421 29.2627 3.4714
    endloop
  endfacet
  facet normal -0.268105 0.884646 -0.381472
    outer loop
      vertex -17.4486 29.0425 0.528604
      vertex -17.4773 29.1119 0.709716
      vertex -17.2978 29.1663 0.709716
    endloop
  endfacet
  facet normal -0.135105 0.539287 -0.831214
    outer loop
      vertex -17.2349 28.85 0.22699
      vertex -16.8223 28.7855 0.118079
      vertex -17.2031 28.6901 0.118079
    endloop
  endfacet
  facet normal -0.135026 0.539538 -0.831064
    outer loop
      vertex -16.8223 28.7855 0.118079
      vertex -17.2349 28.85 0.22699
      vertex -16.8541 28.9453 0.22699
    endloop
  endfacet
  facet normal -0.290121 0.95699 0
    outer loop
      vertex -17.3053 29.2038 0.901983
      vertex -17.492 29.1472 3.09802
      vertex -17.3053 29.2038 3.09802
    endloop
  endfacet
  facet normal -0.290121 0.95699 0
    outer loop
      vertex -17.492 29.1472 3.09802
      vertex -17.3053 29.2038 0.901983
      vertex -17.492 29.1472 0.901983
    endloop
  endfacet
  facet normal -0.330556 0.923458 0.194826
    outer loop
      vertex -17.492 29.1472 3.09802
      vertex -17.8469 28.9796 3.29028
      vertex -17.4773 29.1119 3.29028
    endloop
  endfacet
  facet normal -0.330556 0.923458 0.194826
    outer loop
      vertex -17.8469 28.9796 3.29028
      vertex -17.492 29.1472 3.09802
      vertex -17.8616 29.0149 3.09802
    endloop
  endfacet
  facet normal -0.0962669 0.976272 0.193975
    outer loop
      vertex -16.3421 29.3759 3.09802
      vertex -16.5287 29.3193 3.29028
      vertex -16.3421 29.3377 3.29028
    endloop
  endfacet
  facet normal -0.0451954 0.922976 0.382195
    outer loop
      vertex -15.95 29.3569 3.29028
      vertex -16.3421 29.2627 3.4714
      vertex -15.95 29.2819 3.4714
    endloop
  endfacet
  facet normal -0.0451954 0.922976 0.382195
    outer loop
      vertex -16.3421 29.2627 3.4714
      vertex -15.95 29.3569 3.29028
      vertex -16.3421 29.3377 3.29028
    endloop
  endfacet
  facet normal -0 0.382709 0.923869
    outer loop
      vertex -15.95 28.8714 3.88192
      vertex 15.95 28.6903 3.95694
      vertex 15.95 28.8714 3.88192
    endloop
  endfacet
  facet normal 0 0.382709 0.923869
    outer loop
      vertex 15.95 28.6903 3.95694
      vertex -15.95 28.8714 3.88192
      vertex -15.95 28.6903 3.95694
    endloop
  endfacet
  facet normal -0.392394 0.734227 0.554019
    outer loop
      vertex -18.1731 28.7425 3.4714
      vertex -18.265 28.5704 3.63439
      vertex -18.1314 28.6418 3.63439
    endloop
  endfacet
  facet normal -0.262893 0.491417 0.830299
    outer loop
      vertex -18.016 28.3632 3.88192
      vertex -18.188 28.4552 3.77301
      vertex -18.0975 28.3196 3.88192
    endloop
  endfacet
  facet normal -0.237648 0.502631 0.831195
    outer loop
      vertex -18.0784 28.5138 3.77301
      vertex -17.6611 28.531 3.88192
      vertex -17.7235 28.6816 3.77301
    endloop
  endfacet
  facet normal -0.237648 0.502631 0.831195
    outer loop
      vertex -17.6611 28.531 3.88192
      vertex -18.0784 28.5138 3.77301
      vertex -18.016 28.3632 3.88192
    endloop
  endfacet
  facet normal -0.353802 0.43093 0.830135
    outer loop
      vertex -18.84 28.0195 3.77301
      vertex -18.9361 27.9406 3.77301
      vertex -18.7495 27.884 3.88192
    endloop
  endfacet
  facet normal -0.163764 0.346364 0.923695
    outer loop
      vertex -18.016 28.3632 3.88192
      vertex -17.5918 28.3637 3.95694
      vertex -17.6611 28.531 3.88192
    endloop
  endfacet
  facet normal -0.163764 0.346364 0.923695
    outer loop
      vertex -17.5918 28.3637 3.95694
      vertex -18.016 28.3632 3.88192
      vertex -17.9467 28.1959 3.95694
    endloop
  endfacet
  facet normal -0.181535 0.338776 0.923188
    outer loop
      vertex -17.9467 28.1959 3.95694
      vertex -18.016 28.3632 3.88192
      vertex -17.9969 28.169 3.95694
    endloop
  endfacet
  facet normal -0.11636 0.156921 0.980732
    outer loop
      vertex -18.6488 27.7334 3.95694
      vertex -18.2267 27.8074 3.99518
      vertex -18.3335 27.9672 3.95694
    endloop
  endfacet
  facet normal -0.116346 0.156836 0.980748
    outer loop
      vertex -18.2267 27.8074 3.99518
      vertex -18.6488 27.7334 3.95694
      vertex -18.542 27.5735 3.99518
    endloop
  endfacet
  facet normal -0.196979 0.328559 0.923714
    outer loop
      vertex -18.0975 28.3196 3.88192
      vertex -18.3335 27.9672 3.95694
      vertex -17.9969 28.169 3.95694
    endloop
  endfacet
  facet normal -0.196889 0.328507 0.923752
    outer loop
      vertex -18.3335 27.9672 3.95694
      vertex -18.0975 28.3196 3.88192
      vertex -18.4342 28.1178 3.88192
    endloop
  endfacet
  facet normal -0.176474 -0.0834883 0.980758
    outer loop
      vertex -19.7361 -31.9682 3.99518
      vertex -19.7459 -32.3967 3.95694
      vertex -19.5682 -32.3231 3.99518
    endloop
  endfacet
  facet normal -0.176571 -0.0834846 0.980741
    outer loop
      vertex -19.7459 -32.3967 3.95694
      vertex -19.7361 -31.9682 3.99518
      vertex -19.9137 -32.0418 3.95694
    endloop
  endfacet
  facet normal -0.431026 0.353755 0.830105
    outer loop
      vertex -19.3754 27.2709 3.88192
      vertex -19.4906 27.3861 3.77301
      vertex -19.434 27.1995 3.88192
    endloop
  endfacet
  facet normal -0.42151 0.568443 0.706542
    outer loop
      vertex -18.917 28.1348 3.63439
      vertex -18.5247 28.2534 3.77301
      vertex -18.6017 28.3686 3.63439
    endloop
  endfacet
  facet normal -0.421506 0.568195 0.706744
    outer loop
      vertex -18.5247 28.2534 3.77301
      vertex -18.917 28.1348 3.63439
      vertex -18.84 28.0195 3.77301
    endloop
  endfacet
  facet normal 0.202199 -0.806889 0.555018
    outer loop
      vertex 16.9024 -35.1881 3.4714
      vertex 17.2619 -34.9859 3.63439
      vertex 16.8812 -35.0813 3.63439
    endloop
  endfacet
  facet normal 0.202135 -0.806846 0.555105
    outer loop
      vertex 17.2619 -34.9859 3.63439
      vertex 16.9024 -35.1881 3.4714
      vertex 17.2832 -35.0927 3.4714
    endloop
  endfacet
  facet normal 0.268503 -0.884669 0.381138
    outer loop
      vertex 17.4486 -35.0425 3.4714
      vertex 17.2832 -35.0927 3.4714
      vertex 17.2978 -35.1663 3.29028
    endloop
  endfacet
  facet normal 0.419247 -0.886714 0.194861
    outer loop
      vertex 17.8616 -35.0149 3.09802
      vertex 18.2018 -34.8118 3.29028
      vertex 17.8469 -34.9796 3.29028
    endloop
  endfacet
  facet normal 0.419361 -0.886706 0.19465
    outer loop
      vertex 18.2018 -34.8118 3.29028
      vertex 17.8616 -35.0149 3.09802
      vertex 18.2164 -34.8471 3.09802
    endloop
  endfacet
  facet normal 0.355714 -0.751894 0.555088
    outer loop
      vertex 17.8182 -34.9103 3.4714
      vertex 18.1314 -34.6418 3.63439
      vertex 17.7765 -34.8097 3.63439
    endloop
  endfacet
  facet normal 0.355449 -0.751781 0.555412
    outer loop
      vertex 18.1314 -34.6418 3.63439
      vertex 17.8182 -34.9103 3.4714
      vertex 18.1731 -34.7425 3.4714
    endloop
  endfacet
  facet normal 0.28014 -0.783205 0.555078
    outer loop
      vertex 17.4486 -35.0425 3.4714
      vertex 17.7765 -34.8097 3.63439
      vertex 17.4069 -34.9419 3.63439
    endloop
  endfacet
  facet normal 0.28014 -0.783205 0.555078
    outer loop
      vertex 17.7765 -34.8097 3.63439
      vertex 17.4486 -35.0425 3.4714
      vertex 17.8182 -34.9103 3.4714
    endloop
  endfacet
  facet normal 0.163762 -0.346359 -0.923698
    outer loop
      vertex 17.5918 -34.3637 0.0430603
      vertex 18.016 -34.3632 0.118079
      vertex 17.6611 -34.531 0.118079
    endloop
  endfacet
  facet normal 0.163762 -0.346359 -0.923698
    outer loop
      vertex 18.016 -34.3632 0.118079
      vertex 17.5918 -34.3637 0.0430603
      vertex 17.9467 -34.1959 0.0430603
    endloop
  endfacet
  facet normal 0.181532 -0.338771 -0.92319
    outer loop
      vertex 18.016 -34.3632 0.118079
      vertex 17.9467 -34.1959 0.0430603
      vertex 17.9969 -34.169 0.0430603
    endloop
  endfacet
  facet normal 0.0657879 -0.183927 -0.980736
    outer loop
      vertex 17.2222 -34.4959 0.0430603
      vertex 17.5182 -34.1861 0.00481606
      vertex 17.5918 -34.3637 0.0430603
    endloop
  endfacet
  facet normal 0.0657879 -0.183927 -0.980736
    outer loop
      vertex 17.5182 -34.1861 0.00481606
      vertex 17.2222 -34.4959 0.0430603
      vertex 17.1486 -34.3183 0.00481606
    endloop
  endfacet
  facet normal 0.311156 -0.86992 -0.382651
    outer loop
      vertex 17.8182 -34.9103 0.528604
      vertex 17.4773 -35.1119 0.709716
      vertex 17.4486 -35.0425 0.528604
    endloop
  endfacet
  facet normal 0.311422 -0.870003 -0.382244
    outer loop
      vertex 17.4773 -35.1119 0.709716
      vertex 17.8182 -34.9103 0.528604
      vertex 17.8469 -34.9796 0.709716
    endloop
  endfacet
  facet normal -0.151663 -0.124181 -0.980601
    outer loop
      vertex -19.1113 -33.0069 0.00481606
      vertex -19.2473 -33.1428 0.0430603
      vertex -19.1235 -32.992 0.00481606
    endloop
  endfacet
  facet normal 0.285807 -0.476864 -0.831213
    outer loop
      vertex 18.188 -34.4552 0.22699
      vertex 18.4342 -34.1178 0.118079
      vertex 18.5247 -34.2534 0.22699
    endloop
  endfacet
  facet normal 0.285807 -0.476864 -0.831213
    outer loop
      vertex 18.4342 -34.1178 0.118079
      vertex 18.188 -34.4552 0.22699
      vertex 18.0975 -34.3196 0.118079
    endloop
  endfacet
  facet normal 0.355719 -0.751904 -0.555072
    outer loop
      vertex 18.1314 -34.6418 0.365607
      vertex 17.8182 -34.9103 0.528604
      vertex 17.7765 -34.8097 0.365607
    endloop
  endfacet
  facet normal 0.355454 -0.751791 -0.555395
    outer loop
      vertex 17.8182 -34.9103 0.528604
      vertex 18.1314 -34.6418 0.365607
      vertex 18.1731 -34.7425 0.528604
    endloop
  endfacet
  facet normal 0.302564 -0.639546 -0.706708
    outer loop
      vertex 17.7235 -34.6816 0.22699
      vertex 18.1314 -34.6418 0.365607
      vertex 17.7765 -34.8097 0.365607
    endloop
  endfacet
  facet normal 0.302513 -0.639821 -0.706481
    outer loop
      vertex 18.1314 -34.6418 0.365607
      vertex 17.7235 -34.6816 0.22699
      vertex 18.0784 -34.5138 0.22699
    endloop
  endfacet
  facet normal -0.0451952 -0.92297 -0.38221
    outer loop
      vertex -16.3421 -35.2627 0.528604
      vertex -15.95 -35.3569 0.709716
      vertex -16.3421 -35.3377 0.709716
    endloop
  endfacet
  facet normal -0.0451952 -0.92297 -0.38221
    outer loop
      vertex -15.95 -35.3569 0.709716
      vertex -16.3421 -35.2627 0.528604
      vertex -15.95 -35.2819 0.528604
    endloop
  endfacet
  facet normal 0.122058 -0.822834 -0.555018
    outer loop
      vertex 16.8812 -35.0813 0.365607
      vertex 16.5141 -35.2457 0.528604
      vertex 16.4929 -35.1389 0.365607
    endloop
  endfacet
  facet normal 0.122058 -0.822834 -0.555018
    outer loop
      vertex 16.5141 -35.2457 0.528604
      vertex 16.8812 -35.0813 0.365607
      vertex 16.9024 -35.1881 0.528604
    endloop
  endfacet
  facet normal 0.0813397 -0.828786 -0.553622
    outer loop
      vertex 16.5141 -35.2457 0.528604
      vertex 16.3421 -35.1537 0.365607
      vertex 16.4929 -35.1389 0.365607
    endloop
  endfacet
  facet normal -0.0273358 -0.555355 -0.831164
    outer loop
      vertex -16.3421 -35.0151 0.22699
      vertex -15.95 -34.8714 0.118079
      vertex -15.95 -35.0344 0.22699
    endloop
  endfacet
  facet normal -0.0273358 -0.555355 -0.831164
    outer loop
      vertex -15.95 -34.8714 0.118079
      vertex -16.3421 -35.0151 0.22699
      vertex -16.3421 -34.8521 0.118079
    endloop
  endfacet
  facet normal -0.0695742 -0.705437 -0.70535
    outer loop
      vertex -16.3421 -35.1537 0.365607
      vertex -16.4658 -35.0029 0.22699
      vertex -16.3421 -35.0151 0.22699
    endloop
  endfacet
  facet normal -0.0692206 -0.705302 -0.705519
    outer loop
      vertex -16.3421 -35.1537 0.365607
      vertex -16.4929 -35.1389 0.365607
      vertex -16.4658 -35.0029 0.22699
    endloop
  endfacet
  facet normal -0.363802 -0.606997 -0.706543
    outer loop
      vertex -18.265 -34.5704 0.365607
      vertex -18.5247 -34.2534 0.22699
      vertex -18.188 -34.4552 0.22699
    endloop
  endfacet
  facet normal -0.363802 -0.606997 -0.706543
    outer loop
      vertex -18.5247 -34.2534 0.22699
      vertex -18.265 -34.5704 0.365607
      vertex -18.6017 -34.3686 0.365607
    endloop
  endfacet
  facet normal -0.202138 -0.806856 -0.555089
    outer loop
      vertex -17.2619 -34.9859 0.365607
      vertex -16.9024 -35.1881 0.528604
      vertex -17.2832 -35.0927 0.528604
    endloop
  endfacet
  facet normal -0.202202 -0.8069 -0.555002
    outer loop
      vertex -16.9024 -35.1881 0.528604
      vertex -17.2619 -34.9859 0.365607
      vertex -16.8812 -35.0813 0.365607
    endloop
  endfacet
  facet normal -0.586399 -0.71469 -0.381253
    outer loop
      vertex -19.0192 -34.2877 0.709716
      vertex -19.1112 -34.1156 0.528604
      vertex -18.9775 -34.2253 0.528604
    endloop
  endfacet
  facet normal -0.625193 -0.334273 -0.705262
    outer loop
      vertex -20.0052 -32.638 0.22699
      vertex -20.1204 -32.715 0.365607
      vertex -20.0638 -32.5284 0.22699
    endloop
  endfacet
  facet normal -0.171947 -0.686168 -0.70683
    outer loop
      vertex -17.2619 -34.9859 0.365607
      vertex -16.8541 -34.9453 0.22699
      vertex -16.8812 -35.0813 0.365607
    endloop
  endfacet
  facet normal -0.171809 -0.686516 -0.706525
    outer loop
      vertex -16.8541 -34.9453 0.22699
      vertex -17.2619 -34.9859 0.365607
      vertex -17.2349 -34.85 0.22699
    endloop
  endfacet
  facet normal -0.205814 -0.678444 -0.705234
    outer loop
      vertex -17.2619 -34.9859 0.365607
      vertex -17.3539 -34.8139 0.22699
      vertex -17.2349 -34.85 0.22699
    endloop
  endfacet
  facet normal -0.0834935 -0.17659 -0.980737
    outer loop
      vertex -17.9467 -34.1959 0.0430603
      vertex -17.5182 -34.1861 0.00481606
      vertex -17.5918 -34.3637 0.0430603
    endloop
  endfacet
  facet normal -0.0834972 -0.176493 -0.980754
    outer loop
      vertex -17.5182 -34.1861 0.00481606
      vertex -17.9467 -34.1959 0.0430603
      vertex -17.8731 -34.0182 0.00481606
    endloop
  endfacet
  facet normal -0.25717 -0.283804 -0.923753
    outer loop
      vertex -18.8209 -33.8254 0.118079
      vertex -18.9837 -33.4337 0.0430603
      vertex -18.6928 -33.6973 0.0430603
    endloop
  endfacet
  facet normal -0.25717 -0.283804 -0.923753
    outer loop
      vertex -18.9837 -33.4337 0.0430603
      vertex -18.8209 -33.8254 0.118079
      vertex -19.1118 -33.5618 0.118079
    endloop
  endfacet
  facet normal -0.116372 -0.156938 -0.980728
    outer loop
      vertex -18.6488 -33.7334 0.0430603
      vertex -18.2267 -33.8074 0.00481606
      vertex -18.3335 -33.9672 0.0430603
    endloop
  endfacet
  facet normal -0.116358 -0.156853 -0.980744
    outer loop
      vertex -18.2267 -33.8074 0.00481606
      vertex -18.6488 -33.7334 0.0430603
      vertex -18.542 -33.5735 0.00481606
    endloop
  endfacet
  facet normal -0.283804 -0.25717 -0.923753
    outer loop
      vertex -19.3754 -33.2709 0.118079
      vertex -18.9837 -33.4337 0.0430603
      vertex -19.1118 -33.5618 0.118079
    endloop
  endfacet
  facet normal -0.283804 -0.25717 -0.923753
    outer loop
      vertex -18.9837 -33.4337 0.0430603
      vertex -19.3754 -33.2709 0.118079
      vertex -19.2473 -33.1428 0.0430603
    endloop
  endfacet
  facet normal -0.124181 -0.151663 -0.980601
    outer loop
      vertex -18.542 -33.5735 0.00481606
      vertex -18.6928 -33.6973 0.0430603
      vertex -18.5569 -33.5613 0.00481606
    endloop
  endfacet
  facet normal -0.524261 -0.475224 -0.70662
    outer loop
      vertex -19.5886 -33.4842 0.365607
      vertex -19.227 -33.677 0.22699
      vertex -19.325 -33.775 0.365607
    endloop
  endfacet
  facet normal -0.524218 -0.475022 -0.706789
    outer loop
      vertex -19.227 -33.677 0.22699
      vertex -19.5886 -33.4842 0.365607
      vertex -19.4906 -33.3861 0.22699
    endloop
  endfacet
  facet normal -0.446742 -0.331266 -0.831074
    outer loop
      vertex -19.5695 -33.29 0.22699
      vertex -19.6678 -32.8842 0.118079
      vertex -19.434 -33.1995 0.118079
    endloop
  endfacet
  facet normal -0.446742 -0.331266 -0.831074
    outer loop
      vertex -19.6678 -32.8842 0.118079
      vertex -19.5695 -33.29 0.22699
      vertex -19.8033 -32.9747 0.22699
    endloop
  endfacet
  facet normal 0.758189 -0.622439 0.194212
    outer loop
      vertex 19.8695 -33.4905 3.09802
      vertex 19.7187 -33.6142 3.29028
      vertex 19.7457 -33.6413 3.09802
    endloop
  endfacet
  facet normal 0.758265 -0.6223 0.194361
    outer loop
      vertex 19.8377 -33.4692 3.29028
      vertex 19.7187 -33.6142 3.29028
      vertex 19.8695 -33.4905 3.09802
    endloop
  endfacet
  facet normal 0.622439 -0.758189 0.194212
    outer loop
      vertex 19.1642 -34.1687 3.29028
      vertex 19.0405 -34.3195 3.09802
      vertex 19.1913 -34.1957 3.09802
    endloop
  endfacet
  facet normal 0.421506 -0.568195 0.706744
    outer loop
      vertex 18.5247 -34.2534 3.77301
      vertex 18.917 -34.1348 3.63439
      vertex 18.84 -34.0195 3.77301
    endloop
  endfacet
  facet normal 0.42151 -0.568443 0.706542
    outer loop
      vertex 18.917 -34.1348 3.63439
      vertex 18.5247 -34.2534 3.77301
      vertex 18.6017 -34.3686 3.63439
    endloop
  endfacet
  facet normal 0.475229 -0.524267 0.706613
    outer loop
      vertex 19.227 -33.677 3.77301
      vertex 19.0342 -34.0386 3.63439
      vertex 19.325 -33.775 3.63439
    endloop
  endfacet
  facet normal 0.475027 -0.524223 0.706781
    outer loop
      vertex 19.0342 -34.0386 3.63439
      vertex 19.227 -33.677 3.77301
      vertex 18.9361 -33.9406 3.77301
    endloop
  endfacet
  facet normal -0.52834 0.643674 -0.553661
    outer loop
      vertex -19.0342 28.0386 0.365607
      vertex -19.1112 28.1156 0.528604
      vertex -18.917 28.1348 0.365607
    endloop
  endfacet
  facet normal -0.22811 0.307627 -0.92376
    outer loop
      vertex -18.7495 27.884 0.118079
      vertex -18.3335 27.9672 0.0430603
      vertex -18.6488 27.7334 0.0430603
    endloop
  endfacet
  facet normal -0.22811 0.307627 -0.92376
    outer loop
      vertex -18.3335 27.9672 0.0430603
      vertex -18.7495 27.884 0.118079
      vertex -18.4342 28.1178 0.118079
    endloop
  endfacet
  facet normal -0.167542 0.100416 -0.980738
    outer loop
      vertex -19.719 26.4469 0.0430603
      vertex -19.3574 26.6767 0.00481606
      vertex -19.5592 26.34 0.00481606
    endloop
  endfacet
  facet normal -0.167571 0.100463 -0.980728
    outer loop
      vertex -19.3574 26.6767 0.00481606
      vertex -19.719 26.4469 0.0430603
      vertex -19.5172 26.7835 0.0430603
    endloop
  endfacet
  facet normal -0.726748 0.658772 -0.194568
    outer loop
      vertex -19.4551 27.9051 0.709716
      vertex -19.7457 27.6413 0.901983
      vertex -19.4821 27.9321 0.901983
    endloop
  endfacet
  facet normal -0.726813 0.658604 -0.194896
    outer loop
      vertex -19.7457 27.6413 0.901983
      vertex -19.4551 27.9051 0.709716
      vertex -19.7187 27.6142 0.709716
    endloop
  endfacet
  facet normal -0.742199 0.550352 -0.382431
    outer loop
      vertex -19.7753 27.4275 0.528604
      vertex -20.0715 27.1539 0.709716
      vertex -19.8377 27.4692 0.709716
    endloop
  endfacet
  facet normal -0.742203 0.550591 -0.382078
    outer loop
      vertex -20.0715 27.1539 0.709716
      vertex -19.7753 27.4275 0.528604
      vertex -20.0092 27.1122 0.528604
    endloop
  endfacet
  facet normal -0.734237 0.392396 -0.554005
    outer loop
      vertex -20.1204 26.715 0.365607
      vertex -20.2925 26.6231 0.528604
      vertex -20.211 26.7756 0.528604
    endloop
  endfacet
  facet normal -0.751791 0.355454 -0.555395
    outer loop
      vertex -20.1918 26.5814 0.365607
      vertex -20.4603 26.2682 0.528604
      vertex -20.2925 26.6231 0.528604
    endloop
  endfacet
  facet normal -0.751904 0.355719 -0.555072
    outer loop
      vertex -20.4603 26.2682 0.528604
      vertex -20.1918 26.5814 0.365607
      vertex -20.3597 26.2265 0.365607
    endloop
  endfacet
  facet normal -0.586507 0.714651 -0.381161
    outer loop
      vertex -19.1112 28.1156 0.528604
      vertex -19.1642 28.1687 0.709716
      vertex -19.0192 28.2877 0.709716
    endloop
  endfacet
  facet normal -0.475236 0.792688 -0.381832
    outer loop
      vertex -18.6622 28.4592 0.528604
      vertex -18.3672 28.7233 0.709716
      vertex -18.3256 28.661 0.528604
    endloop
  endfacet
  facet normal -0.475085 0.792672 -0.382054
    outer loop
      vertex -18.3672 28.7233 0.709716
      vertex -18.6622 28.4592 0.528604
      vertex -18.7039 28.5215 0.709716
    endloop
  endfacet
  facet normal -0.586399 0.71469 -0.381253
    outer loop
      vertex -18.9775 28.2253 0.528604
      vertex -19.1112 28.1156 0.528604
      vertex -19.0192 28.2877 0.709716
    endloop
  endfacet
  facet normal -0.449645 0.547801 -0.705503
    outer loop
      vertex -18.9361 27.9406 0.22699
      vertex -19.0342 28.0386 0.365607
      vertex -18.917 28.1348 0.365607
    endloop
  endfacet
  facet normal -0.382435 0.0374528 -0.923223
    outer loop
      vertex -20.221 24.7921 0.0430603
      vertex -20.4021 24.7921 0.118079
      vertex -20.3931 24.884 0.118079
    endloop
  endfacet
  facet normal -0.554944 0.054347 -0.830111
    outer loop
      vertex -20.4021 24.7921 0.118079
      vertex -20.5529 24.9158 0.22699
      vertex -20.3931 24.884 0.118079
    endloop
  endfacet
  facet normal -0.539287 0.135105 -0.831214
    outer loop
      vertex -20.3355 25.2723 0.118079
      vertex -20.4 25.6849 0.22699
      vertex -20.2401 25.6531 0.118079
    endloop
  endfacet
  facet normal -0.539538 0.135026 -0.831064
    outer loop
      vertex -20.4 25.6849 0.22699
      vertex -20.3355 25.2723 0.118079
      vertex -20.4953 25.3041 0.22699
    endloop
  endfacet
  facet normal -0.195049 0.00960072 -0.980747
    outer loop
      vertex -20.048 24.4 0.00481606
      vertex -20.221 24.7921 0.0430603
      vertex -20.0287 24.7921 0.00481606
    endloop
  endfacet
  facet normal -0.195049 0.00960072 -0.980747
    outer loop
      vertex -20.221 24.7921 0.0430603
      vertex -20.048 24.4 0.00481606
      vertex -20.2403 24.4 0.0430603
    endloop
  endfacet
  facet normal -0.382263 0.0378211 -0.923279
    outer loop
      vertex -20.221 24.7921 0.0430603
      vertex -20.3931 24.884 0.118079
      vertex -20.2154 24.8487 0.0430603
    endloop
  endfacet
  facet normal -0.699737 0.103798 -0.706819
    outer loop
      vertex -20.6889 24.9429 0.365607
      vertex -20.4953 25.3041 0.22699
      vertex -20.5529 24.9158 0.22699
    endloop
  endfacet
  facet normal -0.699737 0.103798 -0.706819
    outer loop
      vertex -20.4953 25.3041 0.22699
      vertex -20.6889 24.9429 0.365607
      vertex -20.6313 25.3312 0.365607
    endloop
  endfacet
  facet normal -0.382636 0.0188341 -0.923707
    outer loop
      vertex -20.2403 24.4 0.0430603
      vertex -20.4021 24.7921 0.118079
      vertex -20.221 24.7921 0.0430603
    endloop
  endfacet
  facet normal -0.382636 0.0188341 -0.923707
    outer loop
      vertex -20.4021 24.7921 0.118079
      vertex -20.2403 24.4 0.0430603
      vertex -20.4214 24.4 0.118079
    endloop
  endfacet
  facet normal -0.367619 0.11145 -0.923274
    outer loop
      vertex -20.0459 25.6722 0.0430603
      vertex -20.2401 25.6531 0.118079
      vertex -20.2133 25.7415 0.118079
    endloop
  endfacet
  facet normal 0.195285 0.0184038 -0.980574
    outer loop
      vertex 20.0287 24.7921 0.00481606
      vertex 20.0269 24.8112 0.00481606
      vertex 20.2154 24.8487 0.0430603
    endloop
  endfacet
  facet normal -0.360584 0.128975 -0.923766
    outer loop
      vertex -20.2133 25.7415 0.118079
      vertex -19.9137 26.0418 0.0430603
      vertex -20.0459 25.6722 0.0430603
    endloop
  endfacet
  facet normal -0.36071 0.129118 -0.923698
    outer loop
      vertex -19.9137 26.0418 0.0430603
      vertex -20.2133 25.7415 0.118079
      vertex -20.081 26.1111 0.118079
    endloop
  endfacet
  facet normal 0.363802 0.606997 -0.706543
    outer loop
      vertex 18.5247 28.2534 0.22699
      vertex 18.265 28.5704 0.365607
      vertex 18.6017 28.3686 0.365607
    endloop
  endfacet
  facet normal 0.363802 0.606997 -0.706543
    outer loop
      vertex 18.265 28.5704 0.365607
      vertex 18.5247 28.2534 0.22699
      vertex 18.188 28.4552 0.22699
    endloop
  endfacet
  facet normal 0 0 -1
    outer loop
      vertex -3.01414 15.1531 0.00481606
      vertex -14.0827 24.6683 0.00481606
      vertex -14.05 25 0.00481606
    endloop
  endfacet
  facet normal 0 0 -1
    outer loop
      vertex -13.3801 7.725 0.00481606
      vertex -14.1794 24.3494 0.00481606
      vertex -14.0827 24.6683 0.00481606
    endloop
  endfacet
  facet normal 0 0 -1
    outer loop
      vertex -20.048 24.4 0.00481606
      vertex -13.8567 6.83336 0.00481606
      vertex -14.2739 5.91246 0.00481606
    endloop
  endfacet
  facet normal 0 0 -1
    outer loop
      vertex -13.3801 7.725 0.00481606
      vertex -14.3365 24.0555 0.00481606
      vertex -14.1794 24.3494 0.00481606
    endloop
  endfacet
  facet normal 0 0 -1
    outer loop
      vertex -13.3801 7.725 0.00481606
      vertex -14.5479 23.7979 0.00481606
      vertex -14.3365 24.0555 0.00481606
    endloop
  endfacet
  facet normal 0 0 -1
    outer loop
      vertex -20.048 24.4 0.00481606
      vertex -14.2739 5.91246 0.00481606
      vertex -14.6301 4.96624 0.00481606
    endloop
  endfacet
  facet normal 0 0 -1
    outer loop
      vertex -13.3801 7.725 0.00481606
      vertex -14.8055 23.5865 0.00481606
      vertex -14.5479 23.7979 0.00481606
    endloop
  endfacet
  facet normal 0 0 -1
    outer loop
      vertex -20.048 24.4 0.00481606
      vertex -14.6301 4.96624 0.00481606
      vertex -14.9236 3.99875 0.00481606
    endloop
  endfacet
  facet normal 0 0 -1
    outer loop
      vertex -13.3801 7.725 0.00481606
      vertex -15.0994 23.4294 0.00481606
      vertex -14.8055 23.5865 0.00481606
    endloop
  endfacet
  facet normal 0 0 -1
    outer loop
      vertex -20.048 24.4 0.00481606
      vertex -14.9236 3.99875 0.00481606
      vertex -15.1531 3.01414 0.00481606
    endloop
  endfacet
  facet normal 0 0 -1
    outer loop
      vertex -20.048 24.4 0.00481606
      vertex -15.1531 3.01414 0.00481606
      vertex -15.3178 2.01663 0.00481606
    endloop
  endfacet
  facet normal 0 0 -1
    outer loop
      vertex -20.048 24.4 0.00481606
      vertex -15.3178 2.01663 0.00481606
      vertex -15.4169 1.01048 0.00481606
    endloop
  endfacet
  facet normal 0 0 -1
    outer loop
      vertex -13.3801 7.725 0.00481606
      vertex -15.4183 23.3327 0.00481606
      vertex -15.0994 23.4294 0.00481606
    endloop
  endfacet
  facet normal 0 0 -1
    outer loop
      vertex -20.048 24.4 0.00481606
      vertex -15.4169 1.01048 0.00481606
      vertex -15.45 0 0.00481606
    endloop
  endfacet
  facet normal -0 0 -1
    outer loop
      vertex -14.6301 -4.96624 0.00481606
      vertex -17.1635 -24.0555 0.00481606
      vertex -14.9236 -3.99875 0.00481606
    endloop
  endfacet
  facet normal 0 0 -1
    outer loop
      vertex -13.3801 7.725 0.00481606
      vertex -15.75 23.3 0.00481606
      vertex -15.4183 23.3327 0.00481606
    endloop
  endfacet
  facet normal 0 0 -1
    outer loop
      vertex -17.3206 -24.3494 0.00481606
      vertex -14.9236 -3.99875 0.00481606
      vertex -17.1635 -24.0555 0.00481606
    endloop
  endfacet
  facet normal 0 0 -1
    outer loop
      vertex -13.3801 7.725 0.00481606
      vertex -16.0817 23.3327 0.00481606
      vertex -15.75 23.3 0.00481606
    endloop
  endfacet
  facet normal -0 0 -1
    outer loop
      vertex -14.9236 -3.99875 0.00481606
      vertex -17.3206 -24.3494 0.00481606
      vertex -15.1531 -3.01414 0.00481606
    endloop
  endfacet
  facet normal 0 0 -1
    outer loop
      vertex -13.3801 7.725 0.00481606
      vertex -16.4006 23.4294 0.00481606
      vertex -16.0817 23.3327 0.00481606
    endloop
  endfacet
  facet normal -0 0 -1
    outer loop
      vertex -15.1531 -3.01414 0.00481606
      vertex -17.3206 -24.3494 0.00481606
      vertex -15.3178 -2.01663 0.00481606
    endloop
  endfacet
  facet normal 0 0 -1
    outer loop
      vertex -13.3801 7.725 0.00481606
      vertex -20.048 24.4 0.00481606
      vertex -16.4006 23.4294 0.00481606
    endloop
  endfacet
  facet normal 0 0 -1
    outer loop
      vertex -20.048 -30.4 0.00481606
      vertex -15.3178 -2.01663 0.00481606
      vertex -17.3206 -24.3494 0.00481606
    endloop
  endfacet
  facet normal 0 0 -1
    outer loop
      vertex -16.4006 23.4294 0.00481606
      vertex -20.048 24.4 0.00481606
      vertex -16.6945 23.5865 0.00481606
    endloop
  endfacet
  facet normal -0 0 -1
    outer loop
      vertex -15.3178 -2.01663 0.00481606
      vertex -20.048 -30.4 0.00481606
      vertex -15.4169 -1.01048 0.00481606
    endloop
  endfacet
  facet normal 0 0 -1
    outer loop
      vertex -16.6945 23.5865 0.00481606
      vertex -20.048 24.4 0.00481606
      vertex -16.9521 23.7979 0.00481606
    endloop
  endfacet
  facet normal -0 0 -1
    outer loop
      vertex -15.4169 -1.01048 0.00481606
      vertex -20.048 -30.4 0.00481606
      vertex -15.45 0 0.00481606
    endloop
  endfacet
  facet normal 0 0 -1
    outer loop
      vertex -16.9521 23.7979 0.00481606
      vertex -20.048 24.4 0.00481606
      vertex -17.1635 24.0555 0.00481606
    endloop
  endfacet
  facet normal 0 0 -1
    outer loop
      vertex -20.048 -30.4 0.00481606
      vertex -17.3206 -24.3494 0.00481606
      vertex -17.4173 -24.6683 0.00481606
    endloop
  endfacet
  facet normal 0 0 -1
    outer loop
      vertex -17.1635 24.0555 0.00481606
      vertex -20.048 24.4 0.00481606
      vertex -17.3206 24.3494 0.00481606
    endloop
  endfacet
  facet normal 0 0 -1
    outer loop
      vertex -20.048 -30.4 0.00481606
      vertex -17.4173 -24.6683 0.00481606
      vertex -17.45 -25 0.00481606
    endloop
  endfacet
  facet normal 0 0 -1
    outer loop
      vertex -17.3206 24.3494 0.00481606
      vertex -20.048 24.4 0.00481606
      vertex -17.4173 24.6683 0.00481606
    endloop
  endfacet
  facet normal -0 0 -1
    outer loop
      vertex -9.40536 -12.2573 0.00481606
      vertex -15.4183 -23.3327 0.00481606
      vertex -10.1869 -11.6159 0.00481606
    endloop
  endfacet
  facet normal 0 0 -1
    outer loop
      vertex -15.75 -23.3 0.00481606
      vertex -10.1869 -11.6159 0.00481606
      vertex -15.4183 -23.3327 0.00481606
    endloop
  endfacet
  facet normal -0 0 -1
    outer loop
      vertex -10.1869 -11.6159 0.00481606
      vertex -15.75 -23.3 0.00481606
      vertex -10.9248 -10.9248 0.00481606
    endloop
  endfacet
  facet normal 0 0 -1
    outer loop
      vertex -16.0817 -23.3327 0.00481606
      vertex -10.9248 -10.9248 0.00481606
      vertex -15.75 -23.3 0.00481606
    endloop
  endfacet
  facet normal -0 0 -1
    outer loop
      vertex -10.9248 -10.9248 0.00481606
      vertex -16.0817 -23.3327 0.00481606
      vertex -11.6159 -10.1869 0.00481606
    endloop
  endfacet
  facet normal -0 0 -1
    outer loop
      vertex -11.6159 -10.1869 0.00481606
      vertex -16.0817 -23.3327 0.00481606
      vertex -12.2573 -9.40536 0.00481606
    endloop
  endfacet
  facet normal 0 0 -1
    outer loop
      vertex -16.4006 -23.4294 0.00481606
      vertex -12.2573 -9.40536 0.00481606
      vertex -16.0817 -23.3327 0.00481606
    endloop
  endfacet
  facet normal -0 0 -1
    outer loop
      vertex -12.2573 -9.40536 0.00481606
      vertex -16.4006 -23.4294 0.00481606
      vertex -12.8462 -8.58356 0.00481606
    endloop
  endfacet
  facet normal 0 0 -1
    outer loop
      vertex -16.6945 -23.5865 0.00481606
      vertex -12.8462 -8.58356 0.00481606
      vertex -16.4006 -23.4294 0.00481606
    endloop
  endfacet
  facet normal -0 0 -1
    outer loop
      vertex -12.8462 -8.58356 0.00481606
      vertex -16.6945 -23.5865 0.00481606
      vertex -13.3801 -7.725 0.00481606
    endloop
  endfacet
  facet normal -0 0 -1
    outer loop
      vertex -13.3801 -7.725 0.00481606
      vertex -16.6945 -23.5865 0.00481606
      vertex -13.8567 -6.83336 0.00481606
    endloop
  endfacet
  facet normal 0 0 -1
    outer loop
      vertex -16.9521 -23.7979 0.00481606
      vertex -13.8567 -6.83336 0.00481606
      vertex -16.6945 -23.5865 0.00481606
    endloop
  endfacet
  facet normal -0 0 -1
    outer loop
      vertex -13.8567 -6.83336 0.00481606
      vertex -16.9521 -23.7979 0.00481606
      vertex -14.2739 -5.91246 0.00481606
    endloop
  endfacet
  facet normal 0 0 -1
    outer loop
      vertex -17.1635 -24.0555 0.00481606
      vertex -14.2739 -5.91246 0.00481606
      vertex -16.9521 -23.7979 0.00481606
    endloop
  endfacet
  facet normal -0 0 -1
    outer loop
      vertex -14.2739 -5.91246 0.00481606
      vertex -17.1635 -24.0555 0.00481606
      vertex -14.6301 -4.96624 0.00481606
    endloop
  endfacet
  facet normal 0 0 -1
    outer loop
      vertex 20.048 -30.4 0.00481606
      vertex 15.4169 -1.01048 0.00481606
      vertex 20.048 24.4 0.00481606
    endloop
  endfacet
  facet normal 0 0 -1
    outer loop
      vertex 20.048 24.4 0.00481606
      vertex 17.4173 24.6683 0.00481606
      vertex 17.45 25 0.00481606
    endloop
  endfacet
  facet normal 0 0 -1
    outer loop
      vertex 15.3178 -2.01663 0.00481606
      vertex 17.4173 -24.6683 0.00481606
      vertex 17.3206 -24.3494 0.00481606
    endloop
  endfacet
  facet normal 0 0 -1
    outer loop
      vertex 15.4169 1.01048 0.00481606
      vertex 20.048 24.4 0.00481606
      vertex 15.45 0 0.00481606
    endloop
  endfacet
  facet normal 0 0 -1
    outer loop
      vertex 14.9236 -3.99875 0.00481606
      vertex 17.3206 -24.3494 0.00481606
      vertex 17.1635 -24.0555 0.00481606
    endloop
  endfacet
  facet normal 0 0 -1
    outer loop
      vertex 15.3178 2.01663 0.00481606
      vertex 20.048 24.4 0.00481606
      vertex 15.4169 1.01048 0.00481606
    endloop
  endfacet
  facet normal 0 0 -1
    outer loop
      vertex 14.2739 -5.91246 0.00481606
      vertex 17.1635 -24.0555 0.00481606
      vertex 16.9521 -23.7979 0.00481606
    endloop
  endfacet
  facet normal 0 0 -1
    outer loop
      vertex 15.1531 3.01414 0.00481606
      vertex 20.048 24.4 0.00481606
      vertex 15.3178 2.01663 0.00481606
    endloop
  endfacet
  facet normal 0 0 -1
    outer loop
      vertex 13.8567 -6.83336 0.00481606
      vertex 16.9521 -23.7979 0.00481606
      vertex 16.6945 -23.5865 0.00481606
    endloop
  endfacet
  facet normal -0 0 -1
    outer loop
      vertex 20.048 24.4 0.00481606
      vertex 17.3206 24.3494 0.00481606
      vertex 17.4173 24.6683 0.00481606
    endloop
  endfacet
  facet normal 0 0 -1
    outer loop
      vertex 12.8462 -8.58356 0.00481606
      vertex 16.6945 -23.5865 0.00481606
      vertex 16.4006 -23.4294 0.00481606
    endloop
  endfacet
  facet normal 0 0 -1
    outer loop
      vertex 14.9236 3.99875 0.00481606
      vertex 20.048 24.4 0.00481606
      vertex 15.1531 3.01414 0.00481606
    endloop
  endfacet
  facet normal 0 0 -1
    outer loop
      vertex 12.2573 -9.40536 0.00481606
      vertex 16.4006 -23.4294 0.00481606
      vertex 16.0817 -23.3327 0.00481606
    endloop
  endfacet
  facet normal 0 0 -1
    outer loop
      vertex 14.6301 4.96624 0.00481606
      vertex 20.048 24.4 0.00481606
      vertex 14.9236 3.99875 0.00481606
    endloop
  endfacet
  facet normal 0 0 -1
    outer loop
      vertex 10.9248 -10.9248 0.00481606
      vertex 16.0817 -23.3327 0.00481606
      vertex 15.75 -23.3 0.00481606
    endloop
  endfacet
  facet normal 0 0 -1
    outer loop
      vertex 20.048 24.4 0.00481606
      vertex 17.1635 24.0555 0.00481606
      vertex 17.3206 24.3494 0.00481606
    endloop
  endfacet
  facet normal 0 0 -1
    outer loop
      vertex 14.2739 5.91246 0.00481606
      vertex 20.048 24.4 0.00481606
      vertex 14.6301 4.96624 0.00481606
    endloop
  endfacet
  facet normal 0 0 -1
    outer loop
      vertex 10.1869 -11.6159 0.00481606
      vertex 15.75 -23.3 0.00481606
      vertex 15.4183 -23.3327 0.00481606
    endloop
  endfacet
  facet normal 0 0 -1
    outer loop
      vertex 20.048 24.4 0.00481606
      vertex 15.4169 -1.01048 0.00481606
      vertex 15.45 0 0.00481606
    endloop
  endfacet
  facet normal 0 0 -1
    outer loop
      vertex 17.4173 -24.6683 0.00481606
      vertex 15.3178 -2.01663 0.00481606
      vertex 15.4169 -1.01048 0.00481606
    endloop
  endfacet
  facet normal 0 0 -1
    outer loop
      vertex 17.3206 -24.3494 0.00481606
      vertex 15.1531 -3.01414 0.00481606
      vertex 15.3178 -2.01663 0.00481606
    endloop
  endfacet
  facet normal 0 0 -1
    outer loop
      vertex 9.40536 -12.2573 0.00481606
      vertex 15.4183 -23.3327 0.00481606
      vertex 15.0994 -23.4294 0.00481606
    endloop
  endfacet
  facet normal 0 0 -1
    outer loop
      vertex 17.3206 -24.3494 0.00481606
      vertex 14.9236 -3.99875 0.00481606
      vertex 15.1531 -3.01414 0.00481606
    endloop
  endfacet
  facet normal 0 0 -1
    outer loop
      vertex 8.58356 -12.8462 0.00481606
      vertex 15.0994 -23.4294 0.00481606
      vertex 14.8055 -23.5865 0.00481606
    endloop
  endfacet
  facet normal 0 0 -1
    outer loop
      vertex 17.1635 -24.0555 0.00481606
      vertex 14.6301 -4.96624 0.00481606
      vertex 14.9236 -3.99875 0.00481606
    endloop
  endfacet
  facet normal 0 0 -1
    outer loop
      vertex 7.725 -13.3801 0.00481606
      vertex 14.8055 -23.5865 0.00481606
      vertex 14.5479 -23.7979 0.00481606
    endloop
  endfacet
  facet normal 0 0 -1
    outer loop
      vertex 6.83336 -13.8567 0.00481606
      vertex 14.5479 -23.7979 0.00481606
      vertex 14.3365 -24.0555 0.00481606
    endloop
  endfacet
  facet normal 0 0 -1
    outer loop
      vertex 17.1635 -24.0555 0.00481606
      vertex 14.2739 -5.91246 0.00481606
      vertex 14.6301 -4.96624 0.00481606
    endloop
  endfacet
  facet normal 0 0 -1
    outer loop
      vertex 5.91246 -14.2739 0.00481606
      vertex 14.3365 -24.0555 0.00481606
      vertex 14.1794 -24.3494 0.00481606
    endloop
  endfacet
  facet normal 0 0 -1
    outer loop
      vertex 4.96624 -14.6301 0.00481606
      vertex 14.1794 -24.3494 0.00481606
      vertex 14.0827 -24.6683 0.00481606
    endloop
  endfacet
  facet normal 0 0 -1
    outer loop
      vertex 3.01414 -15.1531 0.00481606
      vertex 14.0827 -24.6683 0.00481606
      vertex 14.05 -25 0.00481606
    endloop
  endfacet
  facet normal 0 0 -1
    outer loop
      vertex 16.9521 -23.7979 0.00481606
      vertex 13.8567 -6.83336 0.00481606
      vertex 14.2739 -5.91246 0.00481606
    endloop
  endfacet
  facet normal 0 0 -1
    outer loop
      vertex 16.0817 -26.6673 0.00481606
      vertex 20.048 -30.4 0.00481606
      vertex 20.0287 -30.7921 0.00481606
    endloop
  endfacet
  facet normal 0 0 -1
    outer loop
      vertex 17.4173 -24.6683 0.00481606
      vertex 20.048 -30.4 0.00481606
      vertex 17.45 -25 0.00481606
    endloop
  endfacet
  facet normal 0 0 -1
    outer loop
      vertex 16.0817 -26.6673 0.00481606
      vertex 20.0287 -30.7921 0.00481606
      vertex 20.0269 -30.8112 0.00481606
    endloop
  endfacet
  facet normal 0 0 -1
    outer loop
      vertex 15.4169 -1.01048 0.00481606
      vertex 20.048 -30.4 0.00481606
      vertex 17.4173 -24.6683 0.00481606
    endloop
  endfacet
  facet normal 0 0 -1
    outer loop
      vertex 16.0817 -26.6673 0.00481606
      vertex 20.0269 -30.8112 0.00481606
      vertex 19.9693 -31.1995 0.00481606
    endloop
  endfacet
  facet normal 0 0 -1
    outer loop
      vertex 20.048 24.4 0.00481606
      vertex 17.45 25 0.00481606
      vertex 20.0287 24.7921 0.00481606
    endloop
  endfacet
  facet normal 0 0 -1
    outer loop
      vertex 15.75 -26.7 0.00481606
      vertex 19.9693 -31.1995 0.00481606
      vertex 19.8739 -31.5802 0.00481606
    endloop
  endfacet
  facet normal 0 0 -1
    outer loop
      vertex 20.0287 24.7921 0.00481606
      vertex 17.45 25 0.00481606
      vertex 20.0269 24.8112 0.00481606
    endloop
  endfacet
  facet normal 0 0 -1
    outer loop
      vertex 15.75 -26.7 0.00481606
      vertex 19.8739 -31.5802 0.00481606
      vertex 19.8683 -31.5986 0.00481606
    endloop
  endfacet
  facet normal 0 0 -1
    outer loop
      vertex 20.0269 24.8112 0.00481606
      vertex 17.45 25 0.00481606
      vertex 19.9693 25.1995 0.00481606
    endloop
  endfacet
  facet normal 0 0 -1
    outer loop
      vertex 15.75 -26.7 0.00481606
      vertex 19.8683 -31.5986 0.00481606
      vertex 19.7361 -31.9682 0.00481606
    endloop
  endfacet
  facet normal -0 0 -1
    outer loop
      vertex 19.9693 25.1995 0.00481606
      vertex 17.45 25 0.00481606
      vertex 19.8739 25.5802 0.00481606
    endloop
  endfacet
  facet normal 0 0 -1
    outer loop
      vertex 15.75 -26.7 0.00481606
      vertex 19.7361 -31.9682 0.00481606
      vertex 19.5682 -32.3231 0.00481606
    endloop
  endfacet
  facet normal -0 0 -1
    outer loop
      vertex 19.8739 25.5802 0.00481606
      vertex 17.45 25 0.00481606
      vertex 19.8683 25.5986 0.00481606
    endloop
  endfacet
  facet normal 0 0 -1
    outer loop
      vertex 15.75 -26.7 0.00481606
      vertex 19.5682 -32.3231 0.00481606
      vertex 19.5592 -32.34 0.00481606
    endloop
  endfacet
  facet normal 0 0 -1
    outer loop
      vertex 17.4173 25.3317 0.00481606
      vertex 19.8683 25.5986 0.00481606
      vertex 17.45 25 0.00481606
    endloop
  endfacet
  facet normal 0 0 -1
    outer loop
      vertex 15.75 -26.7 0.00481606
      vertex 19.5592 -32.34 0.00481606
      vertex 19.3574 -32.6767 0.00481606
    endloop
  endfacet
  facet normal -0 0 -1
    outer loop
      vertex 19.8683 25.5986 0.00481606
      vertex 17.4173 25.3317 0.00481606
      vertex 19.7361 25.9682 0.00481606
    endloop
  endfacet
  facet normal 0 0 -1
    outer loop
      vertex 15.75 -26.7 0.00481606
      vertex 19.3574 -32.6767 0.00481606
      vertex 19.1235 -32.992 0.00481606
    endloop
  endfacet
  facet normal -0 0 -1
    outer loop
      vertex 19.7361 25.9682 0.00481606
      vertex 17.4173 25.3317 0.00481606
      vertex 19.5682 26.3231 0.00481606
    endloop
  endfacet
  facet normal 0 0 -1
    outer loop
      vertex 15.75 -26.7 0.00481606
      vertex 19.1235 -32.992 0.00481606
      vertex 19.1113 -33.0069 0.00481606
    endloop
  endfacet
  facet normal -0 0 -1
    outer loop
      vertex 19.5682 26.3231 0.00481606
      vertex 17.4173 25.3317 0.00481606
      vertex 19.5592 26.34 0.00481606
    endloop
  endfacet
  facet normal 0 0 -1
    outer loop
      vertex 15.75 -26.7 0.00481606
      vertex 19.1113 -33.0069 0.00481606
      vertex 18.8477 -33.2977 0.00481606
    endloop
  endfacet
  facet normal 0 0 -1
    outer loop
      vertex 17.3206 25.6506 0.00481606
      vertex 19.5592 26.34 0.00481606
      vertex 17.4173 25.3317 0.00481606
    endloop
  endfacet
  facet normal 0 0 -1
    outer loop
      vertex 15.75 -26.7 0.00481606
      vertex 18.8477 -33.2977 0.00481606
      vertex 18.5569 -33.5613 0.00481606
    endloop
  endfacet
  facet normal -0 0 -1
    outer loop
      vertex 19.5592 26.34 0.00481606
      vertex 17.3206 25.6506 0.00481606
      vertex 19.3574 26.6767 0.00481606
    endloop
  endfacet
  facet normal 0 0 -1
    outer loop
      vertex 15.75 -26.7 0.00481606
      vertex 18.5569 -33.5613 0.00481606
      vertex 18.542 -33.5735 0.00481606
    endloop
  endfacet
  facet normal -0 0 -1
    outer loop
      vertex 19.3574 26.6767 0.00481606
      vertex 17.3206 25.6506 0.00481606
      vertex 19.1235 26.992 0.00481606
    endloop
  endfacet
  facet normal 0 0 -1
    outer loop
      vertex 15.75 -26.7 0.00481606
      vertex 18.542 -33.5735 0.00481606
      vertex 18.2267 -33.8074 0.00481606
    endloop
  endfacet
  facet normal -0 0 -1
    outer loop
      vertex 19.1235 26.992 0.00481606
      vertex 17.3206 25.6506 0.00481606
      vertex 19.1113 27.0069 0.00481606
    endloop
  endfacet
  facet normal 0 0 -1
    outer loop
      vertex 15.75 -26.7 0.00481606
      vertex 18.2267 -33.8074 0.00481606
      vertex 17.89 -34.0092 0.00481606
    endloop
  endfacet
  facet normal 0 0 -1
    outer loop
      vertex 17.1635 25.9445 0.00481606
      vertex 19.1113 27.0069 0.00481606
      vertex 17.3206 25.6506 0.00481606
    endloop
  endfacet
  facet normal 0 0 -1
    outer loop
      vertex 15.75 -26.7 0.00481606
      vertex 17.89 -34.0092 0.00481606
      vertex 17.8731 -34.0182 0.00481606
    endloop
  endfacet
  facet normal -0 0 -1
    outer loop
      vertex 19.1113 27.0069 0.00481606
      vertex 17.1635 25.9445 0.00481606
      vertex 18.8477 27.2977 0.00481606
    endloop
  endfacet
  facet normal 0 0 -1
    outer loop
      vertex 15.75 -26.7 0.00481606
      vertex 17.8731 -34.0182 0.00481606
      vertex 17.5182 -34.1861 0.00481606
    endloop
  endfacet
  facet normal -0 0 -1
    outer loop
      vertex 18.8477 27.2977 0.00481606
      vertex 17.1635 25.9445 0.00481606
      vertex 18.5569 27.5613 0.00481606
    endloop
  endfacet
  facet normal -0 0 -1
    outer loop
      vertex 18.5569 27.5613 0.00481606
      vertex 17.1635 25.9445 0.00481606
      vertex 18.542 27.5735 0.00481606
    endloop
  endfacet
  facet normal 0 0 -1
    outer loop
      vertex 20.048 -30.4 0.00481606
      vertex 17.4173 -25.3317 0.00481606
      vertex 17.45 -25 0.00481606
    endloop
  endfacet
  facet normal 0 0 -1
    outer loop
      vertex 20.048 -30.4 0.00481606
      vertex 17.3206 -25.6506 0.00481606
      vertex 17.4173 -25.3317 0.00481606
    endloop
  endfacet
  facet normal 0 0 -1
    outer loop
      vertex 20.048 -30.4 0.00481606
      vertex 17.1635 -25.9445 0.00481606
      vertex 17.3206 -25.6506 0.00481606
    endloop
  endfacet
  facet normal 0 0 -1
    outer loop
      vertex 15.75 -26.7 0.00481606
      vertex 17.5182 -34.1861 0.00481606
      vertex 17.1486 -34.3183 0.00481606
    endloop
  endfacet
  facet normal 0 0 -1
    outer loop
      vertex 15.75 -26.7 0.00481606
      vertex 17.1486 -34.3183 0.00481606
      vertex 17.1303 -34.3239 0.00481606
    endloop
  endfacet
  facet normal 0 0 -1
    outer loop
      vertex 20.048 -30.4 0.00481606
      vertex 16.9521 -26.2021 0.00481606
      vertex 17.1635 -25.9445 0.00481606
    endloop
  endfacet
  facet normal 0 0 -1
    outer loop
      vertex 15.75 -26.7 0.00481606
      vertex 17.1303 -34.3239 0.00481606
      vertex 16.7495 -34.4193 0.00481606
    endloop
  endfacet
  facet normal 0 0 -1
    outer loop
      vertex 20.048 -30.4 0.00481606
      vertex 16.6945 -26.4135 0.00481606
      vertex 16.9521 -26.2021 0.00481606
    endloop
  endfacet
  facet normal 0 0 -1
    outer loop
      vertex 20.048 -30.4 0.00481606
      vertex 16.4006 -26.5706 0.00481606
      vertex 16.6945 -26.4135 0.00481606
    endloop
  endfacet
  facet normal 0 0 -1
    outer loop
      vertex 15.75 -26.7 0.00481606
      vertex 16.7495 -34.4193 0.00481606
      vertex 16.3612 -34.4769 0.00481606
    endloop
  endfacet
  facet normal 0 0 -1
    outer loop
      vertex 15.75 -26.7 0.00481606
      vertex 16.3612 -34.4769 0.00481606
      vertex 16.3421 -34.4788 0.00481606
    endloop
  endfacet
  facet normal 0 0 -1
    outer loop
      vertex 20.048 -30.4 0.00481606
      vertex 16.0817 -26.6673 0.00481606
      vertex 16.4006 -26.5706 0.00481606
    endloop
  endfacet
  facet normal 0 0 -1
    outer loop
      vertex 15.75 -26.7 0.00481606
      vertex 16.3421 -34.4788 0.00481606
      vertex 15.95 -34.498 0.00481606
    endloop
  endfacet
  facet normal 0 0 -1
    outer loop
      vertex 19.9693 -31.1995 0.00481606
      vertex 15.75 -26.7 0.00481606
      vertex 16.0817 -26.6673 0.00481606
    endloop
  endfacet
  facet normal 0 0 -1
    outer loop
      vertex 15.95 -34.498 0.00481606
      vertex 15.4183 -26.6673 0.00481606
      vertex 15.75 -26.7 0.00481606
    endloop
  endfacet
  facet normal 0 0 -1
    outer loop
      vertex 15.95 -34.498 0.00481606
      vertex 15.0994 -26.5706 0.00481606
      vertex 15.4183 -26.6673 0.00481606
    endloop
  endfacet
  facet normal 0 0 -1
    outer loop
      vertex 15.95 -34.498 0.00481606
      vertex 14.8055 -26.4135 0.00481606
      vertex 15.0994 -26.5706 0.00481606
    endloop
  endfacet
  facet normal 0 0 -1
    outer loop
      vertex 15.95 -34.498 0.00481606
      vertex 14.5479 -26.2021 0.00481606
      vertex 14.8055 -26.4135 0.00481606
    endloop
  endfacet
  facet normal 0 0 -1
    outer loop
      vertex 15.95 -34.498 0.00481606
      vertex 14.3365 -25.9445 0.00481606
      vertex 14.5479 -26.2021 0.00481606
    endloop
  endfacet
  facet normal 0 0 -1
    outer loop
      vertex 15.95 -34.498 0.00481606
      vertex 14.1794 -25.6506 0.00481606
      vertex 14.3365 -25.9445 0.00481606
    endloop
  endfacet
  facet normal 0 0 -1
    outer loop
      vertex -14.1794 -25.6506 0.00481606
      vertex 14.1794 -25.6506 0.00481606
      vertex 15.95 -34.498 0.00481606
    endloop
  endfacet
  facet normal 0 0 -1
    outer loop
      vertex 16.6945 -23.5865 0.00481606
      vertex 13.3801 -7.725 0.00481606
      vertex 13.8567 -6.83336 0.00481606
    endloop
  endfacet
  facet normal 0 0 -1
    outer loop
      vertex 16.6945 -23.5865 0.00481606
      vertex 12.8462 -8.58356 0.00481606
      vertex 13.3801 -7.725 0.00481606
    endloop
  endfacet
  facet normal 0 0 -1
    outer loop
      vertex 16.4006 -23.4294 0.00481606
      vertex 12.2573 -9.40536 0.00481606
      vertex 12.8462 -8.58356 0.00481606
    endloop
  endfacet
  facet normal 0 0 -1
    outer loop
      vertex 2.01663 -15.3178 0.00481606
      vertex 14.05 -25 0.00481606
      vertex 14.0827 -25.3317 0.00481606
    endloop
  endfacet
  facet normal 0 0 -1
    outer loop
      vertex 16.0817 -23.3327 0.00481606
      vertex 11.6159 -10.1869 0.00481606
      vertex 12.2573 -9.40536 0.00481606
    endloop
  endfacet
  facet normal 0 0 -1
    outer loop
      vertex 16.0817 -23.3327 0.00481606
      vertex 10.9248 -10.9248 0.00481606
      vertex 11.6159 -10.1869 0.00481606
    endloop
  endfacet
  facet normal 0 -0 -1
    outer loop
      vertex 0 -15.45 0.00481606
      vertex 14.1794 -25.6506 0.00481606
      vertex -14.1794 -25.6506 0.00481606
    endloop
  endfacet
  facet normal 0 0 -1
    outer loop
      vertex 15.75 -23.3 0.00481606
      vertex 10.1869 -11.6159 0.00481606
      vertex 10.9248 -10.9248 0.00481606
    endloop
  endfacet
  facet normal 0 0 -1
    outer loop
      vertex 15.4183 -23.3327 0.00481606
      vertex 9.40536 -12.2573 0.00481606
      vertex 10.1869 -11.6159 0.00481606
    endloop
  endfacet
  facet normal 0 0 -1
    outer loop
      vertex 15.0994 -23.4294 0.00481606
      vertex 8.58356 -12.8462 0.00481606
      vertex 9.40536 -12.2573 0.00481606
    endloop
  endfacet
  facet normal 0 0 -1
    outer loop
      vertex 14.8055 -23.5865 0.00481606
      vertex 7.725 -13.3801 0.00481606
      vertex 8.58356 -12.8462 0.00481606
    endloop
  endfacet
  facet normal 0 0 -1
    outer loop
      vertex 14.5479 -23.7979 0.00481606
      vertex 6.83336 -13.8567 0.00481606
      vertex 7.725 -13.3801 0.00481606
    endloop
  endfacet
  facet normal 0 0 -1
    outer loop
      vertex 14.3365 -24.0555 0.00481606
      vertex 5.91246 -14.2739 0.00481606
      vertex 6.83336 -13.8567 0.00481606
    endloop
  endfacet
  facet normal 0 0 -1
    outer loop
      vertex 14.1794 -24.3494 0.00481606
      vertex 4.96624 -14.6301 0.00481606
      vertex 5.91246 -14.2739 0.00481606
    endloop
  endfacet
  facet normal 0 0 -1
    outer loop
      vertex 14.0827 -24.6683 0.00481606
      vertex 3.99875 -14.9236 0.00481606
      vertex 4.96624 -14.6301 0.00481606
    endloop
  endfacet
  facet normal 0 0 -1
    outer loop
      vertex 14.0827 -24.6683 0.00481606
      vertex 3.01414 -15.1531 0.00481606
      vertex 3.99875 -14.9236 0.00481606
    endloop
  endfacet
  facet normal 0 0 -1
    outer loop
      vertex 14.05 -25 0.00481606
      vertex 2.01663 -15.3178 0.00481606
      vertex 3.01414 -15.1531 0.00481606
    endloop
  endfacet
  facet normal 0 0 -1
    outer loop
      vertex 14.0827 -25.3317 0.00481606
      vertex 1.01048 -15.4169 0.00481606
      vertex 2.01663 -15.3178 0.00481606
    endloop
  endfacet
  facet normal 0 0 -1
    outer loop
      vertex 14.0827 -25.3317 0.00481606
      vertex 0 -15.45 0.00481606
      vertex 1.01048 -15.4169 0.00481606
    endloop
  endfacet
  facet normal 0 0 -1
    outer loop
      vertex 14.1794 -25.6506 0.00481606
      vertex 0 -15.45 0.00481606
      vertex 14.0827 -25.3317 0.00481606
    endloop
  endfacet
  facet normal 0 -0 -1
    outer loop
      vertex -14.0827 -25.3317 0.00481606
      vertex 0 -15.45 0.00481606
      vertex -14.1794 -25.6506 0.00481606
    endloop
  endfacet
  facet normal -0 0 -1
    outer loop
      vertex 0 -15.45 0.00481606
      vertex -14.0827 -25.3317 0.00481606
      vertex -1.01048 -15.4169 0.00481606
    endloop
  endfacet
  facet normal -0 0 -1
    outer loop
      vertex -1.01048 -15.4169 0.00481606
      vertex -14.0827 -25.3317 0.00481606
      vertex -2.01663 -15.3178 0.00481606
    endloop
  endfacet
  facet normal -0 0 -1
    outer loop
      vertex -2.01663 -15.3178 0.00481606
      vertex -14.05 -25 0.00481606
      vertex -3.01414 -15.1531 0.00481606
    endloop
  endfacet
  facet normal 0 0 -1
    outer loop
      vertex -14.0827 -24.6683 0.00481606
      vertex -3.01414 -15.1531 0.00481606
      vertex -14.05 -25 0.00481606
    endloop
  endfacet
  facet normal -0 0 -1
    outer loop
      vertex -3.01414 -15.1531 0.00481606
      vertex -14.0827 -24.6683 0.00481606
      vertex -3.99875 -14.9236 0.00481606
    endloop
  endfacet
  facet normal -0 0 -1
    outer loop
      vertex -3.99875 -14.9236 0.00481606
      vertex -14.0827 -24.6683 0.00481606
      vertex -4.96624 -14.6301 0.00481606
    endloop
  endfacet
  facet normal -0 0 -1
    outer loop
      vertex -4.96624 -14.6301 0.00481606
      vertex -14.1794 -24.3494 0.00481606
      vertex -5.91246 -14.2739 0.00481606
    endloop
  endfacet
  facet normal 0 0 -1
    outer loop
      vertex -14.3365 -24.0555 0.00481606
      vertex -5.91246 -14.2739 0.00481606
      vertex -14.1794 -24.3494 0.00481606
    endloop
  endfacet
  facet normal -0 0 -1
    outer loop
      vertex -5.91246 -14.2739 0.00481606
      vertex -14.3365 -24.0555 0.00481606
      vertex -6.83336 -13.8567 0.00481606
    endloop
  endfacet
  facet normal 0 0 -1
    outer loop
      vertex -15.4183 -23.3327 0.00481606
      vertex -9.40536 -12.2573 0.00481606
      vertex -15.0994 -23.4294 0.00481606
    endloop
  endfacet
  facet normal -0 0 -1
    outer loop
      vertex -8.58356 -12.8462 0.00481606
      vertex -15.0994 -23.4294 0.00481606
      vertex -9.40536 -12.2573 0.00481606
    endloop
  endfacet
  facet normal 0 0 -1
    outer loop
      vertex -15.0994 -23.4294 0.00481606
      vertex -8.58356 -12.8462 0.00481606
      vertex -14.8055 -23.5865 0.00481606
    endloop
  endfacet
  facet normal -0 0 -1
    outer loop
      vertex -7.725 -13.3801 0.00481606
      vertex -14.8055 -23.5865 0.00481606
      vertex -8.58356 -12.8462 0.00481606
    endloop
  endfacet
  facet normal 0 0 -1
    outer loop
      vertex -14.8055 -23.5865 0.00481606
      vertex -7.725 -13.3801 0.00481606
      vertex -14.5479 -23.7979 0.00481606
    endloop
  endfacet
  facet normal -0 0 -1
    outer loop
      vertex -6.83336 -13.8567 0.00481606
      vertex -14.5479 -23.7979 0.00481606
      vertex -7.725 -13.3801 0.00481606
    endloop
  endfacet
  facet normal 0 0 -1
    outer loop
      vertex -14.5479 -23.7979 0.00481606
      vertex -6.83336 -13.8567 0.00481606
      vertex -14.3365 -24.0555 0.00481606
    endloop
  endfacet
  facet normal 0 0 -1
    outer loop
      vertex -14.1794 -24.3494 0.00481606
      vertex -4.96624 -14.6301 0.00481606
      vertex -14.0827 -24.6683 0.00481606
    endloop
  endfacet
  facet normal 0 -0 -1
    outer loop
      vertex -14.05 -25 0.00481606
      vertex -2.01663 -15.3178 0.00481606
      vertex -14.0827 -25.3317 0.00481606
    endloop
  endfacet
  facet normal 0 0 -1
    outer loop
      vertex -15.95 -34.498 0.00481606
      vertex -14.1794 -25.6506 0.00481606
      vertex 15.95 -34.498 0.00481606
    endloop
  endfacet
  facet normal 0 0 -1
    outer loop
      vertex -14.1794 -25.6506 0.00481606
      vertex -15.95 -34.498 0.00481606
      vertex -14.3365 -25.9445 0.00481606
    endloop
  endfacet
  facet normal 0 0 -1
    outer loop
      vertex -14.3365 -25.9445 0.00481606
      vertex -15.95 -34.498 0.00481606
      vertex -14.5479 -26.2021 0.00481606
    endloop
  endfacet
  facet normal 0 0 -1
    outer loop
      vertex -14.5479 -26.2021 0.00481606
      vertex -15.95 -34.498 0.00481606
      vertex -14.8055 -26.4135 0.00481606
    endloop
  endfacet
  facet normal 0 0 -1
    outer loop
      vertex -14.8055 -26.4135 0.00481606
      vertex -15.95 -34.498 0.00481606
      vertex -15.0994 -26.5706 0.00481606
    endloop
  endfacet
  facet normal 0 0 -1
    outer loop
      vertex -15.0994 -26.5706 0.00481606
      vertex -15.95 -34.498 0.00481606
      vertex -15.4183 -26.6673 0.00481606
    endloop
  endfacet
  facet normal 0 0 -1
    outer loop
      vertex -15.4183 -26.6673 0.00481606
      vertex -15.95 -34.498 0.00481606
      vertex -15.75 -26.7 0.00481606
    endloop
  endfacet
  facet normal 0 0 -1
    outer loop
      vertex -16.3421 -34.4788 0.00481606
      vertex -15.75 -26.7 0.00481606
      vertex -15.95 -34.498 0.00481606
    endloop
  endfacet
  facet normal 0 0 -1
    outer loop
      vertex -16.3612 -34.4769 0.00481606
      vertex -15.75 -26.7 0.00481606
      vertex -16.3421 -34.4788 0.00481606
    endloop
  endfacet
  facet normal 0 0 -1
    outer loop
      vertex -16.7495 -34.4193 0.00481606
      vertex -15.75 -26.7 0.00481606
      vertex -16.3612 -34.4769 0.00481606
    endloop
  endfacet
  facet normal 0 0 -1
    outer loop
      vertex -17.1303 -34.3239 0.00481606
      vertex -15.75 -26.7 0.00481606
      vertex -16.7495 -34.4193 0.00481606
    endloop
  endfacet
  facet normal 0 0 -1
    outer loop
      vertex -17.1486 -34.3183 0.00481606
      vertex -15.75 -26.7 0.00481606
      vertex -17.1303 -34.3239 0.00481606
    endloop
  endfacet
  facet normal 0 0 -1
    outer loop
      vertex -17.5182 -34.1861 0.00481606
      vertex -15.75 -26.7 0.00481606
      vertex -17.1486 -34.3183 0.00481606
    endloop
  endfacet
  facet normal -0 0 -1
    outer loop
      vertex -16.4006 -26.5706 0.00481606
      vertex -20.048 -30.4 0.00481606
      vertex -16.6945 -26.4135 0.00481606
    endloop
  endfacet
  facet normal 0 0 -1
    outer loop
      vertex -17.8731 -34.0182 0.00481606
      vertex -15.75 -26.7 0.00481606
      vertex -17.5182 -34.1861 0.00481606
    endloop
  endfacet
  facet normal 0 0 -1
    outer loop
      vertex -17.89 -34.0092 0.00481606
      vertex -15.75 -26.7 0.00481606
      vertex -17.8731 -34.0182 0.00481606
    endloop
  endfacet
  facet normal -0 0 -1
    outer loop
      vertex -16.6945 -26.4135 0.00481606
      vertex -20.048 -30.4 0.00481606
      vertex -16.9521 -26.2021 0.00481606
    endloop
  endfacet
  facet normal -0 0 -1
    outer loop
      vertex -16.9521 -26.2021 0.00481606
      vertex -20.048 -30.4 0.00481606
      vertex -17.1635 -25.9445 0.00481606
    endloop
  endfacet
  facet normal -0 0 -1
    outer loop
      vertex -17.1635 -25.9445 0.00481606
      vertex -20.048 -30.4 0.00481606
      vertex -17.3206 -25.6506 0.00481606
    endloop
  endfacet
  facet normal -0 0 -1
    outer loop
      vertex -17.3206 -25.6506 0.00481606
      vertex -20.048 -30.4 0.00481606
      vertex -17.4173 -25.3317 0.00481606
    endloop
  endfacet
  facet normal -0 0 -1
    outer loop
      vertex -17.4173 -25.3317 0.00481606
      vertex -20.048 -30.4 0.00481606
      vertex -17.45 -25 0.00481606
    endloop
  endfacet
  facet normal 0 0 -1
    outer loop
      vertex -18.2267 -33.8074 0.00481606
      vertex -15.75 -26.7 0.00481606
      vertex -17.89 -34.0092 0.00481606
    endloop
  endfacet
  facet normal 0 0 -1
    outer loop
      vertex 16.9521 26.2021 0.00481606
      vertex 18.542 27.5735 0.00481606
      vertex 17.1635 25.9445 0.00481606
    endloop
  endfacet
  facet normal -0 0 -1
    outer loop
      vertex 18.542 27.5735 0.00481606
      vertex 16.9521 26.2021 0.00481606
      vertex 18.2267 27.8074 0.00481606
    endloop
  endfacet
  facet normal -0 0 -1
    outer loop
      vertex 18.2267 27.8074 0.00481606
      vertex 16.9521 26.2021 0.00481606
      vertex 17.89 28.0092 0.00481606
    endloop
  endfacet
  facet normal 0 0 -1
    outer loop
      vertex 16.6945 26.4135 0.00481606
      vertex 17.89 28.0092 0.00481606
      vertex 16.9521 26.2021 0.00481606
    endloop
  endfacet
  facet normal -0 0 -1
    outer loop
      vertex 17.89 28.0092 0.00481606
      vertex 16.6945 26.4135 0.00481606
      vertex 17.8731 28.0182 0.00481606
    endloop
  endfacet
  facet normal -0 0 -1
    outer loop
      vertex 17.8731 28.0182 0.00481606
      vertex 16.6945 26.4135 0.00481606
      vertex 17.5182 28.1861 0.00481606
    endloop
  endfacet
  facet normal -0 0 -1
    outer loop
      vertex 17.5182 28.1861 0.00481606
      vertex 16.6945 26.4135 0.00481606
      vertex 17.1486 28.3183 0.00481606
    endloop
  endfacet
  facet normal 0 0 -1
    outer loop
      vertex 16.4006 26.5706 0.00481606
      vertex 17.1486 28.3183 0.00481606
      vertex 16.6945 26.4135 0.00481606
    endloop
  endfacet
  facet normal -0 0 -1
    outer loop
      vertex 17.1486 28.3183 0.00481606
      vertex 16.4006 26.5706 0.00481606
      vertex 17.1303 28.3239 0.00481606
    endloop
  endfacet
  facet normal -0 0 -1
    outer loop
      vertex 17.1303 28.3239 0.00481606
      vertex 16.4006 26.5706 0.00481606
      vertex 16.7495 28.4193 0.00481606
    endloop
  endfacet
  facet normal 0 0 -1
    outer loop
      vertex 16.0817 26.6673 0.00481606
      vertex 16.7495 28.4193 0.00481606
      vertex 16.4006 26.5706 0.00481606
    endloop
  endfacet
  facet normal -0 0 -1
    outer loop
      vertex 16.7495 28.4193 0.00481606
      vertex 16.0817 26.6673 0.00481606
      vertex 16.3612 28.4769 0.00481606
    endloop
  endfacet
  facet normal -0 0 -1
    outer loop
      vertex 16.3612 28.4769 0.00481606
      vertex 16.0817 26.6673 0.00481606
      vertex 16.3421 28.4788 0.00481606
    endloop
  endfacet
  facet normal 0 0 -1
    outer loop
      vertex 16.0817 26.6673 0.00481606
      vertex 15.95 28.498 0.00481606
      vertex 16.3421 28.4788 0.00481606
    endloop
  endfacet
  facet normal 0 0 -1
    outer loop
      vertex 15.75 26.7 0.00481606
      vertex 15.95 28.498 0.00481606
      vertex 16.0817 26.6673 0.00481606
    endloop
  endfacet
  facet normal 0 0 -1
    outer loop
      vertex 15.4183 26.6673 0.00481606
      vertex 15.95 28.498 0.00481606
      vertex 15.75 26.7 0.00481606
    endloop
  endfacet
  facet normal 0 0 -1
    outer loop
      vertex 15.0994 26.5706 0.00481606
      vertex 15.95 28.498 0.00481606
      vertex 15.4183 26.6673 0.00481606
    endloop
  endfacet
  facet normal 0 0 -1
    outer loop
      vertex 14.8055 26.4135 0.00481606
      vertex 15.95 28.498 0.00481606
      vertex 15.0994 26.5706 0.00481606
    endloop
  endfacet
  facet normal 0 0 -1
    outer loop
      vertex 14.5479 26.2021 0.00481606
      vertex 15.95 28.498 0.00481606
      vertex 14.8055 26.4135 0.00481606
    endloop
  endfacet
  facet normal 0 0 -1
    outer loop
      vertex 14.3365 25.9445 0.00481606
      vertex 15.95 28.498 0.00481606
      vertex 14.5479 26.2021 0.00481606
    endloop
  endfacet
  facet normal -0 0 -1
    outer loop
      vertex 15.4183 23.3327 0.00481606
      vertex 9.40536 12.2573 0.00481606
      vertex 15.0994 23.4294 0.00481606
    endloop
  endfacet
  facet normal 0 0 -1
    outer loop
      vertex 8.58356 12.8462 0.00481606
      vertex 15.0994 23.4294 0.00481606
      vertex 9.40536 12.2573 0.00481606
    endloop
  endfacet
  facet normal -0 0 -1
    outer loop
      vertex 15.0994 23.4294 0.00481606
      vertex 8.58356 12.8462 0.00481606
      vertex 14.8055 23.5865 0.00481606
    endloop
  endfacet
  facet normal 0 0 -1
    outer loop
      vertex 7.725 13.3801 0.00481606
      vertex 14.8055 23.5865 0.00481606
      vertex 8.58356 12.8462 0.00481606
    endloop
  endfacet
  facet normal -0 0 -1
    outer loop
      vertex 14.8055 23.5865 0.00481606
      vertex 7.725 13.3801 0.00481606
      vertex 14.5479 23.7979 0.00481606
    endloop
  endfacet
  facet normal 0 0 -1
    outer loop
      vertex 6.83336 13.8567 0.00481606
      vertex 14.5479 23.7979 0.00481606
      vertex 7.725 13.3801 0.00481606
    endloop
  endfacet
  facet normal -0 0 -1
    outer loop
      vertex 14.5479 23.7979 0.00481606
      vertex 6.83336 13.8567 0.00481606
      vertex 14.3365 24.0555 0.00481606
    endloop
  endfacet
  facet normal 0 0 -1
    outer loop
      vertex 5.91246 14.2739 0.00481606
      vertex 14.3365 24.0555 0.00481606
      vertex 6.83336 13.8567 0.00481606
    endloop
  endfacet
  facet normal -0 0 -1
    outer loop
      vertex 14.3365 24.0555 0.00481606
      vertex 5.91246 14.2739 0.00481606
      vertex 14.1794 24.3494 0.00481606
    endloop
  endfacet
  facet normal 0 0 -1
    outer loop
      vertex 4.96624 14.6301 0.00481606
      vertex 14.1794 24.3494 0.00481606
      vertex 5.91246 14.2739 0.00481606
    endloop
  endfacet
  facet normal -0 0 -1
    outer loop
      vertex 14.1794 24.3494 0.00481606
      vertex 4.96624 14.6301 0.00481606
      vertex 14.0827 24.6683 0.00481606
    endloop
  endfacet
  facet normal 0 0 -1
    outer loop
      vertex 3.99875 14.9236 0.00481606
      vertex 14.0827 24.6683 0.00481606
      vertex 4.96624 14.6301 0.00481606
    endloop
  endfacet
  facet normal 0 0 -1
    outer loop
      vertex 3.01414 15.1531 0.00481606
      vertex 14.0827 24.6683 0.00481606
      vertex 3.99875 14.9236 0.00481606
    endloop
  endfacet
  facet normal -0 0 -1
    outer loop
      vertex 14.0827 24.6683 0.00481606
      vertex 3.01414 15.1531 0.00481606
      vertex 14.05 25 0.00481606
    endloop
  endfacet
  facet normal 0 0 -1
    outer loop
      vertex 2.01663 15.3178 0.00481606
      vertex 14.05 25 0.00481606
      vertex 3.01414 15.1531 0.00481606
    endloop
  endfacet
  facet normal -0 0 -1
    outer loop
      vertex 14.05 25 0.00481606
      vertex 2.01663 15.3178 0.00481606
      vertex 14.0827 25.3317 0.00481606
    endloop
  endfacet
  facet normal 0 0 -1
    outer loop
      vertex 1.01048 15.4169 0.00481606
      vertex 14.0827 25.3317 0.00481606
      vertex 2.01663 15.3178 0.00481606
    endloop
  endfacet
  facet normal 0 0 -1
    outer loop
      vertex 0 15.45 0.00481606
      vertex 14.0827 25.3317 0.00481606
      vertex 1.01048 15.4169 0.00481606
    endloop
  endfacet
  facet normal -0 0 -1
    outer loop
      vertex 14.0827 25.3317 0.00481606
      vertex 0 15.45 0.00481606
      vertex 14.1794 25.6506 0.00481606
    endloop
  endfacet
  facet normal 0 0 -1
    outer loop
      vertex -14.1794 25.6506 0.00481606
      vertex 14.1794 25.6506 0.00481606
      vertex 0 15.45 0.00481606
    endloop
  endfacet
  facet normal 0 0 -1
    outer loop
      vertex 14.1794 25.6506 0.00481606
      vertex -14.1794 25.6506 0.00481606
      vertex 14.3365 25.9445 0.00481606
    endloop
  endfacet
  facet normal 0 0 -1
    outer loop
      vertex -14.0827 25.3317 0.00481606
      vertex 0 15.45 0.00481606
      vertex -1.01048 15.4169 0.00481606
    endloop
  endfacet
  facet normal 0 0 -1
    outer loop
      vertex -14.0827 25.3317 0.00481606
      vertex -1.01048 15.4169 0.00481606
      vertex -2.01663 15.3178 0.00481606
    endloop
  endfacet
  facet normal 0 0 -1
    outer loop
      vertex -14.05 25 0.00481606
      vertex -2.01663 15.3178 0.00481606
      vertex -3.01414 15.1531 0.00481606
    endloop
  endfacet
  facet normal 0 0 -1
    outer loop
      vertex -14.0827 24.6683 0.00481606
      vertex -3.01414 15.1531 0.00481606
      vertex -3.99875 14.9236 0.00481606
    endloop
  endfacet
  facet normal 0 0 -1
    outer loop
      vertex -14.0827 24.6683 0.00481606
      vertex -3.99875 14.9236 0.00481606
      vertex -4.96624 14.6301 0.00481606
    endloop
  endfacet
  facet normal 0 0 -1
    outer loop
      vertex -14.0827 24.6683 0.00481606
      vertex -4.96624 14.6301 0.00481606
      vertex -5.91246 14.2739 0.00481606
    endloop
  endfacet
  facet normal 0 0 -1
    outer loop
      vertex -14.0827 24.6683 0.00481606
      vertex -5.91246 14.2739 0.00481606
      vertex -6.83336 13.8567 0.00481606
    endloop
  endfacet
  facet normal 0 0 -1
    outer loop
      vertex -14.0827 24.6683 0.00481606
      vertex -6.83336 13.8567 0.00481606
      vertex -7.725 13.3801 0.00481606
    endloop
  endfacet
  facet normal 0 0 -1
    outer loop
      vertex -14.0827 24.6683 0.00481606
      vertex -7.725 13.3801 0.00481606
      vertex -8.58356 12.8462 0.00481606
    endloop
  endfacet
  facet normal 0 0 -1
    outer loop
      vertex -20.048 24.4 0.00481606
      vertex -13.3801 7.725 0.00481606
      vertex -13.8567 6.83336 0.00481606
    endloop
  endfacet
  facet normal 0 0 -1
    outer loop
      vertex -14.0827 24.6683 0.00481606
      vertex -12.8462 8.58356 0.00481606
      vertex -13.3801 7.725 0.00481606
    endloop
  endfacet
  facet normal 0 0 -1
    outer loop
      vertex -14.0827 24.6683 0.00481606
      vertex -12.2573 9.40536 0.00481606
      vertex -12.8462 8.58356 0.00481606
    endloop
  endfacet
  facet normal 0 0 -1
    outer loop
      vertex -14.0827 24.6683 0.00481606
      vertex -11.6159 10.1869 0.00481606
      vertex -12.2573 9.40536 0.00481606
    endloop
  endfacet
  facet normal 0 0 -1
    outer loop
      vertex -14.0827 24.6683 0.00481606
      vertex -10.9248 10.9248 0.00481606
      vertex -11.6159 10.1869 0.00481606
    endloop
  endfacet
  facet normal 0 0 -1
    outer loop
      vertex -14.0827 24.6683 0.00481606
      vertex -10.1869 11.6159 0.00481606
      vertex -10.9248 10.9248 0.00481606
    endloop
  endfacet
  facet normal 0 0 -1
    outer loop
      vertex -14.0827 24.6683 0.00481606
      vertex -9.40536 12.2573 0.00481606
      vertex -10.1869 11.6159 0.00481606
    endloop
  endfacet
  facet normal 0 0 -1
    outer loop
      vertex -14.0827 24.6683 0.00481606
      vertex -8.58356 12.8462 0.00481606
      vertex -9.40536 12.2573 0.00481606
    endloop
  endfacet
  facet normal 0 0 -1
    outer loop
      vertex -2.01663 15.3178 0.00481606
      vertex -14.05 25 0.00481606
      vertex -14.0827 25.3317 0.00481606
    endloop
  endfacet
  facet normal 0 0 -1
    outer loop
      vertex 0 15.45 0.00481606
      vertex -14.0827 25.3317 0.00481606
      vertex -14.1794 25.6506 0.00481606
    endloop
  endfacet
  facet normal 0 0 -1
    outer loop
      vertex -14.3365 25.9445 0.00481606
      vertex 14.3365 25.9445 0.00481606
      vertex -14.1794 25.6506 0.00481606
    endloop
  endfacet
  facet normal 0 0 -1
    outer loop
      vertex 14.3365 25.9445 0.00481606
      vertex -14.3365 25.9445 0.00481606
      vertex 15.95 28.498 0.00481606
    endloop
  endfacet
  facet normal 0 0 -1
    outer loop
      vertex -15.95 28.498 0.00481606
      vertex -14.3365 25.9445 0.00481606
      vertex -14.5479 26.2021 0.00481606
    endloop
  endfacet
  facet normal 0 0 -1
    outer loop
      vertex -15.95 28.498 0.00481606
      vertex -14.5479 26.2021 0.00481606
      vertex -14.8055 26.4135 0.00481606
    endloop
  endfacet
  facet normal 0 0 -1
    outer loop
      vertex -15.95 28.498 0.00481606
      vertex -14.8055 26.4135 0.00481606
      vertex -15.0994 26.5706 0.00481606
    endloop
  endfacet
  facet normal 0 0 -1
    outer loop
      vertex -15.95 28.498 0.00481606
      vertex -15.0994 26.5706 0.00481606
      vertex -15.4183 26.6673 0.00481606
    endloop
  endfacet
  facet normal 0 0 -1
    outer loop
      vertex -15.95 28.498 0.00481606
      vertex -15.4183 26.6673 0.00481606
      vertex -15.75 26.7 0.00481606
    endloop
  endfacet
  facet normal 0 0 -1
    outer loop
      vertex -14.3365 25.9445 0.00481606
      vertex -15.95 28.498 0.00481606
      vertex 15.95 28.498 0.00481606
    endloop
  endfacet
  facet normal 0 0 -1
    outer loop
      vertex -16.0817 26.6673 0.00481606
      vertex -15.95 28.498 0.00481606
      vertex -15.75 26.7 0.00481606
    endloop
  endfacet
  facet normal 0 0 -1
    outer loop
      vertex -16.0817 26.6673 0.00481606
      vertex -16.3421 28.4788 0.00481606
      vertex -15.95 28.498 0.00481606
    endloop
  endfacet
  facet normal 0 0 -1
    outer loop
      vertex -16.0817 26.6673 0.00481606
      vertex -16.3612 28.4769 0.00481606
      vertex -16.3421 28.4788 0.00481606
    endloop
  endfacet
  facet normal 0 0 -1
    outer loop
      vertex -16.7495 28.4193 0.00481606
      vertex -16.0817 26.6673 0.00481606
      vertex -16.4006 26.5706 0.00481606
    endloop
  endfacet
  facet normal 0 0 -1
    outer loop
      vertex -17.1486 28.3183 0.00481606
      vertex -16.4006 26.5706 0.00481606
      vertex -16.6945 26.4135 0.00481606
    endloop
  endfacet
  facet normal 0 0 -1
    outer loop
      vertex -16.0817 26.6673 0.00481606
      vertex -16.7495 28.4193 0.00481606
      vertex -16.3612 28.4769 0.00481606
    endloop
  endfacet
  facet normal 0 0 -1
    outer loop
      vertex -17.89 28.0092 0.00481606
      vertex -16.6945 26.4135 0.00481606
      vertex -16.9521 26.2021 0.00481606
    endloop
  endfacet
  facet normal 0 0 -1
    outer loop
      vertex -16.4006 26.5706 0.00481606
      vertex -17.1303 28.3239 0.00481606
      vertex -16.7495 28.4193 0.00481606
    endloop
  endfacet
  facet normal 0 0 -1
    outer loop
      vertex -16.4006 26.5706 0.00481606
      vertex -17.1486 28.3183 0.00481606
      vertex -17.1303 28.3239 0.00481606
    endloop
  endfacet
  facet normal 0 0 -1
    outer loop
      vertex -18.542 27.5735 0.00481606
      vertex -16.9521 26.2021 0.00481606
      vertex -17.1635 25.9445 0.00481606
    endloop
  endfacet
  facet normal 0 0 -1
    outer loop
      vertex -19.1113 27.0069 0.00481606
      vertex -17.1635 25.9445 0.00481606
      vertex -17.3206 25.6506 0.00481606
    endloop
  endfacet
  facet normal 0 0 -1
    outer loop
      vertex -19.5592 26.34 0.00481606
      vertex -17.3206 25.6506 0.00481606
      vertex -17.4173 25.3317 0.00481606
    endloop
  endfacet
  facet normal 0 0 -1
    outer loop
      vertex -19.8683 25.5986 0.00481606
      vertex -17.4173 25.3317 0.00481606
      vertex -17.45 25 0.00481606
    endloop
  endfacet
  facet normal 0 0 -1
    outer loop
      vertex -16.6945 26.4135 0.00481606
      vertex -17.5182 28.1861 0.00481606
      vertex -17.1486 28.3183 0.00481606
    endloop
  endfacet
  facet normal -0 0 -1
    outer loop
      vertex -15.45 0 0.00481606
      vertex -20.048 -30.4 0.00481606
      vertex -20.048 24.4 0.00481606
    endloop
  endfacet
  facet normal 0 0 -1
    outer loop
      vertex -18.542 -33.5735 0.00481606
      vertex -15.75 -26.7 0.00481606
      vertex -18.2267 -33.8074 0.00481606
    endloop
  endfacet
  facet normal 0 -0 -1
    outer loop
      vertex -20.0287 24.7921 0.00481606
      vertex -17.4173 24.6683 0.00481606
      vertex -20.048 24.4 0.00481606
    endloop
  endfacet
  facet normal 0 0 -1
    outer loop
      vertex -18.5569 -33.5613 0.00481606
      vertex -15.75 -26.7 0.00481606
      vertex -18.542 -33.5735 0.00481606
    endloop
  endfacet
  facet normal 0 -0 -1
    outer loop
      vertex -20.0269 24.8112 0.00481606
      vertex -17.4173 24.6683 0.00481606
      vertex -20.0287 24.7921 0.00481606
    endloop
  endfacet
  facet normal 0 0 -1
    outer loop
      vertex -18.8477 -33.2977 0.00481606
      vertex -15.75 -26.7 0.00481606
      vertex -18.5569 -33.5613 0.00481606
    endloop
  endfacet
  facet normal 0 0 -1
    outer loop
      vertex -16.6945 26.4135 0.00481606
      vertex -17.8731 28.0182 0.00481606
      vertex -17.5182 28.1861 0.00481606
    endloop
  endfacet
  facet normal 0 0 -1
    outer loop
      vertex -19.1113 -33.0069 0.00481606
      vertex -15.75 -26.7 0.00481606
      vertex -18.8477 -33.2977 0.00481606
    endloop
  endfacet
  facet normal 0 0 -1
    outer loop
      vertex -16.6945 26.4135 0.00481606
      vertex -17.89 28.0092 0.00481606
      vertex -17.8731 28.0182 0.00481606
    endloop
  endfacet
  facet normal 0 0 -1
    outer loop
      vertex -19.1235 -32.992 0.00481606
      vertex -15.75 -26.7 0.00481606
      vertex -19.1113 -33.0069 0.00481606
    endloop
  endfacet
  facet normal 0 0 -1
    outer loop
      vertex -16.9521 26.2021 0.00481606
      vertex -18.2267 27.8074 0.00481606
      vertex -17.89 28.0092 0.00481606
    endloop
  endfacet
  facet normal 0 0 -1
    outer loop
      vertex -19.3574 -32.6767 0.00481606
      vertex -15.75 -26.7 0.00481606
      vertex -19.1235 -32.992 0.00481606
    endloop
  endfacet
  facet normal 0 0 -1
    outer loop
      vertex -16.9521 26.2021 0.00481606
      vertex -18.542 27.5735 0.00481606
      vertex -18.2267 27.8074 0.00481606
    endloop
  endfacet
  facet normal 0 0 -1
    outer loop
      vertex -19.5592 -32.34 0.00481606
      vertex -15.75 -26.7 0.00481606
      vertex -19.3574 -32.6767 0.00481606
    endloop
  endfacet
  facet normal 0 0 -1
    outer loop
      vertex -17.1635 25.9445 0.00481606
      vertex -18.5569 27.5613 0.00481606
      vertex -18.542 27.5735 0.00481606
    endloop
  endfacet
  facet normal 0 0 -1
    outer loop
      vertex -19.5682 -32.3231 0.00481606
      vertex -15.75 -26.7 0.00481606
      vertex -19.5592 -32.34 0.00481606
    endloop
  endfacet
  facet normal 0 0 -1
    outer loop
      vertex -17.1635 25.9445 0.00481606
      vertex -18.8477 27.2977 0.00481606
      vertex -18.5569 27.5613 0.00481606
    endloop
  endfacet
  facet normal 0 0 -1
    outer loop
      vertex -19.7361 -31.9682 0.00481606
      vertex -15.75 -26.7 0.00481606
      vertex -19.5682 -32.3231 0.00481606
    endloop
  endfacet
  facet normal 0 0 -1
    outer loop
      vertex -17.1635 25.9445 0.00481606
      vertex -19.1113 27.0069 0.00481606
      vertex -18.8477 27.2977 0.00481606
    endloop
  endfacet
  facet normal 0 0 -1
    outer loop
      vertex -19.8683 -31.5986 0.00481606
      vertex -15.75 -26.7 0.00481606
      vertex -19.7361 -31.9682 0.00481606
    endloop
  endfacet
  facet normal 0 0 -1
    outer loop
      vertex -17.3206 25.6506 0.00481606
      vertex -19.1235 26.992 0.00481606
      vertex -19.1113 27.0069 0.00481606
    endloop
  endfacet
  facet normal 0 0 -1
    outer loop
      vertex -19.8739 -31.5802 0.00481606
      vertex -15.75 -26.7 0.00481606
      vertex -19.8683 -31.5986 0.00481606
    endloop
  endfacet
  facet normal 0 0 -1
    outer loop
      vertex -17.3206 25.6506 0.00481606
      vertex -19.3574 26.6767 0.00481606
      vertex -19.1235 26.992 0.00481606
    endloop
  endfacet
  facet normal 0 0 -1
    outer loop
      vertex -19.9693 -31.1995 0.00481606
      vertex -15.75 -26.7 0.00481606
      vertex -19.8739 -31.5802 0.00481606
    endloop
  endfacet
  facet normal 0 0 -1
    outer loop
      vertex -17.3206 25.6506 0.00481606
      vertex -19.5592 26.34 0.00481606
      vertex -19.3574 26.6767 0.00481606
    endloop
  endfacet
  facet normal -0 0 -1
    outer loop
      vertex -16.0817 -26.6673 0.00481606
      vertex -20.048 -30.4 0.00481606
      vertex -16.4006 -26.5706 0.00481606
    endloop
  endfacet
  facet normal 0 0 -1
    outer loop
      vertex -17.4173 25.3317 0.00481606
      vertex -19.5682 26.3231 0.00481606
      vertex -19.5592 26.34 0.00481606
    endloop
  endfacet
  facet normal -0 0 -1
    outer loop
      vertex -15.75 -26.7 0.00481606
      vertex -19.9693 -31.1995 0.00481606
      vertex -16.0817 -26.6673 0.00481606
    endloop
  endfacet
  facet normal 0 0 -1
    outer loop
      vertex -17.4173 25.3317 0.00481606
      vertex -19.7361 25.9682 0.00481606
      vertex -19.5682 26.3231 0.00481606
    endloop
  endfacet
  facet normal 0 0 -1
    outer loop
      vertex -20.0269 -30.8112 0.00481606
      vertex -16.0817 -26.6673 0.00481606
      vertex -19.9693 -31.1995 0.00481606
    endloop
  endfacet
  facet normal 0 0 -1
    outer loop
      vertex -17.4173 25.3317 0.00481606
      vertex -19.8683 25.5986 0.00481606
      vertex -19.7361 25.9682 0.00481606
    endloop
  endfacet
  facet normal 0 0 -1
    outer loop
      vertex -16.0817 -26.6673 0.00481606
      vertex -20.0269 -30.8112 0.00481606
      vertex -20.048 -30.4 0.00481606
    endloop
  endfacet
  facet normal 0 0 -1
    outer loop
      vertex -17.45 25 0.00481606
      vertex -19.8739 25.5802 0.00481606
      vertex -19.8683 25.5986 0.00481606
    endloop
  endfacet
  facet normal 0 0 -1
    outer loop
      vertex -20.048 -30.4 0.00481606
      vertex -20.0269 -30.8112 0.00481606
      vertex -20.0287 -30.7921 0.00481606
    endloop
  endfacet
  facet normal 0 0 -1
    outer loop
      vertex -17.45 25 0.00481606
      vertex -19.9693 25.1995 0.00481606
      vertex -19.8739 25.5802 0.00481606
    endloop
  endfacet
  facet normal -0 0 -1
    outer loop
      vertex -17.45 25 0.00481606
      vertex -20.0269 24.8112 0.00481606
      vertex -19.9693 25.1995 0.00481606
    endloop
  endfacet
  facet normal 0 0 -1
    outer loop
      vertex -17.4173 24.6683 0.00481606
      vertex -20.0269 24.8112 0.00481606
      vertex -17.45 25 0.00481606
    endloop
  endfacet
  facet normal 0 0 -1
    outer loop
      vertex 13.8567 6.83336 0.00481606
      vertex 20.048 24.4 0.00481606
      vertex 14.2739 5.91246 0.00481606
    endloop
  endfacet
  facet normal 0 0 -1
    outer loop
      vertex 20.048 24.4 0.00481606
      vertex 16.9521 23.7979 0.00481606
      vertex 17.1635 24.0555 0.00481606
    endloop
  endfacet
  facet normal 0 0 -1
    outer loop
      vertex 13.3801 7.725 0.00481606
      vertex 20.048 24.4 0.00481606
      vertex 13.8567 6.83336 0.00481606
    endloop
  endfacet
  facet normal 0 0 -1
    outer loop
      vertex 20.048 24.4 0.00481606
      vertex 16.6945 23.5865 0.00481606
      vertex 16.9521 23.7979 0.00481606
    endloop
  endfacet
  facet normal 0 0 -1
    outer loop
      vertex 12.8462 8.58356 0.00481606
      vertex 20.048 24.4 0.00481606
      vertex 13.3801 7.725 0.00481606
    endloop
  endfacet
  facet normal 0 -0 -1
    outer loop
      vertex 16.4006 23.4294 0.00481606
      vertex 20.048 24.4 0.00481606
      vertex 12.8462 8.58356 0.00481606
    endloop
  endfacet
  facet normal 0 0 -1
    outer loop
      vertex 20.048 24.4 0.00481606
      vertex 16.4006 23.4294 0.00481606
      vertex 16.6945 23.5865 0.00481606
    endloop
  endfacet
  facet normal 0 0 -1
    outer loop
      vertex 12.2573 9.40536 0.00481606
      vertex 16.4006 23.4294 0.00481606
      vertex 12.8462 8.58356 0.00481606
    endloop
  endfacet
  facet normal 0 0 -1
    outer loop
      vertex 16.4006 23.4294 0.00481606
      vertex 12.2573 9.40536 0.00481606
      vertex 16.0817 23.3327 0.00481606
    endloop
  endfacet
  facet normal 0 0 -1
    outer loop
      vertex 11.6159 10.1869 0.00481606
      vertex 16.0817 23.3327 0.00481606
      vertex 12.2573 9.40536 0.00481606
    endloop
  endfacet
  facet normal 0 0 -1
    outer loop
      vertex 10.9248 10.9248 0.00481606
      vertex 16.0817 23.3327 0.00481606
      vertex 11.6159 10.1869 0.00481606
    endloop
  endfacet
  facet normal 0 0 -1
    outer loop
      vertex 16.0817 23.3327 0.00481606
      vertex 10.9248 10.9248 0.00481606
      vertex 15.75 23.3 0.00481606
    endloop
  endfacet
  facet normal 0 0 -1
    outer loop
      vertex 10.1869 11.6159 0.00481606
      vertex 15.75 23.3 0.00481606
      vertex 10.9248 10.9248 0.00481606
    endloop
  endfacet
  facet normal -0 0 -1
    outer loop
      vertex 15.75 23.3 0.00481606
      vertex 10.1869 11.6159 0.00481606
      vertex 15.4183 23.3327 0.00481606
    endloop
  endfacet
  facet normal 0 0 -1
    outer loop
      vertex 9.40536 12.2573 0.00481606
      vertex 15.4183 23.3327 0.00481606
      vertex 10.1869 11.6159 0.00481606
    endloop
  endfacet
  facet normal -0.176493 -0.0834972 -0.980754
    outer loop
      vertex -19.7459 -32.3967 0.0430603
      vertex -19.7361 -31.9682 0.00481606
      vertex -19.5682 -32.3231 0.00481606
    endloop
  endfacet
  facet normal -0.17659 -0.0834935 -0.980737
    outer loop
      vertex -19.7361 -31.9682 0.00481606
      vertex -19.7459 -32.3967 0.0430603
      vertex -19.9137 -32.0418 0.0430603
    endloop
  endfacet
  facet normal -0.726747 0.658771 0.194575
    outer loop
      vertex -19.7457 27.6413 3.09802
      vertex -19.4551 27.9051 3.29028
      vertex -19.4821 27.9321 3.09802
    endloop
  endfacet
  facet normal -0.726812 0.658603 0.194903
    outer loop
      vertex -19.4551 27.9051 3.29028
      vertex -19.7457 27.6413 3.09802
      vertex -19.7187 27.6142 3.29028
    endloop
  endfacet
  facet normal -0.792677 0.475088 0.382039
    outer loop
      vertex -20.2733 26.8172 3.29028
      vertex -20.0092 27.1122 3.4714
      vertex -20.0715 27.1539 3.29028
    endloop
  endfacet
  facet normal -0.792694 0.475239 0.381817
    outer loop
      vertex -20.0092 27.1122 3.4714
      vertex -20.2733 26.8172 3.29028
      vertex -20.211 26.7756 3.4714
    endloop
  endfacet
  facet normal -0.815203 0.436188 0.38103
    outer loop
      vertex -20.2733 26.8172 3.29028
      vertex -20.3618 26.6518 3.29028
      vertex -20.2925 26.6231 3.4714
    endloop
  endfacet
  facet normal -0.734227 0.392394 0.554019
    outer loop
      vertex -20.1204 26.715 3.63439
      vertex -20.2925 26.6231 3.4714
      vertex -20.1918 26.5814 3.63439
    endloop
  endfacet
  facet normal -0.176474 0.0834883 0.980758
    outer loop
      vertex -19.7459 26.3967 3.95694
      vertex -19.7361 25.9682 3.99518
      vertex -19.5682 26.3231 3.99518
    endloop
  endfacet
  facet normal -0.176571 0.0834846 0.980741
    outer loop
      vertex -19.7361 25.9682 3.99518
      vertex -19.7459 26.3967 3.95694
      vertex -19.9137 26.0418 3.95694
    endloop
  endfacet
  facet normal -0.796823 0.241841 -0.553703
    outer loop
      vertex -20.5359 25.7119 0.365607
      vertex -20.6427 25.7332 0.528604
      vertex -20.5925 25.8986 0.528604
    endloop
  endfacet
  facet normal -0.783215 0.280144 -0.555062
    outer loop
      vertex -20.3597 26.2265 0.365607
      vertex -20.5925 25.8986 0.528604
      vertex -20.4603 26.2682 0.528604
    endloop
  endfacet
  facet normal -0.783215 0.280144 -0.555062
    outer loop
      vertex -20.5925 25.8986 0.528604
      vertex -20.3597 26.2265 0.365607
      vertex -20.4919 25.8569 0.365607
    endloop
  endfacet
  facet normal -0.884652 0.268106 0.381457
    outer loop
      vertex -20.6619 25.9273 3.29028
      vertex -20.7163 25.7478 3.29028
      vertex -20.5925 25.8986 3.4714
    endloop
  endfacet
  facet normal -0.828775 -0.0813387 0.553639
    outer loop
      vertex -20.7037 -30.7921 3.63439
      vertex -20.7957 -30.9641 3.4714
      vertex -20.6889 -30.9429 3.63439
    endloop
  endfacet
  facet normal -0.914011 0.135618 0.38235
    outer loop
      vertex -20.8693 24.9788 3.29028
      vertex -20.7381 25.3524 3.4714
      vertex -20.8117 25.367 3.29028
    endloop
  endfacet
  facet normal -0.91399 0.13558 0.382413
    outer loop
      vertex -20.7381 25.3524 3.4714
      vertex -20.8693 24.9788 3.29028
      vertex -20.7957 24.9641 3.4714
    endloop
  endfacet
  facet normal -0.920057 0.090401 0.381212
    outer loop
      vertex -20.7957 24.9641 3.4714
      vertex -20.8693 24.9788 3.29028
      vertex -20.8126 24.7921 3.4714
    endloop
  endfacet
  facet normal -0.822823 0.122057 0.555035
    outer loop
      vertex -20.7957 24.9641 3.4714
      vertex -20.6313 25.3312 3.63439
      vertex -20.7381 25.3524 3.4714
    endloop
  endfacet
  facet normal -0.822823 0.122057 0.555035
    outer loop
      vertex -20.6313 25.3312 3.63439
      vertex -20.7957 24.9641 3.4714
      vertex -20.6889 24.9429 3.63439
    endloop
  endfacet
  facet normal -0.53334 0.161795 0.830283
    outer loop
      vertex -20.3639 25.8039 3.77301
      vertex -20.4 25.6849 3.77301
      vertex -20.2401 25.6531 3.88192
    endloop
  endfacet
  facet normal -0.167553 0.100452 0.980732
    outer loop
      vertex -19.719 26.4469 3.95694
      vertex -19.3574 26.6767 3.99518
      vertex -19.5172 26.7835 3.95694
    endloop
  endfacet
  facet normal -0.167524 0.100405 0.980742
    outer loop
      vertex -19.3574 26.6767 3.99518
      vertex -19.719 26.4469 3.95694
      vertex -19.5592 26.34 3.99518
    endloop
  endfacet
  facet normal -0.156836 0.116346 0.980748
    outer loop
      vertex -19.2834 27.0988 3.95694
      vertex -19.3574 26.6767 3.99518
      vertex -19.1235 26.992 3.99518
    endloop
  endfacet
  facet normal -0.156921 0.11636 0.980732
    outer loop
      vertex -19.3574 26.6767 3.99518
      vertex -19.2834 27.0988 3.95694
      vertex -19.5172 26.7835 3.95694
    endloop
  endfacet
  facet normal -0.55494 0.0543467 0.830113
    outer loop
      vertex -20.3931 24.884 3.88192
      vertex -20.5529 24.9158 3.77301
      vertex -20.4021 24.7921 3.88192
    endloop
  endfacet
  facet normal 0.183908 -0.0657809 0.98074
    outer loop
      vertex 19.7361 -31.9682 3.99518
      vertex 20.0459 -31.6722 3.95694
      vertex 19.8683 -31.5986 3.99518
    endloop
  endfacet
  facet normal 0.183908 -0.0657809 0.98074
    outer loop
      vertex 20.0459 -31.6722 3.95694
      vertex 19.7361 -31.9682 3.99518
      vertex 19.9137 -32.0418 3.95694
    endloop
  endfacet
  facet normal 0.371497 0.0930693 0.923758
    outer loop
      vertex 20.2401 25.6531 3.88192
      vertex 20.1578 25.237 3.95694
      vertex 20.3355 25.2723 3.88192
    endloop
  endfacet
  facet normal 0.371686 0.0930191 0.923687
    outer loop
      vertex 20.1578 25.237 3.95694
      vertex 20.2401 25.6531 3.88192
      vertex 20.0625 25.6178 3.95694
    endloop
  endfacet
  facet normal 0.705444 0.0695749 0.705342
    outer loop
      vertex 20.7037 24.7921 3.63439
      vertex 20.5529 24.9158 3.77301
      vertex 20.5651 24.7921 3.77301
    endloop
  endfacet
  facet normal 0.686175 0.171949 0.706822
    outer loop
      vertex 20.5359 25.7119 3.63439
      vertex 20.4953 25.3041 3.77301
      vertex 20.6313 25.3312 3.63439
    endloop
  endfacet
  facet normal 0.686523 0.171811 0.706517
    outer loop
      vertex 20.4953 25.3041 3.77301
      vertex 20.5359 25.7119 3.63439
      vertex 20.4 25.6849 3.77301
    endloop
  endfacet
  facet normal 0.678461 0.205878 0.705198
    outer loop
      vertex 20.4919 25.8569 3.63439
      vertex 20.3639 25.8039 3.77301
      vertex 20.5359 25.7119 3.63439
    endloop
  endfacet
  facet normal 0.70531 0.0692214 0.705512
    outer loop
      vertex 20.6889 24.9429 3.63439
      vertex 20.5529 24.9158 3.77301
      vertex 20.7037 24.7921 3.63439
    endloop
  endfacet
  facet normal 0.666167 0.238277 0.706714
    outer loop
      vertex 20.2316 26.1735 3.77301
      vertex 20.4919 25.8569 3.63439
      vertex 20.3597 26.2265 3.63439
    endloop
  endfacet
  facet normal 0.666332 0.238517 0.706478
    outer loop
      vertex 20.4919 25.8569 3.63439
      vertex 20.2316 26.1735 3.77301
      vertex 20.3639 25.8039 3.77301
    endloop
  endfacet
  facet normal 0.523459 0.187375 0.831192
    outer loop
      vertex 20.081 26.1111 3.88192
      vertex 20.3639 25.8039 3.77301
      vertex 20.2316 26.1735 3.77301
    endloop
  endfacet
  facet normal 0.523459 0.187375 0.831192
    outer loop
      vertex 20.3639 25.8039 3.77301
      vertex 20.081 26.1111 3.88192
      vertex 20.2133 25.7415 3.88192
    endloop
  endfacet
  facet normal 0.584193 0.787836 -0.195023
    outer loop
      vertex 19.0192 28.2877 0.709716
      vertex 18.7252 28.5533 0.901983
      vertex 19.0405 28.3195 0.901983
    endloop
  endfacet
  facet normal 0.584193 0.787836 -0.195023
    outer loop
      vertex 18.7252 28.5533 0.901983
      vertex 19.0192 28.2877 0.709716
      vertex 18.7039 28.5215 0.709716
    endloop
  endfacet
  facet normal 0.713325 0.427656 -0.555228
    outer loop
      vertex 20.211 26.7756 0.528604
      vertex 19.9186 27.0517 0.365607
      vertex 20.0092 27.1122 0.528604
    endloop
  endfacet
  facet normal 0.713279 0.427501 -0.555407
    outer loop
      vertex 19.9186 27.0517 0.365607
      vertex 20.211 26.7756 0.528604
      vertex 20.1204 26.715 0.365607
    endloop
  endfacet
  facet normal 0.71469 0.586399 -0.381253
    outer loop
      vertex 19.7753 27.4275 0.528604
      vertex 19.6656 27.5612 0.528604
      vertex 19.8377 27.4692 0.709716
    endloop
  endfacet
  facet normal 0.835392 0.394981 -0.382242
    outer loop
      vertex 20.5296 26.2969 0.709716
      vertex 20.2925 26.6231 0.528604
      vertex 20.3618 26.6518 0.709716
    endloop
  endfacet
  facet normal 0.835392 0.394981 -0.382242
    outer loop
      vertex 20.2925 26.6231 0.528604
      vertex 20.5296 26.2969 0.709716
      vertex 20.4603 26.2682 0.528604
    endloop
  endfacet
  facet normal 0.705302 0.0692206 -0.705519
    outer loop
      vertex 20.7037 24.7921 0.365607
      vertex 20.5529 24.9158 0.22699
      vertex 20.6889 24.9429 0.365607
    endloop
  endfacet
  facet normal 0.705437 0.0695742 -0.70535
    outer loop
      vertex 20.5651 24.7921 0.22699
      vertex 20.5529 24.9158 0.22699
      vertex 20.7037 24.7921 0.365607
    endloop
  endfacet
  facet normal 0.346359 0.163762 -0.923698
    outer loop
      vertex 19.9137 26.0418 0.0430603
      vertex 19.9132 26.466 0.118079
      vertex 20.081 26.1111 0.118079
    endloop
  endfacet
  facet normal 0.346359 0.163762 -0.923698
    outer loop
      vertex 19.9132 26.466 0.118079
      vertex 19.9137 26.0418 0.0430603
      vertex 19.7459 26.3967 0.0430603
    endloop
  endfacet
  facet normal 0.666325 0.238514 -0.706485
    outer loop
      vertex 20.2316 26.1735 0.22699
      vertex 20.4919 25.8569 0.365607
      vertex 20.3639 25.8039 0.22699
    endloop
  endfacet
  facet normal 0.66616 0.238275 -0.706722
    outer loop
      vertex 20.4919 25.8569 0.365607
      vertex 20.2316 26.1735 0.22699
      vertex 20.3597 26.2265 0.365607
    endloop
  endfacet
  facet normal 0.371491 0.0930679 -0.92376
    outer loop
      vertex 20.1578 25.237 0.0430603
      vertex 20.2401 25.6531 0.118079
      vertex 20.3355 25.2723 0.118079
    endloop
  endfacet
  facet normal 0.37168 0.0930177 -0.923689
    outer loop
      vertex 20.2401 25.6531 0.118079
      vertex 20.1578 25.237 0.0430603
      vertex 20.0625 25.6178 0.0430603
    endloop
  endfacet
  facet normal 0.18954 0.0474348 -0.980726
    outer loop
      vertex 19.9693 25.1995 0.00481606
      vertex 20.0625 25.6178 0.0430603
      vertex 20.1578 25.237 0.0430603
    endloop
  endfacet
  facet normal 0.189413 0.0474652 -0.98075
    outer loop
      vertex 20.0625 25.6178 0.0430603
      vertex 19.9693 25.1995 0.00481606
      vertex 19.8739 25.5802 0.00481606
    endloop
  endfacet
  facet normal 0.92279 0.0451863 -0.382645
    outer loop
      vertex 20.9069 24.4 0.709716
      vertex 20.8126 24.7921 0.528604
      vertex 20.8877 24.7921 0.709716
    endloop
  endfacet
  facet normal 0.92296 0.0454301 -0.382205
    outer loop
      vertex 20.8126 24.7921 0.528604
      vertex 20.9069 24.4 0.709716
      vertex 20.8319 24.4 0.528604
    endloop
  endfacet
  facet normal 0.195049 0.00960072 -0.980747
    outer loop
      vertex 20.048 24.4 0.00481606
      vertex 20.221 24.7921 0.0430603
      vertex 20.2403 24.4 0.0430603
    endloop
  endfacet
  facet normal 0.195049 0.00960072 -0.980747
    outer loop
      vertex 20.221 24.7921 0.0430603
      vertex 20.048 24.4 0.00481606
      vertex 20.0287 24.7921 0.00481606
    endloop
  endfacet
  facet normal 0.0692206 0.705302 -0.705519
    outer loop
      vertex 16.4658 29.0029 0.22699
      vertex 16.3421 29.1537 0.365607
      vertex 16.4929 29.1389 0.365607
    endloop
  endfacet
  facet normal 0.103798 0.699737 -0.706819
    outer loop
      vertex 16.8541 28.9453 0.22699
      vertex 16.4929 29.1389 0.365607
      vertex 16.8812 29.0813 0.365607
    endloop
  endfacet
  facet normal 0.103798 0.699737 -0.706819
    outer loop
      vertex 16.4929 29.1389 0.365607
      vertex 16.8541 28.9453 0.22699
      vertex 16.4658 29.0029 0.22699
    endloop
  endfacet
  facet normal 0.171809 0.686516 -0.706525
    outer loop
      vertex 16.8541 28.9453 0.22699
      vertex 17.2619 28.9859 0.365607
      vertex 17.2349 28.85 0.22699
    endloop
  endfacet
  facet normal 0.171947 0.686168 -0.70683
    outer loop
      vertex 17.2619 28.9859 0.365607
      vertex 16.8541 28.9453 0.22699
      vertex 16.8812 29.0813 0.365607
    endloop
  endfacet
  facet normal 0.057346 0.187398 -0.980609
    outer loop
      vertex 17.1486 28.3183 0.00481606
      vertex 17.1303 28.3239 0.00481606
      vertex 17.2222 28.4959 0.0430603
    endloop
  endfacet
  facet normal 0.28452 0.938811 -0.194118
    outer loop
      vertex 17.4773 29.1119 0.709716
      vertex 17.2978 29.1663 0.709716
      vertex 17.492 29.1472 0.901983
    endloop
  endfacet
  facet normal 0.330557 0.92346 -0.194819
    outer loop
      vertex 17.8469 28.9796 0.709716
      vertex 17.492 29.1472 0.901983
      vertex 17.8616 29.0149 0.901983
    endloop
  endfacet
  facet normal 0.330557 0.92346 -0.194819
    outer loop
      vertex 17.492 29.1472 0.901983
      vertex 17.8469 28.9796 0.709716
      vertex 17.4773 29.1119 0.709716
    endloop
  endfacet
  facet normal 0.394981 0.835392 -0.382242
    outer loop
      vertex 18.1731 28.7425 0.528604
      vertex 17.8469 28.9796 0.709716
      vertex 18.2018 28.8118 0.709716
    endloop
  endfacet
  facet normal 0.394981 0.835392 -0.382242
    outer loop
      vertex 17.8469 28.9796 0.709716
      vertex 18.1731 28.7425 0.528604
      vertex 17.8182 28.9103 0.528604
    endloop
  endfacet
  facet normal 0.224551 0.896319 -0.382346
    outer loop
      vertex 17.2832 29.0927 0.528604
      vertex 16.917 29.2617 0.709716
      vertex 17.2978 29.1663 0.709716
    endloop
  endfacet
  facet normal 0.224551 0.896319 -0.382346
    outer loop
      vertex 16.917 29.2617 0.709716
      vertex 17.2832 29.0927 0.528604
      vertex 16.9024 29.1881 0.528604
    endloop
  endfacet
  facet normal 0.205876 0.678454 -0.705206
    outer loop
      vertex 17.3539 28.8139 0.22699
      vertex 17.2619 28.9859 0.365607
      vertex 17.4069 28.9419 0.365607
    endloop
  endfacet
  facet normal 0.268501 0.884664 -0.381153
    outer loop
      vertex 17.4486 29.0425 0.528604
      vertex 17.2832 29.0927 0.528604
      vertex 17.2978 29.1663 0.709716
    endloop
  endfacet
  facet normal 0.684636 0.620385 -0.382617
    outer loop
      vertex 19.7187 27.6142 0.709716
      vertex 19.402 27.852 0.528604
      vertex 19.4551 27.9051 0.709716
    endloop
  endfacet
  facet normal 0.684619 0.620583 -0.382328
    outer loop
      vertex 19.402 27.852 0.528604
      vertex 19.7187 27.6142 0.709716
      vertex 19.6656 27.5612 0.528604
    endloop
  endfacet
  facet normal 0.62244 0.75819 -0.194205
    outer loop
      vertex 19.1642 28.1687 0.709716
      vertex 19.0405 28.3195 0.901983
      vertex 19.1913 28.1957 0.901983
    endloop
  endfacet
  facet normal 0.307627 0.22811 -0.92376
    outer loop
      vertex 19.5172 26.7835 0.0430603
      vertex 19.434 27.1995 0.118079
      vertex 19.6678 26.8842 0.118079
    endloop
  endfacet
  facet normal 0.307627 0.22811 -0.92376
    outer loop
      vertex 19.434 27.1995 0.118079
      vertex 19.5172 26.7835 0.0430603
      vertex 19.2834 27.0988 0.0430603
    endloop
  endfacet
  facet normal 0.0834935 -0.17659 -0.980737
    outer loop
      vertex 17.5182 -34.1861 0.00481606
      vertex 17.9467 -34.1959 0.0430603
      vertex 17.5918 -34.3637 0.0430603
    endloop
  endfacet
  facet normal 0.0834972 -0.176493 -0.980754
    outer loop
      vertex 17.9467 -34.1959 0.0430603
      vertex 17.5182 -34.1861 0.00481606
      vertex 17.8731 -34.0182 0.00481606
    endloop
  endfacet
  facet normal 0.0920819 -0.172909 -0.980624
    outer loop
      vertex 17.9467 -34.1959 0.0430603
      vertex 17.8731 -34.0182 0.00481606
      vertex 17.89 -34.0092 0.00481606
    endloop
  endfacet
  facet normal 0.193273 0.0286699 -0.980726
    outer loop
      vertex 19.9693 25.1995 0.00481606
      vertex 20.2154 24.8487 0.0430603
      vertex 20.0269 24.8112 0.00481606
    endloop
  endfacet
  facet normal 0.193273 0.0286699 -0.980726
    outer loop
      vertex 20.2154 24.8487 0.0430603
      vertex 19.9693 25.1995 0.00481606
      vertex 20.1578 25.237 0.0430603
    endloop
  endfacet
  facet normal 0.625193 0.334273 -0.705262
    outer loop
      vertex 20.0638 26.5284 0.22699
      vertex 20.0052 26.638 0.22699
      vertex 20.1204 26.715 0.365607
    endloop
  endfacet
  facet normal 0.49142 0.262895 -0.830297
    outer loop
      vertex 19.9132 26.466 0.118079
      vertex 19.8696 26.5475 0.118079
      vertex 20.0052 26.638 0.22699
    endloop
  endfacet
  facet normal 0.734237 0.392396 -0.554005
    outer loop
      vertex 20.2925 26.6231 0.528604
      vertex 20.1204 26.715 0.365607
      vertex 20.211 26.7756 0.528604
    endloop
  endfacet
  facet normal 0.734237 0.392399 -0.554002
    outer loop
      vertex 20.1918 26.5814 0.365607
      vertex 20.1204 26.715 0.365607
      vertex 20.2925 26.6231 0.528604
    endloop
  endfacet
  facet normal 0.547779 0.449738 -0.70546
    outer loop
      vertex 19.5695 27.29 0.22699
      vertex 19.4906 27.3861 0.22699
      vertex 19.6848 27.367 0.365607
    endloop
  endfacet
  facet normal 0.334273 0.625193 -0.705262
    outer loop
      vertex 18.188 28.4552 0.22699
      vertex 18.0784 28.5138 0.22699
      vertex 18.265 28.5704 0.365607
    endloop
  endfacet
  facet normal 0.355454 0.751791 -0.555395
    outer loop
      vertex 18.1314 28.6418 0.365607
      vertex 17.8182 28.9103 0.528604
      vertex 18.1731 28.7425 0.528604
    endloop
  endfacet
  facet normal 0.355719 0.751904 -0.555072
    outer loop
      vertex 17.8182 28.9103 0.528604
      vertex 18.1314 28.6418 0.365607
      vertex 17.7765 28.8097 0.365607
    endloop
  endfacet
  facet normal 0.302513 0.639821 -0.706481
    outer loop
      vertex 17.7235 28.6816 0.22699
      vertex 18.1314 28.6418 0.365607
      vertex 18.0784 28.5138 0.22699
    endloop
  endfacet
  facet normal 0.302564 0.639546 -0.706708
    outer loop
      vertex 18.1314 28.6418 0.365607
      vertex 17.7235 28.6816 0.22699
      vertex 17.7765 28.8097 0.365607
    endloop
  endfacet
  facet normal 0.427656 0.713325 -0.555228
    outer loop
      vertex 18.6017 28.3686 0.365607
      vertex 18.3256 28.661 0.528604
      vertex 18.6622 28.4592 0.528604
    endloop
  endfacet
  facet normal 0.427501 0.713279 -0.555407
    outer loop
      vertex 18.3256 28.661 0.528604
      vertex 18.6017 28.3686 0.365607
      vertex 18.265 28.5704 0.365607
    endloop
  endfacet
  facet normal 0.643834 -0.528262 -0.553549
    outer loop
      vertex 19.7753 -33.4275 0.528604
      vertex 19.6656 -33.5612 0.528604
      vertex 19.6848 -33.367 0.365607
    endloop
  endfacet
  facet normal 0.6163 -0.558654 -0.55505
    outer loop
      vertex 19.6656 -33.5612 0.528604
      vertex 19.325 -33.775 0.365607
      vertex 19.5886 -33.4842 0.365607
    endloop
  endfacet
  facet normal 0.6163 -0.558654 -0.55505
    outer loop
      vertex 19.325 -33.775 0.365607
      vertex 19.6656 -33.5612 0.528604
      vertex 19.402 -33.852 0.528604
    endloop
  endfacet
  facet normal 0.524261 -0.475224 -0.70662
    outer loop
      vertex 19.227 -33.677 0.22699
      vertex 19.5886 -33.4842 0.365607
      vertex 19.325 -33.775 0.365607
    endloop
  endfacet
  facet normal 0.524218 -0.475022 -0.706789
    outer loop
      vertex 19.5886 -33.4842 0.365607
      vertex 19.227 -33.677 0.22699
      vertex 19.4906 -33.3861 0.22699
    endloop
  endfacet
  facet normal 0.346359 -0.163762 -0.923698
    outer loop
      vertex 19.9132 -32.466 0.118079
      vertex 19.9137 -32.0418 0.0430603
      vertex 20.081 -32.1111 0.118079
    endloop
  endfacet
  facet normal 0.346359 -0.163762 -0.923698
    outer loop
      vertex 19.9137 -32.0418 0.0430603
      vertex 19.9132 -32.466 0.118079
      vertex 19.7459 -32.3967 0.0430603
    endloop
  endfacet
  facet normal 0.446742 -0.331266 -0.831074
    outer loop
      vertex 19.5695 -33.29 0.22699
      vertex 19.6678 -32.8842 0.118079
      vertex 19.8033 -32.9747 0.22699
    endloop
  endfacet
  facet normal 0.446742 -0.331266 -0.831074
    outer loop
      vertex 19.6678 -32.8842 0.118079
      vertex 19.5695 -33.29 0.22699
      vertex 19.434 -33.1995 0.118079
    endloop
  endfacet
  facet normal 0.0474348 -0.18954 -0.980726
    outer loop
      vertex 16.7495 -34.4193 0.00481606
      vertex 17.1678 -34.5125 0.0430603
      vertex 16.787 -34.6078 0.0430603
    endloop
  endfacet
  facet normal 0.0474592 -0.189439 -0.980745
    outer loop
      vertex 17.1678 -34.5125 0.0430603
      vertex 16.7495 -34.4193 0.00481606
      vertex 17.1303 -34.3239 0.00481606
    endloop
  endfacet
  facet normal 0.151663 -0.124181 -0.980601
    outer loop
      vertex 19.2473 -33.1428 0.0430603
      vertex 19.1113 -33.0069 0.00481606
      vertex 19.1235 -32.992 0.00481606
    endloop
  endfacet
  facet normal 0.382435 -0.0374528 -0.923223
    outer loop
      vertex 20.3931 -30.884 0.118079
      vertex 20.221 -30.7921 0.0430603
      vertex 20.4021 -30.7921 0.118079
    endloop
  endfacet
  facet normal 0.382636 -0.0188341 -0.923707
    outer loop
      vertex 20.4021 -30.7921 0.118079
      vertex 20.2403 -30.4 0.0430603
      vertex 20.4214 -30.4 0.118079
    endloop
  endfacet
  facet normal 0.382636 -0.0188341 -0.923707
    outer loop
      vertex 20.2403 -30.4 0.0430603
      vertex 20.4021 -30.7921 0.118079
      vertex 20.221 -30.7921 0.0430603
    endloop
  endfacet
  facet normal 0.382263 -0.0378211 -0.923279
    outer loop
      vertex 20.3931 -30.884 0.118079
      vertex 20.2154 -30.8487 0.0430603
      vertex 20.221 -30.7921 0.0430603
    endloop
  endfacet
  facet normal 0.639546 -0.302564 -0.706708
    outer loop
      vertex 20.1918 -32.5814 0.365607
      vertex 20.2316 -32.1735 0.22699
      vertex 20.3597 -32.2265 0.365607
    endloop
  endfacet
  facet normal 0.639821 -0.302513 -0.706481
    outer loop
      vertex 20.2316 -32.1735 0.22699
      vertex 20.1918 -32.5814 0.365607
      vertex 20.0638 -32.5284 0.22699
    endloop
  endfacet
  facet normal 0.307627 -0.22811 -0.92376
    outer loop
      vertex 19.434 -33.1995 0.118079
      vertex 19.5172 -32.7835 0.0430603
      vertex 19.6678 -32.8842 0.118079
    endloop
  endfacet
  facet normal 0.307627 -0.22811 -0.92376
    outer loop
      vertex 19.5172 -32.7835 0.0430603
      vertex 19.434 -33.1995 0.118079
      vertex 19.2834 -33.0988 0.0430603
    endloop
  endfacet
  facet normal 0.18954 -0.0474348 -0.980726
    outer loop
      vertex 20.0625 -31.6178 0.0430603
      vertex 19.9693 -31.1995 0.00481606
      vertex 20.1578 -31.237 0.0430603
    endloop
  endfacet
  facet normal 0.189413 -0.0474652 -0.98075
    outer loop
      vertex 19.9693 -31.1995 0.00481606
      vertex 20.0625 -31.6178 0.0430603
      vertex 19.8739 -31.5802 0.00481606
    endloop
  endfacet
  facet normal 0.742203 0.550356 0.382417
    outer loop
      vertex 19.7753 27.4275 3.4714
      vertex 20.0715 27.1539 3.29028
      vertex 19.8377 27.4692 3.29028
    endloop
  endfacet
  facet normal 0.742208 0.550595 0.382064
    outer loop
      vertex 20.0715 27.1539 3.29028
      vertex 19.7753 27.4275 3.4714
      vertex 20.0092 27.1122 3.4714
    endloop
  endfacet
  facet normal 0.547785 0.449742 0.705452
    outer loop
      vertex 19.6848 27.367 3.63439
      vertex 19.4906 27.3861 3.77301
      vertex 19.5695 27.29 3.77301
    endloop
  endfacet
  facet normal -0.183908 -0.0657809 0.98074
    outer loop
      vertex -20.0459 -31.6722 3.95694
      vertex -19.7361 -31.9682 3.99518
      vertex -19.8683 -31.5986 3.99518
    endloop
  endfacet
  facet normal -0.183908 -0.0657809 0.98074
    outer loop
      vertex -19.7361 -31.9682 3.99518
      vertex -20.0459 -31.6722 3.95694
      vertex -19.9137 -32.0418 3.95694
    endloop
  endfacet
  facet normal 0.0572003 0.187452 0.980607
    outer loop
      vertex 17.1678 28.5125 3.95694
      vertex 17.1303 28.3239 3.99518
      vertex 17.2222 28.4959 3.95694
    endloop
  endfacet
  facet normal -0.0378216 0.382269 0.923277
    outer loop
      vertex -16.3421 28.671 3.95694
      vertex -16.434 28.8431 3.88192
      vertex -16.3987 28.6654 3.95694
    endloop
  endfacet
  facet normal 0.412171 0.37349 0.831036
    outer loop
      vertex 19.1118 27.5618 3.88192
      vertex 19.4906 27.3861 3.77301
      vertex 19.227 27.677 3.77301
    endloop
  endfacet
  facet normal 0.412171 0.37349 0.831036
    outer loop
      vertex 19.4906 27.3861 3.77301
      vertex 19.1118 27.5618 3.88192
      vertex 19.3754 27.2709 3.88192
    endloop
  endfacet
  facet normal 0.476968 0.286011 0.831083
    outer loop
      vertex 19.6678 26.8842 3.88192
      vertex 20.0052 26.638 3.77301
      vertex 19.8033 26.9747 3.77301
    endloop
  endfacet
  facet normal 0.476861 0.285805 0.831216
    outer loop
      vertex 20.0052 26.638 3.77301
      vertex 19.6678 26.8842 3.88192
      vertex 19.8696 26.5475 3.88192
    endloop
  endfacet
  facet normal 0.568278 0.421388 0.706748
    outer loop
      vertex 19.6848 27.367 3.63439
      vertex 19.8033 26.9747 3.77301
      vertex 19.9186 27.0517 3.63439
    endloop
  endfacet
  facet normal 0.568278 0.421388 0.706748
    outer loop
      vertex 19.8033 26.9747 3.77301
      vertex 19.6848 27.367 3.63439
      vertex 19.5695 27.29 3.77301
    endloop
  endfacet
  facet normal 0.346364 0.163764 0.923695
    outer loop
      vertex 19.9132 26.466 3.88192
      vertex 19.9137 26.0418 3.95694
      vertex 20.081 26.1111 3.88192
    endloop
  endfacet
  facet normal 0.346364 0.163764 0.923695
    outer loop
      vertex 19.9137 26.0418 3.95694
      vertex 19.9132 26.466 3.88192
      vertex 19.7459 26.3967 3.95694
    endloop
  endfacet
  facet normal 0.0374534 0.382441 0.923221
    outer loop
      vertex 16.3421 28.8521 3.88192
      vertex 16.3421 28.671 3.95694
      vertex 16.434 28.8431 3.88192
    endloop
  endfacet
  facet normal 0.12912 0.360715 0.923695
    outer loop
      vertex 17.2915 28.6633 3.88192
      vertex 17.5918 28.3637 3.95694
      vertex 17.6611 28.531 3.88192
    endloop
  endfacet
  facet normal 0.128977 0.360589 0.923764
    outer loop
      vertex 17.5918 28.3637 3.95694
      vertex 17.2915 28.6633 3.88192
      vertex 17.2222 28.4959 3.95694
    endloop
  endfacet
  facet normal 0.163764 0.346364 0.923695
    outer loop
      vertex 17.5918 28.3637 3.95694
      vertex 18.016 28.3632 3.88192
      vertex 17.6611 28.531 3.88192
    endloop
  endfacet
  facet normal 0.163764 0.346364 0.923695
    outer loop
      vertex 18.016 28.3632 3.88192
      vertex 17.5918 28.3637 3.95694
      vertex 17.9467 28.1959 3.95694
    endloop
  endfacet
  facet normal 0.302567 0.639553 0.7067
    outer loop
      vertex 17.7235 28.6816 3.77301
      vertex 18.1314 28.6418 3.63439
      vertex 17.7765 28.8097 3.63439
    endloop
  endfacet
  facet normal 0.302516 0.639828 0.706473
    outer loop
      vertex 18.1314 28.6418 3.63439
      vertex 17.7235 28.6816 3.77301
      vertex 18.0784 28.5138 3.77301
    endloop
  endfacet
  facet normal 0.228113 0.307631 0.923757
    outer loop
      vertex 18.3335 27.9672 3.95694
      vertex 18.7495 27.884 3.88192
      vertex 18.4342 28.1178 3.88192
    endloop
  endfacet
  facet normal 0.228113 0.307631 0.923757
    outer loop
      vertex 18.7495 27.884 3.88192
      vertex 18.3335 27.9672 3.95694
      vertex 18.6488 27.7334 3.95694
    endloop
  endfacet
  facet normal 0.311424 0.870009 0.38223
    outer loop
      vertex 17.4773 29.1119 3.29028
      vertex 17.8182 28.9103 3.4714
      vertex 17.8469 28.9796 3.29028
    endloop
  endfacet
  facet normal 0.311158 0.869925 0.382636
    outer loop
      vertex 17.8182 28.9103 3.4714
      vertex 17.4773 29.1119 3.29028
      vertex 17.4486 29.0425 3.4714
    endloop
  endfacet
  facet normal 0.363806 0.607004 0.706535
    outer loop
      vertex 18.265 28.5704 3.63439
      vertex 18.5247 28.2534 3.77301
      vertex 18.6017 28.3686 3.63439
    endloop
  endfacet
  facet normal 0.363806 0.607004 0.706535
    outer loop
      vertex 18.5247 28.2534 3.77301
      vertex 18.265 28.5704 3.63439
      vertex 18.188 28.4552 3.77301
    endloop
  endfacet
  facet normal 0.714656 0.586511 0.381147
    outer loop
      vertex 19.7187 27.6142 3.29028
      vertex 19.6656 27.5612 3.4714
      vertex 19.8377 27.4692 3.29028
    endloop
  endfacet
  facet normal 0.0816102 0.550161 0.831061
    outer loop
      vertex 16.4658 29.0029 3.77301
      vertex 16.8223 28.7855 3.88192
      vertex 16.8541 28.9453 3.77301
    endloop
  endfacet
  facet normal 0.0816102 0.550161 0.831061
    outer loop
      vertex 16.8223 28.7855 3.88192
      vertex 16.4658 29.0029 3.77301
      vertex 16.434 28.8431 3.88192
    endloop
  endfacet
  facet normal -0 0.555559 0.831477
    outer loop
      vertex -15.95 29.0344 3.77301
      vertex 15.95 28.8714 3.88192
      vertex 15.95 29.0344 3.77301
    endloop
  endfacet
  facet normal 0 0.555559 0.831477
    outer loop
      vertex 15.95 28.8714 3.88192
      vertex -15.95 29.0344 3.77301
      vertex -15.95 28.8714 3.88192
    endloop
  endfacet
  facet normal 0.0692214 0.70531 0.705512
    outer loop
      vertex 16.4929 29.1389 3.63439
      vertex 16.3421 29.1537 3.63439
      vertex 16.4658 29.0029 3.77301
    endloop
  endfacet
  facet normal 0.241801 0.796845 0.553688
    outer loop
      vertex 17.4486 29.0425 3.4714
      vertex 17.2619 28.9859 3.63439
      vertex 17.4069 28.9419 3.63439
    endloop
  endfacet
  facet normal 0.28452 0.93881 0.194125
    outer loop
      vertex 17.492 29.1472 3.09802
      vertex 17.2978 29.1663 3.29028
      vertex 17.4773 29.1119 3.29028
    endloop
  endfacet
  facet normal 0.0962669 0.976272 0.193975
    outer loop
      vertex 16.3421 29.3759 3.09802
      vertex 16.3421 29.3377 3.29028
      vertex 16.5287 29.3193 3.29028
    endloop
  endfacet
  facet normal 0.0909317 0.920015 0.381188
    outer loop
      vertex 16.5287 29.3193 3.29028
      vertex 16.3421 29.2627 3.4714
      vertex 16.5141 29.2457 3.4714
    endloop
  endfacet
  facet normal 0.103799 0.699745 0.706812
    outer loop
      vertex 16.4929 29.1389 3.63439
      vertex 16.8541 28.9453 3.77301
      vertex 16.8812 29.0813 3.63439
    endloop
  endfacet
  facet normal 0.103799 0.699745 0.706812
    outer loop
      vertex 16.8541 28.9453 3.77301
      vertex 16.4929 29.1389 3.63439
      vertex 16.4658 29.0029 3.77301
    endloop
  endfacet
  facet normal -0.161796 0.533344 -0.830281
    outer loop
      vertex -17.2031 28.6901 0.118079
      vertex -17.3539 28.8139 0.22699
      vertex -17.2349 28.85 0.22699
    endloop
  endfacet
  facet normal -0.163762 0.346359 -0.923698
    outer loop
      vertex -18.016 28.3632 0.118079
      vertex -17.5918 28.3637 0.0430603
      vertex -17.9467 28.1959 0.0430603
    endloop
  endfacet
  facet normal -0.163762 0.346359 -0.923698
    outer loop
      vertex -17.5918 28.3637 0.0430603
      vertex -18.016 28.3632 0.118079
      vertex -17.6611 28.531 0.118079
    endloop
  endfacet
  facet normal -0.262895 0.49142 -0.830297
    outer loop
      vertex -18.0975 28.3196 0.118079
      vertex -18.188 28.4552 0.22699
      vertex -18.016 28.3632 0.118079
    endloop
  endfacet
  facet normal -0.103798 0.699737 -0.706819
    outer loop
      vertex -16.8541 28.9453 0.22699
      vertex -16.4929 29.1389 0.365607
      vertex -16.4658 29.0029 0.22699
    endloop
  endfacet
  facet normal -0.103798 0.699737 -0.706819
    outer loop
      vertex -16.4929 29.1389 0.365607
      vertex -16.8541 28.9453 0.22699
      vertex -16.8812 29.0813 0.365607
    endloop
  endfacet
  facet normal 0.938771 -0.284598 -0.194201
    outer loop
      vertex 20.7538 -31.7553 0.901983
      vertex 20.6972 -31.942 0.901983
      vertex 20.7163 -31.7478 0.709716
    endloop
  endfacet
  facet normal 0.796855 -0.241804 -0.553672
    outer loop
      vertex 20.5925 -31.8986 0.528604
      vertex 20.4919 -31.8569 0.365607
      vertex 20.5359 -31.7119 0.365607
    endloop
  endfacet
  facet normal 0.806889 -0.202199 0.555018
    outer loop
      vertex 20.5359 -31.7119 3.63439
      vertex 20.7381 -31.3524 3.4714
      vertex 20.6313 -31.3312 3.63439
    endloop
  endfacet
  facet normal 0.806846 -0.202135 0.555105
    outer loop
      vertex 20.7381 -31.3524 3.4714
      vertex 20.5359 -31.7119 3.63439
      vertex 20.6427 -31.7332 3.4714
    endloop
  endfacet
  facet normal 0.828724 -0.0814269 0.553703
    outer loop
      vertex 20.8126 -30.7921 3.4714
      vertex 20.7037 -30.7921 3.63439
      vertex 20.7957 -30.9641 3.4714
    endloop
  endfacet
  facet normal 0.828775 -0.0813387 0.553639
    outer loop
      vertex 20.7037 -30.7921 3.63439
      vertex 20.6889 -30.9429 3.63439
      vertex 20.7957 -30.9641 3.4714
    endloop
  endfacet
  facet normal 0.714695 -0.586403 0.381239
    outer loop
      vertex 19.7753 -33.4275 3.4714
      vertex 19.6656 -33.5612 3.4714
      vertex 19.8377 -33.4692 3.29028
    endloop
  endfacet
  facet normal 0.643826 -0.528255 0.553566
    outer loop
      vertex 19.6848 -33.367 3.63439
      vertex 19.6656 -33.5612 3.4714
      vertex 19.7753 -33.4275 3.4714
    endloop
  endfacet
  facet normal 0.713269 -0.427495 0.555423
    outer loop
      vertex 19.9186 -33.0517 3.63439
      vertex 20.211 -32.7756 3.4714
      vertex 20.1204 -32.715 3.63439
    endloop
  endfacet
  facet normal 0.713316 -0.42765 0.555244
    outer loop
      vertex 20.211 -32.7756 3.4714
      vertex 19.9186 -33.0517 3.63439
      vertex 20.0092 -33.1122 3.4714
    endloop
  endfacet
  facet normal 0.668067 -0.495382 0.555233
    outer loop
      vertex 19.6848 -33.367 3.63439
      vertex 20.0092 -33.1122 3.4714
      vertex 19.9186 -33.0517 3.63439
    endloop
  endfacet
  facet normal 0.668119 -0.495633 0.554946
    outer loop
      vertex 20.0092 -33.1122 3.4714
      vertex 19.6848 -33.367 3.63439
      vertex 19.7753 -33.4275 3.4714
    endloop
  endfacet
  facet normal 0.976277 0.0962158 0.193976
    outer loop
      vertex 20.9259 24.7921 3.09802
      vertex 20.8693 24.9788 3.29028
      vertex 20.8877 24.7921 3.29028
    endloop
  endfacet
  facet normal 0.976263 0.0960671 0.194116
    outer loop
      vertex 20.9068 24.9862 3.09802
      vertex 20.8693 24.9788 3.29028
      vertex 20.9259 24.7921 3.09802
    endloop
  endfacet
  facet normal 0.822823 0.122057 0.555035
    outer loop
      vertex 20.6313 25.3312 3.63439
      vertex 20.7957 24.9641 3.4714
      vertex 20.7381 25.3524 3.4714
    endloop
  endfacet
  facet normal 0.822823 0.122057 0.555035
    outer loop
      vertex 20.7957 24.9641 3.4714
      vertex 20.6313 25.3312 3.63439
      vertex 20.6889 24.9429 3.63439
    endloop
  endfacet
  facet normal 0.524223 -0.475027 0.706781
    outer loop
      vertex 19.227 -33.677 3.77301
      vertex 19.5886 -33.4842 3.63439
      vertex 19.4906 -33.3861 3.77301
    endloop
  endfacet
  facet normal 0.524267 -0.475229 0.706613
    outer loop
      vertex 19.5886 -33.4842 3.63439
      vertex 19.227 -33.677 3.77301
      vertex 19.325 -33.775 3.63439
    endloop
  endfacet
  facet normal 0.547806 -0.44965 0.705495
    outer loop
      vertex 19.6848 -33.367 3.63439
      vertex 19.4906 -33.3861 3.77301
      vertex 19.5886 -33.4842 3.63439
    endloop
  endfacet
  facet normal 0.151647 -0.124167 0.980605
    outer loop
      vertex 19.1235 -32.992 3.99518
      vertex 19.1113 -33.0069 3.99518
      vertex 19.2473 -33.1428 3.95694
    endloop
  endfacet
  facet normal -0.0474298 0.18952 0.980731
    outer loop
      vertex -17.1678 28.5125 3.95694
      vertex -16.7495 28.4193 3.99518
      vertex -16.787 28.6078 3.95694
    endloop
  endfacet
  facet normal -0.0474541 0.189418 0.980749
    outer loop
      vertex -16.7495 28.4193 3.99518
      vertex -17.1678 28.5125 3.95694
      vertex -17.1303 28.3239 3.99518
    endloop
  endfacet
  facet normal -0.0286669 -0.193253 0.98073
    outer loop
      vertex -16.7495 -34.4193 3.99518
      vertex -16.3987 -34.6654 3.95694
      vertex -16.3612 -34.4769 3.99518
    endloop
  endfacet
  facet normal -0.0286669 -0.193253 0.98073
    outer loop
      vertex -16.3987 -34.6654 3.95694
      vertex -16.7495 -34.4193 3.99518
      vertex -16.787 -34.6078 3.95694
    endloop
  endfacet
  facet normal -0.475027 -0.524223 0.706781
    outer loop
      vertex -19.227 -33.677 3.77301
      vertex -19.0342 -34.0386 3.63439
      vertex -18.9361 -33.9406 3.77301
    endloop
  endfacet
  facet normal -0.475229 -0.524267 0.706613
    outer loop
      vertex -19.0342 -34.0386 3.63439
      vertex -19.227 -33.677 3.77301
      vertex -19.325 -33.775 3.63439
    endloop
  endfacet
  facet normal 0.0194047 -0.195068 0.980598
    outer loop
      vertex 16.3612 -34.4769 3.99518
      vertex 16.3421 -34.4788 3.99518
      vertex 16.3987 -34.6654 3.95694
    endloop
  endfacet
  facet normal 0.0543467 0.55494 0.830113
    outer loop
      vertex 16.4658 29.0029 3.77301
      vertex 16.3421 28.8521 3.88192
      vertex 16.434 28.8431 3.88192
    endloop
  endfacet
  facet normal -0.172738 -0.0925628 0.980609
    outer loop
      vertex -19.5592 -32.34 3.99518
      vertex -19.7459 -32.3967 3.95694
      vertex -19.719 -32.4469 3.95694
    endloop
  endfacet
  facet normal 0.11636 0.156921 0.980732
    outer loop
      vertex 18.2267 27.8074 3.99518
      vertex 18.6488 27.7334 3.95694
      vertex 18.3335 27.9672 3.95694
    endloop
  endfacet
  facet normal 0.116346 0.156836 0.980748
    outer loop
      vertex 18.6488 27.7334 3.95694
      vertex 18.2267 27.8074 3.99518
      vertex 18.542 27.5735 3.99518
    endloop
  endfacet
  facet normal -0.0834846 0.176571 0.980741
    outer loop
      vertex -17.9467 28.1959 3.95694
      vertex -17.5182 28.1861 3.99518
      vertex -17.5918 28.3637 3.95694
    endloop
  endfacet
  facet normal -0.0834883 0.176474 0.980758
    outer loop
      vertex -17.5182 28.1861 3.99518
      vertex -17.9467 28.1959 3.95694
      vertex -17.8731 28.0182 3.99518
    endloop
  endfacet
  facet normal -0.346364 -0.163764 0.923695
    outer loop
      vertex -19.9137 -32.0418 3.95694
      vertex -19.9132 -32.466 3.88192
      vertex -19.7459 -32.3967 3.95694
    endloop
  endfacet
  facet normal -0.346364 -0.163764 0.923695
    outer loop
      vertex -19.9132 -32.466 3.88192
      vertex -19.9137 -32.0418 3.95694
      vertex -20.081 -32.1111 3.88192
    endloop
  endfacet
  facet normal -0.49153 -0.262807 0.830259
    outer loop
      vertex -19.9132 -32.466 3.88192
      vertex -20.0638 -32.5284 3.77301
      vertex -20.0052 -32.638 3.77301
    endloop
  endfacet
  facet normal -0.6252 -0.334277 0.705254
    outer loop
      vertex -20.0638 -32.5284 3.77301
      vertex -20.1204 -32.715 3.63439
      vertex -20.0052 -32.638 3.77301
    endloop
  endfacet
  facet normal -0.360715 0.12912 0.923695
    outer loop
      vertex -20.2133 25.7415 3.88192
      vertex -19.9137 26.0418 3.95694
      vertex -20.081 26.1111 3.88192
    endloop
  endfacet
  facet normal -0.360589 0.128977 0.923764
    outer loop
      vertex -19.9137 26.0418 3.95694
      vertex -20.2133 25.7415 3.88192
      vertex -20.0459 25.6722 3.95694
    endloop
  endfacet
  facet normal -0.163764 -0.346364 0.923695
    outer loop
      vertex -18.016 -34.3632 3.88192
      vertex -17.5918 -34.3637 3.95694
      vertex -17.9467 -34.1959 3.95694
    endloop
  endfacet
  facet normal -0.163764 -0.346364 0.923695
    outer loop
      vertex -17.5918 -34.3637 3.95694
      vertex -18.016 -34.3632 3.88192
      vertex -17.6611 -34.531 3.88192
    endloop
  endfacet
  facet normal 0.0095997 0.195028 0.980751
    outer loop
      vertex 15.95 28.498 3.99518
      vertex 16.3421 28.671 3.95694
      vertex 15.95 28.6903 3.95694
    endloop
  endfacet
  facet normal 0.00955474 0.195126 0.980732
    outer loop
      vertex 16.3421 28.671 3.95694
      vertex 15.95 28.498 3.99518
      vertex 16.3421 28.4788 3.99518
    endloop
  endfacet
  facet normal -0.019303 -0.195098 0.980594
    outer loop
      vertex -16.3421 -34.4788 3.99518
      vertex -16.3987 -34.6654 3.95694
      vertex -16.3421 -34.671 3.95694
    endloop
  endfacet
  facet normal -0.0378216 -0.382269 0.923277
    outer loop
      vertex -16.3987 -34.6654 3.95694
      vertex -16.434 -34.8431 3.88192
      vertex -16.3421 -34.671 3.95694
    endloop
  endfacet
  facet normal -0.187375 -0.523459 0.831192
    outer loop
      vertex -17.6611 -34.531 3.88192
      vertex -17.3539 -34.8139 3.77301
      vertex -17.2915 -34.6633 3.88192
    endloop
  endfacet
  facet normal -0.187375 -0.523459 0.831192
    outer loop
      vertex -17.3539 -34.8139 3.77301
      vertex -17.6611 -34.531 3.88192
      vertex -17.7235 -34.6816 3.77301
    endloop
  endfacet
  facet normal -0.55494 -0.0543467 0.830113
    outer loop
      vertex -20.4021 -30.7921 3.88192
      vertex -20.5529 -30.9158 3.77301
      vertex -20.3931 -30.884 3.88192
    endloop
  endfacet
  facet normal -0.554727 -0.0547104 0.830232
    outer loop
      vertex -20.4021 -30.7921 3.88192
      vertex -20.5651 -30.7921 3.77301
      vertex -20.5529 -30.9158 3.77301
    endloop
  endfacet
  facet normal -0.70673 -0.0347868 0.706628
    outer loop
      vertex -20.5844 -30.4 3.77301
      vertex -20.7037 -30.7921 3.63439
      vertex -20.5651 -30.7921 3.77301
    endloop
  endfacet
  facet normal -0.70673 -0.0347868 0.706628
    outer loop
      vertex -20.7037 -30.7921 3.63439
      vertex -20.5844 -30.4 3.77301
      vertex -20.723 -30.4 3.63439
    endloop
  endfacet
  facet normal -0.367657 -0.112189 0.923169
    outer loop
      vertex -20.0625 -31.6178 3.95694
      vertex -20.2401 -31.6531 3.88192
      vertex -20.0459 -31.6722 3.95694
    endloop
  endfacet
  facet normal -0.686516 -0.171809 -0.706525
    outer loop
      vertex -20.5359 -31.7119 0.365607
      vertex -20.4953 -31.3041 0.22699
      vertex -20.4 -31.6849 0.22699
    endloop
  endfacet
  facet normal -0.686168 -0.171947 -0.70683
    outer loop
      vertex -20.4953 -31.3041 0.22699
      vertex -20.5359 -31.7119 0.365607
      vertex -20.6313 -31.3312 0.365607
    endloop
  endfacet
  facet normal -0.550164 -0.0816108 -0.831059
    outer loop
      vertex -20.5529 -30.9158 0.22699
      vertex -20.3355 -31.2723 0.118079
      vertex -20.4953 -31.3041 0.22699
    endloop
  endfacet
  facet normal -0.550164 -0.0816108 -0.831059
    outer loop
      vertex -20.3355 -31.2723 0.118079
      vertex -20.5529 -30.9158 0.22699
      vertex -20.3931 -30.884 0.118079
    endloop
  endfacet
  facet normal -0.382636 -0.0188341 -0.923707
    outer loop
      vertex -20.4021 -30.7921 0.118079
      vertex -20.2403 -30.4 0.0430603
      vertex -20.221 -30.7921 0.0430603
    endloop
  endfacet
  facet normal -0.382636 -0.0188341 -0.923707
    outer loop
      vertex -20.2403 -30.4 0.0430603
      vertex -20.4021 -30.7921 0.118079
      vertex -20.4214 -30.4 0.118079
    endloop
  endfacet
  facet normal -0.195285 -0.0184038 -0.980574
    outer loop
      vertex -20.0269 -30.8112 0.00481606
      vertex -20.2154 -30.8487 0.0430603
      vertex -20.0287 -30.7921 0.00481606
    endloop
  endfacet
  facet normal -0.193273 -0.0286699 -0.980726
    outer loop
      vertex -20.2154 -30.8487 0.0430603
      vertex -19.9693 -31.1995 0.00481606
      vertex -20.1578 -31.237 0.0430603
    endloop
  endfacet
  facet normal -0.193273 -0.0286699 -0.980726
    outer loop
      vertex -19.9693 -31.1995 0.00481606
      vertex -20.2154 -30.8487 0.0430603
      vertex -20.0269 -30.8112 0.00481606
    endloop
  endfacet
  facet normal -0.980731 0 -0.195364
    outer loop
      vertex -20.9069 -30.4 0.709716
      vertex -20.9452 24.4 0.901983
      vertex -20.9069 24.4 0.709716
    endloop
  endfacet
  facet normal -0.980731 -0 -0.195364
    outer loop
      vertex -20.9452 24.4 0.901983
      vertex -20.9069 -30.4 0.709716
      vertex -20.9452 -30.4 0.901983
    endloop
  endfacet
  facet normal -0.919929 -0.0906626 -0.381458
    outer loop
      vertex -20.8693 -30.9788 0.709716
      vertex -20.8877 -30.7921 0.709716
      vertex -20.8126 -30.7921 0.528604
    endloop
  endfacet
  facet normal -0.92296 -0.0454301 -0.382205
    outer loop
      vertex -20.8126 -30.7921 0.528604
      vertex -20.9069 -30.4 0.709716
      vertex -20.8319 -30.4 0.528604
    endloop
  endfacet
  facet normal -0.92279 -0.0451863 -0.382645
    outer loop
      vertex -20.9069 -30.4 0.709716
      vertex -20.8126 -30.7921 0.528604
      vertex -20.8877 -30.7921 0.709716
    endloop
  endfacet
  facet normal -0.864975 -0.462819 -0.193953
    outer loop
      vertex -20.2733 -32.8172 0.709716
      vertex -20.3971 -32.6664 0.901983
      vertex -20.3618 -32.6518 0.709716
    endloop
  endfacet
  facet normal -0.92346 -0.330557 -0.194819
    outer loop
      vertex -20.5296 -32.2969 0.709716
      vertex -20.6972 -31.942 0.901983
      vertex -20.6619 -31.9273 0.709716
    endloop
  endfacet
  facet normal -0.92346 -0.330557 -0.194819
    outer loop
      vertex -20.6972 -31.942 0.901983
      vertex -20.5296 -32.2969 0.709716
      vertex -20.5649 -32.3116 0.901983
    endloop
  endfacet
  facet normal -0.995193 -0.0979299 0
    outer loop
      vertex -20.9068 -30.9862 0.901983
      vertex -20.9259 -30.7921 3.09802
      vertex -20.9259 -30.7921 0.901983
    endloop
  endfacet
  facet normal -0.995193 -0.0979299 0
    outer loop
      vertex -20.9259 -30.7921 3.09802
      vertex -20.9068 -30.9862 0.901983
      vertex -20.9068 -30.9862 3.09802
    endloop
  endfacet
  facet normal -0.970226 -0.143959 -0.194775
    outer loop
      vertex -20.8117 -31.367 0.709716
      vertex -20.9068 -30.9862 0.901983
      vertex -20.8693 -30.9788 0.709716
    endloop
  endfacet
  facet normal -0.970217 -0.143921 -0.194847
    outer loop
      vertex -20.9068 -30.9862 0.901983
      vertex -20.8117 -31.367 0.709716
      vertex -20.8492 -31.3745 0.901983
    endloop
  endfacet
  facet normal -0.976263 -0.0960671 0.194116
    outer loop
      vertex -20.8693 -30.9788 3.29028
      vertex -20.9259 -30.7921 3.09802
      vertex -20.9068 -30.9862 3.09802
    endloop
  endfacet
  facet normal -0.976278 -0.0962159 -0.193969
    outer loop
      vertex -20.8693 -30.9788 0.709716
      vertex -20.9259 -30.7921 0.901983
      vertex -20.8877 -30.7921 0.709716
    endloop
  endfacet
  facet normal -0.989176 -0.146733 0
    outer loop
      vertex -20.8492 -31.3745 0.901983
      vertex -20.9068 -30.9862 3.09802
      vertex -20.9068 -30.9862 0.901983
    endloop
  endfacet
  facet normal -0.989176 -0.146733 0
    outer loop
      vertex -20.9068 -30.9862 3.09802
      vertex -20.8492 -31.3745 0.901983
      vertex -20.8492 -31.3745 3.09802
    endloop
  endfacet
  facet normal -0.734228 -0.392391 0.554021
    outer loop
      vertex -20.1204 -32.715 3.63439
      vertex -20.2925 -32.6231 3.4714
      vertex -20.211 -32.7756 3.4714
    endloop
  endfacet
  facet normal -0.751894 -0.355714 0.555088
    outer loop
      vertex -20.4603 -32.2682 3.4714
      vertex -20.1918 -32.5814 3.63439
      vertex -20.3597 -32.2265 3.63439
    endloop
  endfacet
  facet normal -0.751781 -0.355449 0.555412
    outer loop
      vertex -20.1918 -32.5814 3.63439
      vertex -20.4603 -32.2682 3.4714
      vertex -20.2925 -32.6231 3.4714
    endloop
  endfacet
  facet normal 0.0925628 -0.172738 0.980609
    outer loop
      vertex 17.9969 -34.169 3.95694
      vertex 17.89 -34.0092 3.99518
      vertex 17.9467 -34.1959 3.95694
    endloop
  endfacet
  facet normal 0.285805 -0.476861 0.831216
    outer loop
      vertex 18.4342 -34.1178 3.88192
      vertex 18.188 -34.4552 3.77301
      vertex 18.5247 -34.2534 3.77301
    endloop
  endfacet
  facet normal 0.285805 -0.476861 0.831216
    outer loop
      vertex 18.188 -34.4552 3.77301
      vertex 18.4342 -34.1178 3.88192
      vertex 18.0975 -34.3196 3.88192
    endloop
  endfacet
  facet normal 0.161795 -0.53334 0.830283
    outer loop
      vertex 17.3539 -34.8139 3.77301
      vertex 17.2031 -34.6901 3.88192
      vertex 17.2349 -34.85 3.77301
    endloop
  endfacet
  facet normal 0.205878 -0.678461 0.705198
    outer loop
      vertex 17.3539 -34.8139 3.77301
      vertex 17.2619 -34.9859 3.63439
      vertex 17.4069 -34.9419 3.63439
    endloop
  endfacet
  facet normal 0.111452 -0.367624 0.923272
    outer loop
      vertex 17.2222 -34.4959 3.95694
      vertex 17.2031 -34.6901 3.88192
      vertex 17.2915 -34.6633 3.88192
    endloop
  endfacet
  facet normal 0.0543467 -0.55494 0.830113
    outer loop
      vertex 16.434 -34.8431 3.88192
      vertex 16.3421 -34.8521 3.88192
      vertex 16.4658 -35.0029 3.77301
    endloop
  endfacet
  facet normal 0.0547104 -0.554727 0.830232
    outer loop
      vertex 16.3421 -34.8521 3.88192
      vertex 16.3421 -35.0151 3.77301
      vertex 16.4658 -35.0029 3.77301
    endloop
  endfacet
  facet normal 0.131094 -0.144671 0.980757
    outer loop
      vertex 18.8477 -33.2977 3.99518
      vertex 18.6928 -33.6973 3.95694
      vertex 18.9837 -33.4337 3.95694
    endloop
  endfacet
  facet normal 0.131162 -0.144696 0.980744
    outer loop
      vertex 18.6928 -33.6973 3.95694
      vertex 18.8477 -33.2977 3.99518
      vertex 18.5569 -33.5613 3.99518
    endloop
  endfacet
  facet normal 0.228113 -0.307631 0.923757
    outer loop
      vertex 18.3335 -33.9672 3.95694
      vertex 18.7495 -33.884 3.88192
      vertex 18.6488 -33.7334 3.95694
    endloop
  endfacet
  facet normal 0.228113 -0.307631 0.923757
    outer loop
      vertex 18.7495 -33.884 3.88192
      vertex 18.3335 -33.9672 3.95694
      vertex 18.4342 -34.1178 3.88192
    endloop
  endfacet
  facet normal 0.353755 -0.431026 0.830105
    outer loop
      vertex 18.8209 -33.8254 3.88192
      vertex 18.7495 -33.884 3.88192
      vertex 18.9361 -33.9406 3.77301
    endloop
  endfacet
  facet normal 0.37349 -0.412171 0.831036
    outer loop
      vertex 19.1118 -33.5618 3.88192
      vertex 18.9361 -33.9406 3.77301
      vertex 19.227 -33.677 3.77301
    endloop
  endfacet
  facet normal 0.37349 -0.412171 0.831036
    outer loop
      vertex 18.9361 -33.9406 3.77301
      vertex 19.1118 -33.5618 3.88192
      vertex 18.8209 -33.8254 3.88192
    endloop
  endfacet
  facet normal -0.668075 -0.495389 -0.555217
    outer loop
      vertex -19.6848 -33.367 0.365607
      vertex -20.0092 -33.1122 0.528604
      vertex -19.9186 -33.0517 0.365607
    endloop
  endfacet
  facet normal -0.668128 -0.49564 -0.554929
    outer loop
      vertex -20.0092 -33.1122 0.528604
      vertex -19.6848 -33.367 0.365607
      vertex -19.7753 -33.4275 0.528604
    endloop
  endfacet
  facet normal -0.047973 -0.979698 0.194655
    outer loop
      vertex -16.3421 -35.3759 3.09802
      vertex -15.95 -35.3569 3.29028
      vertex -16.3421 -35.3377 3.29028
    endloop
  endfacet
  facet normal -0.0482175 -0.979589 0.195143
    outer loop
      vertex -15.95 -35.3569 3.29028
      vertex -16.3421 -35.3759 3.09802
      vertex -15.95 -35.3952 3.09802
    endloop
  endfacet
  facet normal -0.241801 -0.796845 0.553688
    outer loop
      vertex -17.4069 -34.9419 3.63439
      vertex -17.4486 -35.0425 3.4714
      vertex -17.2619 -34.9859 3.63439
    endloop
  endfacet
  facet normal -0.205878 -0.678461 0.705198
    outer loop
      vertex -17.3539 -34.8139 3.77301
      vertex -17.4069 -34.9419 3.63439
      vertex -17.2619 -34.9859 3.63439
    endloop
  endfacet
  facet normal -0.363806 -0.607004 0.706535
    outer loop
      vertex -18.5247 -34.2534 3.77301
      vertex -18.265 -34.5704 3.63439
      vertex -18.188 -34.4552 3.77301
    endloop
  endfacet
  facet normal -0.363806 -0.607004 0.706535
    outer loop
      vertex -18.265 -34.5704 3.63439
      vertex -18.5247 -34.2534 3.77301
      vertex -18.6017 -34.3686 3.63439
    endloop
  endfacet
  facet normal -0.243666 -0.296989 0.923269
    outer loop
      vertex -18.6928 -33.6973 3.95694
      vertex -18.7495 -33.884 3.88192
      vertex -18.6488 -33.7334 3.95694
    endloop
  endfacet
  facet normal -0.328559 -0.196979 0.923714
    outer loop
      vertex -19.8696 -32.5475 3.88192
      vertex -19.5172 -32.7835 3.95694
      vertex -19.719 -32.4469 3.95694
    endloop
  endfacet
  facet normal -0.328507 -0.196889 0.923752
    outer loop
      vertex -19.5172 -32.7835 3.95694
      vertex -19.8696 -32.5475 3.88192
      vertex -19.6678 -32.8842 3.88192
    endloop
  endfacet
  facet normal -0.353802 -0.43093 0.830135
    outer loop
      vertex -18.7495 -33.884 3.88192
      vertex -18.9361 -33.9406 3.77301
      vertex -18.84 -34.0195 3.77301
    endloop
  endfacet
  facet normal -0.44965 -0.547806 0.705495
    outer loop
      vertex -18.9361 -33.9406 3.77301
      vertex -19.0342 -34.0386 3.63439
      vertex -18.917 -34.1348 3.63439
    endloop
  endfacet
  facet normal -0.524223 -0.475027 0.706781
    outer loop
      vertex -19.5886 -33.4842 3.63439
      vertex -19.227 -33.677 3.77301
      vertex -19.4906 -33.3861 3.77301
    endloop
  endfacet
  facet normal -0.524267 -0.475229 0.706613
    outer loop
      vertex -19.227 -33.677 3.77301
      vertex -19.5886 -33.4842 3.63439
      vertex -19.325 -33.775 3.63439
    endloop
  endfacet
  facet normal -0.43093 -0.353802 0.830135
    outer loop
      vertex -19.434 -33.1995 3.88192
      vertex -19.5695 -33.29 3.77301
      vertex -19.4906 -33.3861 3.77301
    endloop
  endfacet
  facet normal -0.446739 -0.331264 0.831077
    outer loop
      vertex -19.6678 -32.8842 3.88192
      vertex -19.5695 -33.29 3.77301
      vertex -19.434 -33.1995 3.88192
    endloop
  endfacet
  facet normal -0.446739 -0.331264 0.831077
    outer loop
      vertex -19.5695 -33.29 3.77301
      vertex -19.6678 -32.8842 3.88192
      vertex -19.8033 -32.9747 3.77301
    endloop
  endfacet
  facet normal -0.284598 -0.938771 -0.194201
    outer loop
      vertex -17.3053 -35.2038 0.901983
      vertex -17.492 -35.1472 0.901983
      vertex -17.2978 -35.1663 0.709716
    endloop
  endfacet
  facet normal -0.238356 -0.951427 -0.194865
    outer loop
      vertex -17.2978 -35.1663 0.709716
      vertex -16.9245 -35.2992 0.901983
      vertex -17.3053 -35.2038 0.901983
    endloop
  endfacet
  facet normal -0.238356 -0.951427 -0.194865
    outer loop
      vertex -16.9245 -35.2992 0.901983
      vertex -17.2978 -35.1663 0.709716
      vertex -16.917 -35.2617 0.709716
    endloop
  endfacet
  facet normal -0.884669 0.268503 0.381138
    outer loop
      vertex -20.5925 25.8986 3.4714
      vertex -20.7163 25.7478 3.29028
      vertex -20.6427 25.7332 3.4714
    endloop
  endfacet
  facet normal -0.93881 0.28452 0.194125
    outer loop
      vertex -20.6972 25.942 3.09802
      vertex -20.7163 25.7478 3.29028
      vertex -20.6619 25.9273 3.29028
    endloop
  endfacet
  facet normal -0.998791 0.0491626 0
    outer loop
      vertex -20.9452 24.4 0.901983
      vertex -20.9259 24.7921 3.09802
      vertex -20.9259 24.7921 0.901983
    endloop
  endfacet
  facet normal -0.998791 0.0491626 0
    outer loop
      vertex -20.9259 24.7921 3.09802
      vertex -20.9452 24.4 0.901983
      vertex -20.9452 24.4 3.09802
    endloop
  endfacet
  facet normal -0.970023 0.243015 0
    outer loop
      vertex -20.8492 25.3745 0.901983
      vertex -20.7538 25.7553 3.09802
      vertex -20.7538 25.7553 0.901983
    endloop
  endfacet
  facet normal -0.970023 0.243015 0
    outer loop
      vertex -20.7538 25.7553 3.09802
      vertex -20.8492 25.3745 0.901983
      vertex -20.8492 25.3745 3.09802
    endloop
  endfacet
  facet normal -0.554731 0.0547107 -0.830229
    outer loop
      vertex -20.4021 24.7921 0.118079
      vertex -20.5651 24.7921 0.22699
      vertex -20.5529 24.9158 0.22699
    endloop
  endfacet
  facet normal -0.68464 0.620389 0.382603
    outer loop
      vertex -19.7187 27.6142 3.29028
      vertex -19.402 27.852 3.4714
      vertex -19.4551 27.9051 3.29028
    endloop
  endfacet
  facet normal -0.684623 0.620587 0.382313
    outer loop
      vertex -19.402 27.852 3.4714
      vertex -19.7187 27.6142 3.29028
      vertex -19.6656 27.5612 3.4714
    endloop
  endfacet
  facet normal -0.475027 0.524223 0.706781
    outer loop
      vertex -19.0342 28.0386 3.63439
      vertex -19.227 27.677 3.77301
      vertex -18.9361 27.9406 3.77301
    endloop
  endfacet
  facet normal -0.475229 0.524267 0.706613
    outer loop
      vertex -19.227 27.677 3.77301
      vertex -19.0342 28.0386 3.63439
      vertex -19.325 27.775 3.63439
    endloop
  endfacet
  facet normal -0.622439 0.758189 0.194212
    outer loop
      vertex -19.0405 28.3195 3.09802
      vertex -19.1913 28.1957 3.09802
      vertex -19.1642 28.1687 3.29028
    endloop
  endfacet
  facet normal -0.495382 0.668067 0.555233
    outer loop
      vertex -18.6622 28.4592 3.4714
      vertex -18.917 28.1348 3.63439
      vertex -18.6017 28.3686 3.63439
    endloop
  endfacet
  facet normal -0.495633 0.668119 0.554946
    outer loop
      vertex -18.917 28.1348 3.63439
      vertex -18.6622 28.4592 3.4714
      vertex -18.9775 28.2253 3.4714
    endloop
  endfacet
  facet normal -0.0491626 0.998791 0
    outer loop
      vertex -15.95 29.3952 0.901983
      vertex -16.3421 29.3759 3.09802
      vertex -15.95 29.3952 3.09802
    endloop
  endfacet
  facet normal -0.0491626 0.998791 0
    outer loop
      vertex -16.3421 29.3759 3.09802
      vertex -15.95 29.3952 0.901983
      vertex -16.3421 29.3759 0.901983
    endloop
  endfacet
  facet normal -0.0979299 0.995193 0
    outer loop
      vertex -16.3421 29.3759 0.901983
      vertex -16.5362 29.3568 3.09802
      vertex -16.3421 29.3759 3.09802
    endloop
  endfacet
  facet normal -0.0979299 0.995193 0
    outer loop
      vertex -16.5362 29.3568 3.09802
      vertex -16.3421 29.3759 0.901983
      vertex -16.5362 29.3568 0.901983
    endloop
  endfacet
  facet normal -0.202202 0.8069 -0.555002
    outer loop
      vertex -17.2619 28.9859 0.365607
      vertex -16.9024 29.1881 0.528604
      vertex -16.8812 29.0813 0.365607
    endloop
  endfacet
  facet normal -0.202138 0.806856 -0.555089
    outer loop
      vertex -16.9024 29.1881 0.528604
      vertex -17.2619 28.9859 0.365607
      vertex -17.2832 29.0927 0.528604
    endloop
  endfacet
  facet normal -0.0406822 0.830807 -0.555071
    outer loop
      vertex -15.95 29.173 0.365607
      vertex -16.3421 29.2627 0.528604
      vertex -15.95 29.2819 0.528604
    endloop
  endfacet
  facet normal -0.0408822 0.830565 -0.555419
    outer loop
      vertex -16.3421 29.2627 0.528604
      vertex -15.95 29.173 0.365607
      vertex -16.3421 29.1537 0.365607
    endloop
  endfacet
  facet normal -0.302513 0.639821 -0.706481
    outer loop
      vertex -18.1314 28.6418 0.365607
      vertex -17.7235 28.6816 0.22699
      vertex -18.0784 28.5138 0.22699
    endloop
  endfacet
  facet normal -0.302564 0.639546 -0.706708
    outer loop
      vertex -17.7235 28.6816 0.22699
      vertex -18.1314 28.6418 0.365607
      vertex -17.7765 28.8097 0.365607
    endloop
  endfacet
  facet normal -0.435855 0.815557 -0.380653
    outer loop
      vertex -18.3256 28.661 0.528604
      vertex -18.3672 28.7233 0.709716
      vertex -18.1731 28.7425 0.528604
    endloop
  endfacet
  facet normal -0.462453 0.865089 -0.194314
    outer loop
      vertex -18.3672 28.7233 0.709716
      vertex -18.3885 28.7551 0.901983
      vertex -18.2164 28.8471 0.901983
    endloop
  endfacet
  facet normal -0.419247 0.886715 -0.194854
    outer loop
      vertex -18.2018 28.8118 0.709716
      vertex -17.8616 29.0149 0.901983
      vertex -17.8469 28.9796 0.709716
    endloop
  endfacet
  facet normal -0.419362 0.886707 -0.194643
    outer loop
      vertex -17.8616 29.0149 0.901983
      vertex -18.2018 28.8118 0.709716
      vertex -18.2164 28.8471 0.901983
    endloop
  endfacet
  facet normal -0.284597 0.938769 0.194207
    outer loop
      vertex -17.3053 29.2038 3.09802
      vertex -17.492 29.1472 3.09802
      vertex -17.2978 29.1663 3.29028
    endloop
  endfacet
  facet normal -0.28452 0.93881 0.194125
    outer loop
      vertex -17.2978 29.1663 3.29028
      vertex -17.492 29.1472 3.09802
      vertex -17.4773 29.1119 3.29028
    endloop
  endfacet
  facet normal -0.224552 0.896325 0.382332
    outer loop
      vertex -16.917 29.2617 3.29028
      vertex -17.2832 29.0927 3.4714
      vertex -16.9024 29.1881 3.4714
    endloop
  endfacet
  facet normal -0.224552 0.896325 0.382332
    outer loop
      vertex -17.2832 29.0927 3.4714
      vertex -16.917 29.2617 3.29028
      vertex -17.2978 29.1663 3.29028
    endloop
  endfacet
  facet normal -0.28014 0.783205 0.555078
    outer loop
      vertex -17.4486 29.0425 3.4714
      vertex -17.7765 28.8097 3.63439
      vertex -17.4069 28.9419 3.63439
    endloop
  endfacet
  facet normal -0.28014 0.783205 0.555078
    outer loop
      vertex -17.7765 28.8097 3.63439
      vertex -17.4486 29.0425 3.4714
      vertex -17.8182 28.9103 3.4714
    endloop
  endfacet
  facet normal -0.171949 0.686175 0.706822
    outer loop
      vertex -17.2619 28.9859 3.63439
      vertex -16.8541 28.9453 3.77301
      vertex -16.8812 29.0813 3.63439
    endloop
  endfacet
  facet normal -0.171811 0.686523 0.706517
    outer loop
      vertex -16.8541 28.9453 3.77301
      vertex -17.2619 28.9859 3.63439
      vertex -17.2349 28.85 3.77301
    endloop
  endfacet
  facet normal -0.0374534 0.382441 0.923221
    outer loop
      vertex -16.3421 28.8521 3.88192
      vertex -16.434 28.8431 3.88192
      vertex -16.3421 28.671 3.95694
    endloop
  endfacet
  facet normal -0.0572003 0.187452 0.980607
    outer loop
      vertex -17.1678 28.5125 3.95694
      vertex -17.2222 28.4959 3.95694
      vertex -17.1303 28.3239 3.99518
    endloop
  endfacet
  facet normal -0.112189 0.367657 0.923169
    outer loop
      vertex -17.2031 28.6901 3.88192
      vertex -17.2222 28.4959 3.95694
      vertex -17.1678 28.5125 3.95694
    endloop
  endfacet
  facet normal -0.268503 0.884669 0.381138
    outer loop
      vertex -17.2978 29.1663 3.29028
      vertex -17.4486 29.0425 3.4714
      vertex -17.2832 29.0927 3.4714
    endloop
  endfacet
  facet normal -0.238517 0.666332 0.706478
    outer loop
      vertex -17.4069 28.9419 3.63439
      vertex -17.7235 28.6816 3.77301
      vertex -17.3539 28.8139 3.77301
    endloop
  endfacet
  facet normal -0.238277 0.666167 0.706714
    outer loop
      vertex -17.7235 28.6816 3.77301
      vertex -17.4069 28.9419 3.63439
      vertex -17.7765 28.8097 3.63439
    endloop
  endfacet
  facet normal -0.334277 0.6252 0.705254
    outer loop
      vertex -18.0784 28.5138 3.77301
      vertex -18.265 28.5704 3.63439
      vertex -18.188 28.4552 3.77301
    endloop
  endfacet
  facet normal -0.334191 0.625321 0.705188
    outer loop
      vertex -18.1314 28.6418 3.63439
      vertex -18.265 28.5704 3.63439
      vertex -18.0784 28.5138 3.77301
    endloop
  endfacet
  facet normal -0.100405 0.167524 0.980742
    outer loop
      vertex -17.9969 28.169 3.95694
      vertex -18.2267 27.8074 3.99518
      vertex -17.89 28.0092 3.99518
    endloop
  endfacet
  facet normal -0.100452 0.167553 0.980732
    outer loop
      vertex -18.2267 27.8074 3.99518
      vertex -17.9969 28.169 3.95694
      vertex -18.3335 27.9672 3.95694
    endloop
  endfacet
  facet normal -0.228113 0.307631 0.923757
    outer loop
      vertex -18.7495 27.884 3.88192
      vertex -18.3335 27.9672 3.95694
      vertex -18.4342 28.1178 3.88192
    endloop
  endfacet
  facet normal -0.228113 0.307631 0.923757
    outer loop
      vertex -18.3335 27.9672 3.95694
      vertex -18.7495 27.884 3.88192
      vertex -18.6488 27.7334 3.95694
    endloop
  endfacet
  facet normal 0.262809 -0.491533 -0.830257
    outer loop
      vertex 18.0784 -34.5138 0.22699
      vertex 18.016 -34.3632 0.118079
      vertex 18.188 -34.4552 0.22699
    endloop
  endfacet
  facet normal 0.195285 -0.0184038 -0.980574
    outer loop
      vertex 20.2154 -30.8487 0.0430603
      vertex 20.0269 -30.8112 0.00481606
      vertex 20.0287 -30.7921 0.00481606
    endloop
  endfacet
  facet normal -0.116358 0.156853 -0.980744
    outer loop
      vertex -18.6488 27.7334 0.0430603
      vertex -18.2267 27.8074 0.00481606
      vertex -18.542 27.5735 0.00481606
    endloop
  endfacet
  facet normal -0.116372 0.156938 -0.980728
    outer loop
      vertex -18.2267 27.8074 0.00481606
      vertex -18.6488 27.7334 0.0430603
      vertex -18.3335 27.9672 0.0430603
    endloop
  endfacet
  facet normal 0.268501 -0.884664 -0.381153
    outer loop
      vertex 17.2978 -35.1663 0.709716
      vertex 17.2832 -35.0927 0.528604
      vertex 17.4486 -35.0425 0.528604
    endloop
  endfacet
  facet normal 0.100463 -0.167571 -0.980728
    outer loop
      vertex 17.9969 -34.169 0.0430603
      vertex 18.2267 -33.8074 0.00481606
      vertex 18.3335 -33.9672 0.0430603
    endloop
  endfacet
  facet normal 0.100416 -0.167542 -0.980738
    outer loop
      vertex 18.2267 -33.8074 0.00481606
      vertex 17.9969 -34.169 0.0430603
      vertex 17.89 -34.0092 0.00481606
    endloop
  endfacet
  facet normal 0.427501 -0.713279 -0.555407
    outer loop
      vertex 18.6017 -34.3686 0.365607
      vertex 18.3256 -34.661 0.528604
      vertex 18.265 -34.5704 0.365607
    endloop
  endfacet
  facet normal 0.427656 -0.713325 -0.555228
    outer loop
      vertex 18.3256 -34.661 0.528604
      vertex 18.6017 -34.3686 0.365607
      vertex 18.6622 -34.4592 0.528604
    endloop
  endfacet
  facet normal 0.0547107 -0.554731 -0.830229
    outer loop
      vertex 16.4658 -35.0029 0.22699
      vertex 16.3421 -35.0151 0.22699
      vertex 16.3421 -34.8521 0.118079
    endloop
  endfacet
  facet normal 0.054347 -0.554944 -0.830111
    outer loop
      vertex 16.4658 -35.0029 0.22699
      vertex 16.3421 -34.8521 0.118079
      vertex 16.434 -34.8431 0.118079
    endloop
  endfacet
  facet normal 0.0818835 -0.828469 -0.554017
    outer loop
      vertex 16.5141 -35.2457 0.528604
      vertex 16.3421 -35.2627 0.528604
      vertex 16.3421 -35.1537 0.365607
    endloop
  endfacet
  facet normal -0.0561934 -0.378818 -0.923764
    outer loop
      vertex -16.434 -34.8431 0.118079
      vertex -16.787 -34.6078 0.0430603
      vertex -16.3987 -34.6654 0.0430603
    endloop
  endfacet
  facet normal -0.0561934 -0.378818 -0.923764
    outer loop
      vertex -16.787 -34.6078 0.0430603
      vertex -16.434 -34.8431 0.118079
      vertex -16.8223 -34.7855 0.118079
    endloop
  endfacet
  facet normal -0.584193 -0.787836 -0.195023
    outer loop
      vertex -19.0192 -34.2877 0.709716
      vertex -18.7252 -34.5533 0.901983
      vertex -19.0405 -34.3195 0.901983
    endloop
  endfacet
  facet normal -0.584193 -0.787836 -0.195023
    outer loop
      vertex -18.7252 -34.5533 0.901983
      vertex -19.0192 -34.2877 0.709716
      vertex -18.7039 -34.5215 0.709716
    endloop
  endfacet
  facet normal -0.622301 -0.758266 -0.194354
    outer loop
      vertex -19.0405 -34.3195 0.901983
      vertex -19.1642 -34.1687 0.709716
      vertex -19.0192 -34.2877 0.709716
    endloop
  endfacet
  facet normal -0.392396 -0.734237 -0.554005
    outer loop
      vertex -18.1731 -34.7425 0.528604
      vertex -18.3256 -34.661 0.528604
      vertex -18.265 -34.5704 0.365607
    endloop
  endfacet
  facet normal -0.436185 -0.815198 -0.381044
    outer loop
      vertex -18.2018 -34.8118 0.709716
      vertex -18.3672 -34.7233 0.709716
      vertex -18.1731 -34.7425 0.528604
    endloop
  endfacet
  facet normal -0.625314 -0.334187 -0.705196
    outer loop
      vertex -20.1204 -32.715 0.365607
      vertex -20.1918 -32.5814 0.365607
      vertex -20.0638 -32.5284 0.22699
    endloop
  endfacet
  facet normal -0.713279 -0.427501 -0.555407
    outer loop
      vertex -19.9186 -33.0517 0.365607
      vertex -20.211 -32.7756 0.528604
      vertex -20.1204 -32.715 0.365607
    endloop
  endfacet
  facet normal -0.713325 -0.427656 -0.555228
    outer loop
      vertex -20.211 -32.7756 0.528604
      vertex -19.9186 -33.0517 0.365607
      vertex -20.0092 -33.1122 0.528604
    endloop
  endfacet
  facet normal -0.734237 -0.392396 -0.554005
    outer loop
      vertex -20.211 -32.7756 0.528604
      vertex -20.2925 -32.6231 0.528604
      vertex -20.1204 -32.715 0.365607
    endloop
  endfacet
  facet normal -0.156853 -0.116358 -0.980744
    outer loop
      vertex -19.2834 -33.0988 0.0430603
      vertex -19.3574 -32.6767 0.00481606
      vertex -19.1235 -32.992 0.00481606
    endloop
  endfacet
  facet normal -0.156938 -0.116372 -0.980728
    outer loop
      vertex -19.3574 -32.6767 0.00481606
      vertex -19.2834 -33.0988 0.0430603
      vertex -19.5172 -32.7835 0.0430603
    endloop
  endfacet
  facet normal 0.187512 0.0570689 -0.980603
    outer loop
      vertex 19.8739 25.5802 0.00481606
      vertex 19.8683 25.5986 0.00481606
      vertex 20.0459 25.6722 0.0430603
    endloop
  endfacet
  facet normal -0.243662 -0.296984 -0.923271
    outer loop
      vertex -18.6488 -33.7334 0.0430603
      vertex -18.7495 -33.884 0.118079
      vertex -18.6928 -33.6973 0.0430603
    endloop
  endfacet
  facet normal -0.124308 -0.151511 -0.980608
    outer loop
      vertex -18.6488 -33.7334 0.0430603
      vertex -18.6928 -33.6973 0.0430603
      vertex -18.542 -33.5735 0.00481606
    endloop
  endfacet
  facet normal -0.476972 -0.286013 -0.83108
    outer loop
      vertex -20.0052 -32.638 0.22699
      vertex -19.6678 -32.8842 0.118079
      vertex -19.8033 -32.9747 0.22699
    endloop
  endfacet
  facet normal -0.476864 -0.285807 -0.831213
    outer loop
      vertex -19.6678 -32.8842 0.118079
      vertex -20.0052 -32.638 0.22699
      vertex -19.8696 -32.5475 0.118079
    endloop
  endfacet
  facet normal 0.726812 -0.658603 0.194903
    outer loop
      vertex 19.4551 -33.9051 3.29028
      vertex 19.7457 -33.6413 3.09802
      vertex 19.7187 -33.6142 3.29028
    endloop
  endfacet
  facet normal 0.726747 -0.658771 0.194575
    outer loop
      vertex 19.7457 -33.6413 3.09802
      vertex 19.4551 -33.9051 3.29028
      vertex 19.4821 -33.9321 3.09802
    endloop
  endfacet
  facet normal -0.156853 0.116358 -0.980744
    outer loop
      vertex -19.3574 26.6767 0.00481606
      vertex -19.2834 27.0988 0.0430603
      vertex -19.1235 26.992 0.00481606
    endloop
  endfacet
  facet normal -0.156938 0.116372 -0.980728
    outer loop
      vertex -19.2834 27.0988 0.0430603
      vertex -19.3574 26.6767 0.00481606
      vertex -19.5172 26.7835 0.0430603
    endloop
  endfacet
  facet normal -0.151663 0.124181 -0.980601
    outer loop
      vertex -19.1235 26.992 0.00481606
      vertex -19.2473 27.1428 0.0430603
      vertex -19.1113 27.0069 0.00481606
    endloop
  endfacet
  facet normal -0.491533 0.262809 -0.830257
    outer loop
      vertex -19.9132 26.466 0.118079
      vertex -20.0638 26.5284 0.22699
      vertex -20.0052 26.638 0.22699
    endloop
  endfacet
  facet normal -0.713325 0.427656 -0.555228
    outer loop
      vertex -19.9186 27.0517 0.365607
      vertex -20.211 26.7756 0.528604
      vertex -20.0092 27.1122 0.528604
    endloop
  endfacet
  facet normal -0.713279 0.427501 -0.555407
    outer loop
      vertex -20.211 26.7756 0.528604
      vertex -19.9186 27.0517 0.365607
      vertex -20.1204 26.715 0.365607
    endloop
  endfacet
  facet normal -0.643674 0.52834 -0.553661
    outer loop
      vertex -19.5886 27.4842 0.365607
      vertex -19.6848 27.367 0.365607
      vertex -19.6656 27.5612 0.528604
    endloop
  endfacet
  facet normal -0.815198 0.436185 -0.381044
    outer loop
      vertex -20.2925 26.6231 0.528604
      vertex -20.3618 26.6518 0.709716
      vertex -20.2733 26.8172 0.709716
    endloop
  endfacet
  facet normal -0.740908 0.671607 0
    outer loop
      vertex -19.7457 27.6413 0.901983
      vertex -19.4821 27.9321 3.09802
      vertex -19.4821 27.9321 0.901983
    endloop
  endfacet
  facet normal -0.740908 0.671607 0
    outer loop
      vertex -19.4821 27.9321 3.09802
      vertex -19.7457 27.6413 0.901983
      vertex -19.7457 27.6413 3.09802
    endloop
  endfacet
  facet normal -0.62244 0.75819 -0.194205
    outer loop
      vertex -19.1642 28.1687 0.709716
      vertex -19.1913 28.1957 0.901983
      vertex -19.0405 28.3195 0.901983
    endloop
  endfacet
  facet normal -0.547801 0.449645 -0.705503
    outer loop
      vertex -19.4906 27.3861 0.22699
      vertex -19.6848 27.367 0.365607
      vertex -19.5886 27.4842 0.365607
    endloop
  endfacet
  facet normal -0.643834 0.528262 -0.553549
    outer loop
      vertex -19.6848 27.367 0.365607
      vertex -19.7753 27.4275 0.528604
      vertex -19.6656 27.5612 0.528604
    endloop
  endfacet
  facet normal -0.367652 0.112188 -0.923172
    outer loop
      vertex -20.0625 25.6178 0.0430603
      vertex -20.2401 25.6531 0.118079
      vertex -20.0459 25.6722 0.0430603
    endloop
  endfacet
  facet normal -0.0657879 0.183927 -0.980736
    outer loop
      vertex -17.5182 28.1861 0.00481606
      vertex -17.2222 28.4959 0.0430603
      vertex -17.1486 28.3183 0.00481606
    endloop
  endfacet
  facet normal -0.0657879 0.183927 -0.980736
    outer loop
      vertex -17.2222 28.4959 0.0430603
      vertex -17.5182 28.1861 0.00481606
      vertex -17.5918 28.3637 0.0430603
    endloop
  endfacet
  facet normal -0.550164 0.0816108 -0.831059
    outer loop
      vertex -20.5529 24.9158 0.22699
      vertex -20.3355 25.2723 0.118079
      vertex -20.3931 24.884 0.118079
    endloop
  endfacet
  facet normal -0.550164 0.0816108 -0.831059
    outer loop
      vertex -20.3355 25.2723 0.118079
      vertex -20.5529 24.9158 0.22699
      vertex -20.4953 25.3041 0.22699
    endloop
  endfacet
  facet normal -0.338771 0.181532 -0.92319
    outer loop
      vertex -19.7459 26.3967 0.0430603
      vertex -19.9132 26.466 0.118079
      vertex -19.719 26.4469 0.0430603
    endloop
  endfacet
  facet normal 0.25717 0.283804 -0.923753
    outer loop
      vertex 18.9837 27.4337 0.0430603
      vertex 18.8209 27.8254 0.118079
      vertex 19.1118 27.5618 0.118079
    endloop
  endfacet
  facet normal 0.25717 0.283804 -0.923753
    outer loop
      vertex 18.8209 27.8254 0.118079
      vertex 18.9837 27.4337 0.0430603
      vertex 18.6928 27.6973 0.0430603
    endloop
  endfacet
  facet normal -0.864973 0.462818 0.19396
    outer loop
      vertex -20.2733 26.8172 3.29028
      vertex -20.3971 26.6664 3.09802
      vertex -20.3618 26.6518 3.29028
    endloop
  endfacet
  facet normal -0.886706 0.419361 0.19465
    outer loop
      vertex -20.5649 26.3116 3.09802
      vertex -20.3618 26.6518 3.29028
      vertex -20.3971 26.6664 3.09802
    endloop
  endfacet
  facet normal -0.886714 0.419247 0.194861
    outer loop
      vertex -20.3618 26.6518 3.29028
      vertex -20.5649 26.3116 3.09802
      vertex -20.5296 26.2969 3.29028
    endloop
  endfacet
  facet normal -0.734228 0.392391 0.554021
    outer loop
      vertex -20.211 26.7756 3.4714
      vertex -20.2925 26.6231 3.4714
      vertex -20.1204 26.715 3.63439
    endloop
  endfacet
  facet normal -0.307631 0.228113 0.923757
    outer loop
      vertex -19.434 27.1995 3.88192
      vertex -19.5172 26.7835 3.95694
      vertex -19.2834 27.0988 3.95694
    endloop
  endfacet
  facet normal -0.307631 0.228113 0.923757
    outer loop
      vertex -19.5172 26.7835 3.95694
      vertex -19.434 27.1995 3.88192
      vertex -19.6678 26.8842 3.88192
    endloop
  endfacet
  facet normal -0.523459 0.187375 0.831192
    outer loop
      vertex -20.3639 25.8039 3.77301
      vertex -20.081 26.1111 3.88192
      vertex -20.2316 26.1735 3.77301
    endloop
  endfacet
  facet normal -0.523459 0.187375 0.831192
    outer loop
      vertex -20.081 26.1111 3.88192
      vertex -20.3639 25.8039 3.77301
      vertex -20.2133 25.7415 3.88192
    endloop
  endfacet
  facet normal -0.49153 0.262807 0.830259
    outer loop
      vertex -20.0052 26.638 3.77301
      vertex -20.0638 26.5284 3.77301
      vertex -19.9132 26.466 3.88192
    endloop
  endfacet
  facet normal -0.678454 0.205876 -0.705206
    outer loop
      vertex -20.3639 25.8039 0.22699
      vertex -20.5359 25.7119 0.365607
      vertex -20.4919 25.8569 0.365607
    endloop
  endfacet
  facet normal -0.796855 0.241804 -0.553672
    outer loop
      vertex -20.5359 25.7119 0.365607
      vertex -20.5925 25.8986 0.528604
      vertex -20.4919 25.8569 0.365607
    endloop
  endfacet
  facet normal -0.523463 0.187376 -0.83119
    outer loop
      vertex -20.3639 25.8039 0.22699
      vertex -20.081 26.1111 0.118079
      vertex -20.2133 25.7415 0.118079
    endloop
  endfacet
  facet normal -0.523463 0.187376 -0.83119
    outer loop
      vertex -20.081 26.1111 0.118079
      vertex -20.3639 25.8039 0.22699
      vertex -20.2316 26.1735 0.22699
    endloop
  endfacet
  facet normal -0.707158 0 0.707056
    outer loop
      vertex -20.723 24.4 3.63439
      vertex -20.5844 -30.4 3.77301
      vertex -20.5844 24.4 3.77301
    endloop
  endfacet
  facet normal -0.707158 0 0.707056
    outer loop
      vertex -20.5844 -30.4 3.77301
      vertex -20.723 24.4 3.63439
      vertex -20.723 -30.4 3.63439
    endloop
  endfacet
  facet normal -0.828775 0.0813387 0.553639
    outer loop
      vertex -20.6889 24.9429 3.63439
      vertex -20.7957 24.9641 3.4714
      vertex -20.7037 24.7921 3.63439
    endloop
  endfacet
  facet normal -0.806846 0.202135 0.555105
    outer loop
      vertex -20.7381 25.3524 3.4714
      vertex -20.5359 25.7119 3.63439
      vertex -20.6427 25.7332 3.4714
    endloop
  endfacet
  facet normal -0.806889 0.202199 0.555018
    outer loop
      vertex -20.5359 25.7119 3.63439
      vertex -20.7381 25.3524 3.4714
      vertex -20.6313 25.3312 3.63439
    endloop
  endfacet
  facet normal -0.554727 0.0547104 0.830232
    outer loop
      vertex -20.5529 24.9158 3.77301
      vertex -20.5651 24.7921 3.77301
      vertex -20.4021 24.7921 3.88192
    endloop
  endfacet
  facet normal -0.70531 0.0692214 0.705512
    outer loop
      vertex -20.6889 24.9429 3.63439
      vertex -20.7037 24.7921 3.63439
      vertex -20.5529 24.9158 3.77301
    endloop
  endfacet
  facet normal -0.382709 0 0.923869
    outer loop
      vertex -20.4214 24.4 3.88192
      vertex -20.2403 -30.4 3.95694
      vertex -20.2403 24.4 3.95694
    endloop
  endfacet
  facet normal -0.382709 0 0.923869
    outer loop
      vertex -20.2403 -30.4 3.95694
      vertex -20.4214 24.4 3.88192
      vertex -20.4214 -30.4 3.88192
    endloop
  endfacet
  facet normal -0.382441 0.0374534 0.923221
    outer loop
      vertex -20.3931 24.884 3.88192
      vertex -20.4021 24.7921 3.88192
      vertex -20.221 24.7921 3.95694
    endloop
  endfacet
  facet normal -0.187424 0.057192 0.980613
    outer loop
      vertex -20.0459 25.6722 3.95694
      vertex -20.0625 25.6178 3.95694
      vertex -19.8739 25.5802 3.99518
    endloop
  endfacet
  facet normal -0.367657 0.112189 0.923169
    outer loop
      vertex -20.0459 25.6722 3.95694
      vertex -20.2401 25.6531 3.88192
      vertex -20.0625 25.6178 3.95694
    endloop
  endfacet
  facet normal -0.371686 0.0930191 0.923687
    outer loop
      vertex -20.2401 25.6531 3.88192
      vertex -20.1578 25.237 3.95694
      vertex -20.0625 25.6178 3.95694
    endloop
  endfacet
  facet normal -0.371497 0.0930693 0.923758
    outer loop
      vertex -20.1578 25.237 3.95694
      vertex -20.2401 25.6531 3.88192
      vertex -20.3355 25.2723 3.88192
    endloop
  endfacet
  facet normal -0.678451 0.205816 0.705226
    outer loop
      vertex -20.3639 25.8039 3.77301
      vertex -20.5359 25.7119 3.63439
      vertex -20.4 25.6849 3.77301
    endloop
  endfacet
  facet normal 0.922786 0.0454215 0.382626
    outer loop
      vertex 20.8319 24.4 3.4714
      vertex 20.8877 24.7921 3.29028
      vertex 20.8126 24.7921 3.4714
    endloop
  endfacet
  facet normal 0.922976 0.0451954 0.382195
    outer loop
      vertex 20.8877 24.7921 3.29028
      vertex 20.8319 24.4 3.4714
      vertex 20.9069 24.4 3.29028
    endloop
  endfacet
  facet normal 0.382269 0.0378216 0.923277
    outer loop
      vertex 20.3931 24.884 3.88192
      vertex 20.2154 24.8487 3.95694
      vertex 20.221 24.7921 3.95694
    endloop
  endfacet
  facet normal 0.678451 0.205816 0.705226
    outer loop
      vertex 20.5359 25.7119 3.63439
      vertex 20.3639 25.8039 3.77301
      vertex 20.4 25.6849 3.77301
    endloop
  endfacet
  facet normal 0.726748 0.658772 -0.194568
    outer loop
      vertex 19.7457 27.6413 0.901983
      vertex 19.4551 27.9051 0.709716
      vertex 19.4821 27.9321 0.901983
    endloop
  endfacet
  facet normal 0.726813 0.658604 -0.194896
    outer loop
      vertex 19.4551 27.9051 0.709716
      vertex 19.7457 27.6413 0.901983
      vertex 19.7187 27.6142 0.709716
    endloop
  endfacet
  facet normal 0.449645 0.547801 -0.705503
    outer loop
      vertex 18.9361 27.9406 0.22699
      vertex 18.917 28.1348 0.365607
      vertex 19.0342 28.0386 0.365607
    endloop
  endfacet
  facet normal 0.678444 0.205814 -0.705234
    outer loop
      vertex 20.4 25.6849 0.22699
      vertex 20.3639 25.8039 0.22699
      vertex 20.5359 25.7119 0.365607
    endloop
  endfacet
  facet normal 0.367652 0.112188 -0.923172
    outer loop
      vertex 20.0625 25.6178 0.0430603
      vertex 20.0459 25.6722 0.0430603
      vertex 20.2401 25.6531 0.118079
    endloop
  endfacet
  facet normal 0.367619 0.11145 -0.923274
    outer loop
      vertex 20.2401 25.6531 0.118079
      vertex 20.0459 25.6722 0.0430603
      vertex 20.2133 25.7415 0.118079
    endloop
  endfacet
  facet normal 0.914005 0.135617 -0.382364
    outer loop
      vertex 20.8693 24.9788 0.709716
      vertex 20.7381 25.3524 0.528604
      vertex 20.8117 25.367 0.709716
    endloop
  endfacet
  facet normal 0.913984 0.135579 -0.382428
    outer loop
      vertex 20.7381 25.3524 0.528604
      vertex 20.8693 24.9788 0.709716
      vertex 20.7957 24.9641 0.528604
    endloop
  endfacet
  facet normal 0.0193051 0.195119 -0.98059
    outer loop
      vertex 16.3987 28.6654 0.0430603
      vertex 16.3421 28.4788 0.00481606
      vertex 16.3421 28.671 0.0430603
    endloop
  endfacet
  facet normal 0.00955576 0.195147 -0.980728
    outer loop
      vertex 15.95 28.498 0.00481606
      vertex 16.3421 28.671 0.0430603
      vertex 16.3421 28.4788 0.00481606
    endloop
  endfacet
  facet normal 0.00960072 0.195049 -0.980747
    outer loop
      vertex 16.3421 28.671 0.0430603
      vertex 15.95 28.498 0.00481606
      vertex 15.95 28.6903 0.0430603
    endloop
  endfacet
  facet normal 0.0657879 0.183927 -0.980736
    outer loop
      vertex 17.5182 28.1861 0.00481606
      vertex 17.2222 28.4959 0.0430603
      vertex 17.5918 28.3637 0.0430603
    endloop
  endfacet
  facet normal 0.0657879 0.183927 -0.980736
    outer loop
      vertex 17.2222 28.4959 0.0430603
      vertex 17.5182 28.1861 0.00481606
      vertex 17.1486 28.3183 0.00481606
    endloop
  endfacet
  facet normal 0.0695742 0.705437 -0.70535
    outer loop
      vertex 16.4658 29.0029 0.22699
      vertex 16.3421 29.0151 0.22699
      vertex 16.3421 29.1537 0.365607
    endloop
  endfacet
  facet normal 0.475085 0.792672 -0.382054
    outer loop
      vertex 18.6622 28.4592 0.528604
      vertex 18.3672 28.7233 0.709716
      vertex 18.7039 28.5215 0.709716
    endloop
  endfacet
  facet normal 0.475236 0.792688 -0.381832
    outer loop
      vertex 18.3672 28.7233 0.709716
      vertex 18.6622 28.4592 0.528604
      vertex 18.3256 28.661 0.528604
    endloop
  endfacet
  facet normal 0.462819 0.864975 -0.193953
    outer loop
      vertex 18.3672 28.7233 0.709716
      vertex 18.2018 28.8118 0.709716
      vertex 18.2164 28.8471 0.901983
    endloop
  endfacet
  facet normal 0.241804 0.796855 -0.553672
    outer loop
      vertex 17.4069 28.9419 0.365607
      vertex 17.2619 28.9859 0.365607
      vertex 17.4486 29.0425 0.528604
    endloop
  endfacet
  facet normal 0.311422 0.870003 -0.382244
    outer loop
      vertex 17.8182 28.9103 0.528604
      vertex 17.4773 29.1119 0.709716
      vertex 17.8469 28.9796 0.709716
    endloop
  endfacet
  facet normal 0.311156 0.86992 -0.382651
    outer loop
      vertex 17.4773 29.1119 0.709716
      vertex 17.8182 28.9103 0.528604
      vertex 17.4486 29.0425 0.528604
    endloop
  endfacet
  facet normal 0.122058 0.822834 -0.555018
    outer loop
      vertex 16.8812 29.0813 0.365607
      vertex 16.5141 29.2457 0.528604
      vertex 16.9024 29.1881 0.528604
    endloop
  endfacet
  facet normal 0.122058 0.822834 -0.555018
    outer loop
      vertex 16.5141 29.2457 0.528604
      vertex 16.8812 29.0813 0.365607
      vertex 16.4929 29.1389 0.365607
    endloop
  endfacet
  facet normal 0.161714 0.533416 -0.830251
    outer loop
      vertex 17.2915 28.6633 0.118079
      vertex 17.2031 28.6901 0.118079
      vertex 17.3539 28.8139 0.22699
    endloop
  endfacet
  facet normal 0.284598 0.938771 -0.194201
    outer loop
      vertex 17.492 29.1472 0.901983
      vertex 17.2978 29.1663 0.709716
      vertex 17.3053 29.2038 0.901983
    endloop
  endfacet
  facet normal 0.620385 0.684636 -0.382617
    outer loop
      vertex 19.402 27.852 0.528604
      vertex 19.1642 28.1687 0.709716
      vertex 19.4551 27.9051 0.709716
    endloop
  endfacet
  facet normal 0.620583 0.684619 -0.382328
    outer loop
      vertex 19.1642 28.1687 0.709716
      vertex 19.402 27.852 0.528604
      vertex 19.1112 28.1156 0.528604
    endloop
  endfacet
  facet normal 0.100463 0.167571 -0.980728
    outer loop
      vertex 18.2267 27.8074 0.00481606
      vertex 17.9969 28.169 0.0430603
      vertex 18.3335 27.9672 0.0430603
    endloop
  endfacet
  facet normal 0.100416 0.167542 -0.980738
    outer loop
      vertex 17.9969 28.169 0.0430603
      vertex 18.2267 27.8074 0.00481606
      vertex 17.89 28.0092 0.00481606
    endloop
  endfacet
  facet normal 0.476864 0.285807 -0.831213
    outer loop
      vertex 19.6678 26.8842 0.118079
      vertex 20.0052 26.638 0.22699
      vertex 19.8696 26.5475 0.118079
    endloop
  endfacet
  facet normal 0.476972 0.286013 -0.83108
    outer loop
      vertex 20.0052 26.638 0.22699
      vertex 19.6678 26.8842 0.118079
      vertex 19.8033 26.9747 0.22699
    endloop
  endfacet
  facet normal -0.0920819 0.172909 -0.980624
    outer loop
      vertex -17.89 28.0092 0.00481606
      vertex -17.9467 28.1959 0.0430603
      vertex -17.8731 28.0182 0.00481606
    endloop
  endfacet
  facet normal 0.547801 0.449645 -0.705503
    outer loop
      vertex 19.6848 27.367 0.365607
      vertex 19.4906 27.3861 0.22699
      vertex 19.5886 27.4842 0.365607
    endloop
  endfacet
  facet normal 0.6163 0.558654 -0.55505
    outer loop
      vertex 19.6656 27.5612 0.528604
      vertex 19.325 27.775 0.365607
      vertex 19.402 27.852 0.528604
    endloop
  endfacet
  facet normal 0.6163 0.558654 -0.55505
    outer loop
      vertex 19.325 27.775 0.365607
      vertex 19.6656 27.5612 0.528604
      vertex 19.5886 27.4842 0.365607
    endloop
  endfacet
  facet normal 0.462453 0.865089 -0.194314
    outer loop
      vertex 18.3672 28.7233 0.709716
      vertex 18.2164 28.8471 0.901983
      vertex 18.3885 28.7551 0.901983
    endloop
  endfacet
  facet normal 0.334187 0.625314 -0.705196
    outer loop
      vertex 18.265 28.5704 0.365607
      vertex 18.0784 28.5138 0.22699
      vertex 18.1314 28.6418 0.365607
    endloop
  endfacet
  facet normal 0.262809 0.491533 -0.830257
    outer loop
      vertex 18.188 28.4552 0.22699
      vertex 18.016 28.3632 0.118079
      vertex 18.0784 28.5138 0.22699
    endloop
  endfacet
  facet normal 0.238275 0.66616 -0.706722
    outer loop
      vertex 17.7235 28.6816 0.22699
      vertex 17.4069 28.9419 0.365607
      vertex 17.7765 28.8097 0.365607
    endloop
  endfacet
  facet normal 0.238514 0.666325 -0.706485
    outer loop
      vertex 17.4069 28.9419 0.365607
      vertex 17.7235 28.6816 0.22699
      vertex 17.3539 28.8139 0.22699
    endloop
  endfacet
  facet normal 0.392396 0.734237 -0.554005
    outer loop
      vertex 18.265 28.5704 0.365607
      vertex 18.1731 28.7425 0.528604
      vertex 18.3256 28.661 0.528604
    endloop
  endfacet
  facet normal 0.568272 -0.421383 -0.706755
    outer loop
      vertex 19.6848 -33.367 0.365607
      vertex 19.8033 -32.9747 0.22699
      vertex 19.9186 -33.0517 0.365607
    endloop
  endfacet
  facet normal 0.568272 -0.421383 -0.706755
    outer loop
      vertex 19.8033 -32.9747 0.22699
      vertex 19.6848 -33.367 0.365607
      vertex 19.5695 -33.29 0.22699
    endloop
  endfacet
  facet normal 0.643674 -0.52834 -0.553661
    outer loop
      vertex 19.6656 -33.5612 0.528604
      vertex 19.5886 -33.4842 0.365607
      vertex 19.6848 -33.367 0.365607
    endloop
  endfacet
  facet normal 0.172909 -0.0920819 -0.980624
    outer loop
      vertex 19.7459 -32.3967 0.0430603
      vertex 19.5592 -32.34 0.00481606
      vertex 19.5682 -32.3231 0.00481606
    endloop
  endfacet
  facet normal 0.36071 -0.129118 -0.923698
    outer loop
      vertex 19.9137 -32.0418 0.0430603
      vertex 20.2133 -31.7415 0.118079
      vertex 20.081 -32.1111 0.118079
    endloop
  endfacet
  facet normal 0.360584 -0.128975 -0.923766
    outer loop
      vertex 20.2133 -31.7415 0.118079
      vertex 19.9137 -32.0418 0.0430603
      vertex 20.0459 -31.6722 0.0430603
    endloop
  endfacet
  facet normal 0.172756 -0.0925726 -0.980605
    outer loop
      vertex 19.719 -32.4469 0.0430603
      vertex 19.5592 -32.34 0.00481606
      vertex 19.7459 -32.3967 0.0430603
    endloop
  endfacet
  facet normal 0.367619 -0.11145 -0.923274
    outer loop
      vertex 20.2133 -31.7415 0.118079
      vertex 20.0459 -31.6722 0.0430603
      vertex 20.2401 -31.6531 0.118079
    endloop
  endfacet
  facet normal 0.0194068 0.195089 -0.980594
    outer loop
      vertex 16.3612 28.4769 0.00481606
      vertex 16.3421 28.4788 0.00481606
      vertex 16.3987 28.6654 0.0430603
    endloop
  endfacet
  facet normal 0.66616 -0.238275 -0.706722
    outer loop
      vertex 20.2316 -32.1735 0.22699
      vertex 20.4919 -31.8569 0.365607
      vertex 20.3597 -32.2265 0.365607
    endloop
  endfacet
  facet normal 0.666325 -0.238514 -0.706485
    outer loop
      vertex 20.4919 -31.8569 0.365607
      vertex 20.2316 -32.1735 0.22699
      vertex 20.3639 -31.8039 0.22699
    endloop
  endfacet
  facet normal 0.476972 -0.286013 -0.83108
    outer loop
      vertex 19.6678 -32.8842 0.118079
      vertex 20.0052 -32.638 0.22699
      vertex 19.8033 -32.9747 0.22699
    endloop
  endfacet
  facet normal 0.476864 -0.285807 -0.831213
    outer loop
      vertex 20.0052 -32.638 0.22699
      vertex 19.6678 -32.8842 0.118079
      vertex 19.8696 -32.5475 0.118079
    endloop
  endfacet
  facet normal 0.815203 0.436188 0.38103
    outer loop
      vertex 20.3618 26.6518 3.29028
      vertex 20.2733 26.8172 3.29028
      vertex 20.2925 26.6231 3.4714
    endloop
  endfacet
  facet normal 0.835398 0.394984 0.382228
    outer loop
      vertex 20.2925 26.6231 3.4714
      vertex 20.5296 26.2969 3.29028
      vertex 20.3618 26.6518 3.29028
    endloop
  endfacet
  facet normal 0.835398 0.394984 0.382228
    outer loop
      vertex 20.5296 26.2969 3.29028
      vertex 20.2925 26.6231 3.4714
      vertex 20.4603 26.2682 3.4714
    endloop
  endfacet
  facet normal 0.296966 0.243728 0.923259
    outer loop
      vertex 19.3754 27.2709 3.88192
      vertex 19.2473 27.1428 3.95694
      vertex 19.434 27.1995 3.88192
    endloop
  endfacet
  facet normal 0.296989 0.243666 0.923269
    outer loop
      vertex 19.434 27.1995 3.88192
      vertex 19.2473 27.1428 3.95694
      vertex 19.2834 27.0988 3.95694
    endloop
  endfacet
  facet normal 0.524267 0.475229 0.706613
    outer loop
      vertex 19.227 27.677 3.77301
      vertex 19.5886 27.4842 3.63439
      vertex 19.325 27.775 3.63439
    endloop
  endfacet
  facet normal 0.524223 0.475027 0.706781
    outer loop
      vertex 19.5886 27.4842 3.63439
      vertex 19.227 27.677 3.77301
      vertex 19.4906 27.3861 3.77301
    endloop
  endfacet
  facet normal 0.625321 0.334191 0.705188
    outer loop
      vertex 20.1204 26.715 3.63439
      vertex 20.0638 26.5284 3.77301
      vertex 20.1918 26.5814 3.63439
    endloop
  endfacet
  facet normal 0.0188344 0.382641 0.923705
    outer loop
      vertex 15.95 28.6903 3.95694
      vertex 16.3421 28.8521 3.88192
      vertex 15.95 28.8714 3.88192
    endloop
  endfacet
  facet normal 0.0188344 0.382641 0.923705
    outer loop
      vertex 16.3421 28.8521 3.88192
      vertex 15.95 28.6903 3.95694
      vertex 16.3421 28.671 3.95694
    endloop
  endfacet
  facet normal 0.019303 0.195098 0.980594
    outer loop
      vertex 16.3421 28.671 3.95694
      vertex 16.3421 28.4788 3.99518
      vertex 16.3987 28.6654 3.95694
    endloop
  endfacet
  facet normal 0.196889 0.328507 0.923752
    outer loop
      vertex 18.0975 28.3196 3.88192
      vertex 18.3335 27.9672 3.95694
      vertex 18.4342 28.1178 3.88192
    endloop
  endfacet
  facet normal 0.196979 0.328559 0.923714
    outer loop
      vertex 18.3335 27.9672 3.95694
      vertex 18.0975 28.3196 3.88192
      vertex 17.9969 28.169 3.95694
    endloop
  endfacet
  facet normal -0.0095997 0.195028 0.980751
    outer loop
      vertex -16.3421 28.671 3.95694
      vertex -15.95 28.498 3.99518
      vertex -15.95 28.6903 3.95694
    endloop
  endfacet
  facet normal -0.00955474 0.195126 0.980732
    outer loop
      vertex -15.95 28.498 3.99518
      vertex -16.3421 28.671 3.95694
      vertex -16.3421 28.4788 3.99518
    endloop
  endfacet
  facet normal 0.0930693 0.371497 0.923758
    outer loop
      vertex 16.787 28.6078 3.95694
      vertex 17.2031 28.6901 3.88192
      vertex 16.8223 28.7855 3.88192
    endloop
  endfacet
  facet normal 0.0930191 0.371686 0.923687
    outer loop
      vertex 17.2031 28.6901 3.88192
      vertex 16.787 28.6078 3.95694
      vertex 17.1678 28.5125 3.95694
    endloop
  endfacet
  facet normal 0.262807 0.49153 0.830259
    outer loop
      vertex 18.0784 28.5138 3.77301
      vertex 18.016 28.3632 3.88192
      vertex 18.188 28.4552 3.77301
    endloop
  endfacet
  facet normal 0.187375 0.523459 0.831192
    outer loop
      vertex 17.3539 28.8139 3.77301
      vertex 17.6611 28.531 3.88192
      vertex 17.7235 28.6816 3.77301
    endloop
  endfacet
  facet normal 0.187375 0.523459 0.831192
    outer loop
      vertex 17.6611 28.531 3.88192
      vertex 17.3539 28.8139 3.77301
      vertex 17.2915 28.6633 3.88192
    endloop
  endfacet
  facet normal 0.257174 0.283808 0.92375
    outer loop
      vertex 18.8209 27.8254 3.88192
      vertex 18.9837 27.4337 3.95694
      vertex 19.1118 27.5618 3.88192
    endloop
  endfacet
  facet normal 0.257174 0.283808 0.92375
    outer loop
      vertex 18.9837 27.4337 3.95694
      vertex 18.8209 27.8254 3.88192
      vertex 18.6928 27.6973 3.95694
    endloop
  endfacet
  facet normal 0.238356 0.951426 0.194872
    outer loop
      vertex 16.9245 29.2992 3.09802
      vertex 17.2978 29.1663 3.29028
      vertex 17.3053 29.2038 3.09802
    endloop
  endfacet
  facet normal 0.238356 0.951426 0.194872
    outer loop
      vertex 17.2978 29.1663 3.29028
      vertex 16.9245 29.2992 3.09802
      vertex 16.917 29.2617 3.29028
    endloop
  endfacet
  facet normal 0.37349 0.412171 0.831036
    outer loop
      vertex 18.9361 27.9406 3.77301
      vertex 19.1118 27.5618 3.88192
      vertex 19.227 27.677 3.77301
    endloop
  endfacet
  facet normal 0.37349 0.412171 0.831036
    outer loop
      vertex 19.1118 27.5618 3.88192
      vertex 18.9361 27.9406 3.77301
      vertex 18.8209 27.8254 3.88192
    endloop
  endfacet
  facet normal 0.44965 0.547806 0.705495
    outer loop
      vertex 19.0342 28.0386 3.63439
      vertex 18.917 28.1348 3.63439
      vertex 18.9361 27.9406 3.77301
    endloop
  endfacet
  facet normal 0.237648 0.502631 0.831195
    outer loop
      vertex 17.6611 28.531 3.88192
      vertex 18.0784 28.5138 3.77301
      vertex 17.7235 28.6816 3.77301
    endloop
  endfacet
  facet normal 0.237648 0.502631 0.831195
    outer loop
      vertex 18.0784 28.5138 3.77301
      vertex 17.6611 28.531 3.88192
      vertex 18.016 28.3632 3.88192
    endloop
  endfacet
  facet normal 0.68464 0.620389 0.382603
    outer loop
      vertex 19.402 27.852 3.4714
      vertex 19.7187 27.6142 3.29028
      vertex 19.4551 27.9051 3.29028
    endloop
  endfacet
  facet normal 0.684623 0.620587 0.382313
    outer loop
      vertex 19.7187 27.6142 3.29028
      vertex 19.402 27.852 3.4714
      vertex 19.6656 27.5612 3.4714
    endloop
  endfacet
  facet normal 0.171949 0.686175 0.706822
    outer loop
      vertex 16.8541 28.9453 3.77301
      vertex 17.2619 28.9859 3.63439
      vertex 16.8812 29.0813 3.63439
    endloop
  endfacet
  facet normal 0.171811 0.686523 0.706517
    outer loop
      vertex 17.2619 28.9859 3.63439
      vertex 16.8541 28.9453 3.77301
      vertex 17.2349 28.85 3.77301
    endloop
  endfacet
  facet normal 0.161795 0.53334 0.830283
    outer loop
      vertex 17.2349 28.85 3.77301
      vertex 17.2031 28.6901 3.88192
      vertex 17.3539 28.8139 3.77301
    endloop
  endfacet
  facet normal 0.0547104 0.554727 0.830232
    outer loop
      vertex 16.3421 29.0151 3.77301
      vertex 16.3421 28.8521 3.88192
      vertex 16.4658 29.0029 3.77301
    endloop
  endfacet
  facet normal -0.103799 0.699745 0.706812
    outer loop
      vertex -16.4929 29.1389 3.63439
      vertex -16.8541 28.9453 3.77301
      vertex -16.4658 29.0029 3.77301
    endloop
  endfacet
  facet normal -0.103799 0.699745 0.706812
    outer loop
      vertex -16.8541 28.9453 3.77301
      vertex -16.4929 29.1389 3.63439
      vertex -16.8812 29.0813 3.63439
    endloop
  endfacet
  facet normal 0 0.831485 0.555548
    outer loop
      vertex 15.95 29.2819 3.4714
      vertex -15.95 29.173 3.63439
      vertex 15.95 29.173 3.63439
    endloop
  endfacet
  facet normal 0 0.831485 0.555548
    outer loop
      vertex -15.95 29.173 3.63439
      vertex 15.95 29.2819 3.4714
      vertex -15.95 29.2819 3.4714
    endloop
  endfacet
  facet normal -0.0695749 0.705444 0.705342
    outer loop
      vertex -16.3421 29.1537 3.63439
      vertex -16.4658 29.0029 3.77301
      vertex -16.3421 29.0151 3.77301
    endloop
  endfacet
  facet normal -0.0547104 0.554727 0.830232
    outer loop
      vertex -16.3421 29.0151 3.77301
      vertex -16.4658 29.0029 3.77301
      vertex -16.3421 28.8521 3.88192
    endloop
  endfacet
  facet normal 0.268106 0.884652 0.381457
    outer loop
      vertex 17.4773 29.1119 3.29028
      vertex 17.2978 29.1663 3.29028
      vertex 17.4486 29.0425 3.4714
    endloop
  endfacet
  facet normal 0.355449 0.751781 0.555412
    outer loop
      vertex 17.8182 28.9103 3.4714
      vertex 18.1314 28.6418 3.63439
      vertex 18.1731 28.7425 3.4714
    endloop
  endfacet
  facet normal 0.355714 0.751894 0.555088
    outer loop
      vertex 18.1314 28.6418 3.63439
      vertex 17.8182 28.9103 3.4714
      vertex 17.7765 28.8097 3.63439
    endloop
  endfacet
  facet normal -0.0930177 0.37168 -0.923689
    outer loop
      vertex -17.2031 28.6901 0.118079
      vertex -16.787 28.6078 0.0430603
      vertex -17.1678 28.5125 0.0430603
    endloop
  endfacet
  facet normal -0.0930679 0.371491 -0.92376
    outer loop
      vertex -16.787 28.6078 0.0430603
      vertex -17.2031 28.6901 0.118079
      vertex -16.8223 28.7855 0.118079
    endloop
  endfacet
  facet normal -0.334187 0.625314 -0.705196
    outer loop
      vertex -18.0784 28.5138 0.22699
      vertex -18.265 28.5704 0.365607
      vertex -18.1314 28.6418 0.365607
    endloop
  endfacet
  facet normal -0.280144 0.783215 -0.555062
    outer loop
      vertex -17.7765 28.8097 0.365607
      vertex -17.4486 29.0425 0.528604
      vertex -17.4069 28.9419 0.365607
    endloop
  endfacet
  facet normal -0.280144 0.783215 -0.555062
    outer loop
      vertex -17.4486 29.0425 0.528604
      vertex -17.7765 28.8097 0.365607
      vertex -17.8182 28.9103 0.528604
    endloop
  endfacet
  facet normal -0.11145 0.367619 -0.923274
    outer loop
      vertex -17.2222 28.4959 0.0430603
      vertex -17.2915 28.6633 0.118079
      vertex -17.2031 28.6901 0.118079
    endloop
  endfacet
  facet normal -0.262809 0.491533 -0.830257
    outer loop
      vertex -18.016 28.3632 0.118079
      vertex -18.188 28.4552 0.22699
      vertex -18.0784 28.5138 0.22699
    endloop
  endfacet
  facet normal -0.0188341 0.382636 -0.923707
    outer loop
      vertex -16.3421 28.8521 0.118079
      vertex -15.95 28.6903 0.0430603
      vertex -16.3421 28.671 0.0430603
    endloop
  endfacet
  facet normal -0.0188341 0.382636 -0.923707
    outer loop
      vertex -15.95 28.6903 0.0430603
      vertex -16.3421 28.8521 0.118079
      vertex -15.95 28.8714 0.118079
    endloop
  endfacet
  facet normal 0.92346 -0.330557 -0.194819
    outer loop
      vertex 20.6972 -31.942 0.901983
      vertex 20.5296 -32.2969 0.709716
      vertex 20.6619 -31.9273 0.709716
    endloop
  endfacet
  facet normal 0.92346 -0.330557 -0.194819
    outer loop
      vertex 20.5296 -32.2969 0.709716
      vertex 20.6972 -31.942 0.901983
      vertex 20.5649 -32.3116 0.901983
    endloop
  endfacet
  facet normal 0.884669 0.268503 0.381138
    outer loop
      vertex 20.7163 25.7478 3.29028
      vertex 20.5925 25.8986 3.4714
      vertex 20.6427 25.7332 3.4714
    endloop
  endfacet
  facet normal 0.796812 0.241838 0.553719
    outer loop
      vertex 20.5925 25.8986 3.4714
      vertex 20.5359 25.7119 3.63439
      vertex 20.6427 25.7332 3.4714
    endloop
  endfacet
  facet normal 0.923458 0.330556 0.194826
    outer loop
      vertex 20.5296 26.2969 3.29028
      vertex 20.6972 25.942 3.09802
      vertex 20.5649 26.3116 3.09802
    endloop
  endfacet
  facet normal 0.923458 0.330556 0.194826
    outer loop
      vertex 20.6972 25.942 3.09802
      vertex 20.5296 26.2969 3.29028
      vertex 20.6619 25.9273 3.29028
    endloop
  endfacet
  facet normal 0.283808 -0.257174 0.92375
    outer loop
      vertex 18.9837 -33.4337 3.95694
      vertex 19.3754 -33.2709 3.88192
      vertex 19.2473 -33.1428 3.95694
    endloop
  endfacet
  facet normal 0.283808 -0.257174 0.92375
    outer loop
      vertex 19.3754 -33.2709 3.88192
      vertex 18.9837 -33.4337 3.95694
      vertex 19.1118 -33.5618 3.88192
    endloop
  endfacet
  facet normal 0.412171 -0.37349 0.831036
    outer loop
      vertex 19.1118 -33.5618 3.88192
      vertex 19.4906 -33.3861 3.77301
      vertex 19.3754 -33.2709 3.88192
    endloop
  endfacet
  facet normal 0.412171 -0.37349 0.831036
    outer loop
      vertex 19.4906 -33.3861 3.77301
      vertex 19.1118 -33.5618 3.88192
      vertex 19.227 -33.677 3.77301
    endloop
  endfacet
  facet normal 0.643666 -0.528333 0.553678
    outer loop
      vertex 19.6848 -33.367 3.63439
      vertex 19.5886 -33.4842 3.63439
      vertex 19.6656 -33.5612 3.4714
    endloop
  endfacet
  facet normal -0.502631 -0.237648 0.831195
    outer loop
      vertex -20.081 -32.1111 3.88192
      vertex -20.0638 -32.5284 3.77301
      vertex -19.9132 -32.466 3.88192
    endloop
  endfacet
  facet normal -0.502631 -0.237648 0.831195
    outer loop
      vertex -20.0638 -32.5284 3.77301
      vertex -20.081 -32.1111 3.88192
      vertex -20.2316 -32.1735 3.77301
    endloop
  endfacet
  facet normal -0.625321 -0.334191 0.705188
    outer loop
      vertex -20.0638 -32.5284 3.77301
      vertex -20.1918 -32.5814 3.63439
      vertex -20.1204 -32.715 3.63439
    endloop
  endfacet
  facet normal -0.0572003 -0.187452 0.980607
    outer loop
      vertex -17.1303 -34.3239 3.99518
      vertex -17.2222 -34.4959 3.95694
      vertex -17.1678 -34.5125 3.95694
    endloop
  endfacet
  facet normal -0.111452 -0.367624 0.923272
    outer loop
      vertex -17.2222 -34.4959 3.95694
      vertex -17.2915 -34.6633 3.88192
      vertex -17.2031 -34.6901 3.88192
    endloop
  endfacet
  facet normal -0.0286669 0.193253 0.98073
    outer loop
      vertex -16.3987 28.6654 3.95694
      vertex -16.7495 28.4193 3.99518
      vertex -16.3612 28.4769 3.99518
    endloop
  endfacet
  facet normal -0.0286669 0.193253 0.98073
    outer loop
      vertex -16.7495 28.4193 3.99518
      vertex -16.3987 28.6654 3.95694
      vertex -16.787 28.6078 3.95694
    endloop
  endfacet
  facet normal -0.100405 -0.167524 0.980742
    outer loop
      vertex -18.2267 -33.8074 3.99518
      vertex -17.9969 -34.169 3.95694
      vertex -17.89 -34.0092 3.99518
    endloop
  endfacet
  facet normal -0.100452 -0.167553 0.980732
    outer loop
      vertex -17.9969 -34.169 3.95694
      vertex -18.2267 -33.8074 3.99518
      vertex -18.3335 -33.9672 3.95694
    endloop
  endfacet
  facet normal -0.0816102 -0.550161 0.831061
    outer loop
      vertex -16.8223 -34.7855 3.88192
      vertex -16.4658 -35.0029 3.77301
      vertex -16.434 -34.8431 3.88192
    endloop
  endfacet
  facet normal -0.0816102 -0.550161 0.831061
    outer loop
      vertex -16.4658 -35.0029 3.77301
      vertex -16.8223 -34.7855 3.88192
      vertex -16.8541 -34.9453 3.77301
    endloop
  endfacet
  facet normal -0.00955474 -0.195126 0.980732
    outer loop
      vertex -16.3421 -34.671 3.95694
      vertex -15.95 -34.498 3.99518
      vertex -16.3421 -34.4788 3.99518
    endloop
  endfacet
  facet normal -0.0095997 -0.195028 0.980751
    outer loop
      vertex -15.95 -34.498 3.99518
      vertex -16.3421 -34.671 3.95694
      vertex -15.95 -34.6903 3.95694
    endloop
  endfacet
  facet normal -0.161713 -0.533413 0.830253
    outer loop
      vertex -17.2915 -34.6633 3.88192
      vertex -17.3539 -34.8139 3.77301
      vertex -17.2031 -34.6901 3.88192
    endloop
  endfacet
  facet normal -0.193253 -0.0286669 0.98073
    outer loop
      vertex -20.2154 -30.8487 3.95694
      vertex -19.9693 -31.1995 3.99518
      vertex -20.0269 -30.8112 3.99518
    endloop
  endfacet
  facet normal -0.193253 -0.0286669 0.98073
    outer loop
      vertex -19.9693 -31.1995 3.99518
      vertex -20.2154 -30.8487 3.95694
      vertex -20.1578 -31.237 3.95694
    endloop
  endfacet
  facet normal -0.195264 -0.0184018 0.980578
    outer loop
      vertex -20.0287 -30.7921 3.99518
      vertex -20.2154 -30.8487 3.95694
      vertex -20.0269 -30.8112 3.99518
    endloop
  endfacet
  facet normal -0.678451 -0.205816 0.705226
    outer loop
      vertex -20.4 -31.6849 3.77301
      vertex -20.5359 -31.7119 3.63439
      vertex -20.3639 -31.8039 3.77301
    endloop
  endfacet
  facet normal -0.360589 -0.128977 0.923764
    outer loop
      vertex -20.2133 -31.7415 3.88192
      vertex -19.9137 -32.0418 3.95694
      vertex -20.0459 -31.6722 3.95694
    endloop
  endfacet
  facet normal -0.360715 -0.12912 0.923695
    outer loop
      vertex -19.9137 -32.0418 3.95694
      vertex -20.2133 -31.7415 3.88192
      vertex -20.081 -32.1111 3.88192
    endloop
  endfacet
  facet normal -0.539287 -0.135105 -0.831214
    outer loop
      vertex -20.4 -31.6849 0.22699
      vertex -20.3355 -31.2723 0.118079
      vertex -20.2401 -31.6531 0.118079
    endloop
  endfacet
  facet normal -0.539538 -0.135026 -0.831064
    outer loop
      vertex -20.3355 -31.2723 0.118079
      vertex -20.4 -31.6849 0.22699
      vertex -20.4953 -31.3041 0.22699
    endloop
  endfacet
  facet normal -0.533344 -0.161796 -0.830281
    outer loop
      vertex -20.3639 -31.8039 0.22699
      vertex -20.4 -31.6849 0.22699
      vertex -20.2401 -31.6531 0.118079
    endloop
  endfacet
  facet normal -0.896319 -0.224551 -0.382346
    outer loop
      vertex -20.6427 -31.7332 0.528604
      vertex -20.8117 -31.367 0.709716
      vertex -20.7381 -31.3524 0.528604
    endloop
  endfacet
  facet normal -0.896319 -0.224551 -0.382346
    outer loop
      vertex -20.8117 -31.367 0.709716
      vertex -20.6427 -31.7332 0.528604
      vertex -20.7163 -31.7478 0.709716
    endloop
  endfacet
  facet normal -0.37168 -0.0930177 -0.923689
    outer loop
      vertex -20.2401 -31.6531 0.118079
      vertex -20.1578 -31.237 0.0430603
      vertex -20.0625 -31.6178 0.0430603
    endloop
  endfacet
  facet normal -0.371491 -0.0930679 -0.92376
    outer loop
      vertex -20.1578 -31.237 0.0430603
      vertex -20.2401 -31.6531 0.118079
      vertex -20.3355 -31.2723 0.118079
    endloop
  endfacet
  facet normal -0.555563 0 -0.831475
    outer loop
      vertex -20.5844 -30.4 0.22699
      vertex -20.4214 24.4 0.118079
      vertex -20.4214 -30.4 0.118079
    endloop
  endfacet
  facet normal -0.555563 0 -0.831475
    outer loop
      vertex -20.4214 24.4 0.118079
      vertex -20.5844 -30.4 0.22699
      vertex -20.5844 24.4 0.22699
    endloop
  endfacet
  facet normal -0.920051 -0.0904004 -0.381226
    outer loop
      vertex -20.7957 -30.9641 0.528604
      vertex -20.8693 -30.9788 0.709716
      vertex -20.8126 -30.7921 0.528604
    endloop
  endfacet
  facet normal -0.865089 -0.462453 -0.194314
    outer loop
      vertex -20.3051 -32.8385 0.901983
      vertex -20.3971 -32.6664 0.901983
      vertex -20.2733 -32.8172 0.709716
    endloop
  endfacet
  facet normal -0.970225 -0.143959 0.194782
    outer loop
      vertex -20.9068 -30.9862 3.09802
      vertex -20.8117 -31.367 3.29028
      vertex -20.8693 -30.9788 3.29028
    endloop
  endfacet
  facet normal -0.970216 -0.143921 0.194853
    outer loop
      vertex -20.8117 -31.367 3.29028
      vertex -20.9068 -30.9862 3.09802
      vertex -20.8492 -31.3745 3.09802
    endloop
  endfacet
  facet normal -0.699737 -0.103798 -0.706819
    outer loop
      vertex -20.6889 -30.9429 0.365607
      vertex -20.4953 -31.3041 0.22699
      vertex -20.6313 -31.3312 0.365607
    endloop
  endfacet
  facet normal -0.699737 -0.103798 -0.706819
    outer loop
      vertex -20.4953 -31.3041 0.22699
      vertex -20.6889 -30.9429 0.365607
      vertex -20.5529 -30.9158 0.22699
    endloop
  endfacet
  facet normal -0.86992 -0.311156 -0.382651
    outer loop
      vertex -20.4603 -32.2682 0.528604
      vertex -20.6619 -31.9273 0.709716
      vertex -20.5925 -31.8986 0.528604
    endloop
  endfacet
  facet normal -0.870003 -0.311422 -0.382244
    outer loop
      vertex -20.6619 -31.9273 0.709716
      vertex -20.4603 -32.2682 0.528604
      vertex -20.5296 -32.2969 0.709716
    endloop
  endfacet
  facet normal -0.830789 -0.0408932 0.555083
    outer loop
      vertex -20.8126 -30.7921 3.4714
      vertex -20.723 -30.4 3.63439
      vertex -20.8319 -30.4 3.4714
    endloop
  endfacet
  facet normal -0.830789 -0.0408932 0.555083
    outer loop
      vertex -20.723 -30.4 3.63439
      vertex -20.8126 -30.7921 3.4714
      vertex -20.7037 -30.7921 3.63439
    endloop
  endfacet
  facet normal -0.976277 0.0962158 0.193976
    outer loop
      vertex -20.8693 24.9788 3.29028
      vertex -20.9259 24.7921 3.09802
      vertex -20.8877 24.7921 3.29028
    endloop
  endfacet
  facet normal -0.884669 -0.268503 0.381138
    outer loop
      vertex -20.6427 -31.7332 3.4714
      vertex -20.7163 -31.7478 3.29028
      vertex -20.5925 -31.8986 3.4714
    endloop
  endfacet
  facet normal -0.796812 -0.241838 0.553719
    outer loop
      vertex -20.5359 -31.7119 3.63439
      vertex -20.6427 -31.7332 3.4714
      vertex -20.5925 -31.8986 3.4714
    endloop
  endfacet
  facet normal -0.639828 -0.302516 0.706473
    outer loop
      vertex -20.2316 -32.1735 3.77301
      vertex -20.1918 -32.5814 3.63439
      vertex -20.0638 -32.5284 3.77301
    endloop
  endfacet
  facet normal -0.639553 -0.302567 0.7067
    outer loop
      vertex -20.1918 -32.5814 3.63439
      vertex -20.2316 -32.1735 3.77301
      vertex -20.3597 -32.2265 3.63439
    endloop
  endfacet
  facet normal 0.0474541 -0.189418 0.980749
    outer loop
      vertex 16.7495 -34.4193 3.99518
      vertex 17.1678 -34.5125 3.95694
      vertex 17.1303 -34.3239 3.99518
    endloop
  endfacet
  facet normal 0.0474298 -0.18952 0.980731
    outer loop
      vertex 17.1678 -34.5125 3.95694
      vertex 16.7495 -34.4193 3.99518
      vertex 16.787 -34.6078 3.95694
    endloop
  endfacet
  facet normal 0.181257 -0.338818 0.923227
    outer loop
      vertex 18.0975 -34.3196 3.88192
      vertex 17.9969 -34.169 3.95694
      vertex 18.016 -34.3632 3.88192
    endloop
  endfacet
  facet normal 0.196889 -0.328507 0.923752
    outer loop
      vertex 18.3335 -33.9672 3.95694
      vertex 18.0975 -34.3196 3.88192
      vertex 18.4342 -34.1178 3.88192
    endloop
  endfacet
  facet normal 0.196979 -0.328559 0.923714
    outer loop
      vertex 18.0975 -34.3196 3.88192
      vertex 18.3335 -33.9672 3.95694
      vertex 17.9969 -34.169 3.95694
    endloop
  endfacet
  facet normal 0.171811 -0.686523 0.706517
    outer loop
      vertex 16.8541 -34.9453 3.77301
      vertex 17.2619 -34.9859 3.63439
      vertex 17.2349 -34.85 3.77301
    endloop
  endfacet
  facet normal 0.171949 -0.686175 0.706822
    outer loop
      vertex 17.2619 -34.9859 3.63439
      vertex 16.8541 -34.9453 3.77301
      vertex 16.8812 -35.0813 3.63439
    endloop
  endfacet
  facet normal -0.0695749 -0.705444 0.705342
    outer loop
      vertex -16.3421 -35.0151 3.77301
      vertex -16.4658 -35.0029 3.77301
      vertex -16.3421 -35.1537 3.63439
    endloop
  endfacet
  facet normal -0.355449 -0.751781 0.555412
    outer loop
      vertex -17.8182 -34.9103 3.4714
      vertex -18.1314 -34.6418 3.63439
      vertex -18.1731 -34.7425 3.4714
    endloop
  endfacet
  facet normal -0.355714 -0.751894 0.555088
    outer loop
      vertex -18.1314 -34.6418 3.63439
      vertex -17.8182 -34.9103 3.4714
      vertex -17.7765 -34.8097 3.63439
    endloop
  endfacet
  facet normal -0.243728 -0.296966 0.923259
    outer loop
      vertex -18.6928 -33.6973 3.95694
      vertex -18.8209 -33.8254 3.88192
      vertex -18.7495 -33.884 3.88192
    endloop
  endfacet
  facet normal -0.285805 -0.476861 0.831216
    outer loop
      vertex -18.4342 -34.1178 3.88192
      vertex -18.188 -34.4552 3.77301
      vertex -18.0975 -34.3196 3.88192
    endloop
  endfacet
  facet normal -0.285805 -0.476861 0.831216
    outer loop
      vertex -18.188 -34.4552 3.77301
      vertex -18.4342 -34.1178 3.88192
      vertex -18.5247 -34.2534 3.77301
    endloop
  endfacet
  facet normal -0.431026 -0.353755 0.830105
    outer loop
      vertex -19.434 -33.1995 3.88192
      vertex -19.4906 -33.3861 3.77301
      vertex -19.3754 -33.2709 3.88192
    endloop
  endfacet
  facet normal -0.296966 -0.243728 0.923259
    outer loop
      vertex -19.2473 -33.1428 3.95694
      vertex -19.434 -33.1995 3.88192
      vertex -19.3754 -33.2709 3.88192
    endloop
  endfacet
  facet normal -0.224552 -0.896325 0.382332
    outer loop
      vertex -16.917 -35.2617 3.29028
      vertex -17.2832 -35.0927 3.4714
      vertex -17.2978 -35.1663 3.29028
    endloop
  endfacet
  facet normal -0.224552 -0.896325 0.382332
    outer loop
      vertex -17.2832 -35.0927 3.4714
      vertex -16.917 -35.2617 3.29028
      vertex -16.9024 -35.1881 3.4714
    endloop
  endfacet
  facet normal -0.870009 0.311424 0.38223
    outer loop
      vertex -20.6619 25.9273 3.29028
      vertex -20.4603 26.2682 3.4714
      vertex -20.5296 26.2969 3.29028
    endloop
  endfacet
  facet normal -0.869925 0.311158 0.382636
    outer loop
      vertex -20.4603 26.2682 3.4714
      vertex -20.6619 25.9273 3.29028
      vertex -20.5925 25.8986 3.4714
    endloop
  endfacet
  facet normal -0.979699 0.047973 -0.194649
    outer loop
      vertex -20.9069 24.4 0.709716
      vertex -20.9259 24.7921 0.901983
      vertex -20.8877 24.7921 0.709716
    endloop
  endfacet
  facet normal -0.97959 0.0482175 -0.195136
    outer loop
      vertex -20.9259 24.7921 0.901983
      vertex -20.9069 24.4 0.709716
      vertex -20.9452 24.4 0.901983
    endloop
  endfacet
  facet normal -0.951426 0.238356 0.194872
    outer loop
      vertex -20.8492 25.3745 3.09802
      vertex -20.7163 25.7478 3.29028
      vertex -20.7538 25.7553 3.09802
    endloop
  endfacet
  facet normal -0.951426 0.238356 0.194872
    outer loop
      vertex -20.7163 25.7478 3.29028
      vertex -20.8492 25.3745 3.09802
      vertex -20.8117 25.367 3.29028
    endloop
  endfacet
  facet normal -0.606816 0.363693 0.706754
    outer loop
      vertex -20.1204 26.715 3.63439
      vertex -19.8033 26.9747 3.77301
      vertex -19.9186 27.0517 3.63439
    endloop
  endfacet
  facet normal -0.606921 0.363936 0.706539
    outer loop
      vertex -19.8033 26.9747 3.77301
      vertex -20.1204 26.715 3.63439
      vertex -20.0052 26.638 3.77301
    endloop
  endfacet
  facet normal -0.643826 0.528255 0.553566
    outer loop
      vertex -19.6656 27.5612 3.4714
      vertex -19.7753 27.4275 3.4714
      vertex -19.6848 27.367 3.63439
    endloop
  endfacet
  facet normal -0.620587 0.684623 0.382313
    outer loop
      vertex -19.1642 28.1687 3.29028
      vertex -19.402 27.852 3.4714
      vertex -19.1112 28.1156 3.4714
    endloop
  endfacet
  facet normal -0.620389 0.68464 0.382603
    outer loop
      vertex -19.402 27.852 3.4714
      vertex -19.1642 28.1687 3.29028
      vertex -19.4551 27.9051 3.29028
    endloop
  endfacet
  facet normal -0.671607 0.740908 0
    outer loop
      vertex -19.1913 28.1957 0.901983
      vertex -19.4821 27.9321 3.09802
      vertex -19.1913 28.1957 3.09802
    endloop
  endfacet
  facet normal -0.671607 0.740908 0
    outer loop
      vertex -19.4821 27.9321 3.09802
      vertex -19.1913 28.1957 0.901983
      vertex -19.4821 27.9321 0.901983
    endloop
  endfacet
  facet normal -0.658603 0.726812 0.194903
    outer loop
      vertex -19.1913 28.1957 3.09802
      vertex -19.4551 27.9051 3.29028
      vertex -19.1642 28.1687 3.29028
    endloop
  endfacet
  facet normal -0.658771 0.726747 0.194575
    outer loop
      vertex -19.4551 27.9051 3.29028
      vertex -19.1913 28.1957 3.09802
      vertex -19.4821 27.9321 3.09802
    endloop
  endfacet
  facet normal -0.475239 0.792694 0.381817
    outer loop
      vertex -18.3672 28.7233 3.29028
      vertex -18.6622 28.4592 3.4714
      vertex -18.3256 28.661 3.4714
    endloop
  endfacet
  facet normal -0.475088 0.792677 0.382039
    outer loop
      vertex -18.6622 28.4592 3.4714
      vertex -18.3672 28.7233 3.29028
      vertex -18.7039 28.5215 3.29028
    endloop
  endfacet
  facet normal -0.363806 0.607004 0.706535
    outer loop
      vertex -18.265 28.5704 3.63439
      vertex -18.5247 28.2534 3.77301
      vertex -18.188 28.4552 3.77301
    endloop
  endfacet
  facet normal -0.363806 0.607004 0.706535
    outer loop
      vertex -18.5247 28.2534 3.77301
      vertex -18.265 28.5704 3.63439
      vertex -18.6017 28.3686 3.63439
    endloop
  endfacet
  facet normal -0.355714 0.751894 0.555088
    outer loop
      vertex -17.8182 28.9103 3.4714
      vertex -18.1314 28.6418 3.63439
      vertex -17.7765 28.8097 3.63439
    endloop
  endfacet
  facet normal -0.355449 0.751781 0.555412
    outer loop
      vertex -18.1314 28.6418 3.63439
      vertex -17.8182 28.9103 3.4714
      vertex -18.1731 28.7425 3.4714
    endloop
  endfacet
  facet normal -0.504214 0.841273 0.195008
    outer loop
      vertex -18.3885 28.7551 3.09802
      vertex -18.7039 28.5215 3.29028
      vertex -18.3672 28.7233 3.29028
    endloop
  endfacet
  facet normal -0.504214 0.841273 0.195008
    outer loop
      vertex -18.7039 28.5215 3.29028
      vertex -18.3885 28.7551 3.09802
      vertex -18.7252 28.5533 3.09802
    endloop
  endfacet
  facet normal -0.471439 0.881899 0
    outer loop
      vertex -18.2164 28.8471 0.901983
      vertex -18.3885 28.7551 3.09802
      vertex -18.2164 28.8471 3.09802
    endloop
  endfacet
  facet normal -0.471439 0.881899 0
    outer loop
      vertex -18.3885 28.7551 3.09802
      vertex -18.2164 28.8471 0.901983
      vertex -18.3885 28.7551 0.901983
    endloop
  endfacet
  facet normal -0.586403 0.714695 0.381239
    outer loop
      vertex -19.0192 28.2877 3.29028
      vertex -19.1112 28.1156 3.4714
      vertex -18.9775 28.2253 3.4714
    endloop
  endfacet
  facet normal -0.528255 0.643826 0.553566
    outer loop
      vertex -18.9775 28.2253 3.4714
      vertex -19.1112 28.1156 3.4714
      vertex -18.917 28.1348 3.63439
    endloop
  endfacet
  facet normal -0.0960663 0.976255 -0.194157
    outer loop
      vertex -16.5287 29.3193 0.709716
      vertex -16.5362 29.3568 0.901983
      vertex -16.3421 29.3759 0.901983
    endloop
  endfacet
  facet normal -0.0451952 0.92297 -0.38221
    outer loop
      vertex -15.95 29.2819 0.528604
      vertex -16.3421 29.3377 0.709716
      vertex -15.95 29.3569 0.709716
    endloop
  endfacet
  facet normal -0.0451952 0.92297 -0.38221
    outer loop
      vertex -16.3421 29.3377 0.709716
      vertex -15.95 29.2819 0.528604
      vertex -16.3421 29.2627 0.528604
    endloop
  endfacet
  facet normal -0.0482175 0.97959 -0.195136
    outer loop
      vertex -15.95 29.3569 0.709716
      vertex -16.3421 29.3759 0.901983
      vertex -15.95 29.3952 0.901983
    endloop
  endfacet
  facet normal -0.047973 0.979699 -0.194649
    outer loop
      vertex -16.3421 29.3759 0.901983
      vertex -15.95 29.3569 0.709716
      vertex -16.3421 29.3377 0.709716
    endloop
  endfacet
  facet normal -0.0695742 0.705437 -0.70535
    outer loop
      vertex -16.3421 29.0151 0.22699
      vertex -16.4658 29.0029 0.22699
      vertex -16.3421 29.1537 0.365607
    endloop
  endfacet
  facet normal -0.0547107 0.554731 -0.830229
    outer loop
      vertex -16.3421 28.8521 0.118079
      vertex -16.4658 29.0029 0.22699
      vertex -16.3421 29.0151 0.22699
    endloop
  endfacet
  facet normal -0.28452 0.938811 -0.194118
    outer loop
      vertex -17.4773 29.1119 0.709716
      vertex -17.492 29.1472 0.901983
      vertex -17.2978 29.1663 0.709716
    endloop
  endfacet
  facet normal -0.337014 0.9415 0
    outer loop
      vertex -17.492 29.1472 0.901983
      vertex -17.8616 29.0149 3.09802
      vertex -17.492 29.1472 3.09802
    endloop
  endfacet
  facet normal -0.337014 0.9415 0
    outer loop
      vertex -17.8616 29.0149 3.09802
      vertex -17.492 29.1472 0.901983
      vertex -17.8616 29.0149 0.901983
    endloop
  endfacet
  facet normal -0.0960662 0.976254 0.194164
    outer loop
      vertex -16.3421 29.3759 3.09802
      vertex -16.5362 29.3568 3.09802
      vertex -16.5287 29.3193 3.29028
    endloop
  endfacet
  facet normal -0.311158 0.869925 0.382636
    outer loop
      vertex -17.4773 29.1119 3.29028
      vertex -17.8182 28.9103 3.4714
      vertex -17.4486 29.0425 3.4714
    endloop
  endfacet
  facet normal -0.311424 0.870009 0.38223
    outer loop
      vertex -17.8182 28.9103 3.4714
      vertex -17.4773 29.1119 3.29028
      vertex -17.8469 28.9796 3.29028
    endloop
  endfacet
  facet normal -0.0561943 0.378823 0.923761
    outer loop
      vertex -16.434 28.8431 3.88192
      vertex -16.787 28.6078 3.95694
      vertex -16.3987 28.6654 3.95694
    endloop
  endfacet
  facet normal -0.0561943 0.378823 0.923761
    outer loop
      vertex -16.787 28.6078 3.95694
      vertex -16.434 28.8431 3.88192
      vertex -16.8223 28.7855 3.88192
    endloop
  endfacet
  facet normal -0.283808 0.257174 0.92375
    outer loop
      vertex -19.3754 27.2709 3.88192
      vertex -18.9837 27.4337 3.95694
      vertex -19.1118 27.5618 3.88192
    endloop
  endfacet
  facet normal -0.283808 0.257174 0.92375
    outer loop
      vertex -18.9837 27.4337 3.95694
      vertex -19.3754 27.2709 3.88192
      vertex -19.2473 27.1428 3.95694
    endloop
  endfacet
  facet normal -0.0834972 0.176493 -0.980754
    outer loop
      vertex -17.9467 28.1959 0.0430603
      vertex -17.5182 28.1861 0.00481606
      vertex -17.8731 28.0182 0.00481606
    endloop
  endfacet
  facet normal -0.0834935 0.17659 -0.980737
    outer loop
      vertex -17.5182 28.1861 0.00481606
      vertex -17.9467 28.1959 0.0430603
      vertex -17.5918 28.3637 0.0430603
    endloop
  endfacet
  facet normal 0.103798 -0.699737 -0.706819
    outer loop
      vertex 16.4929 -35.1389 0.365607
      vertex 16.8541 -34.9453 0.22699
      vertex 16.8812 -35.0813 0.365607
    endloop
  endfacet
  facet normal 0.103798 -0.699737 -0.706819
    outer loop
      vertex 16.8541 -34.9453 0.22699
      vertex 16.4929 -35.1389 0.365607
      vertex 16.4658 -35.0029 0.22699
    endloop
  endfacet
  facet normal -0.355454 -0.751791 -0.555395
    outer loop
      vertex -18.1314 -34.6418 0.365607
      vertex -17.8182 -34.9103 0.528604
      vertex -18.1731 -34.7425 0.528604
    endloop
  endfacet
  facet normal -0.355719 -0.751904 -0.555072
    outer loop
      vertex -17.8182 -34.9103 0.528604
      vertex -18.1314 -34.6418 0.365607
      vertex -17.7765 -34.8097 0.365607
    endloop
  endfacet
  facet normal -0.502634 -0.23765 -0.831193
    outer loop
      vertex -20.0638 -32.5284 0.22699
      vertex -20.081 -32.1111 0.118079
      vertex -19.9132 -32.466 0.118079
    endloop
  endfacet
  facet normal -0.502634 -0.23765 -0.831193
    outer loop
      vertex -20.081 -32.1111 0.118079
      vertex -20.0638 -32.5284 0.22699
      vertex -20.2316 -32.1735 0.22699
    endloop
  endfacet
  facet normal -0.8069 -0.202202 -0.555002
    outer loop
      vertex -20.5359 -31.7119 0.365607
      vertex -20.7381 -31.3524 0.528604
      vertex -20.6313 -31.3312 0.365607
    endloop
  endfacet
  facet normal -0.806856 -0.202138 -0.555089
    outer loop
      vertex -20.7381 -31.3524 0.528604
      vertex -20.5359 -31.7119 0.365607
      vertex -20.6427 -31.7332 0.528604
    endloop
  endfacet
  facet normal -0.66616 -0.238275 -0.706722
    outer loop
      vertex -20.4919 -31.8569 0.365607
      vertex -20.2316 -32.1735 0.22699
      vertex -20.3597 -32.2265 0.365607
    endloop
  endfacet
  facet normal -0.666325 -0.238514 -0.706485
    outer loop
      vertex -20.2316 -32.1735 0.22699
      vertex -20.4919 -31.8569 0.365607
      vertex -20.3639 -31.8039 0.22699
    endloop
  endfacet
  facet normal -0.421501 0.568189 -0.706752
    outer loop
      vertex -18.917 28.1348 0.365607
      vertex -18.5247 28.2534 0.22699
      vertex -18.84 28.0195 0.22699
    endloop
  endfacet
  facet normal -0.421505 0.568437 -0.70655
    outer loop
      vertex -18.5247 28.2534 0.22699
      vertex -18.917 28.1348 0.365607
      vertex -18.6017 28.3686 0.365607
    endloop
  endfacet
  facet normal -0.353804 0.430932 -0.830133
    outer loop
      vertex -18.7495 27.884 0.118079
      vertex -18.9361 27.9406 0.22699
      vertex -18.84 28.0195 0.22699
    endloop
  endfacet
  facet normal -0.296984 0.243662 -0.923271
    outer loop
      vertex -19.2834 27.0988 0.0430603
      vertex -19.434 27.1995 0.118079
      vertex -19.2473 27.1428 0.0430603
    endloop
  endfacet
  facet normal -0.296961 0.243725 -0.923262
    outer loop
      vertex -19.2473 27.1428 0.0430603
      vertex -19.434 27.1995 0.118079
      vertex -19.3754 27.2709 0.118079
    endloop
  endfacet
  facet normal -0.606915 0.363932 -0.706546
    outer loop
      vertex -20.1204 26.715 0.365607
      vertex -19.8033 26.9747 0.22699
      vertex -20.0052 26.638 0.22699
    endloop
  endfacet
  facet normal -0.60681 0.363689 -0.706762
    outer loop
      vertex -19.8033 26.9747 0.22699
      vertex -20.1204 26.715 0.365607
      vertex -19.9186 27.0517 0.365607
    endloop
  endfacet
  facet normal -0.639821 0.302513 -0.706481
    outer loop
      vertex -20.2316 26.1735 0.22699
      vertex -20.1918 26.5814 0.365607
      vertex -20.0638 26.5284 0.22699
    endloop
  endfacet
  facet normal -0.639546 0.302564 -0.706708
    outer loop
      vertex -20.1918 26.5814 0.365607
      vertex -20.2316 26.1735 0.22699
      vertex -20.3597 26.2265 0.365607
    endloop
  endfacet
  facet normal -0.71469 0.586399 -0.381253
    outer loop
      vertex -19.7753 27.4275 0.528604
      vertex -19.8377 27.4692 0.709716
      vertex -19.6656 27.5612 0.528604
    endloop
  endfacet
  facet normal -0.787836 0.584193 -0.195023
    outer loop
      vertex -19.8377 27.4692 0.709716
      vertex -20.1033 27.1752 0.901983
      vertex -19.8695 27.4905 0.901983
    endloop
  endfacet
  facet normal -0.787836 0.584193 -0.195023
    outer loop
      vertex -20.1033 27.1752 0.901983
      vertex -19.8377 27.4692 0.709716
      vertex -20.0715 27.1539 0.709716
    endloop
  endfacet
  facet normal -0.803259 0.59563 0
    outer loop
      vertex -20.1033 27.1752 0.901983
      vertex -19.8695 27.4905 3.09802
      vertex -19.8695 27.4905 0.901983
    endloop
  endfacet
  facet normal -0.803259 0.59563 0
    outer loop
      vertex -19.8695 27.4905 3.09802
      vertex -20.1033 27.1752 0.901983
      vertex -20.1033 27.1752 3.09802
    endloop
  endfacet
  facet normal -0.684636 0.620385 -0.382617
    outer loop
      vertex -19.402 27.852 0.528604
      vertex -19.7187 27.6142 0.709716
      vertex -19.4551 27.9051 0.709716
    endloop
  endfacet
  facet normal -0.684619 0.620583 -0.382328
    outer loop
      vertex -19.7187 27.6142 0.709716
      vertex -19.402 27.852 0.528604
      vertex -19.6656 27.5612 0.528604
    endloop
  endfacet
  facet normal -0.430932 0.353804 -0.830133
    outer loop
      vertex -19.434 27.1995 0.118079
      vertex -19.5695 27.29 0.22699
      vertex -19.4906 27.3861 0.22699
    endloop
  endfacet
  facet normal -0.283804 0.25717 -0.923753
    outer loop
      vertex -19.3754 27.2709 0.118079
      vertex -18.9837 27.4337 0.0430603
      vertex -19.2473 27.1428 0.0430603
    endloop
  endfacet
  facet normal -0.283804 0.25717 -0.923753
    outer loop
      vertex -18.9837 27.4337 0.0430603
      vertex -19.3754 27.2709 0.118079
      vertex -19.1118 27.5618 0.118079
    endloop
  endfacet
  facet normal -0.568272 0.421383 -0.706755
    outer loop
      vertex -19.8033 26.9747 0.22699
      vertex -19.6848 27.367 0.365607
      vertex -19.5695 27.29 0.22699
    endloop
  endfacet
  facet normal -0.568272 0.421383 -0.706755
    outer loop
      vertex -19.6848 27.367 0.365607
      vertex -19.8033 26.9747 0.22699
      vertex -19.9186 27.0517 0.365607
    endloop
  endfacet
  facet normal -0.668128 0.49564 -0.554929
    outer loop
      vertex -19.6848 27.367 0.365607
      vertex -20.0092 27.1122 0.528604
      vertex -19.7753 27.4275 0.528604
    endloop
  endfacet
  facet normal -0.668075 0.495389 -0.555217
    outer loop
      vertex -20.0092 27.1122 0.528604
      vertex -19.6848 27.367 0.365607
      vertex -19.9186 27.0517 0.365607
    endloop
  endfacet
  facet normal -0.886707 0.419362 -0.194643
    outer loop
      vertex -20.3618 26.6518 0.709716
      vertex -20.5649 26.3116 0.901983
      vertex -20.3971 26.6664 0.901983
    endloop
  endfacet
  facet normal -0.886715 0.419247 -0.194854
    outer loop
      vertex -20.5649 26.3116 0.901983
      vertex -20.3618 26.6518 0.709716
      vertex -20.5296 26.2969 0.709716
    endloop
  endfacet
  facet normal -0.864975 0.462819 -0.193953
    outer loop
      vertex -20.3618 26.6518 0.709716
      vertex -20.3971 26.6664 0.901983
      vertex -20.2733 26.8172 0.709716
    endloop
  endfacet
  facet normal -0.558654 0.6163 -0.55505
    outer loop
      vertex -19.325 27.775 0.365607
      vertex -19.1112 28.1156 0.528604
      vertex -19.0342 28.0386 0.365607
    endloop
  endfacet
  facet normal -0.558654 0.6163 -0.55505
    outer loop
      vertex -19.1112 28.1156 0.528604
      vertex -19.325 27.775 0.365607
      vertex -19.402 27.852 0.528604
    endloop
  endfacet
  facet normal -0.634521 0.772906 0
    outer loop
      vertex -19.0405 28.3195 0.901983
      vertex -19.1913 28.1957 3.09802
      vertex -19.0405 28.3195 3.09802
    endloop
  endfacet
  facet normal -0.634521 0.772906 0
    outer loop
      vertex -19.1913 28.1957 3.09802
      vertex -19.0405 28.3195 0.901983
      vertex -19.1913 28.1957 0.901983
    endloop
  endfacet
  facet normal -0.751781 0.355449 0.555412
    outer loop
      vertex -20.4603 26.2682 3.4714
      vertex -20.1918 26.5814 3.63439
      vertex -20.2925 26.6231 3.4714
    endloop
  endfacet
  facet normal -0.751894 0.355714 0.555088
    outer loop
      vertex -20.1918 26.5814 3.63439
      vertex -20.4603 26.2682 3.4714
      vertex -20.3597 26.2265 3.63439
    endloop
  endfacet
  facet normal -0.172738 0.0925628 0.980609
    outer loop
      vertex -19.719 26.4469 3.95694
      vertex -19.7459 26.3967 3.95694
      vertex -19.5592 26.34 3.99518
    endloop
  endfacet
  facet normal -0.491417 0.262893 0.830299
    outer loop
      vertex -19.8696 26.5475 3.88192
      vertex -20.0052 26.638 3.77301
      vertex -19.9132 26.466 3.88192
    endloop
  endfacet
  facet normal -0.533413 0.161713 0.830253
    outer loop
      vertex -20.2133 25.7415 3.88192
      vertex -20.3639 25.8039 3.77301
      vertex -20.2401 25.6531 3.88192
    endloop
  endfacet
  facet normal -0.806856 0.202138 -0.555089
    outer loop
      vertex -20.5359 25.7119 0.365607
      vertex -20.7381 25.3524 0.528604
      vertex -20.6427 25.7332 0.528604
    endloop
  endfacet
  facet normal -0.8069 0.202202 -0.555002
    outer loop
      vertex -20.7381 25.3524 0.528604
      vertex -20.5359 25.7119 0.365607
      vertex -20.6313 25.3312 0.365607
    endloop
  endfacet
  facet normal -0.625193 0.334273 -0.705262
    outer loop
      vertex -20.0638 26.5284 0.22699
      vertex -20.1204 26.715 0.365607
      vertex -20.0052 26.638 0.22699
    endloop
  endfacet
  facet normal -0.502634 0.23765 -0.831193
    outer loop
      vertex -20.081 26.1111 0.118079
      vertex -20.0638 26.5284 0.22699
      vertex -19.9132 26.466 0.118079
    endloop
  endfacet
  facet normal -0.502634 0.23765 -0.831193
    outer loop
      vertex -20.0638 26.5284 0.22699
      vertex -20.081 26.1111 0.118079
      vertex -20.2316 26.1735 0.22699
    endloop
  endfacet
  facet normal -0.382641 -0.0188344 0.923705
    outer loop
      vertex -20.2403 -30.4 3.95694
      vertex -20.4021 -30.7921 3.88192
      vertex -20.221 -30.7921 3.95694
    endloop
  endfacet
  facet normal -0.382641 -0.0188344 0.923705
    outer loop
      vertex -20.4021 -30.7921 3.88192
      vertex -20.2403 -30.4 3.95694
      vertex -20.4214 -30.4 3.88192
    endloop
  endfacet
  facet normal -0.550161 0.0816102 0.831061
    outer loop
      vertex -20.5529 24.9158 3.77301
      vertex -20.3355 25.2723 3.88192
      vertex -20.4953 25.3041 3.77301
    endloop
  endfacet
  facet normal -0.550161 0.0816102 0.831061
    outer loop
      vertex -20.3355 25.2723 3.88192
      vertex -20.5529 24.9158 3.77301
      vertex -20.3931 24.884 3.88192
    endloop
  endfacet
  facet normal -0.195001 0.0192934 0.980613
    outer loop
      vertex -20.2154 24.8487 3.95694
      vertex -20.221 24.7921 3.95694
      vertex -20.0287 24.7921 3.99518
    endloop
  endfacet
  facet normal -0.195264 0.0184018 0.980578
    outer loop
      vertex -20.0269 24.8112 3.99518
      vertex -20.2154 24.8487 3.95694
      vertex -20.0287 24.7921 3.99518
    endloop
  endfacet
  facet normal -0.555352 0.0273356 0.831166
    outer loop
      vertex -20.5651 24.7921 3.77301
      vertex -20.4214 24.4 3.88192
      vertex -20.4021 24.7921 3.88192
    endloop
  endfacet
  facet normal -0.555352 0.0273356 0.831166
    outer loop
      vertex -20.4214 24.4 3.88192
      vertex -20.5651 24.7921 3.77301
      vertex -20.5844 24.4 3.77301
    endloop
  endfacet
  facet normal -0.382641 0.0188344 0.923705
    outer loop
      vertex -20.4021 24.7921 3.88192
      vertex -20.2403 24.4 3.95694
      vertex -20.221 24.7921 3.95694
    endloop
  endfacet
  facet normal -0.382641 0.0188344 0.923705
    outer loop
      vertex -20.2403 24.4 3.95694
      vertex -20.4021 24.7921 3.88192
      vertex -20.4214 24.4 3.88192
    endloop
  endfacet
  facet normal -0.189393 0.0474602 0.980754
    outer loop
      vertex -20.0625 25.6178 3.95694
      vertex -19.9693 25.1995 3.99518
      vertex -19.8739 25.5802 3.99518
    endloop
  endfacet
  facet normal -0.18952 0.0474298 0.980731
    outer loop
      vertex -19.9693 25.1995 3.99518
      vertex -20.0625 25.6178 3.95694
      vertex -20.1578 25.237 3.95694
    endloop
  endfacet
  facet normal 0.554727 0.0547104 0.830232
    outer loop
      vertex 20.5529 24.9158 3.77301
      vertex 20.4021 24.7921 3.88192
      vertex 20.5651 24.7921 3.77301
    endloop
  endfacet
  facet normal 0.555352 0.0273356 0.831166
    outer loop
      vertex 20.5651 24.7921 3.77301
      vertex 20.4214 24.4 3.88192
      vertex 20.5844 24.4 3.77301
    endloop
  endfacet
  facet normal 0.555352 0.0273356 0.831166
    outer loop
      vertex 20.4214 24.4 3.88192
      vertex 20.5651 24.7921 3.77301
      vertex 20.4021 24.7921 3.88192
    endloop
  endfacet
  facet normal 0.53334 0.161795 0.830283
    outer loop
      vertex 20.3639 25.8039 3.77301
      vertex 20.2401 25.6531 3.88192
      vertex 20.4 25.6849 3.77301
    endloop
  endfacet
  facet normal 0.539534 0.135025 0.831066
    outer loop
      vertex 20.4 25.6849 3.77301
      vertex 20.3355 25.2723 3.88192
      vertex 20.4953 25.3041 3.77301
    endloop
  endfacet
  facet normal 0.539284 0.135104 0.831216
    outer loop
      vertex 20.3355 25.2723 3.88192
      vertex 20.4 25.6849 3.77301
      vertex 20.2401 25.6531 3.88192
    endloop
  endfacet
  facet normal 0.475224 0.524261 -0.70662
    outer loop
      vertex 19.227 27.677 0.22699
      vertex 19.0342 28.0386 0.365607
      vertex 19.325 27.775 0.365607
    endloop
  endfacet
  facet normal 0.475022 0.524218 -0.706789
    outer loop
      vertex 19.0342 28.0386 0.365607
      vertex 19.227 27.677 0.22699
      vertex 18.9361 27.9406 0.22699
    endloop
  endfacet
  facet normal 0.436185 0.815198 -0.381044
    outer loop
      vertex 18.3672 28.7233 0.709716
      vertex 18.1731 28.7425 0.528604
      vertex 18.2018 28.8118 0.709716
    endloop
  endfacet
  facet normal 0.528262 0.643834 -0.553549
    outer loop
      vertex 19.1112 28.1156 0.528604
      vertex 18.917 28.1348 0.365607
      vertex 18.9775 28.2253 0.528604
    endloop
  endfacet
  facet normal 0.129118 0.36071 -0.923698
    outer loop
      vertex 17.5918 28.3637 0.0430603
      vertex 17.2915 28.6633 0.118079
      vertex 17.6611 28.531 0.118079
    endloop
  endfacet
  facet normal 0.128975 0.360584 -0.923766
    outer loop
      vertex 17.2915 28.6633 0.118079
      vertex 17.5918 28.3637 0.0430603
      vertex 17.2222 28.4959 0.0430603
    endloop
  endfacet
  facet normal 0.0834972 0.176493 -0.980754
    outer loop
      vertex 17.5182 28.1861 0.00481606
      vertex 17.9467 28.1959 0.0430603
      vertex 17.8731 28.0182 0.00481606
    endloop
  endfacet
  facet normal 0.0834935 0.17659 -0.980737
    outer loop
      vertex 17.9467 28.1959 0.0430603
      vertex 17.5182 28.1861 0.00481606
      vertex 17.5918 28.3637 0.0430603
    endloop
  endfacet
  facet normal 0.0572064 0.187472 -0.980603
    outer loop
      vertex 17.2222 28.4959 0.0430603
      vertex 17.1303 28.3239 0.00481606
      vertex 17.1678 28.5125 0.0430603
    endloop
  endfacet
  facet normal 0.187376 0.523463 -0.83119
    outer loop
      vertex 17.6611 28.531 0.118079
      vertex 17.3539 28.8139 0.22699
      vertex 17.7235 28.6816 0.22699
    endloop
  endfacet
  facet normal 0.187376 0.523463 -0.83119
    outer loop
      vertex 17.3539 28.8139 0.22699
      vertex 17.6611 28.531 0.118079
      vertex 17.2915 28.6633 0.118079
    endloop
  endfacet
  facet normal 0.0347864 0.706722 -0.706635
    outer loop
      vertex 15.95 29.0344 0.22699
      vertex 16.3421 29.1537 0.365607
      vertex 16.3421 29.0151 0.22699
    endloop
  endfacet
  facet normal 0.0347864 0.706722 -0.706635
    outer loop
      vertex 16.3421 29.1537 0.365607
      vertex 15.95 29.0344 0.22699
      vertex 15.95 29.173 0.365607
    endloop
  endfacet
  facet normal 0.514084 0.85774 -0
    outer loop
      vertex 18.7252 28.5533 0.901983
      vertex 18.3885 28.7551 3.09802
      vertex 18.7252 28.5533 3.09802
    endloop
  endfacet
  facet normal 0.514084 0.85774 0
    outer loop
      vertex 18.3885 28.7551 3.09802
      vertex 18.7252 28.5533 0.901983
      vertex 18.3885 28.7551 0.901983
    endloop
  endfacet
  facet normal 0.435855 0.815557 -0.380653
    outer loop
      vertex 18.3256 28.661 0.528604
      vertex 18.1731 28.7425 0.528604
      vertex 18.3672 28.7233 0.709716
    endloop
  endfacet
  facet normal 0.353757 0.431028 -0.830103
    outer loop
      vertex 18.8209 27.8254 0.118079
      vertex 18.7495 27.884 0.118079
      vertex 18.9361 27.9406 0.22699
    endloop
  endfacet
  facet normal 0.243725 0.296961 -0.923262
    outer loop
      vertex 18.8209 27.8254 0.118079
      vertex 18.6928 27.6973 0.0430603
      vertex 18.7495 27.884 0.118079
    endloop
  endfacet
  facet normal 0.328554 0.196976 -0.923717
    outer loop
      vertex 19.5172 26.7835 0.0430603
      vertex 19.8696 26.5475 0.118079
      vertex 19.719 26.4469 0.0430603
    endloop
  endfacet
  facet normal 0.328502 0.196886 -0.923754
    outer loop
      vertex 19.8696 26.5475 0.118079
      vertex 19.5172 26.7835 0.0430603
      vertex 19.6678 26.8842 0.118079
    endloop
  endfacet
  facet normal 0.643834 0.528262 -0.553549
    outer loop
      vertex 19.6848 27.367 0.365607
      vertex 19.6656 27.5612 0.528604
      vertex 19.7753 27.4275 0.528604
    endloop
  endfacet
  facet normal 0.430932 0.353804 -0.830133
    outer loop
      vertex 19.5695 27.29 0.22699
      vertex 19.434 27.1995 0.118079
      vertex 19.4906 27.3861 0.22699
    endloop
  endfacet
  facet normal 0.116358 0.156853 -0.980744
    outer loop
      vertex 18.2267 27.8074 0.00481606
      vertex 18.6488 27.7334 0.0430603
      vertex 18.542 27.5735 0.00481606
    endloop
  endfacet
  facet normal 0.116372 0.156938 -0.980728
    outer loop
      vertex 18.6488 27.7334 0.0430603
      vertex 18.2267 27.8074 0.00481606
      vertex 18.3335 27.9672 0.0430603
    endloop
  endfacet
  facet normal 0.285807 0.476864 -0.831213
    outer loop
      vertex 18.4342 28.1178 0.118079
      vertex 18.188 28.4552 0.22699
      vertex 18.5247 28.2534 0.22699
    endloop
  endfacet
  facet normal 0.285807 0.476864 -0.831213
    outer loop
      vertex 18.188 28.4552 0.22699
      vertex 18.4342 28.1178 0.118079
      vertex 18.0975 28.3196 0.118079
    endloop
  endfacet
  facet normal 0.502634 -0.23765 -0.831193
    outer loop
      vertex 20.0638 -32.5284 0.22699
      vertex 20.081 -32.1111 0.118079
      vertex 20.2316 -32.1735 0.22699
    endloop
  endfacet
  facet normal 0.502634 -0.23765 -0.831193
    outer loop
      vertex 20.081 -32.1111 0.118079
      vertex 20.0638 -32.5284 0.22699
      vertex 19.9132 -32.466 0.118079
    endloop
  endfacet
  facet normal 0.491533 -0.262809 -0.830257
    outer loop
      vertex 20.0052 -32.638 0.22699
      vertex 19.9132 -32.466 0.118079
      vertex 20.0638 -32.5284 0.22699
    endloop
  endfacet
  facet normal 0.328502 -0.196886 -0.923754
    outer loop
      vertex 19.5172 -32.7835 0.0430603
      vertex 19.8696 -32.5475 0.118079
      vertex 19.6678 -32.8842 0.118079
    endloop
  endfacet
  facet normal 0.328554 -0.196976 -0.923717
    outer loop
      vertex 19.8696 -32.5475 0.118079
      vertex 19.5172 -32.7835 0.0430603
      vertex 19.719 -32.4469 0.0430603
    endloop
  endfacet
  facet normal 0.533416 -0.161714 -0.830251
    outer loop
      vertex 20.3639 -31.8039 0.22699
      vertex 20.2133 -31.7415 0.118079
      vertex 20.2401 -31.6531 0.118079
    endloop
  endfacet
  facet normal 0.870009 0.311424 0.38223
    outer loop
      vertex 20.4603 26.2682 3.4714
      vertex 20.6619 25.9273 3.29028
      vertex 20.5296 26.2969 3.29028
    endloop
  endfacet
  facet normal 0.869925 0.311158 0.382636
    outer loop
      vertex 20.6619 25.9273 3.29028
      vertex 20.4603 26.2682 3.4714
      vertex 20.5925 25.8986 3.4714
    endloop
  endfacet
  facet normal 0.713316 0.42765 0.555244
    outer loop
      vertex 19.9186 27.0517 3.63439
      vertex 20.211 26.7756 3.4714
      vertex 20.0092 27.1122 3.4714
    endloop
  endfacet
  facet normal 0.713269 0.427495 0.555423
    outer loop
      vertex 20.211 26.7756 3.4714
      vertex 19.9186 27.0517 3.63439
      vertex 20.1204 26.715 3.63439
    endloop
  endfacet
  facet normal 0.49153 0.262807 0.830259
    outer loop
      vertex 20.0052 26.638 3.77301
      vertex 19.9132 26.466 3.88192
      vertex 20.0638 26.5284 3.77301
    endloop
  endfacet
  facet normal 0.502631 0.237648 0.831195
    outer loop
      vertex 20.0638 26.5284 3.77301
      vertex 20.081 26.1111 3.88192
      vertex 20.2316 26.1735 3.77301
    endloop
  endfacet
  facet normal 0.502631 0.237648 0.831195
    outer loop
      vertex 20.081 26.1111 3.88192
      vertex 20.0638 26.5284 3.77301
      vertex 19.9132 26.466 3.88192
    endloop
  endfacet
  facet normal 0.0573399 0.187378 0.980613
    outer loop
      vertex 17.2222 28.4959 3.95694
      vertex 17.1303 28.3239 3.99518
      vertex 17.1486 28.3183 3.99518
    endloop
  endfacet
  facet normal 0.0657809 0.183908 0.98074
    outer loop
      vertex 17.2222 28.4959 3.95694
      vertex 17.5182 28.1861 3.99518
      vertex 17.5918 28.3637 3.95694
    endloop
  endfacet
  facet normal 0.0657809 0.183908 0.98074
    outer loop
      vertex 17.5182 28.1861 3.99518
      vertex 17.2222 28.4959 3.95694
      vertex 17.1486 28.3183 3.99518
    endloop
  endfacet
  facet normal 0.0378216 0.382269 0.923277
    outer loop
      vertex 16.434 28.8431 3.88192
      vertex 16.3421 28.671 3.95694
      vertex 16.3987 28.6654 3.95694
    endloop
  endfacet
  facet normal 0.135025 0.539534 0.831066
    outer loop
      vertex 16.8223 28.7855 3.88192
      vertex 17.2349 28.85 3.77301
      vertex 16.8541 28.9453 3.77301
    endloop
  endfacet
  facet normal 0.135104 0.539284 0.831216
    outer loop
      vertex 17.2349 28.85 3.77301
      vertex 16.8223 28.7855 3.88192
      vertex 17.2031 28.6901 3.88192
    endloop
  endfacet
  facet normal 0.262893 0.491417 0.830299
    outer loop
      vertex 18.188 28.4552 3.77301
      vertex 18.016 28.3632 3.88192
      vertex 18.0975 28.3196 3.88192
    endloop
  endfacet
  facet normal 0.0286669 0.193253 0.98073
    outer loop
      vertex 16.3987 28.6654 3.95694
      vertex 16.7495 28.4193 3.99518
      vertex 16.787 28.6078 3.95694
    endloop
  endfacet
  facet normal 0.0286669 0.193253 0.98073
    outer loop
      vertex 16.7495 28.4193 3.99518
      vertex 16.3987 28.6654 3.95694
      vertex 16.3612 28.4769 3.99518
    endloop
  endfacet
  facet normal 0.283808 0.257174 0.92375
    outer loop
      vertex 18.9837 27.4337 3.95694
      vertex 19.3754 27.2709 3.88192
      vertex 19.1118 27.5618 3.88192
    endloop
  endfacet
  facet normal 0.283808 0.257174 0.92375
    outer loop
      vertex 19.3754 27.2709 3.88192
      vertex 18.9837 27.4337 3.95694
      vertex 19.2473 27.1428 3.95694
    endloop
  endfacet
  facet normal 0.353802 0.43093 0.830135
    outer loop
      vertex 18.84 28.0195 3.77301
      vertex 18.7495 27.884 3.88192
      vertex 18.9361 27.9406 3.77301
    endloop
  endfacet
  facet normal 0.243728 0.296966 0.923259
    outer loop
      vertex 18.7495 27.884 3.88192
      vertex 18.6928 27.6973 3.95694
      vertex 18.8209 27.8254 3.88192
    endloop
  endfacet
  facet normal 0.243666 0.296989 0.923269
    outer loop
      vertex 18.7495 27.884 3.88192
      vertex 18.6488 27.7334 3.95694
      vertex 18.6928 27.6973 3.95694
    endloop
  endfacet
  facet normal 0.353755 0.431026 0.830105
    outer loop
      vertex 18.9361 27.9406 3.77301
      vertex 18.7495 27.884 3.88192
      vertex 18.8209 27.8254 3.88192
    endloop
  endfacet
  facet normal 0.334277 0.6252 0.705254
    outer loop
      vertex 18.265 28.5704 3.63439
      vertex 18.0784 28.5138 3.77301
      vertex 18.188 28.4552 3.77301
    endloop
  endfacet
  facet normal 0.334191 0.625321 0.705188
    outer loop
      vertex 18.1314 28.6418 3.63439
      vertex 18.0784 28.5138 3.77301
      vertex 18.265 28.5704 3.63439
    endloop
  endfacet
  facet normal 0.0561943 0.378823 0.923761
    outer loop
      vertex 16.434 28.8431 3.88192
      vertex 16.787 28.6078 3.95694
      vertex 16.8223 28.7855 3.88192
    endloop
  endfacet
  facet normal 0.0561943 0.378823 0.923761
    outer loop
      vertex 16.787 28.6078 3.95694
      vertex 16.434 28.8431 3.88192
      vertex 16.3987 28.6654 3.95694
    endloop
  endfacet
  facet normal 0.241838 0.796812 0.553719
    outer loop
      vertex 17.2832 29.0927 3.4714
      vertex 17.2619 28.9859 3.63439
      vertex 17.4486 29.0425 3.4714
    endloop
  endfacet
  facet normal 0.268503 0.884669 0.381138
    outer loop
      vertex 17.2978 29.1663 3.29028
      vertex 17.2832 29.0927 3.4714
      vertex 17.4486 29.0425 3.4714
    endloop
  endfacet
  facet normal -0.0378211 0.382263 -0.923279
    outer loop
      vertex -16.3987 28.6654 0.0430603
      vertex -16.434 28.8431 0.118079
      vertex -16.3421 28.671 0.0430603
    endloop
  endfacet
  facet normal -0.0925726 0.172756 -0.980605
    outer loop
      vertex -17.89 28.0092 0.00481606
      vertex -17.9969 28.169 0.0430603
      vertex -17.9467 28.1959 0.0430603
    endloop
  endfacet
  facet normal -0.112188 0.367652 -0.923172
    outer loop
      vertex -17.1678 28.5125 0.0430603
      vertex -17.2222 28.4959 0.0430603
      vertex -17.2031 28.6901 0.118079
    endloop
  endfacet
  facet normal -0.0572064 0.187472 -0.980603
    outer loop
      vertex -17.1303 28.3239 0.00481606
      vertex -17.2222 28.4959 0.0430603
      vertex -17.1678 28.5125 0.0430603
    endloop
  endfacet
  facet normal -0.392396 0.734237 -0.554005
    outer loop
      vertex -18.265 28.5704 0.365607
      vertex -18.3256 28.661 0.528604
      vertex -18.1731 28.7425 0.528604
    endloop
  endfacet
  facet normal -0.196976 0.328554 -0.923717
    outer loop
      vertex -18.3335 27.9672 0.0430603
      vertex -18.0975 28.3196 0.118079
      vertex -17.9969 28.169 0.0430603
    endloop
  endfacet
  facet normal -0.196886 0.328502 -0.923754
    outer loop
      vertex -18.0975 28.3196 0.118079
      vertex -18.3335 27.9672 0.0430603
      vertex -18.4342 28.1178 0.118079
    endloop
  endfacet
  facet normal -0.0816108 0.550164 -0.831059
    outer loop
      vertex -16.8223 28.7855 0.118079
      vertex -16.4658 29.0029 0.22699
      vertex -16.434 28.8431 0.118079
    endloop
  endfacet
  facet normal -0.0816108 0.550164 -0.831059
    outer loop
      vertex -16.4658 29.0029 0.22699
      vertex -16.8223 28.7855 0.118079
      vertex -16.8541 28.9453 0.22699
    endloop
  endfacet
  facet normal 0.896325 0.224552 0.382332
    outer loop
      vertex 20.6427 25.7332 3.4714
      vertex 20.8117 25.367 3.29028
      vertex 20.7163 25.7478 3.29028
    endloop
  endfacet
  facet normal 0.896325 0.224552 0.382332
    outer loop
      vertex 20.8117 25.367 3.29028
      vertex 20.6427 25.7332 3.4714
      vertex 20.7381 25.3524 3.4714
    endloop
  endfacet
  facet normal -0.0657809 -0.183908 0.98074
    outer loop
      vertex -17.5182 -34.1861 3.99518
      vertex -17.2222 -34.4959 3.95694
      vertex -17.1486 -34.3183 3.99518
    endloop
  endfacet
  facet normal -0.0657809 -0.183908 0.98074
    outer loop
      vertex -17.2222 -34.4959 3.95694
      vertex -17.5182 -34.1861 3.99518
      vertex -17.5918 -34.3637 3.95694
    endloop
  endfacet
  facet normal -0.0188344 -0.382641 0.923705
    outer loop
      vertex -16.3421 -34.8521 3.88192
      vertex -15.95 -34.6903 3.95694
      vertex -16.3421 -34.671 3.95694
    endloop
  endfacet
  facet normal -0.0188344 -0.382641 0.923705
    outer loop
      vertex -15.95 -34.6903 3.95694
      vertex -16.3421 -34.8521 3.88192
      vertex -15.95 -34.8714 3.88192
    endloop
  endfacet
  facet normal -0.0547104 -0.554727 0.830232
    outer loop
      vertex -16.3421 -34.8521 3.88192
      vertex -16.4658 -35.0029 3.77301
      vertex -16.3421 -35.0151 3.77301
    endloop
  endfacet
  facet normal -0.0273356 -0.555352 0.831166
    outer loop
      vertex -16.3421 -35.0151 3.77301
      vertex -15.95 -34.8714 3.88192
      vertex -16.3421 -34.8521 3.88192
    endloop
  endfacet
  facet normal -0.0273356 -0.555352 0.831166
    outer loop
      vertex -15.95 -34.8714 3.88192
      vertex -16.3421 -35.0151 3.77301
      vertex -15.95 -35.0344 3.77301
    endloop
  endfacet
  facet normal -0.135104 -0.539284 0.831216
    outer loop
      vertex -17.2349 -34.85 3.77301
      vertex -16.8223 -34.7855 3.88192
      vertex -17.2031 -34.6901 3.88192
    endloop
  endfacet
  facet normal -0.135025 -0.539534 0.831066
    outer loop
      vertex -16.8223 -34.7855 3.88192
      vertex -17.2349 -34.85 3.77301
      vertex -16.8541 -34.9453 3.77301
    endloop
  endfacet
  facet normal -0.523459 -0.187375 0.831192
    outer loop
      vertex -20.3639 -31.8039 3.77301
      vertex -20.081 -32.1111 3.88192
      vertex -20.2133 -31.7415 3.88192
    endloop
  endfacet
  facet normal -0.523459 -0.187375 0.831192
    outer loop
      vertex -20.081 -32.1111 3.88192
      vertex -20.3639 -31.8039 3.77301
      vertex -20.2316 -32.1735 3.77301
    endloop
  endfacet
  facet normal -0.371686 -0.0930191 0.923687
    outer loop
      vertex -20.1578 -31.237 3.95694
      vertex -20.2401 -31.6531 3.88192
      vertex -20.0625 -31.6178 3.95694
    endloop
  endfacet
  facet normal -0.371497 -0.0930693 0.923758
    outer loop
      vertex -20.2401 -31.6531 3.88192
      vertex -20.1578 -31.237 3.95694
      vertex -20.3355 -31.2723 3.88192
    endloop
  endfacet
  facet normal -0.686523 -0.171811 0.706517
    outer loop
      vertex -20.4953 -31.3041 3.77301
      vertex -20.5359 -31.7119 3.63439
      vertex -20.4 -31.6849 3.77301
    endloop
  endfacet
  facet normal -0.686175 -0.171949 0.706822
    outer loop
      vertex -20.5359 -31.7119 3.63439
      vertex -20.4953 -31.3041 3.77301
      vertex -20.6313 -31.3312 3.63439
    endloop
  endfacet
  facet normal -0.8308 -0.0408938 -0.555066
    outer loop
      vertex -20.7037 -30.7921 0.365607
      vertex -20.8319 -30.4 0.528604
      vertex -20.723 -30.4 0.365607
    endloop
  endfacet
  facet normal -0.8308 -0.0408938 -0.555066
    outer loop
      vertex -20.8319 -30.4 0.528604
      vertex -20.7037 -30.7921 0.365607
      vertex -20.8126 -30.7921 0.528604
    endloop
  endfacet
  facet normal -0.796855 -0.241804 -0.553672
    outer loop
      vertex -20.4919 -31.8569 0.365607
      vertex -20.5925 -31.8986 0.528604
      vertex -20.5359 -31.7119 0.365607
    endloop
  endfacet
  facet normal -0.751904 -0.355719 -0.555072
    outer loop
      vertex -20.1918 -32.5814 0.365607
      vertex -20.4603 -32.2682 0.528604
      vertex -20.3597 -32.2265 0.365607
    endloop
  endfacet
  facet normal -0.751791 -0.355454 -0.555395
    outer loop
      vertex -20.4603 -32.2682 0.528604
      vertex -20.1918 -32.5814 0.365607
      vertex -20.2925 -32.6231 0.528604
    endloop
  endfacet
  facet normal -0.951427 -0.238356 -0.194865
    outer loop
      vertex -20.7163 -31.7478 0.709716
      vertex -20.8492 -31.3745 0.901983
      vertex -20.8117 -31.367 0.709716
    endloop
  endfacet
  facet normal -0.951427 -0.238356 -0.194865
    outer loop
      vertex -20.8492 -31.3745 0.901983
      vertex -20.7163 -31.7478 0.709716
      vertex -20.7538 -31.7553 0.901983
    endloop
  endfacet
  facet normal -0.979686 0.0482222 0.194653
    outer loop
      vertex -20.9452 24.4 3.09802
      vertex -20.8877 24.7921 3.29028
      vertex -20.9259 24.7921 3.09802
    endloop
  endfacet
  facet normal -0.979601 0.0479682 0.195146
    outer loop
      vertex -20.8877 24.7921 3.29028
      vertex -20.9452 24.4 3.09802
      vertex -20.9069 24.4 3.29028
    endloop
  endfacet
  facet normal -0.98073 0 0.195371
    outer loop
      vertex -20.9452 -30.4 3.09802
      vertex -20.9069 24.4 3.29028
      vertex -20.9452 24.4 3.09802
    endloop
  endfacet
  facet normal -0.98073 0 0.195371
    outer loop
      vertex -20.9069 24.4 3.29028
      vertex -20.9452 -30.4 3.09802
      vertex -20.9069 -30.4 3.29028
    endloop
  endfacet
  facet normal -0.828724 -0.0814269 0.553703
    outer loop
      vertex -20.7037 -30.7921 3.63439
      vertex -20.8126 -30.7921 3.4714
      vertex -20.7957 -30.9641 3.4714
    endloop
  endfacet
  facet normal -0.705444 -0.0695749 0.705342
    outer loop
      vertex -20.5651 -30.7921 3.77301
      vertex -20.7037 -30.7921 3.63439
      vertex -20.5529 -30.9158 3.77301
    endloop
  endfacet
  facet normal -0.70531 -0.0692214 0.705512
    outer loop
      vertex -20.5529 -30.9158 3.77301
      vertex -20.7037 -30.7921 3.63439
      vertex -20.6889 -30.9429 3.63439
    endloop
  endfacet
  facet normal -0.938769 -0.284597 0.194207
    outer loop
      vertex -20.7163 -31.7478 3.29028
      vertex -20.7538 -31.7553 3.09802
      vertex -20.6972 -31.942 3.09802
    endloop
  endfacet
  facet normal -0.238517 -0.666332 0.706478
    outer loop
      vertex -17.7235 -34.6816 3.77301
      vertex -17.4069 -34.9419 3.63439
      vertex -17.3539 -34.8139 3.77301
    endloop
  endfacet
  facet normal -0.238277 -0.666167 0.706714
    outer loop
      vertex -17.4069 -34.9419 3.63439
      vertex -17.7235 -34.6816 3.77301
      vertex -17.7765 -34.8097 3.63439
    endloop
  endfacet
  facet normal -0.353755 -0.431026 0.830105
    outer loop
      vertex -18.8209 -33.8254 3.88192
      vertex -18.9361 -33.9406 3.77301
      vertex -18.7495 -33.884 3.88192
    endloop
  endfacet
  facet normal -0.412171 -0.37349 0.831036
    outer loop
      vertex -19.4906 -33.3861 3.77301
      vertex -19.1118 -33.5618 3.88192
      vertex -19.3754 -33.2709 3.88192
    endloop
  endfacet
  facet normal -0.412171 -0.37349 0.831036
    outer loop
      vertex -19.1118 -33.5618 3.88192
      vertex -19.4906 -33.3861 3.77301
      vertex -19.227 -33.677 3.77301
    endloop
  endfacet
  facet normal -0.283808 -0.257174 0.92375
    outer loop
      vertex -19.3754 -33.2709 3.88192
      vertex -18.9837 -33.4337 3.95694
      vertex -19.2473 -33.1428 3.95694
    endloop
  endfacet
  facet normal -0.283808 -0.257174 0.92375
    outer loop
      vertex -18.9837 -33.4337 3.95694
      vertex -19.3754 -33.2709 3.88192
      vertex -19.1118 -33.5618 3.88192
    endloop
  endfacet
  facet normal -0.307631 -0.228113 0.923757
    outer loop
      vertex -19.5172 -32.7835 3.95694
      vertex -19.434 -33.1995 3.88192
      vertex -19.2834 -33.0988 3.95694
    endloop
  endfacet
  facet normal -0.307631 -0.228113 0.923757
    outer loop
      vertex -19.434 -33.1995 3.88192
      vertex -19.5172 -32.7835 3.95694
      vertex -19.6678 -32.8842 3.88192
    endloop
  endfacet
  facet normal -0.970217 0.143921 -0.194847
    outer loop
      vertex -20.8117 25.367 0.709716
      vertex -20.9068 24.9862 0.901983
      vertex -20.8492 25.3745 0.901983
    endloop
  endfacet
  facet normal -0.970226 0.143959 -0.194775
    outer loop
      vertex -20.9068 24.9862 0.901983
      vertex -20.8117 25.367 0.709716
      vertex -20.8693 24.9788 0.709716
    endloop
  endfacet
  facet normal -0.43093 0.353802 0.830135
    outer loop
      vertex -19.4906 27.3861 3.77301
      vertex -19.5695 27.29 3.77301
      vertex -19.434 27.1995 3.88192
    endloop
  endfacet
  facet normal -0.616292 0.558647 0.555066
    outer loop
      vertex -19.6656 27.5612 3.4714
      vertex -19.325 27.775 3.63439
      vertex -19.402 27.852 3.4714
    endloop
  endfacet
  facet normal -0.616292 0.558647 0.555066
    outer loop
      vertex -19.325 27.775 3.63439
      vertex -19.6656 27.5612 3.4714
      vertex -19.5886 27.4842 3.63439
    endloop
  endfacet
  facet normal -0.550595 0.742208 0.382064
    outer loop
      vertex -18.7039 28.5215 3.29028
      vertex -18.9775 28.2253 3.4714
      vertex -18.6622 28.4592 3.4714
    endloop
  endfacet
  facet normal -0.550356 0.742203 0.382417
    outer loop
      vertex -18.9775 28.2253 3.4714
      vertex -18.7039 28.5215 3.29028
      vertex -19.0192 28.2877 3.29028
    endloop
  endfacet
  facet normal -0.514084 0.85774 0
    outer loop
      vertex -18.3885 28.7551 0.901983
      vertex -18.7252 28.5533 3.09802
      vertex -18.3885 28.7551 3.09802
    endloop
  endfacet
  facet normal -0.514084 0.85774 0
    outer loop
      vertex -18.7252 28.5533 3.09802
      vertex -18.3885 28.7551 0.901983
      vertex -18.7252 28.5533 0.901983
    endloop
  endfacet
  facet normal -0.59563 0.803259 0
    outer loop
      vertex -18.7252 28.5533 0.901983
      vertex -19.0405 28.3195 3.09802
      vertex -18.7252 28.5533 3.09802
    endloop
  endfacet
  facet normal -0.59563 0.803259 0
    outer loop
      vertex -19.0405 28.3195 3.09802
      vertex -18.7252 28.5533 0.901983
      vertex -19.0405 28.3195 0.901983
    endloop
  endfacet
  facet normal -0.394984 0.835398 0.382228
    outer loop
      vertex -17.8469 28.9796 3.29028
      vertex -18.1731 28.7425 3.4714
      vertex -17.8182 28.9103 3.4714
    endloop
  endfacet
  facet normal -0.394984 0.835398 0.382228
    outer loop
      vertex -18.1731 28.7425 3.4714
      vertex -17.8469 28.9796 3.29028
      vertex -18.2018 28.8118 3.29028
    endloop
  endfacet
  facet normal -0.243015 0.970023 0
    outer loop
      vertex -16.9245 29.2992 0.901983
      vertex -17.3053 29.2038 3.09802
      vertex -16.9245 29.2992 3.09802
    endloop
  endfacet
  facet normal -0.243015 0.970023 0
    outer loop
      vertex -17.3053 29.2038 3.09802
      vertex -16.9245 29.2992 0.901983
      vertex -17.3053 29.2038 0.901983
    endloop
  endfacet
  facet normal -0.0818835 0.828469 -0.554017
    outer loop
      vertex -16.3421 29.1537 0.365607
      vertex -16.5141 29.2457 0.528604
      vertex -16.3421 29.2627 0.528604
    endloop
  endfacet
  facet normal -0.096267 0.976273 -0.193968
    outer loop
      vertex -16.3421 29.3377 0.709716
      vertex -16.5287 29.3193 0.709716
      vertex -16.3421 29.3759 0.901983
    endloop
  endfacet
  facet normal -0.394981 0.835392 -0.382242
    outer loop
      vertex -18.1731 28.7425 0.528604
      vertex -17.8469 28.9796 0.709716
      vertex -17.8182 28.9103 0.528604
    endloop
  endfacet
  facet normal -0.394981 0.835392 -0.382242
    outer loop
      vertex -17.8469 28.9796 0.709716
      vertex -18.1731 28.7425 0.528604
      vertex -18.2018 28.8118 0.709716
    endloop
  endfacet
  facet normal -0.436185 0.815198 -0.381044
    outer loop
      vertex -18.1731 28.7425 0.528604
      vertex -18.3672 28.7233 0.709716
      vertex -18.2018 28.8118 0.709716
    endloop
  endfacet
  facet normal -0.330557 0.92346 -0.194819
    outer loop
      vertex -17.8469 28.9796 0.709716
      vertex -17.492 29.1472 0.901983
      vertex -17.4773 29.1119 0.709716
    endloop
  endfacet
  facet normal -0.330557 0.92346 -0.194819
    outer loop
      vertex -17.492 29.1472 0.901983
      vertex -17.8469 28.9796 0.709716
      vertex -17.8616 29.0149 0.901983
    endloop
  endfacet
  facet normal -0.284598 0.938771 -0.194201
    outer loop
      vertex -17.2978 29.1663 0.709716
      vertex -17.492 29.1472 0.901983
      vertex -17.3053 29.2038 0.901983
    endloop
  endfacet
  facet normal -0.475085 -0.792672 -0.382054
    outer loop
      vertex -18.6622 -34.4592 0.528604
      vertex -18.3672 -34.7233 0.709716
      vertex -18.7039 -34.5215 0.709716
    endloop
  endfacet
  facet normal -0.475236 -0.792688 -0.381832
    outer loop
      vertex -18.3672 -34.7233 0.709716
      vertex -18.6622 -34.4592 0.528604
      vertex -18.3256 -34.661 0.528604
    endloop
  endfacet
  facet normal -0.427656 -0.713325 -0.555228
    outer loop
      vertex -18.6017 -34.3686 0.365607
      vertex -18.3256 -34.661 0.528604
      vertex -18.6622 -34.4592 0.528604
    endloop
  endfacet
  facet normal -0.427501 -0.713279 -0.555407
    outer loop
      vertex -18.3256 -34.661 0.528604
      vertex -18.6017 -34.3686 0.365607
      vertex -18.265 -34.5704 0.365607
    endloop
  endfacet
  facet normal -0.331266 0.446742 -0.831074
    outer loop
      vertex -18.84 28.0195 0.22699
      vertex -18.4342 28.1178 0.118079
      vertex -18.7495 27.884 0.118079
    endloop
  endfacet
  facet normal -0.331247 0.446525 -0.831198
    outer loop
      vertex -18.4342 28.1178 0.118079
      vertex -18.84 28.0195 0.22699
      vertex -18.5247 28.2534 0.22699
    endloop
  endfacet
  facet normal -0.338813 0.181255 -0.923229
    outer loop
      vertex -19.719 26.4469 0.0430603
      vertex -19.9132 26.466 0.118079
      vertex -19.8696 26.5475 0.118079
    endloop
  endfacet
  facet normal -0.243725 0.296961 -0.923262
    outer loop
      vertex -18.6928 27.6973 0.0430603
      vertex -18.8209 27.8254 0.118079
      vertex -18.7495 27.884 0.118079
    endloop
  endfacet
  facet normal -0.243662 0.296984 -0.923271
    outer loop
      vertex -18.6928 27.6973 0.0430603
      vertex -18.7495 27.884 0.118079
      vertex -18.6488 27.7334 0.0430603
    endloop
  endfacet
  facet normal -0.124181 0.151663 -0.980601
    outer loop
      vertex -18.5569 27.5613 0.00481606
      vertex -18.6928 27.6973 0.0430603
      vertex -18.542 27.5735 0.00481606
    endloop
  endfacet
  facet normal -0.131176 0.144712 -0.98074
    outer loop
      vertex -18.8477 27.2977 0.00481606
      vertex -18.6928 27.6973 0.0430603
      vertex -18.5569 27.5613 0.00481606
    endloop
  endfacet
  facet normal -0.131108 0.144687 -0.980753
    outer loop
      vertex -18.6928 27.6973 0.0430603
      vertex -18.8477 27.2977 0.00481606
      vertex -18.9837 27.4337 0.0430603
    endloop
  endfacet
  facet normal -0.714651 0.586507 -0.381161
    outer loop
      vertex -19.6656 27.5612 0.528604
      vertex -19.8377 27.4692 0.709716
      vertex -19.7187 27.6142 0.709716
    endloop
  endfacet
  facet normal -0.658604 0.726813 -0.194896
    outer loop
      vertex -19.4551 27.9051 0.709716
      vertex -19.1913 28.1957 0.901983
      vertex -19.1642 28.1687 0.709716
    endloop
  endfacet
  facet normal -0.658772 0.726748 -0.194568
    outer loop
      vertex -19.1913 28.1957 0.901983
      vertex -19.4551 27.9051 0.709716
      vertex -19.4821 27.9321 0.901983
    endloop
  endfacet
  facet normal -0.772906 0.634521 0
    outer loop
      vertex -19.8695 27.4905 0.901983
      vertex -19.7457 27.6413 3.09802
      vertex -19.7457 27.6413 0.901983
    endloop
  endfacet
  facet normal -0.772906 0.634521 0
    outer loop
      vertex -19.7457 27.6413 3.09802
      vertex -19.8695 27.4905 0.901983
      vertex -19.8695 27.4905 3.09802
    endloop
  endfacet
  facet normal -0.620583 0.684619 -0.382328
    outer loop
      vertex -19.402 27.852 0.528604
      vertex -19.1642 28.1687 0.709716
      vertex -19.1112 28.1156 0.528604
    endloop
  endfacet
  facet normal -0.620385 0.684636 -0.382617
    outer loop
      vertex -19.1642 28.1687 0.709716
      vertex -19.402 27.852 0.528604
      vertex -19.4551 27.9051 0.709716
    endloop
  endfacet
  facet normal -0.524218 0.475022 -0.706789
    outer loop
      vertex -19.5886 27.4842 0.365607
      vertex -19.227 27.677 0.22699
      vertex -19.4906 27.3861 0.22699
    endloop
  endfacet
  facet normal -0.524261 0.475224 -0.70662
    outer loop
      vertex -19.227 27.677 0.22699
      vertex -19.5886 27.4842 0.365607
      vertex -19.325 27.775 0.365607
    endloop
  endfacet
  facet normal -0.686523 0.171811 0.706517
    outer loop
      vertex -20.5359 25.7119 3.63439
      vertex -20.4953 25.3041 3.77301
      vertex -20.4 25.6849 3.77301
    endloop
  endfacet
  facet normal -0.686175 0.171949 0.706822
    outer loop
      vertex -20.4953 25.3041 3.77301
      vertex -20.5359 25.7119 3.63439
      vertex -20.6313 25.3312 3.63439
    endloop
  endfacet
  facet normal -0.502631 0.237648 0.831195
    outer loop
      vertex -20.0638 26.5284 3.77301
      vertex -20.081 26.1111 3.88192
      vertex -19.9132 26.466 3.88192
    endloop
  endfacet
  facet normal -0.502631 0.237648 0.831195
    outer loop
      vertex -20.081 26.1111 3.88192
      vertex -20.0638 26.5284 3.77301
      vertex -20.2316 26.1735 3.77301
    endloop
  endfacet
  facet normal -0.367624 0.111452 0.923272
    outer loop
      vertex -20.2133 25.7415 3.88192
      vertex -20.2401 25.6531 3.88192
      vertex -20.0459 25.6722 3.95694
    endloop
  endfacet
  facet normal -0.346359 0.163762 -0.923698
    outer loop
      vertex -19.9137 26.0418 0.0430603
      vertex -19.9132 26.466 0.118079
      vertex -19.7459 26.3967 0.0430603
    endloop
  endfacet
  facet normal -0.346359 0.163762 -0.923698
    outer loop
      vertex -19.9132 26.466 0.118079
      vertex -19.9137 26.0418 0.0430603
      vertex -20.081 26.1111 0.118079
    endloop
  endfacet
  facet normal 0.586507 0.714651 -0.381161
    outer loop
      vertex 19.1112 28.1156 0.528604
      vertex 19.0192 28.2877 0.709716
      vertex 19.1642 28.1687 0.709716
    endloop
  endfacet
  facet normal 0.449738 0.547779 -0.70546
    outer loop
      vertex 18.9361 27.9406 0.22699
      vertex 18.84 28.0195 0.22699
      vertex 18.917 28.1348 0.365607
    endloop
  endfacet
  facet normal 0.524218 0.475022 -0.706789
    outer loop
      vertex 19.227 27.677 0.22699
      vertex 19.5886 27.4842 0.365607
      vertex 19.4906 27.3861 0.22699
    endloop
  endfacet
  facet normal 0.524261 0.475224 -0.70662
    outer loop
      vertex 19.5886 27.4842 0.365607
      vertex 19.227 27.677 0.22699
      vertex 19.325 27.775 0.365607
    endloop
  endfacet
  facet normal 0.49564 0.668128 -0.554929
    outer loop
      vertex 18.917 28.1348 0.365607
      vertex 18.6622 28.4592 0.528604
      vertex 18.9775 28.2253 0.528604
    endloop
  endfacet
  facet normal 0.495389 0.668075 -0.555217
    outer loop
      vertex 18.6622 28.4592 0.528604
      vertex 18.917 28.1348 0.365607
      vertex 18.6017 28.3686 0.365607
    endloop
  endfacet
  facet normal 0.586399 0.71469 -0.381253
    outer loop
      vertex 19.1112 28.1156 0.528604
      vertex 18.9775 28.2253 0.528604
      vertex 19.0192 28.2877 0.709716
    endloop
  endfacet
  facet normal 0.550352 0.742199 -0.382431
    outer loop
      vertex 18.9775 28.2253 0.528604
      vertex 18.7039 28.5215 0.709716
      vertex 19.0192 28.2877 0.709716
    endloop
  endfacet
  facet normal 0.550591 0.742203 -0.382078
    outer loop
      vertex 18.7039 28.5215 0.709716
      vertex 18.9775 28.2253 0.528604
      vertex 18.6622 28.4592 0.528604
    endloop
  endfacet
  facet normal 0.181532 0.338771 -0.92319
    outer loop
      vertex 17.9969 28.169 0.0430603
      vertex 17.9467 28.1959 0.0430603
      vertex 18.016 28.3632 0.118079
    endloop
  endfacet
  facet normal 0.163762 0.346359 -0.923698
    outer loop
      vertex 17.5918 28.3637 0.0430603
      vertex 18.016 28.3632 0.118079
      vertex 17.9467 28.1959 0.0430603
    endloop
  endfacet
  facet normal 0.163762 0.346359 -0.923698
    outer loop
      vertex 18.016 28.3632 0.118079
      vertex 17.5918 28.3637 0.0430603
      vertex 17.6611 28.531 0.118079
    endloop
  endfacet
  facet normal 0.11145 0.367619 -0.923274
    outer loop
      vertex 17.2222 28.4959 0.0430603
      vertex 17.2031 28.6901 0.118079
      vertex 17.2915 28.6633 0.118079
    endloop
  endfacet
  facet normal 0.0930177 0.37168 -0.923689
    outer loop
      vertex 16.787 28.6078 0.0430603
      vertex 17.2031 28.6901 0.118079
      vertex 17.1678 28.5125 0.0430603
    endloop
  endfacet
  facet normal 0.0930679 0.371491 -0.92376
    outer loop
      vertex 17.2031 28.6901 0.118079
      vertex 16.787 28.6078 0.0430603
      vertex 16.8223 28.7855 0.118079
    endloop
  endfacet
  facet normal 0.135105 0.539287 -0.831214
    outer loop
      vertex 16.8223 28.7855 0.118079
      vertex 17.2349 28.85 0.22699
      vertex 17.2031 28.6901 0.118079
    endloop
  endfacet
  facet normal 0.135026 0.539538 -0.831064
    outer loop
      vertex 17.2349 28.85 0.22699
      vertex 16.8223 28.7855 0.118079
      vertex 16.8541 28.9453 0.22699
    endloop
  endfacet
  facet normal 0.0378211 0.382263 -0.923279
    outer loop
      vertex 16.3987 28.6654 0.0430603
      vertex 16.3421 28.671 0.0430603
      vertex 16.434 28.8431 0.118079
    endloop
  endfacet
  facet normal 0.0188341 0.382636 -0.923707
    outer loop
      vertex 15.95 28.6903 0.0430603
      vertex 16.3421 28.8521 0.118079
      vertex 16.3421 28.671 0.0430603
    endloop
  endfacet
  facet normal 0.0188341 0.382636 -0.923707
    outer loop
      vertex 16.3421 28.8521 0.118079
      vertex 15.95 28.6903 0.0430603
      vertex 15.95 28.8714 0.118079
    endloop
  endfacet
  facet normal 0 0.70715 -0.707063
    outer loop
      vertex -15.95 29.0344 0.22699
      vertex 15.95 29.173 0.365607
      vertex 15.95 29.0344 0.22699
    endloop
  endfacet
  facet normal 0 0.70715 -0.707063
    outer loop
      vertex 15.95 29.173 0.365607
      vertex -15.95 29.0344 0.22699
      vertex -15.95 29.173 0.365607
    endloop
  endfacet
  facet normal 0.504215 0.841274 -0.195001
    outer loop
      vertex 18.7039 28.5215 0.709716
      vertex 18.3885 28.7551 0.901983
      vertex 18.7252 28.5533 0.901983
    endloop
  endfacet
  facet normal 0.504215 0.841274 -0.195001
    outer loop
      vertex 18.3885 28.7551 0.901983
      vertex 18.7039 28.5215 0.709716
      vertex 18.3672 28.7233 0.709716
    endloop
  endfacet
  facet normal 0.427539 0.903997 -0
    outer loop
      vertex 18.2164 28.8471 0.901983
      vertex 17.8616 29.0149 3.09802
      vertex 18.2164 28.8471 3.09802
    endloop
  endfacet
  facet normal 0.427539 0.903997 0
    outer loop
      vertex 17.8616 29.0149 3.09802
      vertex 18.2164 28.8471 0.901983
      vertex 17.8616 29.0149 0.901983
    endloop
  endfacet
  facet normal 0.373492 0.412173 -0.831033
    outer loop
      vertex 19.1118 27.5618 0.118079
      vertex 18.9361 27.9406 0.22699
      vertex 19.227 27.677 0.22699
    endloop
  endfacet
  facet normal 0.373492 0.412173 -0.831033
    outer loop
      vertex 18.9361 27.9406 0.22699
      vertex 19.1118 27.5618 0.118079
      vertex 18.8209 27.8254 0.118079
    endloop
  endfacet
  facet normal 0.668128 0.49564 -0.554929
    outer loop
      vertex 20.0092 27.1122 0.528604
      vertex 19.6848 27.367 0.365607
      vertex 19.7753 27.4275 0.528604
    endloop
  endfacet
  facet normal 0.668075 0.495389 -0.555217
    outer loop
      vertex 19.6848 27.367 0.365607
      vertex 20.0092 27.1122 0.528604
      vertex 19.9186 27.0517 0.365607
    endloop
  endfacet
  facet normal 0.353804 0.430932 -0.830133
    outer loop
      vertex 18.9361 27.9406 0.22699
      vertex 18.7495 27.884 0.118079
      vertex 18.84 28.0195 0.22699
    endloop
  endfacet
  facet normal 0.196886 0.328502 -0.923754
    outer loop
      vertex 18.3335 27.9672 0.0430603
      vertex 18.0975 28.3196 0.118079
      vertex 18.4342 28.1178 0.118079
    endloop
  endfacet
  facet normal 0.196976 0.328554 -0.923717
    outer loop
      vertex 18.0975 28.3196 0.118079
      vertex 18.3335 27.9672 0.0430603
      vertex 17.9969 28.169 0.0430603
    endloop
  endfacet
  facet normal 0.124167 0.151647 0.980605
    outer loop
      vertex 18.6928 27.6973 3.95694
      vertex 18.542 27.5735 3.99518
      vertex 18.5569 27.5613 3.99518
    endloop
  endfacet
  facet normal 0.131094 0.144671 0.980757
    outer loop
      vertex 18.6928 27.6973 3.95694
      vertex 18.8477 27.2977 3.99518
      vertex 18.9837 27.4337 3.95694
    endloop
  endfacet
  facet normal 0.131162 0.144696 0.980744
    outer loop
      vertex 18.8477 27.2977 3.99518
      vertex 18.6928 27.6973 3.95694
      vertex 18.5569 27.5613 3.99518
    endloop
  endfacet
  facet normal 0.100452 0.167553 0.980732
    outer loop
      vertex 17.9969 28.169 3.95694
      vertex 18.2267 27.8074 3.99518
      vertex 18.3335 27.9672 3.95694
    endloop
  endfacet
  facet normal 0.100405 0.167524 0.980742
    outer loop
      vertex 18.2267 27.8074 3.99518
      vertex 17.9969 28.169 3.95694
      vertex 17.89 28.0092 3.99518
    endloop
  endfacet
  facet normal 0.181257 0.338818 0.923227
    outer loop
      vertex 18.016 28.3632 3.88192
      vertex 17.9969 28.169 3.95694
      vertex 18.0975 28.3196 3.88192
    endloop
  endfacet
  facet normal 0.181535 0.338776 0.923188
    outer loop
      vertex 18.016 28.3632 3.88192
      vertex 17.9467 28.1959 3.95694
      vertex 17.9969 28.169 3.95694
    endloop
  endfacet
  facet normal 0.330556 0.923458 0.194826
    outer loop
      vertex 17.492 29.1472 3.09802
      vertex 17.8469 28.9796 3.29028
      vertex 17.8616 29.0149 3.09802
    endloop
  endfacet
  facet normal 0.330556 0.923458 0.194826
    outer loop
      vertex 17.8469 28.9796 3.29028
      vertex 17.492 29.1472 3.09802
      vertex 17.4773 29.1119 3.29028
    endloop
  endfacet
  facet normal 0.202135 0.806846 0.555105
    outer loop
      vertex 16.9024 29.1881 3.4714
      vertex 17.2619 28.9859 3.63439
      vertex 17.2832 29.0927 3.4714
    endloop
  endfacet
  facet normal 0.202199 0.806889 0.555018
    outer loop
      vertex 17.2619 28.9859 3.63439
      vertex 16.9024 29.1881 3.4714
      vertex 16.8812 29.0813 3.63439
    endloop
  endfacet
  facet normal -0.054347 0.554944 -0.830111
    outer loop
      vertex -16.434 28.8431 0.118079
      vertex -16.4658 29.0029 0.22699
      vertex -16.3421 28.8521 0.118079
    endloop
  endfacet
  facet normal -0.0374528 0.382435 -0.923223
    outer loop
      vertex -16.3421 28.671 0.0430603
      vertex -16.434 28.8431 0.118079
      vertex -16.3421 28.8521 0.118079
    endloop
  endfacet
  facet normal 0.970216 0.143921 0.194853
    outer loop
      vertex 20.8117 25.367 3.29028
      vertex 20.9068 24.9862 3.09802
      vertex 20.8492 25.3745 3.09802
    endloop
  endfacet
  facet normal 0.970225 0.143959 0.194782
    outer loop
      vertex 20.9068 24.9862 3.09802
      vertex 20.8117 25.367 3.29028
      vertex 20.8693 24.9788 3.29028
    endloop
  endfacet
  facet normal -0.705437 -0.0695742 -0.70535
    outer loop
      vertex -20.5529 -30.9158 0.22699
      vertex -20.7037 -30.7921 0.365607
      vertex -20.5651 -30.7921 0.22699
    endloop
  endfacet
  facet normal -0.706722 -0.0347864 -0.706635
    outer loop
      vertex -20.7037 -30.7921 0.365607
      vertex -20.5844 -30.4 0.22699
      vertex -20.5651 -30.7921 0.22699
    endloop
  endfacet
  facet normal -0.706722 -0.0347864 -0.706635
    outer loop
      vertex -20.5844 -30.4 0.22699
      vertex -20.7037 -30.7921 0.365607
      vertex -20.723 -30.4 0.365607
    endloop
  endfacet
  facet normal -0.913984 -0.135579 -0.382428
    outer loop
      vertex -20.7381 -31.3524 0.528604
      vertex -20.8693 -30.9788 0.709716
      vertex -20.7957 -30.9641 0.528604
    endloop
  endfacet
  facet normal -0.914005 -0.135617 -0.382364
    outer loop
      vertex -20.8693 -30.9788 0.709716
      vertex -20.7381 -31.3524 0.528604
      vertex -20.8117 -31.367 0.709716
    endloop
  endfacet
  facet normal -0.783215 -0.280144 -0.555062
    outer loop
      vertex -20.3597 -32.2265 0.365607
      vertex -20.5925 -31.8986 0.528604
      vertex -20.4919 -31.8569 0.365607
    endloop
  endfacet
  facet normal -0.783215 -0.280144 -0.555062
    outer loop
      vertex -20.5925 -31.8986 0.528604
      vertex -20.3597 -32.2265 0.365607
      vertex -20.4603 -32.2682 0.528604
    endloop
  endfacet
  facet normal -0.884664 -0.268501 -0.381153
    outer loop
      vertex -20.5925 -31.8986 0.528604
      vertex -20.7163 -31.7478 0.709716
      vertex -20.6427 -31.7332 0.528604
    endloop
  endfacet
  facet normal -0.796823 -0.241841 -0.553703
    outer loop
      vertex -20.5925 -31.8986 0.528604
      vertex -20.6427 -31.7332 0.528604
      vertex -20.5359 -31.7119 0.365607
    endloop
  endfacet
  facet normal -0.884646 -0.268105 -0.381472
    outer loop
      vertex -20.6619 -31.9273 0.709716
      vertex -20.7163 -31.7478 0.709716
      vertex -20.5925 -31.8986 0.528604
    endloop
  endfacet
  facet normal -0.938811 -0.28452 -0.194118
    outer loop
      vertex -20.6972 -31.942 0.901983
      vertex -20.7163 -31.7478 0.709716
      vertex -20.6619 -31.9273 0.709716
    endloop
  endfacet
  facet normal -0.922796 0.0451866 0.38263
    outer loop
      vertex -20.9069 24.4 3.29028
      vertex -20.8126 24.7921 3.4714
      vertex -20.8877 24.7921 3.29028
    endloop
  endfacet
  facet normal -0.922966 0.0454304 0.382191
    outer loop
      vertex -20.8126 24.7921 3.4714
      vertex -20.9069 24.4 3.29028
      vertex -20.8319 24.4 3.4714
    endloop
  endfacet
  facet normal -0.976277 -0.0962158 0.193976
    outer loop
      vertex -20.8877 -30.7921 3.29028
      vertex -20.9259 -30.7921 3.09802
      vertex -20.8693 -30.9788 3.29028
    endloop
  endfacet
  facet normal -0.998791 -0.0491626 0
    outer loop
      vertex -20.9259 -30.7921 0.901983
      vertex -20.9452 -30.4 3.09802
      vertex -20.9452 -30.4 0.901983
    endloop
  endfacet
  facet normal -0.998791 -0.0491626 0
    outer loop
      vertex -20.9452 -30.4 3.09802
      vertex -20.9259 -30.7921 0.901983
      vertex -20.9259 -30.7921 3.09802
    endloop
  endfacet
  facet normal -0.555352 -0.0273356 0.831166
    outer loop
      vertex -20.4214 -30.4 3.88192
      vertex -20.5651 -30.7921 3.77301
      vertex -20.4021 -30.7921 3.88192
    endloop
  endfacet
  facet normal -0.555352 -0.0273356 0.831166
    outer loop
      vertex -20.5651 -30.7921 3.77301
      vertex -20.4214 -30.4 3.88192
      vertex -20.5844 -30.4 3.77301
    endloop
  endfacet
  facet normal -0.884652 -0.268106 0.381457
    outer loop
      vertex -20.5925 -31.8986 3.4714
      vertex -20.7163 -31.7478 3.29028
      vertex -20.6619 -31.9273 3.29028
    endloop
  endfacet
  facet normal -0.93881 -0.28452 0.194125
    outer loop
      vertex -20.6619 -31.9273 3.29028
      vertex -20.7163 -31.7478 3.29028
      vertex -20.6972 -31.942 3.09802
    endloop
  endfacet
  facet normal -0.257174 -0.283808 0.92375
    outer loop
      vertex -18.9837 -33.4337 3.95694
      vertex -18.8209 -33.8254 3.88192
      vertex -18.6928 -33.6973 3.95694
    endloop
  endfacet
  facet normal -0.257174 -0.283808 0.92375
    outer loop
      vertex -18.8209 -33.8254 3.88192
      vertex -18.9837 -33.4337 3.95694
      vertex -19.1118 -33.5618 3.88192
    endloop
  endfacet
  facet normal -0.606921 -0.363936 0.706539
    outer loop
      vertex -20.1204 -32.715 3.63439
      vertex -19.8033 -32.9747 3.77301
      vertex -20.0052 -32.638 3.77301
    endloop
  endfacet
  facet normal -0.606816 -0.363693 0.706754
    outer loop
      vertex -19.8033 -32.9747 3.77301
      vertex -20.1204 -32.715 3.63439
      vertex -19.9186 -33.0517 3.63439
    endloop
  endfacet
  facet normal -0.524267 0.475229 0.706613
    outer loop
      vertex -19.5886 27.4842 3.63439
      vertex -19.227 27.677 3.77301
      vertex -19.325 27.775 3.63439
    endloop
  endfacet
  facet normal -0.524223 0.475027 0.706781
    outer loop
      vertex -19.227 27.677 3.77301
      vertex -19.5886 27.4842 3.63439
      vertex -19.4906 27.3861 3.77301
    endloop
  endfacet
  facet normal -0.668119 0.495633 0.554946
    outer loop
      vertex -20.0092 27.1122 3.4714
      vertex -19.6848 27.367 3.63439
      vertex -19.7753 27.4275 3.4714
    endloop
  endfacet
  facet normal -0.668067 0.495382 0.555233
    outer loop
      vertex -19.6848 27.367 3.63439
      vertex -20.0092 27.1122 3.4714
      vertex -19.9186 27.0517 3.63439
    endloop
  endfacet
  facet normal -0.446739 0.331264 0.831077
    outer loop
      vertex -19.5695 27.29 3.77301
      vertex -19.6678 26.8842 3.88192
      vertex -19.434 27.1995 3.88192
    endloop
  endfacet
  facet normal -0.446739 0.331264 0.831077
    outer loop
      vertex -19.6678 26.8842 3.88192
      vertex -19.5695 27.29 3.77301
      vertex -19.8033 26.9747 3.77301
    endloop
  endfacet
  facet normal -0.462453 0.865088 0.19432
    outer loop
      vertex -18.2164 28.8471 3.09802
      vertex -18.3885 28.7551 3.09802
      vertex -18.3672 28.7233 3.29028
    endloop
  endfacet
  facet normal -0.584192 0.787835 0.19503
    outer loop
      vertex -18.7252 28.5533 3.09802
      vertex -19.0192 28.2877 3.29028
      vertex -18.7039 28.5215 3.29028
    endloop
  endfacet
  facet normal -0.584192 0.787835 0.19503
    outer loop
      vertex -19.0192 28.2877 3.29028
      vertex -18.7252 28.5533 3.09802
      vertex -19.0405 28.3195 3.09802
    endloop
  endfacet
  facet normal -0.0692206 0.705302 -0.705519
    outer loop
      vertex -16.4658 29.0029 0.22699
      vertex -16.4929 29.1389 0.365607
      vertex -16.3421 29.1537 0.365607
    endloop
  endfacet
  facet normal -0.122058 0.822834 -0.555018
    outer loop
      vertex -16.8812 29.0813 0.365607
      vertex -16.5141 29.2457 0.528604
      vertex -16.4929 29.1389 0.365607
    endloop
  endfacet
  facet normal -0.122058 0.822834 -0.555018
    outer loop
      vertex -16.5141 29.2457 0.528604
      vertex -16.8812 29.0813 0.365607
      vertex -16.9024 29.1881 0.528604
    endloop
  endfacet
  facet normal -0.238356 0.951427 -0.194865
    outer loop
      vertex -17.2978 29.1663 0.709716
      vertex -16.9245 29.2992 0.901983
      vertex -16.917 29.2617 0.709716
    endloop
  endfacet
  facet normal -0.238356 0.951427 -0.194865
    outer loop
      vertex -16.9245 29.2992 0.901983
      vertex -17.2978 29.1663 0.709716
      vertex -17.3053 29.2038 0.901983
    endloop
  endfacet
  facet normal -0.268501 0.884664 -0.381153
    outer loop
      vertex -17.2832 29.0927 0.528604
      vertex -17.4486 29.0425 0.528604
      vertex -17.2978 29.1663 0.709716
    endloop
  endfacet
  facet normal -0.311156 0.86992 -0.382651
    outer loop
      vertex -17.8182 28.9103 0.528604
      vertex -17.4773 29.1119 0.709716
      vertex -17.4486 29.0425 0.528604
    endloop
  endfacet
  facet normal -0.311422 0.870003 -0.382244
    outer loop
      vertex -17.4773 29.1119 0.709716
      vertex -17.8182 28.9103 0.528604
      vertex -17.8469 28.9796 0.709716
    endloop
  endfacet
  facet normal -0.495389 0.668075 -0.555217
    outer loop
      vertex -18.917 28.1348 0.365607
      vertex -18.6622 28.4592 0.528604
      vertex -18.6017 28.3686 0.365607
    endloop
  endfacet
  facet normal -0.49564 0.668128 -0.554929
    outer loop
      vertex -18.6622 28.4592 0.528604
      vertex -18.917 28.1348 0.365607
      vertex -18.9775 28.2253 0.528604
    endloop
  endfacet
  facet normal -0.285807 0.476864 -0.831213
    outer loop
      vertex -18.4342 28.1178 0.118079
      vertex -18.188 28.4552 0.22699
      vertex -18.0975 28.3196 0.118079
    endloop
  endfacet
  facet normal -0.285807 0.476864 -0.831213
    outer loop
      vertex -18.188 28.4552 0.22699
      vertex -18.4342 28.1178 0.118079
      vertex -18.5247 28.2534 0.22699
    endloop
  endfacet
  facet normal -0.307627 0.22811 -0.92376
    outer loop
      vertex -19.5172 26.7835 0.0430603
      vertex -19.434 27.1995 0.118079
      vertex -19.2834 27.0988 0.0430603
    endloop
  endfacet
  facet normal -0.307627 0.22811 -0.92376
    outer loop
      vertex -19.434 27.1995 0.118079
      vertex -19.5172 26.7835 0.0430603
      vertex -19.6678 26.8842 0.118079
    endloop
  endfacet
  facet normal -0.446742 0.331266 -0.831074
    outer loop
      vertex -19.6678 26.8842 0.118079
      vertex -19.5695 27.29 0.22699
      vertex -19.434 27.1995 0.118079
    endloop
  endfacet
  facet normal -0.446742 0.331266 -0.831074
    outer loop
      vertex -19.5695 27.29 0.22699
      vertex -19.6678 26.8842 0.118079
      vertex -19.8033 26.9747 0.22699
    endloop
  endfacet
  facet normal -0.346364 0.163764 0.923695
    outer loop
      vertex -19.9132 26.466 3.88192
      vertex -19.9137 26.0418 3.95694
      vertex -19.7459 26.3967 3.95694
    endloop
  endfacet
  facet normal -0.346364 0.163764 0.923695
    outer loop
      vertex -19.9137 26.0418 3.95694
      vertex -19.9132 26.466 3.88192
      vertex -20.081 26.1111 3.88192
    endloop
  endfacet
  facet normal -0.328507 0.196889 0.923752
    outer loop
      vertex -19.8696 26.5475 3.88192
      vertex -19.5172 26.7835 3.95694
      vertex -19.6678 26.8842 3.88192
    endloop
  endfacet
  facet normal -0.328559 0.196979 0.923714
    outer loop
      vertex -19.5172 26.7835 3.95694
      vertex -19.8696 26.5475 3.88192
      vertex -19.719 26.4469 3.95694
    endloop
  endfacet
  facet normal -0.625321 0.334191 0.705188
    outer loop
      vertex -20.1204 26.715 3.63439
      vertex -20.1918 26.5814 3.63439
      vertex -20.0638 26.5284 3.77301
    endloop
  endfacet
  facet normal -0.328554 0.196976 -0.923717
    outer loop
      vertex -19.8696 26.5475 0.118079
      vertex -19.5172 26.7835 0.0430603
      vertex -19.719 26.4469 0.0430603
    endloop
  endfacet
  facet normal -0.328502 0.196886 -0.923754
    outer loop
      vertex -19.5172 26.7835 0.0430603
      vertex -19.8696 26.5475 0.118079
      vertex -19.6678 26.8842 0.118079
    endloop
  endfacet
  facet normal 0.262895 0.49142 -0.830297
    outer loop
      vertex 18.0975 28.3196 0.118079
      vertex 18.016 28.3632 0.118079
      vertex 18.188 28.4552 0.22699
    endloop
  endfacet
  facet normal 0.181255 0.338813 -0.923229
    outer loop
      vertex 18.0975 28.3196 0.118079
      vertex 17.9969 28.169 0.0430603
      vertex 18.016 28.3632 0.118079
    endloop
  endfacet
  facet normal 0.054347 0.554944 -0.830111
    outer loop
      vertex 16.434 28.8431 0.118079
      vertex 16.3421 28.8521 0.118079
      vertex 16.4658 29.0029 0.22699
    endloop
  endfacet
  facet normal 0.0816108 0.550164 -0.831059
    outer loop
      vertex 16.8223 28.7855 0.118079
      vertex 16.4658 29.0029 0.22699
      vertex 16.8541 28.9453 0.22699
    endloop
  endfacet
  facet normal 0.0816108 0.550164 -0.831059
    outer loop
      vertex 16.4658 29.0029 0.22699
      vertex 16.8223 28.7855 0.118079
      vertex 16.434 28.8431 0.118079
    endloop
  endfacet
  facet normal 0.124181 0.151663 -0.980601
    outer loop
      vertex 18.5569 27.5613 0.00481606
      vertex 18.542 27.5735 0.00481606
      vertex 18.6928 27.6973 0.0430603
    endloop
  endfacet
  facet normal 0.412173 0.373492 -0.831033
    outer loop
      vertex 19.1118 27.5618 0.118079
      vertex 19.4906 27.3861 0.22699
      vertex 19.3754 27.2709 0.118079
    endloop
  endfacet
  facet normal 0.412173 0.373492 -0.831033
    outer loop
      vertex 19.4906 27.3861 0.22699
      vertex 19.1118 27.5618 0.118079
      vertex 19.227 27.677 0.22699
    endloop
  endfacet
  facet normal 0.296984 0.243662 -0.923271
    outer loop
      vertex 19.2834 27.0988 0.0430603
      vertex 19.2473 27.1428 0.0430603
      vertex 19.434 27.1995 0.118079
    endloop
  endfacet
  facet normal 0.331266 0.446742 -0.831074
    outer loop
      vertex 18.4342 28.1178 0.118079
      vertex 18.84 28.0195 0.22699
      vertex 18.7495 27.884 0.118079
    endloop
  endfacet
  facet normal 0.331247 0.446525 -0.831198
    outer loop
      vertex 18.84 28.0195 0.22699
      vertex 18.4342 28.1178 0.118079
      vertex 18.5247 28.2534 0.22699
    endloop
  endfacet
  facet normal 0.0194047 0.195068 0.980598
    outer loop
      vertex 16.3987 28.6654 3.95694
      vertex 16.3421 28.4788 3.99518
      vertex 16.3612 28.4769 3.99518
    endloop
  endfacet
  facet normal 0.0834846 0.176571 0.980741
    outer loop
      vertex 17.5182 28.1861 3.99518
      vertex 17.9467 28.1959 3.95694
      vertex 17.5918 28.3637 3.95694
    endloop
  endfacet
  facet normal 0.0834883 0.176474 0.980758
    outer loop
      vertex 17.9467 28.1959 3.95694
      vertex 17.5182 28.1861 3.99518
      vertex 17.8731 28.0182 3.99518
    endloop
  endfacet
  facet normal -0.205876 0.678454 -0.705206
    outer loop
      vertex -17.3539 28.8139 0.22699
      vertex -17.4069 28.9419 0.365607
      vertex -17.2619 28.9859 0.365607
    endloop
  endfacet
  facet normal -0.241841 0.796823 -0.553703
    outer loop
      vertex -17.2619 28.9859 0.365607
      vertex -17.4486 29.0425 0.528604
      vertex -17.2832 29.0927 0.528604
    endloop
  endfacet
  facet normal -0.241804 0.796855 -0.553672
    outer loop
      vertex -17.4069 28.9419 0.365607
      vertex -17.4486 29.0425 0.528604
      vertex -17.2619 28.9859 0.365607
    endloop
  endfacet
  facet normal -0.224551 0.896319 -0.382346
    outer loop
      vertex -17.2832 29.0927 0.528604
      vertex -16.917 29.2617 0.709716
      vertex -16.9024 29.1881 0.528604
    endloop
  endfacet
  facet normal -0.224551 0.896319 -0.382346
    outer loop
      vertex -16.917 29.2617 0.709716
      vertex -17.2832 29.0927 0.528604
      vertex -17.2978 29.1663 0.709716
    endloop
  endfacet
  facet normal -0.205814 0.678444 -0.705234
    outer loop
      vertex -17.2349 28.85 0.22699
      vertex -17.3539 28.8139 0.22699
      vertex -17.2619 28.9859 0.365607
    endloop
  endfacet
  facet normal -0.554731 -0.0547107 -0.830229
    outer loop
      vertex -20.5529 -30.9158 0.22699
      vertex -20.5651 -30.7921 0.22699
      vertex -20.4021 -30.7921 0.118079
    endloop
  endfacet
  facet normal -0.554944 -0.054347 -0.830111
    outer loop
      vertex -20.3931 -30.884 0.118079
      vertex -20.5529 -30.9158 0.22699
      vertex -20.4021 -30.7921 0.118079
    endloop
  endfacet
  facet normal -0.970023 -0.243015 0
    outer loop
      vertex -20.7538 -31.7553 0.901983
      vertex -20.8492 -31.3745 3.09802
      vertex -20.8492 -31.3745 0.901983
    endloop
  endfacet
  facet normal -0.970023 -0.243015 0
    outer loop
      vertex -20.8492 -31.3745 3.09802
      vertex -20.7538 -31.7553 0.901983
      vertex -20.7538 -31.7553 3.09802
    endloop
  endfacet
  facet normal -0.922976 -0.0451954 0.382195
    outer loop
      vertex -20.8877 -30.7921 3.29028
      vertex -20.8319 -30.4 3.4714
      vertex -20.9069 -30.4 3.29028
    endloop
  endfacet
  facet normal -0.922786 -0.0454215 0.382626
    outer loop
      vertex -20.8319 -30.4 3.4714
      vertex -20.8877 -30.7921 3.29028
      vertex -20.8126 -30.7921 3.4714
    endloop
  endfacet
  facet normal -0.869925 -0.311158 0.382636
    outer loop
      vertex -20.6619 -31.9273 3.29028
      vertex -20.4603 -32.2682 3.4714
      vertex -20.5925 -31.8986 3.4714
    endloop
  endfacet
  facet normal -0.870009 -0.311424 0.38223
    outer loop
      vertex -20.4603 -32.2682 3.4714
      vertex -20.6619 -31.9273 3.29028
      vertex -20.5296 -32.2969 3.29028
    endloop
  endfacet
  facet normal -0.392391 0.734228 0.554021
    outer loop
      vertex -18.1731 28.7425 3.4714
      vertex -18.3256 28.661 3.4714
      vertex -18.265 28.5704 3.63439
    endloop
  endfacet
  facet normal -0.135583 0.91401 -0.382364
    outer loop
      vertex -16.9024 29.1881 0.528604
      vertex -16.5287 29.3193 0.709716
      vertex -16.5141 29.2457 0.528604
    endloop
  endfacet
  facet normal -0.135583 0.91401 -0.382364
    outer loop
      vertex -16.5287 29.3193 0.709716
      vertex -16.9024 29.1881 0.528604
      vertex -16.917 29.2617 0.709716
    endloop
  endfacet
  facet normal -0.431028 0.353757 -0.830103
    outer loop
      vertex -19.434 27.1995 0.118079
      vertex -19.4906 27.3861 0.22699
      vertex -19.3754 27.2709 0.118079
    endloop
  endfacet
  facet normal -0.412173 0.373492 -0.831033
    outer loop
      vertex -19.4906 27.3861 0.22699
      vertex -19.1118 27.5618 0.118079
      vertex -19.3754 27.2709 0.118079
    endloop
  endfacet
  facet normal -0.412173 0.373492 -0.831033
    outer loop
      vertex -19.1118 27.5618 0.118079
      vertex -19.4906 27.3861 0.22699
      vertex -19.227 27.677 0.22699
    endloop
  endfacet
  facet normal -0.151511 0.124308 -0.980608
    outer loop
      vertex -19.1235 26.992 0.00481606
      vertex -19.2834 27.0988 0.0430603
      vertex -19.2473 27.1428 0.0430603
    endloop
  endfacet
  facet normal 0.151663 0.124181 -0.980601
    outer loop
      vertex 19.1235 26.992 0.00481606
      vertex 19.1113 27.0069 0.00481606
      vertex 19.2473 27.1428 0.0430603
    endloop
  endfacet
  facet normal 0.144712 0.131176 -0.98074
    outer loop
      vertex 18.8477 27.2977 0.00481606
      vertex 19.2473 27.1428 0.0430603
      vertex 19.1113 27.0069 0.00481606
    endloop
  endfacet
  facet normal 0.144687 0.131108 -0.980753
    outer loop
      vertex 19.2473 27.1428 0.0430603
      vertex 18.8477 27.2977 0.00481606
      vertex 18.9837 27.4337 0.0430603
    endloop
  endfacet
  facet normal 0 0 1
    outer loop
      vertex -17.4532 -22.05 3.99518
      vertex -12.2573 -9.40536 3.99518
      vertex -12.8462 -8.58356 3.99518
    endloop
  endfacet
  facet normal 0 0 1
    outer loop
      vertex -17.4532 -22.05 3.99518
      vertex -12.8462 -8.58356 3.99518
      vertex -13.3801 -7.725 3.99518
    endloop
  endfacet
  facet normal 0 0 1
    outer loop
      vertex -17.4532 -22.05 3.99518
      vertex -13.3801 -7.725 3.99518
      vertex -13.8567 -6.83336 3.99518
    endloop
  endfacet
  facet normal 0 0 1
    outer loop
      vertex -12.2573 -9.40536 3.99518
      vertex -14.0468 -22.05 3.99518
      vertex -12.3436 -25 3.99518
    endloop
  endfacet
  facet normal 0 0 1
    outer loop
      vertex -17.4532 -22.05 3.99518
      vertex -13.8567 -6.83336 3.99518
      vertex -14.2739 -5.91246 3.99518
    endloop
  endfacet
  facet normal 0 0 1
    outer loop
      vertex -17.4532 -22.05 3.99518
      vertex -14.2739 -5.91246 3.99518
      vertex -14.6301 -4.96624 3.99518
    endloop
  endfacet
  facet normal 0 0 1
    outer loop
      vertex -17.4532 -22.05 3.99518
      vertex -14.6301 -4.96624 3.99518
      vertex -14.9236 -3.99875 3.99518
    endloop
  endfacet
  facet normal 0 0 1
    outer loop
      vertex -17.4532 -22.05 3.99518
      vertex -14.9236 -3.99875 3.99518
      vertex -15.1531 -3.01414 3.99518
    endloop
  endfacet
  facet normal 0 0 1
    outer loop
      vertex -19.1564 -25 3.99518
      vertex -15.1531 -3.01414 3.99518
      vertex -15.3178 -2.01663 3.99518
    endloop
  endfacet
  facet normal 0 0 1
    outer loop
      vertex -19.1564 -25 3.99518
      vertex -15.3178 -2.01663 3.99518
      vertex -15.4169 -1.01048 3.99518
    endloop
  endfacet
  facet normal 0 0 1
    outer loop
      vertex -15.4169 1.01048 3.99518
      vertex -20.048 24.4 3.99518
      vertex -15.45 0 3.99518
    endloop
  endfacet
  facet normal 0 -0 1
    outer loop
      vertex -19.1564 -25 3.99518
      vertex -15.45 0 3.99518
      vertex -20.048 24.4 3.99518
    endloop
  endfacet
  facet normal 0 0 1
    outer loop
      vertex -12.2573 -9.40536 3.99518
      vertex -17.4532 -22.05 3.99518
      vertex -14.0468 -22.05 3.99518
    endloop
  endfacet
  facet normal -0 0 1
    outer loop
      vertex -20.048 24.4 3.99518
      vertex -17.4532 22.05 3.99518
      vertex -19.1564 25 3.99518
    endloop
  endfacet
  facet normal 0 0 1
    outer loop
      vertex -15.45 0 3.99518
      vertex -19.1564 -25 3.99518
      vertex -15.4169 -1.01048 3.99518
    endloop
  endfacet
  facet normal 0 0 1
    outer loop
      vertex -10.9248 10.9248 3.99518
      vertex -17.4532 22.05 3.99518
      vertex -11.6159 10.1869 3.99518
    endloop
  endfacet
  facet normal 0 0 1
    outer loop
      vertex -11.6159 10.1869 3.99518
      vertex -17.4532 22.05 3.99518
      vertex -12.2573 9.40536 3.99518
    endloop
  endfacet
  facet normal 0 0 1
    outer loop
      vertex -12.2573 9.40536 3.99518
      vertex -17.4532 22.05 3.99518
      vertex -12.8462 8.58356 3.99518
    endloop
  endfacet
  facet normal 0 0 1
    outer loop
      vertex -12.8462 8.58356 3.99518
      vertex -17.4532 22.05 3.99518
      vertex -13.3801 7.725 3.99518
    endloop
  endfacet
  facet normal 0 0 1
    outer loop
      vertex -13.3801 7.725 3.99518
      vertex -17.4532 22.05 3.99518
      vertex -13.8567 6.83336 3.99518
    endloop
  endfacet
  facet normal 0 0 1
    outer loop
      vertex -13.8567 6.83336 3.99518
      vertex -17.4532 22.05 3.99518
      vertex -14.2739 5.91246 3.99518
    endloop
  endfacet
  facet normal 0 0 1
    outer loop
      vertex -14.2739 5.91246 3.99518
      vertex -17.4532 22.05 3.99518
      vertex -14.6301 4.96624 3.99518
    endloop
  endfacet
  facet normal 0 0 1
    outer loop
      vertex -20.048 24.4 3.99518
      vertex -14.6301 4.96624 3.99518
      vertex -17.4532 22.05 3.99518
    endloop
  endfacet
  facet normal 0 0 1
    outer loop
      vertex -14.6301 4.96624 3.99518
      vertex -20.048 24.4 3.99518
      vertex -14.9236 3.99875 3.99518
    endloop
  endfacet
  facet normal 0 0 1
    outer loop
      vertex -14.9236 3.99875 3.99518
      vertex -20.048 24.4 3.99518
      vertex -15.1531 3.01414 3.99518
    endloop
  endfacet
  facet normal 0 0 1
    outer loop
      vertex -15.3178 2.01663 3.99518
      vertex -20.048 24.4 3.99518
      vertex -15.4169 1.01048 3.99518
    endloop
  endfacet
  facet normal 0 0 1
    outer loop
      vertex -15.1531 3.01414 3.99518
      vertex -20.048 24.4 3.99518
      vertex -15.3178 2.01663 3.99518
    endloop
  endfacet
  facet normal 0 0 1
    outer loop
      vertex 14.6301 4.96624 3.99518
      vertex 20.048 24.4 3.99518
      vertex 17.4532 22.05 3.99518
    endloop
  endfacet
  facet normal 0 0 1
    outer loop
      vertex 20.048 24.4 3.99518
      vertex 15.45 0 3.99518
      vertex 19.1564 -25 3.99518
    endloop
  endfacet
  facet normal -0 0 1
    outer loop
      vertex 15.4169 -1.01048 3.99518
      vertex 19.1564 -25 3.99518
      vertex 15.45 0 3.99518
    endloop
  endfacet
  facet normal 0 0 1
    outer loop
      vertex 20.048 24.4 3.99518
      vertex 15.4169 1.01048 3.99518
      vertex 15.45 0 3.99518
    endloop
  endfacet
  facet normal 0 0 1
    outer loop
      vertex 20.048 24.4 3.99518
      vertex 15.3178 2.01663 3.99518
      vertex 15.4169 1.01048 3.99518
    endloop
  endfacet
  facet normal 0 0 1
    outer loop
      vertex 20.048 24.4 3.99518
      vertex 15.1531 3.01414 3.99518
      vertex 15.3178 2.01663 3.99518
    endloop
  endfacet
  facet normal 0 0 1
    outer loop
      vertex 20.048 24.4 3.99518
      vertex 14.9236 3.99875 3.99518
      vertex 15.1531 3.01414 3.99518
    endloop
  endfacet
  facet normal 0 0 1
    outer loop
      vertex 20.048 24.4 3.99518
      vertex 14.6301 4.96624 3.99518
      vertex 14.9236 3.99875 3.99518
    endloop
  endfacet
  facet normal 0 0 1
    outer loop
      vertex 17.4532 22.05 3.99518
      vertex 14.2739 5.91246 3.99518
      vertex 14.6301 4.96624 3.99518
    endloop
  endfacet
  facet normal 0 0 1
    outer loop
      vertex 10.9248 10.9248 3.99518
      vertex 17.4532 22.05 3.99518
      vertex 14.0468 22.05 3.99518
    endloop
  endfacet
  facet normal 0 0 1
    outer loop
      vertex 17.4532 22.05 3.99518
      vertex 13.8567 6.83336 3.99518
      vertex 14.2739 5.91246 3.99518
    endloop
  endfacet
  facet normal 0 0 1
    outer loop
      vertex 17.4532 22.05 3.99518
      vertex 13.3801 7.725 3.99518
      vertex 13.8567 6.83336 3.99518
    endloop
  endfacet
  facet normal 0 0 1
    outer loop
      vertex 17.4532 22.05 3.99518
      vertex 12.8462 8.58356 3.99518
      vertex 13.3801 7.725 3.99518
    endloop
  endfacet
  facet normal 0 0 1
    outer loop
      vertex 5.91246 14.2739 3.99518
      vertex 14.0468 22.05 3.99518
      vertex 12.3436 25 3.99518
    endloop
  endfacet
  facet normal 0 0 1
    outer loop
      vertex 17.4532 22.05 3.99518
      vertex 12.2573 9.40536 3.99518
      vertex 12.8462 8.58356 3.99518
    endloop
  endfacet
  facet normal 0 0 1
    outer loop
      vertex 19.1564 25 3.99518
      vertex 20.048 24.4 3.99518
      vertex 20.0287 24.7921 3.99518
    endloop
  endfacet
  facet normal 0 0 1
    outer loop
      vertex 20.048 24.4 3.99518
      vertex 19.1564 -25 3.99518
      vertex 20.048 -30.4 3.99518
    endloop
  endfacet
  facet normal 0 0 1
    outer loop
      vertex 19.1564 25 3.99518
      vertex 20.0287 24.7921 3.99518
      vertex 20.0269 24.8112 3.99518
    endloop
  endfacet
  facet normal -0 0 1
    outer loop
      vertex 17.4532 -27.95 3.99518
      vertex 20.048 -30.4 3.99518
      vertex 19.1564 -25 3.99518
    endloop
  endfacet
  facet normal -0 0 1
    outer loop
      vertex 19.1564 25 3.99518
      vertex 20.0269 24.8112 3.99518
      vertex 19.9693 25.1995 3.99518
    endloop
  endfacet
  facet normal 0 0 1
    outer loop
      vertex 20.048 -30.4 3.99518
      vertex 17.4532 -27.95 3.99518
      vertex 20.0287 -30.7921 3.99518
    endloop
  endfacet
  facet normal 0 0 1
    outer loop
      vertex 19.1564 25 3.99518
      vertex 19.9693 25.1995 3.99518
      vertex 19.8739 25.5802 3.99518
    endloop
  endfacet
  facet normal 0 0 1
    outer loop
      vertex 20.0287 -30.7921 3.99518
      vertex 17.4532 -27.95 3.99518
      vertex 20.0269 -30.8112 3.99518
    endloop
  endfacet
  facet normal 0 0 1
    outer loop
      vertex 19.1564 25 3.99518
      vertex 19.8739 25.5802 3.99518
      vertex 19.8683 25.5986 3.99518
    endloop
  endfacet
  facet normal 0 0 1
    outer loop
      vertex 20.0269 -30.8112 3.99518
      vertex 17.4532 -27.95 3.99518
      vertex 19.9693 -31.1995 3.99518
    endloop
  endfacet
  facet normal 0 0 1
    outer loop
      vertex 19.1564 25 3.99518
      vertex 19.8683 25.5986 3.99518
      vertex 19.7361 25.9682 3.99518
    endloop
  endfacet
  facet normal 0 0 1
    outer loop
      vertex 19.9693 -31.1995 3.99518
      vertex 17.4532 -27.95 3.99518
      vertex 19.8739 -31.5802 3.99518
    endloop
  endfacet
  facet normal 0 0 1
    outer loop
      vertex 19.1564 25 3.99518
      vertex 19.7361 25.9682 3.99518
      vertex 19.5682 26.3231 3.99518
    endloop
  endfacet
  facet normal 0 0 1
    outer loop
      vertex 19.8739 -31.5802 3.99518
      vertex 17.4532 -27.95 3.99518
      vertex 19.8683 -31.5986 3.99518
    endloop
  endfacet
  facet normal 0 0 1
    outer loop
      vertex 19.1564 25 3.99518
      vertex 19.5682 26.3231 3.99518
      vertex 19.5592 26.34 3.99518
    endloop
  endfacet
  facet normal 0 0 1
    outer loop
      vertex 19.8683 -31.5986 3.99518
      vertex 17.4532 -27.95 3.99518
      vertex 19.7361 -31.9682 3.99518
    endloop
  endfacet
  facet normal 0 0 1
    outer loop
      vertex 19.1564 25 3.99518
      vertex 19.5592 26.34 3.99518
      vertex 19.3574 26.6767 3.99518
    endloop
  endfacet
  facet normal 0 0 1
    outer loop
      vertex 19.7361 -31.9682 3.99518
      vertex 17.4532 -27.95 3.99518
      vertex 19.5682 -32.3231 3.99518
    endloop
  endfacet
  facet normal 0 0 1
    outer loop
      vertex 17.4532 22.05 3.99518
      vertex 20.048 24.4 3.99518
      vertex 19.1564 25 3.99518
    endloop
  endfacet
  facet normal 0 0 1
    outer loop
      vertex 19.1235 26.992 3.99518
      vertex 19.1564 25 3.99518
      vertex 19.3574 26.6767 3.99518
    endloop
  endfacet
  facet normal 0 0 1
    outer loop
      vertex 19.1113 27.0069 3.99518
      vertex 19.1564 25 3.99518
      vertex 19.1235 26.992 3.99518
    endloop
  endfacet
  facet normal 0 0 1
    outer loop
      vertex 18.8477 27.2977 3.99518
      vertex 19.1564 25 3.99518
      vertex 19.1113 27.0069 3.99518
    endloop
  endfacet
  facet normal 0 0 1
    outer loop
      vertex 18.5569 27.5613 3.99518
      vertex 19.1564 25 3.99518
      vertex 18.8477 27.2977 3.99518
    endloop
  endfacet
  facet normal 0 0 1
    outer loop
      vertex 17.4532 27.95 3.99518
      vertex 18.5569 27.5613 3.99518
      vertex 18.542 27.5735 3.99518
    endloop
  endfacet
  facet normal 0 0 1
    outer loop
      vertex 17.4532 27.95 3.99518
      vertex 18.542 27.5735 3.99518
      vertex 18.2267 27.8074 3.99518
    endloop
  endfacet
  facet normal -0 0 1
    outer loop
      vertex 17.4532 27.95 3.99518
      vertex 18.2267 27.8074 3.99518
      vertex 17.89 28.0092 3.99518
    endloop
  endfacet
  facet normal 0 0 1
    outer loop
      vertex 17.4532 27.95 3.99518
      vertex 17.89 28.0092 3.99518
      vertex 17.8731 28.0182 3.99518
    endloop
  endfacet
  facet normal 0 0 1
    outer loop
      vertex 17.4532 27.95 3.99518
      vertex 17.8731 28.0182 3.99518
      vertex 17.5182 28.1861 3.99518
    endloop
  endfacet
  facet normal 0 0 1
    outer loop
      vertex 18.5569 27.5613 3.99518
      vertex 17.4532 27.95 3.99518
      vertex 19.1564 25 3.99518
    endloop
  endfacet
  facet normal 0 0 1
    outer loop
      vertex 17.1486 28.3183 3.99518
      vertex 17.4532 27.95 3.99518
      vertex 17.5182 28.1861 3.99518
    endloop
  endfacet
  facet normal 0 0 1
    outer loop
      vertex 17.1303 28.3239 3.99518
      vertex 17.4532 27.95 3.99518
      vertex 17.1486 28.3183 3.99518
    endloop
  endfacet
  facet normal 0 0 1
    outer loop
      vertex 16.7495 28.4193 3.99518
      vertex 17.4532 27.95 3.99518
      vertex 17.1303 28.3239 3.99518
    endloop
  endfacet
  facet normal 0 0 1
    outer loop
      vertex 16.3612 28.4769 3.99518
      vertex 17.4532 27.95 3.99518
      vertex 16.7495 28.4193 3.99518
    endloop
  endfacet
  facet normal 0 0 1
    outer loop
      vertex 16.3421 28.4788 3.99518
      vertex 17.4532 27.95 3.99518
      vertex 16.3612 28.4769 3.99518
    endloop
  endfacet
  facet normal 0 0 1
    outer loop
      vertex 15.95 28.498 3.99518
      vertex 17.4532 27.95 3.99518
      vertex 16.3421 28.4788 3.99518
    endloop
  endfacet
  facet normal 0 0 1
    outer loop
      vertex 15.95 28.498 3.99518
      vertex 14.0468 27.95 3.99518
      vertex 17.4532 27.95 3.99518
    endloop
  endfacet
  facet normal 0 0 1
    outer loop
      vertex 17.4532 22.05 3.99518
      vertex 11.6159 10.1869 3.99518
      vertex 12.2573 9.40536 3.99518
    endloop
  endfacet
  facet normal 0 0 1
    outer loop
      vertex 17.4532 22.05 3.99518
      vertex 10.9248 10.9248 3.99518
      vertex 11.6159 10.1869 3.99518
    endloop
  endfacet
  facet normal 0 0 1
    outer loop
      vertex 14.0468 22.05 3.99518
      vertex 10.1869 11.6159 3.99518
      vertex 10.9248 10.9248 3.99518
    endloop
  endfacet
  facet normal 0 0 1
    outer loop
      vertex 14.0468 22.05 3.99518
      vertex 9.40536 12.2573 3.99518
      vertex 10.1869 11.6159 3.99518
    endloop
  endfacet
  facet normal 0 0 1
    outer loop
      vertex 14.0468 22.05 3.99518
      vertex 8.58356 12.8462 3.99518
      vertex 9.40536 12.2573 3.99518
    endloop
  endfacet
  facet normal 0 0 1
    outer loop
      vertex 14.0468 22.05 3.99518
      vertex 7.725 13.3801 3.99518
      vertex 8.58356 12.8462 3.99518
    endloop
  endfacet
  facet normal 0 0 1
    outer loop
      vertex 14.0468 22.05 3.99518
      vertex 6.83336 13.8567 3.99518
      vertex 7.725 13.3801 3.99518
    endloop
  endfacet
  facet normal 0 0 1
    outer loop
      vertex 14.0468 22.05 3.99518
      vertex 5.91246 14.2739 3.99518
      vertex 6.83336 13.8567 3.99518
    endloop
  endfacet
  facet normal 0 0 1
    outer loop
      vertex -12.3436 25 3.99518
      vertex 12.3436 25 3.99518
      vertex 14.0468 27.95 3.99518
    endloop
  endfacet
  facet normal 0 0 1
    outer loop
      vertex 12.3436 25 3.99518
      vertex 4.96624 14.6301 3.99518
      vertex 5.91246 14.2739 3.99518
    endloop
  endfacet
  facet normal 0 0 1
    outer loop
      vertex 12.3436 25 3.99518
      vertex 3.99875 14.9236 3.99518
      vertex 4.96624 14.6301 3.99518
    endloop
  endfacet
  facet normal 0 0 1
    outer loop
      vertex 12.3436 25 3.99518
      vertex 3.01414 15.1531 3.99518
      vertex 3.99875 14.9236 3.99518
    endloop
  endfacet
  facet normal 0 0 1
    outer loop
      vertex 12.3436 25 3.99518
      vertex 2.01663 15.3178 3.99518
      vertex 3.01414 15.1531 3.99518
    endloop
  endfacet
  facet normal 0 0 1
    outer loop
      vertex 12.3436 25 3.99518
      vertex 1.01048 15.4169 3.99518
      vertex 2.01663 15.3178 3.99518
    endloop
  endfacet
  facet normal 0 0 1
    outer loop
      vertex 12.3436 25 3.99518
      vertex 0 15.45 3.99518
      vertex 1.01048 15.4169 3.99518
    endloop
  endfacet
  facet normal 0 0 1
    outer loop
      vertex 12.3436 25 3.99518
      vertex -12.3436 25 3.99518
      vertex 0 15.45 3.99518
    endloop
  endfacet
  facet normal 0 0 1
    outer loop
      vertex 0 15.45 3.99518
      vertex -12.3436 25 3.99518
      vertex -1.01048 15.4169 3.99518
    endloop
  endfacet
  facet normal 0 0 1
    outer loop
      vertex -1.01048 15.4169 3.99518
      vertex -12.3436 25 3.99518
      vertex -2.01663 15.3178 3.99518
    endloop
  endfacet
  facet normal 0 0 1
    outer loop
      vertex -2.01663 15.3178 3.99518
      vertex -12.3436 25 3.99518
      vertex -3.01414 15.1531 3.99518
    endloop
  endfacet
  facet normal 0 0 1
    outer loop
      vertex -3.01414 15.1531 3.99518
      vertex -12.3436 25 3.99518
      vertex -3.99875 14.9236 3.99518
    endloop
  endfacet
  facet normal 0 0 1
    outer loop
      vertex -3.99875 14.9236 3.99518
      vertex -12.3436 25 3.99518
      vertex -4.96624 14.6301 3.99518
    endloop
  endfacet
  facet normal 0 0 1
    outer loop
      vertex -4.96624 14.6301 3.99518
      vertex -12.3436 25 3.99518
      vertex -5.91246 14.2739 3.99518
    endloop
  endfacet
  facet normal -0 0 1
    outer loop
      vertex -14.0468 22.05 3.99518
      vertex -5.91246 14.2739 3.99518
      vertex -12.3436 25 3.99518
    endloop
  endfacet
  facet normal 0 0 1
    outer loop
      vertex -5.91246 14.2739 3.99518
      vertex -14.0468 22.05 3.99518
      vertex -6.83336 13.8567 3.99518
    endloop
  endfacet
  facet normal -0 0 1
    outer loop
      vertex -17.4532 22.05 3.99518
      vertex -10.9248 10.9248 3.99518
      vertex -14.0468 22.05 3.99518
    endloop
  endfacet
  facet normal 0 0 1
    outer loop
      vertex -10.1869 11.6159 3.99518
      vertex -14.0468 22.05 3.99518
      vertex -10.9248 10.9248 3.99518
    endloop
  endfacet
  facet normal 0 0 1
    outer loop
      vertex -9.40536 12.2573 3.99518
      vertex -14.0468 22.05 3.99518
      vertex -10.1869 11.6159 3.99518
    endloop
  endfacet
  facet normal 0 0 1
    outer loop
      vertex -8.58356 12.8462 3.99518
      vertex -14.0468 22.05 3.99518
      vertex -9.40536 12.2573 3.99518
    endloop
  endfacet
  facet normal 0 0 1
    outer loop
      vertex -7.725 13.3801 3.99518
      vertex -14.0468 22.05 3.99518
      vertex -8.58356 12.8462 3.99518
    endloop
  endfacet
  facet normal 0 0 1
    outer loop
      vertex -6.83336 13.8567 3.99518
      vertex -14.0468 22.05 3.99518
      vertex -7.725 13.3801 3.99518
    endloop
  endfacet
  facet normal 0 0 1
    outer loop
      vertex -14.0468 27.95 3.99518
      vertex 14.0468 27.95 3.99518
      vertex 15.95 28.498 3.99518
    endloop
  endfacet
  facet normal 0 0 1
    outer loop
      vertex 14.0468 27.95 3.99518
      vertex -14.0468 27.95 3.99518
      vertex -12.3436 25 3.99518
    endloop
  endfacet
  facet normal -0 0 1
    outer loop
      vertex -15.95 28.498 3.99518
      vertex -14.0468 27.95 3.99518
      vertex 15.95 28.498 3.99518
    endloop
  endfacet
  facet normal 0 0 1
    outer loop
      vertex -17.4532 27.95 3.99518
      vertex -15.95 28.498 3.99518
      vertex -16.3421 28.4788 3.99518
    endloop
  endfacet
  facet normal 0 0 1
    outer loop
      vertex -17.4532 27.95 3.99518
      vertex -16.3421 28.4788 3.99518
      vertex -16.3612 28.4769 3.99518
    endloop
  endfacet
  facet normal 0 0 1
    outer loop
      vertex -17.4532 27.95 3.99518
      vertex -16.3612 28.4769 3.99518
      vertex -16.7495 28.4193 3.99518
    endloop
  endfacet
  facet normal 0 0 1
    outer loop
      vertex -17.4532 27.95 3.99518
      vertex -16.7495 28.4193 3.99518
      vertex -17.1303 28.3239 3.99518
    endloop
  endfacet
  facet normal 0 0 1
    outer loop
      vertex -17.4532 27.95 3.99518
      vertex -17.1303 28.3239 3.99518
      vertex -17.1486 28.3183 3.99518
    endloop
  endfacet
  facet normal 0 0 1
    outer loop
      vertex -15.95 28.498 3.99518
      vertex -17.4532 27.95 3.99518
      vertex -14.0468 27.95 3.99518
    endloop
  endfacet
  facet normal -0 0 1
    outer loop
      vertex -17.5182 28.1861 3.99518
      vertex -17.4532 27.95 3.99518
      vertex -17.1486 28.3183 3.99518
    endloop
  endfacet
  facet normal -0 0 1
    outer loop
      vertex -17.8731 28.0182 3.99518
      vertex -17.4532 27.95 3.99518
      vertex -17.5182 28.1861 3.99518
    endloop
  endfacet
  facet normal -0 0 1
    outer loop
      vertex -17.89 28.0092 3.99518
      vertex -17.4532 27.95 3.99518
      vertex -17.8731 28.0182 3.99518
    endloop
  endfacet
  facet normal 0 0 1
    outer loop
      vertex -18.2267 27.8074 3.99518
      vertex -17.4532 27.95 3.99518
      vertex -17.89 28.0092 3.99518
    endloop
  endfacet
  facet normal 0 0 1
    outer loop
      vertex -18.542 27.5735 3.99518
      vertex -17.4532 27.95 3.99518
      vertex -18.2267 27.8074 3.99518
    endloop
  endfacet
  facet normal 0 0 1
    outer loop
      vertex -18.5569 27.5613 3.99518
      vertex -17.4532 27.95 3.99518
      vertex -18.542 27.5735 3.99518
    endloop
  endfacet
  facet normal 0 0 1
    outer loop
      vertex -18.8477 27.2977 3.99518
      vertex -17.4532 27.95 3.99518
      vertex -18.5569 27.5613 3.99518
    endloop
  endfacet
  facet normal 0 0 1
    outer loop
      vertex -19.1564 25 3.99518
      vertex -18.8477 27.2977 3.99518
      vertex -19.1113 27.0069 3.99518
    endloop
  endfacet
  facet normal 0 0 1
    outer loop
      vertex -19.1564 25 3.99518
      vertex -19.1113 27.0069 3.99518
      vertex -19.1235 26.992 3.99518
    endloop
  endfacet
  facet normal -0 0 1
    outer loop
      vertex -18.8477 27.2977 3.99518
      vertex -19.1564 25 3.99518
      vertex -17.4532 27.95 3.99518
    endloop
  endfacet
  facet normal -0 0 1
    outer loop
      vertex -19.5592 26.34 3.99518
      vertex -19.1564 25 3.99518
      vertex -19.3574 26.6767 3.99518
    endloop
  endfacet
  facet normal -0 0 1
    outer loop
      vertex -19.3574 26.6767 3.99518
      vertex -19.1564 25 3.99518
      vertex -19.1235 26.992 3.99518
    endloop
  endfacet
  facet normal 0 0 1
    outer loop
      vertex 19.5682 -32.3231 3.99518
      vertex 17.4532 -27.95 3.99518
      vertex 19.5592 -32.34 3.99518
    endloop
  endfacet
  facet normal 0 0 1
    outer loop
      vertex 19.5592 -32.34 3.99518
      vertex 17.4532 -27.95 3.99518
      vertex 19.3574 -32.6767 3.99518
    endloop
  endfacet
  facet normal 0 0 1
    outer loop
      vertex 19.3574 -32.6767 3.99518
      vertex 17.4532 -27.95 3.99518
      vertex 19.1235 -32.992 3.99518
    endloop
  endfacet
  facet normal 0 0 1
    outer loop
      vertex 19.1235 -32.992 3.99518
      vertex 17.4532 -27.95 3.99518
      vertex 19.1113 -33.0069 3.99518
    endloop
  endfacet
  facet normal 0 0 1
    outer loop
      vertex 19.1113 -33.0069 3.99518
      vertex 17.4532 -27.95 3.99518
      vertex 18.8477 -33.2977 3.99518
    endloop
  endfacet
  facet normal 0 0 1
    outer loop
      vertex 18.8477 -33.2977 3.99518
      vertex 17.4532 -27.95 3.99518
      vertex 18.5569 -33.5613 3.99518
    endloop
  endfacet
  facet normal 0 0 1
    outer loop
      vertex 18.5569 -33.5613 3.99518
      vertex 17.4532 -27.95 3.99518
      vertex 18.542 -33.5735 3.99518
    endloop
  endfacet
  facet normal 0 0 1
    outer loop
      vertex 18.542 -33.5735 3.99518
      vertex 17.4532 -27.95 3.99518
      vertex 18.2267 -33.8074 3.99518
    endloop
  endfacet
  facet normal 0 0 1
    outer loop
      vertex 18.2267 -33.8074 3.99518
      vertex 17.4532 -27.95 3.99518
      vertex 17.89 -34.0092 3.99518
    endloop
  endfacet
  facet normal 0 0 1
    outer loop
      vertex 17.89 -34.0092 3.99518
      vertex 17.4532 -27.95 3.99518
      vertex 17.8731 -34.0182 3.99518
    endloop
  endfacet
  facet normal 0 0 1
    outer loop
      vertex 17.8731 -34.0182 3.99518
      vertex 17.4532 -27.95 3.99518
      vertex 17.5182 -34.1861 3.99518
    endloop
  endfacet
  facet normal 0 0 1
    outer loop
      vertex 17.4532 -27.95 3.99518
      vertex 17.1486 -34.3183 3.99518
      vertex 17.5182 -34.1861 3.99518
    endloop
  endfacet
  facet normal 0 0 1
    outer loop
      vertex 17.4532 -27.95 3.99518
      vertex 17.1303 -34.3239 3.99518
      vertex 17.1486 -34.3183 3.99518
    endloop
  endfacet
  facet normal 0 0 1
    outer loop
      vertex 17.4532 -27.95 3.99518
      vertex 16.7495 -34.4193 3.99518
      vertex 17.1303 -34.3239 3.99518
    endloop
  endfacet
  facet normal 0 0 1
    outer loop
      vertex 17.4532 -27.95 3.99518
      vertex 16.3612 -34.4769 3.99518
      vertex 16.7495 -34.4193 3.99518
    endloop
  endfacet
  facet normal 0 0 1
    outer loop
      vertex 17.4532 -27.95 3.99518
      vertex 16.3421 -34.4788 3.99518
      vertex 16.3612 -34.4769 3.99518
    endloop
  endfacet
  facet normal 0 0 1
    outer loop
      vertex 17.4532 -27.95 3.99518
      vertex 15.95 -34.498 3.99518
      vertex 16.3421 -34.4788 3.99518
    endloop
  endfacet
  facet normal -0 0 1
    outer loop
      vertex 14.0468 -27.95 3.99518
      vertex 15.95 -34.498 3.99518
      vertex 17.4532 -27.95 3.99518
    endloop
  endfacet
  facet normal 0 0 1
    outer loop
      vertex -14.0468 -27.95 3.99518
      vertex 14.0468 -27.95 3.99518
      vertex 12.3436 -25 3.99518
    endloop
  endfacet
  facet normal 0 0 1
    outer loop
      vertex 17.4532 -22.05 3.99518
      vertex 10.9248 -10.9248 3.99518
      vertex 14.0468 -22.05 3.99518
    endloop
  endfacet
  facet normal -0 0 1
    outer loop
      vertex 10.1869 -11.6159 3.99518
      vertex 14.0468 -22.05 3.99518
      vertex 10.9248 -10.9248 3.99518
    endloop
  endfacet
  facet normal -0 0 1
    outer loop
      vertex 9.40536 -12.2573 3.99518
      vertex 14.0468 -22.05 3.99518
      vertex 10.1869 -11.6159 3.99518
    endloop
  endfacet
  facet normal -0 0 1
    outer loop
      vertex 8.58356 -12.8462 3.99518
      vertex 14.0468 -22.05 3.99518
      vertex 9.40536 -12.2573 3.99518
    endloop
  endfacet
  facet normal -0 0 1
    outer loop
      vertex 7.725 -13.3801 3.99518
      vertex 14.0468 -22.05 3.99518
      vertex 8.58356 -12.8462 3.99518
    endloop
  endfacet
  facet normal -0 0 1
    outer loop
      vertex 6.83336 -13.8567 3.99518
      vertex 14.0468 -22.05 3.99518
      vertex 7.725 -13.3801 3.99518
    endloop
  endfacet
  facet normal -0 0 1
    outer loop
      vertex 5.91246 -14.2739 3.99518
      vertex 14.0468 -22.05 3.99518
      vertex 6.83336 -13.8567 3.99518
    endloop
  endfacet
  facet normal 0 0 1
    outer loop
      vertex 14.0468 -22.05 3.99518
      vertex 5.91246 -14.2739 3.99518
      vertex 12.3436 -25 3.99518
    endloop
  endfacet
  facet normal -0 0 1
    outer loop
      vertex 4.96624 -14.6301 3.99518
      vertex 12.3436 -25 3.99518
      vertex 5.91246 -14.2739 3.99518
    endloop
  endfacet
  facet normal -0 0 1
    outer loop
      vertex 3.99875 -14.9236 3.99518
      vertex 12.3436 -25 3.99518
      vertex 4.96624 -14.6301 3.99518
    endloop
  endfacet
  facet normal -0 0 1
    outer loop
      vertex 3.01414 -15.1531 3.99518
      vertex 12.3436 -25 3.99518
      vertex 3.99875 -14.9236 3.99518
    endloop
  endfacet
  facet normal -0 0 1
    outer loop
      vertex 2.01663 -15.3178 3.99518
      vertex 12.3436 -25 3.99518
      vertex 3.01414 -15.1531 3.99518
    endloop
  endfacet
  facet normal -0 0 1
    outer loop
      vertex 1.01048 -15.4169 3.99518
      vertex 12.3436 -25 3.99518
      vertex 2.01663 -15.3178 3.99518
    endloop
  endfacet
  facet normal -0 0 1
    outer loop
      vertex 0 -15.45 3.99518
      vertex 12.3436 -25 3.99518
      vertex 1.01048 -15.4169 3.99518
    endloop
  endfacet
  facet normal 0 0 1
    outer loop
      vertex 12.3436 -25 3.99518
      vertex 0 -15.45 3.99518
      vertex -12.3436 -25 3.99518
    endloop
  endfacet
  facet normal 0 0 1
    outer loop
      vertex -12.3436 -25 3.99518
      vertex 0 -15.45 3.99518
      vertex -1.01048 -15.4169 3.99518
    endloop
  endfacet
  facet normal 0 0 1
    outer loop
      vertex -12.3436 -25 3.99518
      vertex -1.01048 -15.4169 3.99518
      vertex -2.01663 -15.3178 3.99518
    endloop
  endfacet
  facet normal 0 0 1
    outer loop
      vertex -12.3436 -25 3.99518
      vertex -2.01663 -15.3178 3.99518
      vertex -3.01414 -15.1531 3.99518
    endloop
  endfacet
  facet normal 0 0 1
    outer loop
      vertex -12.3436 -25 3.99518
      vertex -3.01414 -15.1531 3.99518
      vertex -3.99875 -14.9236 3.99518
    endloop
  endfacet
  facet normal 0 0 1
    outer loop
      vertex -12.3436 -25 3.99518
      vertex -3.99875 -14.9236 3.99518
      vertex -4.96624 -14.6301 3.99518
    endloop
  endfacet
  facet normal 0 0 1
    outer loop
      vertex -12.3436 -25 3.99518
      vertex -4.96624 -14.6301 3.99518
      vertex -5.91246 -14.2739 3.99518
    endloop
  endfacet
  facet normal 0 0 1
    outer loop
      vertex -12.3436 -25 3.99518
      vertex -5.91246 -14.2739 3.99518
      vertex -6.83336 -13.8567 3.99518
    endloop
  endfacet
  facet normal 0 0 1
    outer loop
      vertex -12.3436 -25 3.99518
      vertex -6.83336 -13.8567 3.99518
      vertex -7.725 -13.3801 3.99518
    endloop
  endfacet
  facet normal 0 0 1
    outer loop
      vertex -12.3436 -25 3.99518
      vertex -7.725 -13.3801 3.99518
      vertex -8.58356 -12.8462 3.99518
    endloop
  endfacet
  facet normal 0 0 1
    outer loop
      vertex -12.3436 -25 3.99518
      vertex -8.58356 -12.8462 3.99518
      vertex -9.40536 -12.2573 3.99518
    endloop
  endfacet
  facet normal 0 0 1
    outer loop
      vertex -12.3436 -25 3.99518
      vertex -9.40536 -12.2573 3.99518
      vertex -10.1869 -11.6159 3.99518
    endloop
  endfacet
  facet normal 0 0 1
    outer loop
      vertex -12.3436 -25 3.99518
      vertex -11.6159 -10.1869 3.99518
      vertex -12.2573 -9.40536 3.99518
    endloop
  endfacet
  facet normal 0 0 1
    outer loop
      vertex -12.3436 -25 3.99518
      vertex -10.9248 -10.9248 3.99518
      vertex -11.6159 -10.1869 3.99518
    endloop
  endfacet
  facet normal 0 0 1
    outer loop
      vertex -12.3436 -25 3.99518
      vertex -10.1869 -11.6159 3.99518
      vertex -10.9248 -10.9248 3.99518
    endloop
  endfacet
  facet normal 0 0 1
    outer loop
      vertex -14.0468 -27.95 3.99518
      vertex 12.3436 -25 3.99518
      vertex -12.3436 -25 3.99518
    endloop
  endfacet
  facet normal 0 0 1
    outer loop
      vertex 14.0468 -27.95 3.99518
      vertex -14.0468 -27.95 3.99518
      vertex 15.95 -34.498 3.99518
    endloop
  endfacet
  facet normal 0 0 1
    outer loop
      vertex -14.0468 -27.95 3.99518
      vertex -15.95 -34.498 3.99518
      vertex 15.95 -34.498 3.99518
    endloop
  endfacet
  facet normal -0 0 1
    outer loop
      vertex -17.4532 -27.95 3.99518
      vertex -15.95 -34.498 3.99518
      vertex -14.0468 -27.95 3.99518
    endloop
  endfacet
  facet normal 0 0 1
    outer loop
      vertex -15.95 -34.498 3.99518
      vertex -17.4532 -27.95 3.99518
      vertex -16.3421 -34.4788 3.99518
    endloop
  endfacet
  facet normal 0 0 1
    outer loop
      vertex -16.3421 -34.4788 3.99518
      vertex -17.4532 -27.95 3.99518
      vertex -16.3612 -34.4769 3.99518
    endloop
  endfacet
  facet normal 0 0 1
    outer loop
      vertex -16.3612 -34.4769 3.99518
      vertex -17.4532 -27.95 3.99518
      vertex -16.7495 -34.4193 3.99518
    endloop
  endfacet
  facet normal 0 0 1
    outer loop
      vertex -16.7495 -34.4193 3.99518
      vertex -17.4532 -27.95 3.99518
      vertex -17.1303 -34.3239 3.99518
    endloop
  endfacet
  facet normal 0 0 1
    outer loop
      vertex -17.1303 -34.3239 3.99518
      vertex -17.4532 -27.95 3.99518
      vertex -17.1486 -34.3183 3.99518
    endloop
  endfacet
  facet normal 0 0 1
    outer loop
      vertex -17.4532 -27.95 3.99518
      vertex -17.5182 -34.1861 3.99518
      vertex -17.1486 -34.3183 3.99518
    endloop
  endfacet
  facet normal 0 0 1
    outer loop
      vertex -17.4532 -27.95 3.99518
      vertex -17.8731 -34.0182 3.99518
      vertex -17.5182 -34.1861 3.99518
    endloop
  endfacet
  facet normal 0 0 1
    outer loop
      vertex -17.4532 -27.95 3.99518
      vertex -17.89 -34.0092 3.99518
      vertex -17.8731 -34.0182 3.99518
    endloop
  endfacet
  facet normal 0 0 1
    outer loop
      vertex -17.4532 -27.95 3.99518
      vertex -18.2267 -33.8074 3.99518
      vertex -17.89 -34.0092 3.99518
    endloop
  endfacet
  facet normal 0 0 1
    outer loop
      vertex -17.4532 -27.95 3.99518
      vertex -18.542 -33.5735 3.99518
      vertex -18.2267 -33.8074 3.99518
    endloop
  endfacet
  facet normal 0 0 1
    outer loop
      vertex -17.4532 -27.95 3.99518
      vertex -18.5569 -33.5613 3.99518
      vertex -18.542 -33.5735 3.99518
    endloop
  endfacet
  facet normal 0 0 1
    outer loop
      vertex -17.4532 -27.95 3.99518
      vertex -18.8477 -33.2977 3.99518
      vertex -18.5569 -33.5613 3.99518
    endloop
  endfacet
  facet normal 0 0 1
    outer loop
      vertex -17.4532 -27.95 3.99518
      vertex -19.1113 -33.0069 3.99518
      vertex -18.8477 -33.2977 3.99518
    endloop
  endfacet
  facet normal 0 0 1
    outer loop
      vertex -17.4532 -27.95 3.99518
      vertex -19.1235 -32.992 3.99518
      vertex -19.1113 -33.0069 3.99518
    endloop
  endfacet
  facet normal 0 0 1
    outer loop
      vertex -20.048 -30.4 3.99518
      vertex -17.4532 -27.95 3.99518
      vertex -19.1564 -25 3.99518
    endloop
  endfacet
  facet normal 0 -0 1
    outer loop
      vertex -20.0287 -30.7921 3.99518
      vertex -17.4532 -27.95 3.99518
      vertex -20.048 -30.4 3.99518
    endloop
  endfacet
  facet normal 0 0 1
    outer loop
      vertex -15.1531 -3.01414 3.99518
      vertex -19.1564 -25 3.99518
      vertex -17.4532 -22.05 3.99518
    endloop
  endfacet
  facet normal -0 0 1
    outer loop
      vertex -19.5682 26.3231 3.99518
      vertex -19.1564 25 3.99518
      vertex -19.5592 26.34 3.99518
    endloop
  endfacet
  facet normal 0 0 1
    outer loop
      vertex -20.048 -30.4 3.99518
      vertex -19.1564 -25 3.99518
      vertex -20.048 24.4 3.99518
    endloop
  endfacet
  facet normal -0 0 1
    outer loop
      vertex -19.7361 25.9682 3.99518
      vertex -19.1564 25 3.99518
      vertex -19.5682 26.3231 3.99518
    endloop
  endfacet
  facet normal 0 0 1
    outer loop
      vertex -17.4532 -27.95 3.99518
      vertex -19.3574 -32.6767 3.99518
      vertex -19.1235 -32.992 3.99518
    endloop
  endfacet
  facet normal -0 0 1
    outer loop
      vertex -19.8683 25.5986 3.99518
      vertex -19.1564 25 3.99518
      vertex -19.7361 25.9682 3.99518
    endloop
  endfacet
  facet normal 0 0 1
    outer loop
      vertex -17.4532 -27.95 3.99518
      vertex -19.5592 -32.34 3.99518
      vertex -19.3574 -32.6767 3.99518
    endloop
  endfacet
  facet normal -0 0 1
    outer loop
      vertex -19.8739 25.5802 3.99518
      vertex -19.1564 25 3.99518
      vertex -19.8683 25.5986 3.99518
    endloop
  endfacet
  facet normal 0 0 1
    outer loop
      vertex -17.4532 -27.95 3.99518
      vertex -19.5682 -32.3231 3.99518
      vertex -19.5592 -32.34 3.99518
    endloop
  endfacet
  facet normal -0 0 1
    outer loop
      vertex -19.9693 25.1995 3.99518
      vertex -19.1564 25 3.99518
      vertex -19.8739 25.5802 3.99518
    endloop
  endfacet
  facet normal 0 0 1
    outer loop
      vertex -17.4532 -27.95 3.99518
      vertex -19.7361 -31.9682 3.99518
      vertex -19.5682 -32.3231 3.99518
    endloop
  endfacet
  facet normal 0 0 1
    outer loop
      vertex -20.0269 24.8112 3.99518
      vertex -19.1564 25 3.99518
      vertex -19.9693 25.1995 3.99518
    endloop
  endfacet
  facet normal 0 0 1
    outer loop
      vertex -17.4532 -27.95 3.99518
      vertex -19.8683 -31.5986 3.99518
      vertex -19.7361 -31.9682 3.99518
    endloop
  endfacet
  facet normal 0 0 1
    outer loop
      vertex -20.0287 24.7921 3.99518
      vertex -19.1564 25 3.99518
      vertex -20.0269 24.8112 3.99518
    endloop
  endfacet
  facet normal 0 0 1
    outer loop
      vertex -17.4532 -27.95 3.99518
      vertex -19.8739 -31.5802 3.99518
      vertex -19.8683 -31.5986 3.99518
    endloop
  endfacet
  facet normal 0 0 1
    outer loop
      vertex -19.1564 25 3.99518
      vertex -20.0287 24.7921 3.99518
      vertex -20.048 24.4 3.99518
    endloop
  endfacet
  facet normal 0 0 1
    outer loop
      vertex -17.4532 -27.95 3.99518
      vertex -19.9693 -31.1995 3.99518
      vertex -19.8739 -31.5802 3.99518
    endloop
  endfacet
  facet normal 0 0 1
    outer loop
      vertex -17.4532 -27.95 3.99518
      vertex -20.0269 -30.8112 3.99518
      vertex -19.9693 -31.1995 3.99518
    endloop
  endfacet
  facet normal 0 0 1
    outer loop
      vertex -17.4532 -27.95 3.99518
      vertex -20.0287 -30.7921 3.99518
      vertex -20.0269 -30.8112 3.99518
    endloop
  endfacet
  facet normal -0 0 1
    outer loop
      vertex 15.3178 -2.01663 3.99518
      vertex 19.1564 -25 3.99518
      vertex 15.4169 -1.01048 3.99518
    endloop
  endfacet
  facet normal -0 0 1
    outer loop
      vertex 15.1531 -3.01414 3.99518
      vertex 19.1564 -25 3.99518
      vertex 15.3178 -2.01663 3.99518
    endloop
  endfacet
  facet normal 0 0 1
    outer loop
      vertex 19.1564 -25 3.99518
      vertex 15.1531 -3.01414 3.99518
      vertex 17.4532 -22.05 3.99518
    endloop
  endfacet
  facet normal -0 0 1
    outer loop
      vertex 14.9236 -3.99875 3.99518
      vertex 17.4532 -22.05 3.99518
      vertex 15.1531 -3.01414 3.99518
    endloop
  endfacet
  facet normal -0 0 1
    outer loop
      vertex 14.6301 -4.96624 3.99518
      vertex 17.4532 -22.05 3.99518
      vertex 14.9236 -3.99875 3.99518
    endloop
  endfacet
  facet normal -0 0 1
    outer loop
      vertex 14.2739 -5.91246 3.99518
      vertex 17.4532 -22.05 3.99518
      vertex 14.6301 -4.96624 3.99518
    endloop
  endfacet
  facet normal -0 0 1
    outer loop
      vertex 13.8567 -6.83336 3.99518
      vertex 17.4532 -22.05 3.99518
      vertex 14.2739 -5.91246 3.99518
    endloop
  endfacet
  facet normal -0 0 1
    outer loop
      vertex 13.3801 -7.725 3.99518
      vertex 17.4532 -22.05 3.99518
      vertex 13.8567 -6.83336 3.99518
    endloop
  endfacet
  facet normal -0 0 1
    outer loop
      vertex 12.8462 -8.58356 3.99518
      vertex 17.4532 -22.05 3.99518
      vertex 13.3801 -7.725 3.99518
    endloop
  endfacet
  facet normal -0 0 1
    outer loop
      vertex 12.2573 -9.40536 3.99518
      vertex 17.4532 -22.05 3.99518
      vertex 12.8462 -8.58356 3.99518
    endloop
  endfacet
  facet normal -0 0 1
    outer loop
      vertex 11.6159 -10.1869 3.99518
      vertex 17.4532 -22.05 3.99518
      vertex 12.2573 -9.40536 3.99518
    endloop
  endfacet
  facet normal -0 0 1
    outer loop
      vertex 10.9248 -10.9248 3.99518
      vertex 17.4532 -22.05 3.99518
      vertex 11.6159 -10.1869 3.99518
    endloop
  endfacet
  facet normal -0.171809 0.686516 -0.706525
    outer loop
      vertex -17.2619 28.9859 0.365607
      vertex -16.8541 28.9453 0.22699
      vertex -17.2349 28.85 0.22699
    endloop
  endfacet
  facet normal -0.171947 0.686168 -0.70683
    outer loop
      vertex -16.8541 28.9453 0.22699
      vertex -17.2619 28.9859 0.365607
      vertex -16.8812 29.0813 0.365607
    endloop
  endfacet
  facet normal -0.128975 0.360584 -0.923766
    outer loop
      vertex -17.5918 28.3637 0.0430603
      vertex -17.2915 28.6633 0.118079
      vertex -17.2222 28.4959 0.0430603
    endloop
  endfacet
  facet normal -0.129118 0.36071 -0.923698
    outer loop
      vertex -17.2915 28.6633 0.118079
      vertex -17.5918 28.3637 0.0430603
      vertex -17.6611 28.531 0.118079
    endloop
  endfacet
  facet normal -0.822834 -0.122058 -0.555018
    outer loop
      vertex -20.6313 -31.3312 0.365607
      vertex -20.7957 -30.9641 0.528604
      vertex -20.6889 -30.9429 0.365607
    endloop
  endfacet
  facet normal -0.822834 -0.122058 -0.555018
    outer loop
      vertex -20.7957 -30.9641 0.528604
      vertex -20.6313 -31.3312 0.365607
      vertex -20.7381 -31.3524 0.528604
    endloop
  endfacet
  facet normal -0.91399 -0.13558 0.382413
    outer loop
      vertex -20.8693 -30.9788 3.29028
      vertex -20.7381 -31.3524 3.4714
      vertex -20.7957 -30.9641 3.4714
    endloop
  endfacet
  facet normal -0.914011 -0.135618 0.38235
    outer loop
      vertex -20.7381 -31.3524 3.4714
      vertex -20.8693 -30.9788 3.29028
      vertex -20.8117 -31.367 3.29028
    endloop
  endfacet
  facet normal -0.427495 0.713269 0.555423
    outer loop
      vertex -18.3256 28.661 3.4714
      vertex -18.6017 28.3686 3.63439
      vertex -18.265 28.5704 3.63439
    endloop
  endfacet
  facet normal -0.42765 0.713316 0.555244
    outer loop
      vertex -18.6017 28.3686 3.63439
      vertex -18.3256 28.661 3.4714
      vertex -18.6622 28.4592 3.4714
    endloop
  endfacet
  facet normal 0.243662 0.296984 -0.923271
    outer loop
      vertex 18.6928 27.6973 0.0430603
      vertex 18.6488 27.7334 0.0430603
      vertex 18.7495 27.884 0.118079
    endloop
  endfacet
  facet normal 0.124308 0.151511 -0.980608
    outer loop
      vertex 18.6928 27.6973 0.0430603
      vertex 18.542 27.5735 0.00481606
      vertex 18.6488 27.7334 0.0430603
    endloop
  endfacet
  facet normal -0.187376 0.523463 -0.83119
    outer loop
      vertex -17.6611 28.531 0.118079
      vertex -17.3539 28.8139 0.22699
      vertex -17.2915 28.6633 0.118079
    endloop
  endfacet
  facet normal -0.187376 0.523463 -0.83119
    outer loop
      vertex -17.3539 28.8139 0.22699
      vertex -17.6611 28.531 0.118079
      vertex -17.7235 28.6816 0.22699
    endloop
  endfacet
  facet normal -0.23765 0.502634 -0.831193
    outer loop
      vertex -18.0784 28.5138 0.22699
      vertex -17.6611 28.531 0.118079
      vertex -18.016 28.3632 0.118079
    endloop
  endfacet
  facet normal -0.23765 0.502634 -0.831193
    outer loop
      vertex -17.6611 28.531 0.118079
      vertex -18.0784 28.5138 0.22699
      vertex -17.7235 28.6816 0.22699
    endloop
  endfacet
  facet normal -0.355719 0.751904 -0.555072
    outer loop
      vertex -18.1314 28.6418 0.365607
      vertex -17.8182 28.9103 0.528604
      vertex -17.7765 28.8097 0.365607
    endloop
  endfacet
  facet normal -0.355454 0.751791 -0.555395
    outer loop
      vertex -17.8182 28.9103 0.528604
      vertex -18.1314 28.6418 0.365607
      vertex -18.1731 28.7425 0.528604
    endloop
  endfacet
  facet normal -0.919935 -0.0906631 0.381444
    outer loop
      vertex -20.8126 -30.7921 3.4714
      vertex -20.8877 -30.7921 3.29028
      vertex -20.8693 -30.9788 3.29028
    endloop
  endfacet
  facet normal -0.896325 -0.224552 0.382332
    outer loop
      vertex -20.8117 -31.367 3.29028
      vertex -20.6427 -31.7332 3.4714
      vertex -20.7381 -31.3524 3.4714
    endloop
  endfacet
  facet normal -0.896325 -0.224552 0.382332
    outer loop
      vertex -20.6427 -31.7332 3.4714
      vertex -20.8117 -31.367 3.29028
      vertex -20.7163 -31.7478 3.29028
    endloop
  endfacet
  facet normal -0.995184 -0.09802 0
    outer loop
      vertex 15.4169 1.01048 0.00481606
      vertex 15.3178 2.01663 3.99518
      vertex 15.3178 2.01663 0.00481606
    endloop
  endfacet
  facet normal -0.995184 -0.09802 0
    outer loop
      vertex 15.3178 2.01663 3.99518
      vertex 15.4169 1.01048 0.00481606
      vertex 15.4169 1.01048 3.99518
    endloop
  endfacet
  facet normal -0.999464 -0.0327391 0
    outer loop
      vertex 15.45 0 0.00481606
      vertex 15.4169 1.01048 3.99518
      vertex 15.4169 1.01048 0.00481606
    endloop
  endfacet
  facet normal -0.999464 -0.0327391 0
    outer loop
      vertex 15.4169 1.01048 3.99518
      vertex 15.45 0 0.00481606
      vertex 15.45 0 3.99518
    endloop
  endfacet
  facet normal -0.986642 -0.162906 0
    outer loop
      vertex 15.3178 2.01663 0.00481606
      vertex 15.1531 3.01414 3.99518
      vertex 15.1531 3.01414 0.00481606
    endloop
  endfacet
  facet normal -0.986642 -0.162906 0
    outer loop
      vertex 15.1531 3.01414 3.99518
      vertex 15.3178 2.01663 0.00481606
      vertex 15.3178 2.01663 3.99518
    endloop
  endfacet
  facet normal -0.986642 0.162906 0
    outer loop
      vertex 15.1531 -3.01414 0.00481606
      vertex 15.3178 -2.01663 3.99518
      vertex 15.3178 -2.01663 0.00481606
    endloop
  endfacet
  facet normal -0.986642 0.162906 0
    outer loop
      vertex 15.3178 -2.01663 3.99518
      vertex 15.1531 -3.01414 0.00481606
      vertex 15.1531 -3.01414 3.99518
    endloop
  endfacet
  facet normal -0.09802 0.995184 0
    outer loop
      vertex 2.01663 -15.3178 0.00481606
      vertex 1.01048 -15.4169 3.99518
      vertex 2.01663 -15.3178 3.99518
    endloop
  endfacet
  facet normal -0.09802 0.995184 0
    outer loop
      vertex 1.01048 -15.4169 3.99518
      vertex 2.01663 -15.3178 0.00481606
      vertex 1.01048 -15.4169 0.00481606
    endloop
  endfacet
  facet normal -0.412662 -0.910884 0
    outer loop
      vertex 5.91246 14.2739 0.00481606
      vertex 6.83336 13.8567 3.99518
      vertex 5.91246 14.2739 3.99518
    endloop
  endfacet
  facet normal -0.412662 -0.910884 -0
    outer loop
      vertex 6.83336 13.8567 3.99518
      vertex 5.91246 14.2739 0.00481606
      vertex 6.83336 13.8567 0.00481606
    endloop
  endfacet
  facet normal 0.812844 -0.582482 0
    outer loop
      vertex -12.8462 8.58356 3.99518
      vertex -12.2573 9.40536 0.00481606
      vertex -12.2573 9.40536 3.99518
    endloop
  endfacet
  facet normal 0.812844 -0.582482 0
    outer loop
      vertex -12.2573 9.40536 0.00481606
      vertex -12.8462 8.58356 3.99518
      vertex -12.8462 8.58356 0.00481606
    endloop
  endfacet
  facet normal -0.812844 -0.582482 0
    outer loop
      vertex 12.8462 8.58356 0.00481606
      vertex 12.2573 9.40536 3.99518
      vertex 12.2573 9.40536 0.00481606
    endloop
  endfacet
  facet normal -0.812844 -0.582482 0
    outer loop
      vertex 12.2573 9.40536 3.99518
      vertex 12.8462 8.58356 0.00481606
      vertex 12.8462 8.58356 3.99518
    endloop
  endfacet
  facet normal 0.683582 0.729873 -0
    outer loop
      vertex -10.1869 -11.6159 0.00481606
      vertex -10.9248 -10.9248 3.99518
      vertex -10.1869 -11.6159 3.99518
    endloop
  endfacet
  facet normal 0.683582 0.729873 0
    outer loop
      vertex -10.9248 -10.9248 3.99518
      vertex -10.1869 -11.6159 0.00481606
      vertex -10.9248 -10.9248 0.00481606
    endloop
  endfacet
  facet normal -0.881918 0.471403 0
    outer loop
      vertex 13.3801 -7.725 0.00481606
      vertex 13.8567 -6.83336 3.99518
      vertex 13.8567 -6.83336 0.00481606
    endloop
  endfacet
  facet normal -0.881918 0.471403 0
    outer loop
      vertex 13.8567 -6.83336 3.99518
      vertex 13.3801 -7.725 0.00481606
      vertex 13.3801 -7.725 3.99518
    endloop
  endfacet
  facet normal -0.973894 -0.227002 0
    outer loop
      vertex 15.1531 3.01414 0.00481606
      vertex 14.9236 3.99875 3.99518
      vertex 14.9236 3.99875 0.00481606
    endloop
  endfacet
  facet normal -0.973894 -0.227002 0
    outer loop
      vertex 14.9236 3.99875 3.99518
      vertex 15.1531 3.01414 0.00481606
      vertex 15.1531 3.01414 3.99518
    endloop
  endfacet
  facet normal -0.582482 0.812844 0
    outer loop
      vertex 9.40536 -12.2573 0.00481606
      vertex 8.58356 -12.8462 3.99518
      vertex 9.40536 -12.2573 3.99518
    endloop
  endfacet
  facet normal -0.582482 0.812844 0
    outer loop
      vertex 8.58356 -12.8462 3.99518
      vertex 9.40536 -12.2573 0.00481606
      vertex 8.58356 -12.8462 0.00481606
    endloop
  endfacet
  facet normal 0.973894 -0.227002 0
    outer loop
      vertex -15.1531 3.01414 3.99518
      vertex -14.9236 3.99875 0.00481606
      vertex -14.9236 3.99875 3.99518
    endloop
  endfacet
  facet normal 0.973894 -0.227002 0
    outer loop
      vertex -14.9236 3.99875 0.00481606
      vertex -15.1531 3.01414 3.99518
      vertex -15.1531 3.01414 0.00481606
    endloop
  endfacet
  facet normal 0.935884 -0.352309 0
    outer loop
      vertex -14.6301 4.96624 3.99518
      vertex -14.2739 5.91246 0.00481606
      vertex -14.2739 5.91246 3.99518
    endloop
  endfacet
  facet normal 0.935884 -0.352309 0
    outer loop
      vertex -14.2739 5.91246 0.00481606
      vertex -14.6301 4.96624 3.99518
      vertex -14.6301 4.96624 0.00481606
    endloop
  endfacet
  facet normal -0.0327391 0.999464 0
    outer loop
      vertex 1.01048 -15.4169 0.00481606
      vertex 0 -15.45 3.99518
      vertex 1.01048 -15.4169 3.99518
    endloop
  endfacet
  facet normal -0.0327391 0.999464 0
    outer loop
      vertex 0 -15.45 3.99518
      vertex 1.01048 -15.4169 0.00481606
      vertex 0 -15.45 0.00481606
    endloop
  endfacet
  facet normal -0.0327391 -0.999464 0
    outer loop
      vertex 0 15.45 0.00481606
      vertex 1.01048 15.4169 3.99518
      vertex 0 15.45 3.99518
    endloop
  endfacet
  facet normal -0.0327391 -0.999464 -0
    outer loop
      vertex 1.01048 15.4169 3.99518
      vertex 0 15.45 0.00481606
      vertex 1.01048 15.4169 0.00481606
    endloop
  endfacet
  facet normal -0.582482 -0.812844 0
    outer loop
      vertex 8.58356 12.8462 0.00481606
      vertex 9.40536 12.2573 3.99518
      vertex 8.58356 12.8462 3.99518
    endloop
  endfacet
  facet normal -0.582482 -0.812844 -0
    outer loop
      vertex 9.40536 12.2573 3.99518
      vertex 8.58356 12.8462 0.00481606
      vertex 9.40536 12.2573 0.00481606
    endloop
  endfacet
  facet normal -0.162906 -0.986642 0
    outer loop
      vertex 2.01663 15.3178 0.00481606
      vertex 3.01414 15.1531 3.99518
      vertex 2.01663 15.3178 3.99518
    endloop
  endfacet
  facet normal -0.162906 -0.986642 -0
    outer loop
      vertex 3.01414 15.1531 3.99518
      vertex 2.01663 15.3178 0.00481606
      vertex 3.01414 15.1531 0.00481606
    endloop
  endfacet
  facet normal 0.162906 -0.986642 0
    outer loop
      vertex -3.01414 15.1531 0.00481606
      vertex -2.01663 15.3178 3.99518
      vertex -3.01414 15.1531 3.99518
    endloop
  endfacet
  facet normal 0.162906 -0.986642 0
    outer loop
      vertex -2.01663 15.3178 3.99518
      vertex -3.01414 15.1531 0.00481606
      vertex -2.01663 15.3178 0.00481606
    endloop
  endfacet
  facet normal 0.973894 0.227002 0
    outer loop
      vertex -14.9236 -3.99875 3.99518
      vertex -15.1531 -3.01414 0.00481606
      vertex -15.1531 -3.01414 3.99518
    endloop
  endfacet
  facet normal 0.973894 0.227002 0
    outer loop
      vertex -15.1531 -3.01414 0.00481606
      vertex -14.9236 -3.99875 3.99518
      vertex -14.9236 -3.99875 0.00481606
    endloop
  endfacet
  facet normal 0.471403 0.881918 -0
    outer loop
      vertex -6.83336 -13.8567 0.00481606
      vertex -7.725 -13.3801 3.99518
      vertex -6.83336 -13.8567 3.99518
    endloop
  endfacet
  facet normal 0.471403 0.881918 0
    outer loop
      vertex -7.725 -13.3801 3.99518
      vertex -6.83336 -13.8567 0.00481606
      vertex -7.725 -13.3801 0.00481606
    endloop
  endfacet
  facet normal 0.582482 -0.812844 0
    outer loop
      vertex -9.40536 12.2573 0.00481606
      vertex -8.58356 12.8462 3.99518
      vertex -9.40536 12.2573 3.99518
    endloop
  endfacet
  facet normal 0.582482 -0.812844 0
    outer loop
      vertex -8.58356 12.8462 3.99518
      vertex -9.40536 12.2573 0.00481606
      vertex -8.58356 12.8462 0.00481606
    endloop
  endfacet
  facet normal -0.773007 0.634397 0
    outer loop
      vertex 11.6159 -10.1869 0.00481606
      vertex 12.2573 -9.40536 3.99518
      vertex 12.2573 -9.40536 0.00481606
    endloop
  endfacet
  facet normal -0.773007 0.634397 0
    outer loop
      vertex 12.2573 -9.40536 3.99518
      vertex 11.6159 -10.1869 0.00481606
      vertex 11.6159 -10.1869 3.99518
    endloop
  endfacet
  facet normal 0.729873 0.683582 0
    outer loop
      vertex -10.9248 -10.9248 3.99518
      vertex -11.6159 -10.1869 0.00481606
      vertex -11.6159 -10.1869 3.99518
    endloop
  endfacet
  facet normal 0.729873 0.683582 0
    outer loop
      vertex -11.6159 -10.1869 0.00481606
      vertex -10.9248 -10.9248 3.99518
      vertex -10.9248 -10.9248 0.00481606
    endloop
  endfacet
  facet normal 0.910884 -0.412662 0
    outer loop
      vertex -14.2739 5.91246 3.99518
      vertex -13.8567 6.83336 0.00481606
      vertex -13.8567 6.83336 3.99518
    endloop
  endfacet
  facet normal 0.910884 -0.412662 0
    outer loop
      vertex -13.8567 6.83336 0.00481606
      vertex -14.2739 5.91246 3.99518
      vertex -14.2739 5.91246 0.00481606
    endloop
  endfacet
  facet normal -0.09802 -0.995184 0
    outer loop
      vertex 1.01048 15.4169 0.00481606
      vertex 2.01663 15.3178 3.99518
      vertex 1.01048 15.4169 3.99518
    endloop
  endfacet
  facet normal -0.09802 -0.995184 -0
    outer loop
      vertex 2.01663 15.3178 3.99518
      vertex 1.01048 15.4169 0.00481606
      vertex 2.01663 15.3178 0.00481606
    endloop
  endfacet
  facet normal 0.0327391 -0.999464 0
    outer loop
      vertex -1.01048 15.4169 0.00481606
      vertex 0 15.45 3.99518
      vertex -1.01048 15.4169 3.99518
    endloop
  endfacet
  facet normal 0.0327391 -0.999464 0
    outer loop
      vertex 0 15.45 3.99518
      vertex -1.01048 15.4169 0.00481606
      vertex 0 15.45 0.00481606
    endloop
  endfacet
  facet normal -0.227002 0.973894 0
    outer loop
      vertex 3.99875 -14.9236 0.00481606
      vertex 3.01414 -15.1531 3.99518
      vertex 3.99875 -14.9236 3.99518
    endloop
  endfacet
  facet normal -0.227002 0.973894 0
    outer loop
      vertex 3.01414 -15.1531 3.99518
      vertex 3.99875 -14.9236 0.00481606
      vertex 3.01414 -15.1531 0.00481606
    endloop
  endfacet
  facet normal -0.773007 -0.634397 0
    outer loop
      vertex 12.2573 9.40536 0.00481606
      vertex 11.6159 10.1869 3.99518
      vertex 11.6159 10.1869 0.00481606
    endloop
  endfacet
  facet normal -0.773007 -0.634397 0
    outer loop
      vertex 11.6159 10.1869 3.99518
      vertex 12.2573 9.40536 0.00481606
      vertex 12.2573 9.40536 3.99518
    endloop
  endfacet
  facet normal -0.290298 0.956936 0
    outer loop
      vertex 4.96624 -14.6301 0.00481606
      vertex 3.99875 -14.9236 3.99518
      vertex 4.96624 -14.6301 3.99518
    endloop
  endfacet
  facet normal -0.290298 0.956936 0
    outer loop
      vertex 3.99875 -14.9236 3.99518
      vertex 4.96624 -14.6301 0.00481606
      vertex 3.99875 -14.9236 0.00481606
    endloop
  endfacet
  facet normal -0.995184 0.09802 0
    outer loop
      vertex 15.3178 -2.01663 0.00481606
      vertex 15.4169 -1.01048 3.99518
      vertex 15.4169 -1.01048 0.00481606
    endloop
  endfacet
  facet normal -0.995184 0.09802 0
    outer loop
      vertex 15.4169 -1.01048 3.99518
      vertex 15.3178 -2.01663 0.00481606
      vertex 15.3178 -2.01663 3.99518
    endloop
  endfacet
  facet normal 0.412662 -0.910884 0
    outer loop
      vertex -6.83336 13.8567 0.00481606
      vertex -5.91246 14.2739 3.99518
      vertex -6.83336 13.8567 3.99518
    endloop
  endfacet
  facet normal 0.412662 -0.910884 0
    outer loop
      vertex -5.91246 14.2739 3.99518
      vertex -6.83336 13.8567 0.00481606
      vertex -5.91246 14.2739 0.00481606
    endloop
  endfacet
  facet normal -0.812844 0.582482 0
    outer loop
      vertex 12.2573 -9.40536 0.00481606
      vertex 12.8462 -8.58356 3.99518
      vertex 12.8462 -8.58356 0.00481606
    endloop
  endfacet
  facet normal -0.812844 0.582482 0
    outer loop
      vertex 12.8462 -8.58356 3.99518
      vertex 12.2573 -9.40536 0.00481606
      vertex 12.2573 -9.40536 3.99518
    endloop
  endfacet
  facet normal 0.352309 -0.935884 0
    outer loop
      vertex -5.91246 14.2739 0.00481606
      vertex -4.96624 14.6301 3.99518
      vertex -5.91246 14.2739 3.99518
    endloop
  endfacet
  facet normal 0.352309 -0.935884 0
    outer loop
      vertex -4.96624 14.6301 3.99518
      vertex -5.91246 14.2739 0.00481606
      vertex -4.96624 14.6301 0.00481606
    endloop
  endfacet
  facet normal -0.352309 0.935884 0
    outer loop
      vertex 5.91246 -14.2739 0.00481606
      vertex 4.96624 -14.6301 3.99518
      vertex 5.91246 -14.2739 3.99518
    endloop
  endfacet
  facet normal -0.352309 0.935884 0
    outer loop
      vertex 4.96624 -14.6301 3.99518
      vertex 5.91246 -14.2739 0.00481606
      vertex 4.96624 -14.6301 0.00481606
    endloop
  endfacet
  facet normal 0.09802 0.995184 -0
    outer loop
      vertex -1.01048 -15.4169 0.00481606
      vertex -2.01663 -15.3178 3.99518
      vertex -1.01048 -15.4169 3.99518
    endloop
  endfacet
  facet normal 0.09802 0.995184 0
    outer loop
      vertex -2.01663 -15.3178 3.99518
      vertex -1.01048 -15.4169 0.00481606
      vertex -2.01663 -15.3178 0.00481606
    endloop
  endfacet
  facet normal -0.528077 -0.849196 0
    outer loop
      vertex 7.725 13.3801 0.00481606
      vertex 8.58356 12.8462 3.99518
      vertex 7.725 13.3801 3.99518
    endloop
  endfacet
  facet normal -0.528077 -0.849196 -0
    outer loop
      vertex 8.58356 12.8462 3.99518
      vertex 7.725 13.3801 0.00481606
      vertex 8.58356 12.8462 0.00481606
    endloop
  endfacet
  facet normal -0.910884 -0.412662 0
    outer loop
      vertex 14.2739 5.91246 0.00481606
      vertex 13.8567 6.83336 3.99518
      vertex 13.8567 6.83336 0.00481606
    endloop
  endfacet
  facet normal -0.910884 -0.412662 0
    outer loop
      vertex 13.8567 6.83336 3.99518
      vertex 14.2739 5.91246 0.00481606
      vertex 14.2739 5.91246 3.99518
    endloop
  endfacet
  facet normal 0.634397 -0.773007 0
    outer loop
      vertex -10.1869 11.6159 0.00481606
      vertex -9.40536 12.2573 3.99518
      vertex -10.1869 11.6159 3.99518
    endloop
  endfacet
  facet normal 0.634397 -0.773007 0
    outer loop
      vertex -9.40536 12.2573 3.99518
      vertex -10.1869 11.6159 0.00481606
      vertex -9.40536 12.2573 0.00481606
    endloop
  endfacet
  facet normal -0.634397 -0.773007 0
    outer loop
      vertex 9.40536 12.2573 0.00481606
      vertex 10.1869 11.6159 3.99518
      vertex 9.40536 12.2573 3.99518
    endloop
  endfacet
  facet normal -0.634397 -0.773007 -0
    outer loop
      vertex 10.1869 11.6159 3.99518
      vertex 9.40536 12.2573 0.00481606
      vertex 10.1869 11.6159 0.00481606
    endloop
  endfacet
  facet normal -0.729873 -0.683582 0
    outer loop
      vertex 11.6159 10.1869 0.00481606
      vertex 10.9248 10.9248 3.99518
      vertex 10.9248 10.9248 0.00481606
    endloop
  endfacet
  facet normal -0.729873 -0.683582 0
    outer loop
      vertex 10.9248 10.9248 3.99518
      vertex 11.6159 10.1869 0.00481606
      vertex 11.6159 10.1869 3.99518
    endloop
  endfacet
  facet normal 0.582482 0.812844 -0
    outer loop
      vertex -8.58356 -12.8462 0.00481606
      vertex -9.40536 -12.2573 3.99518
      vertex -8.58356 -12.8462 3.99518
    endloop
  endfacet
  facet normal 0.582482 0.812844 0
    outer loop
      vertex -9.40536 -12.2573 3.99518
      vertex -8.58356 -12.8462 0.00481606
      vertex -9.40536 -12.2573 0.00481606
    endloop
  endfacet
  facet normal -0.935884 0.352309 0
    outer loop
      vertex 14.2739 -5.91246 0.00481606
      vertex 14.6301 -4.96624 3.99518
      vertex 14.6301 -4.96624 0.00481606
    endloop
  endfacet
  facet normal -0.935884 0.352309 0
    outer loop
      vertex 14.6301 -4.96624 3.99518
      vertex 14.2739 -5.91246 0.00481606
      vertex 14.2739 -5.91246 3.99518
    endloop
  endfacet
  facet normal -0.471403 0.881918 0
    outer loop
      vertex 7.725 -13.3801 0.00481606
      vertex 6.83336 -13.8567 3.99518
      vertex 7.725 -13.3801 3.99518
    endloop
  endfacet
  facet normal -0.471403 0.881918 0
    outer loop
      vertex 6.83336 -13.8567 3.99518
      vertex 7.725 -13.3801 0.00481606
      vertex 6.83336 -13.8567 0.00481606
    endloop
  endfacet
  facet normal 0.227002 -0.973894 0
    outer loop
      vertex -3.99875 14.9236 0.00481606
      vertex -3.01414 15.1531 3.99518
      vertex -3.99875 14.9236 3.99518
    endloop
  endfacet
  facet normal 0.227002 -0.973894 0
    outer loop
      vertex -3.01414 15.1531 3.99518
      vertex -3.99875 14.9236 0.00481606
      vertex -3.01414 15.1531 0.00481606
    endloop
  endfacet
  facet normal 0.986642 0.162906 0
    outer loop
      vertex -15.1531 -3.01414 3.99518
      vertex -15.3178 -2.01663 0.00481606
      vertex -15.3178 -2.01663 3.99518
    endloop
  endfacet
  facet normal 0.986642 0.162906 0
    outer loop
      vertex -15.3178 -2.01663 0.00481606
      vertex -15.1531 -3.01414 3.99518
      vertex -15.1531 -3.01414 0.00481606
    endloop
  endfacet
  facet normal -0.881918 -0.471403 0
    outer loop
      vertex 13.8567 6.83336 0.00481606
      vertex 13.3801 7.725 3.99518
      vertex 13.3801 7.725 0.00481606
    endloop
  endfacet
  facet normal -0.881918 -0.471403 0
    outer loop
      vertex 13.3801 7.725 3.99518
      vertex 13.8567 6.83336 0.00481606
      vertex 13.8567 6.83336 3.99518
    endloop
  endfacet
  facet normal -0.471403 -0.881918 0
    outer loop
      vertex 6.83336 13.8567 0.00481606
      vertex 7.725 13.3801 3.99518
      vertex 6.83336 13.8567 3.99518
    endloop
  endfacet
  facet normal -0.471403 -0.881918 -0
    outer loop
      vertex 7.725 13.3801 3.99518
      vertex 6.83336 13.8567 0.00481606
      vertex 7.725 13.3801 0.00481606
    endloop
  endfacet
  facet normal 0.528077 -0.849196 0
    outer loop
      vertex -8.58356 12.8462 0.00481606
      vertex -7.725 13.3801 3.99518
      vertex -8.58356 12.8462 3.99518
    endloop
  endfacet
  facet normal 0.528077 -0.849196 0
    outer loop
      vertex -7.725 13.3801 3.99518
      vertex -8.58356 12.8462 0.00481606
      vertex -7.725 13.3801 0.00481606
    endloop
  endfacet
  facet normal 0.290298 -0.956936 0
    outer loop
      vertex -4.96624 14.6301 0.00481606
      vertex -3.99875 14.9236 3.99518
      vertex -4.96624 14.6301 3.99518
    endloop
  endfacet
  facet normal 0.290298 -0.956936 0
    outer loop
      vertex -3.99875 14.9236 3.99518
      vertex -4.96624 14.6301 0.00481606
      vertex -3.99875 14.9236 0.00481606
    endloop
  endfacet
  facet normal -0.849196 -0.528077 0
    outer loop
      vertex 13.3801 7.725 0.00481606
      vertex 12.8462 8.58356 3.99518
      vertex 12.8462 8.58356 0.00481606
    endloop
  endfacet
  facet normal -0.849196 -0.528077 0
    outer loop
      vertex 12.8462 8.58356 3.99518
      vertex 13.3801 7.725 0.00481606
      vertex 13.3801 7.725 3.99518
    endloop
  endfacet
  facet normal 0.528077 0.849196 -0
    outer loop
      vertex -7.725 -13.3801 0.00481606
      vertex -8.58356 -12.8462 3.99518
      vertex -7.725 -13.3801 3.99518
    endloop
  endfacet
  facet normal 0.528077 0.849196 0
    outer loop
      vertex -8.58356 -12.8462 3.99518
      vertex -7.725 -13.3801 0.00481606
      vertex -8.58356 -12.8462 0.00481606
    endloop
  endfacet
  facet normal -0.729873 0.683582 0
    outer loop
      vertex 10.9248 -10.9248 0.00481606
      vertex 11.6159 -10.1869 3.99518
      vertex 11.6159 -10.1869 0.00481606
    endloop
  endfacet
  facet normal -0.729873 0.683582 0
    outer loop
      vertex 11.6159 -10.1869 3.99518
      vertex 10.9248 -10.9248 0.00481606
      vertex 10.9248 -10.9248 3.99518
    endloop
  endfacet
  facet normal 0.227002 0.973894 -0
    outer loop
      vertex -3.01414 -15.1531 0.00481606
      vertex -3.99875 -14.9236 3.99518
      vertex -3.01414 -15.1531 3.99518
    endloop
  endfacet
  facet normal 0.227002 0.973894 0
    outer loop
      vertex -3.99875 -14.9236 3.99518
      vertex -3.01414 -15.1531 0.00481606
      vertex -3.99875 -14.9236 0.00481606
    endloop
  endfacet
  facet normal 0.910884 0.412662 0
    outer loop
      vertex -13.8567 -6.83336 3.99518
      vertex -14.2739 -5.91246 0.00481606
      vertex -14.2739 -5.91246 3.99518
    endloop
  endfacet
  facet normal 0.910884 0.412662 0
    outer loop
      vertex -14.2739 -5.91246 0.00481606
      vertex -13.8567 -6.83336 3.99518
      vertex -13.8567 -6.83336 0.00481606
    endloop
  endfacet
  facet normal 0.935884 0.352309 0
    outer loop
      vertex -14.2739 -5.91246 3.99518
      vertex -14.6301 -4.96624 0.00481606
      vertex -14.6301 -4.96624 3.99518
    endloop
  endfacet
  facet normal 0.935884 0.352309 0
    outer loop
      vertex -14.6301 -4.96624 0.00481606
      vertex -14.2739 -5.91246 3.99518
      vertex -14.2739 -5.91246 0.00481606
    endloop
  endfacet
  facet normal 0.995184 -0.09802 0
    outer loop
      vertex -15.4169 1.01048 3.99518
      vertex -15.3178 2.01663 0.00481606
      vertex -15.3178 2.01663 3.99518
    endloop
  endfacet
  facet normal 0.995184 -0.09802 0
    outer loop
      vertex -15.3178 2.01663 0.00481606
      vertex -15.4169 1.01048 3.99518
      vertex -15.4169 1.01048 0.00481606
    endloop
  endfacet
  facet normal -0.290298 -0.956936 0
    outer loop
      vertex 3.99875 14.9236 0.00481606
      vertex 4.96624 14.6301 3.99518
      vertex 3.99875 14.9236 3.99518
    endloop
  endfacet
  facet normal -0.290298 -0.956936 -0
    outer loop
      vertex 4.96624 14.6301 3.99518
      vertex 3.99875 14.9236 0.00481606
      vertex 4.96624 14.6301 0.00481606
    endloop
  endfacet
  facet normal -0.683582 -0.729873 0
    outer loop
      vertex 10.1869 11.6159 0.00481606
      vertex 10.9248 10.9248 3.99518
      vertex 10.1869 11.6159 3.99518
    endloop
  endfacet
  facet normal -0.683582 -0.729873 -0
    outer loop
      vertex 10.9248 10.9248 3.99518
      vertex 10.1869 11.6159 0.00481606
      vertex 10.9248 10.9248 0.00481606
    endloop
  endfacet
  facet normal -0.999464 0.0327391 0
    outer loop
      vertex 15.4169 -1.01048 0.00481606
      vertex 15.45 0 3.99518
      vertex 15.45 0 0.00481606
    endloop
  endfacet
  facet normal -0.999464 0.0327391 0
    outer loop
      vertex 15.45 0 3.99518
      vertex 15.4169 -1.01048 0.00481606
      vertex 15.4169 -1.01048 3.99518
    endloop
  endfacet
  facet normal -0.973894 0.227002 0
    outer loop
      vertex 14.9236 -3.99875 0.00481606
      vertex 15.1531 -3.01414 3.99518
      vertex 15.1531 -3.01414 0.00481606
    endloop
  endfacet
  facet normal -0.973894 0.227002 0
    outer loop
      vertex 15.1531 -3.01414 3.99518
      vertex 14.9236 -3.99875 0.00481606
      vertex 14.9236 -3.99875 3.99518
    endloop
  endfacet
  facet normal 0.812844 0.582482 0
    outer loop
      vertex -12.2573 -9.40536 3.99518
      vertex -12.8462 -8.58356 0.00481606
      vertex -12.8462 -8.58356 3.99518
    endloop
  endfacet
  facet normal 0.812844 0.582482 0
    outer loop
      vertex -12.8462 -8.58356 0.00481606
      vertex -12.2573 -9.40536 3.99518
      vertex -12.2573 -9.40536 0.00481606
    endloop
  endfacet
  facet normal 0.999464 0.0327391 0
    outer loop
      vertex -15.4169 -1.01048 3.99518
      vertex -15.45 0 0.00481606
      vertex -15.45 0 3.99518
    endloop
  endfacet
  facet normal 0.999464 0.0327391 0
    outer loop
      vertex -15.45 0 0.00481606
      vertex -15.4169 -1.01048 3.99518
      vertex -15.4169 -1.01048 0.00481606
    endloop
  endfacet
  facet normal 0.471403 -0.881918 0
    outer loop
      vertex -7.725 13.3801 0.00481606
      vertex -6.83336 13.8567 3.99518
      vertex -7.725 13.3801 3.99518
    endloop
  endfacet
  facet normal 0.471403 -0.881918 0
    outer loop
      vertex -6.83336 13.8567 3.99518
      vertex -7.725 13.3801 0.00481606
      vertex -6.83336 13.8567 0.00481606
    endloop
  endfacet
  facet normal 0.634397 0.773007 -0
    outer loop
      vertex -9.40536 -12.2573 0.00481606
      vertex -10.1869 -11.6159 3.99518
      vertex -9.40536 -12.2573 3.99518
    endloop
  endfacet
  facet normal 0.634397 0.773007 0
    outer loop
      vertex -10.1869 -11.6159 3.99518
      vertex -9.40536 -12.2573 0.00481606
      vertex -10.1869 -11.6159 0.00481606
    endloop
  endfacet
  facet normal 0.290298 0.956936 -0
    outer loop
      vertex -3.99875 -14.9236 0.00481606
      vertex -4.96624 -14.6301 3.99518
      vertex -3.99875 -14.9236 3.99518
    endloop
  endfacet
  facet normal 0.290298 0.956936 0
    outer loop
      vertex -4.96624 -14.6301 3.99518
      vertex -3.99875 -14.9236 0.00481606
      vertex -4.96624 -14.6301 0.00481606
    endloop
  endfacet
  facet normal -0.956936 -0.290298 0
    outer loop
      vertex 14.9236 3.99875 0.00481606
      vertex 14.6301 4.96624 3.99518
      vertex 14.6301 4.96624 0.00481606
    endloop
  endfacet
  facet normal -0.956936 -0.290298 0
    outer loop
      vertex 14.6301 4.96624 3.99518
      vertex 14.9236 3.99875 0.00481606
      vertex 14.9236 3.99875 3.99518
    endloop
  endfacet
  facet normal 0.683582 -0.729873 0
    outer loop
      vertex -10.9248 10.9248 0.00481606
      vertex -10.1869 11.6159 3.99518
      vertex -10.9248 10.9248 3.99518
    endloop
  endfacet
  facet normal 0.683582 -0.729873 0
    outer loop
      vertex -10.1869 11.6159 3.99518
      vertex -10.9248 10.9248 0.00481606
      vertex -10.1869 11.6159 0.00481606
    endloop
  endfacet
  facet normal 0.412662 0.910884 -0
    outer loop
      vertex -5.91246 -14.2739 0.00481606
      vertex -6.83336 -13.8567 3.99518
      vertex -5.91246 -14.2739 3.99518
    endloop
  endfacet
  facet normal 0.412662 0.910884 0
    outer loop
      vertex -6.83336 -13.8567 3.99518
      vertex -5.91246 -14.2739 0.00481606
      vertex -6.83336 -13.8567 0.00481606
    endloop
  endfacet
  facet normal -0.956936 0.290298 0
    outer loop
      vertex 14.6301 -4.96624 0.00481606
      vertex 14.9236 -3.99875 3.99518
      vertex 14.9236 -3.99875 0.00481606
    endloop
  endfacet
  facet normal -0.956936 0.290298 0
    outer loop
      vertex 14.9236 -3.99875 3.99518
      vertex 14.6301 -4.96624 0.00481606
      vertex 14.6301 -4.96624 3.99518
    endloop
  endfacet
  facet normal -0.162906 0.986642 0
    outer loop
      vertex 3.01414 -15.1531 0.00481606
      vertex 2.01663 -15.3178 3.99518
      vertex 3.01414 -15.1531 3.99518
    endloop
  endfacet
  facet normal -0.162906 0.986642 0
    outer loop
      vertex 2.01663 -15.3178 3.99518
      vertex 3.01414 -15.1531 0.00481606
      vertex 2.01663 -15.3178 0.00481606
    endloop
  endfacet
  facet normal -0.935884 -0.352309 0
    outer loop
      vertex 14.6301 4.96624 0.00481606
      vertex 14.2739 5.91246 3.99518
      vertex 14.2739 5.91246 0.00481606
    endloop
  endfacet
  facet normal -0.935884 -0.352309 0
    outer loop
      vertex 14.2739 5.91246 3.99518
      vertex 14.6301 4.96624 0.00481606
      vertex 14.6301 4.96624 3.99518
    endloop
  endfacet
  facet normal 0.162906 0.986642 -0
    outer loop
      vertex -2.01663 -15.3178 0.00481606
      vertex -3.01414 -15.1531 3.99518
      vertex -2.01663 -15.3178 3.99518
    endloop
  endfacet
  facet normal 0.162906 0.986642 0
    outer loop
      vertex -3.01414 -15.1531 3.99518
      vertex -2.01663 -15.3178 0.00481606
      vertex -3.01414 -15.1531 0.00481606
    endloop
  endfacet
  facet normal 0.0327391 0.999464 -0
    outer loop
      vertex 0 -15.45 0.00481606
      vertex -1.01048 -15.4169 3.99518
      vertex 0 -15.45 3.99518
    endloop
  endfacet
  facet normal 0.0327391 0.999464 0
    outer loop
      vertex -1.01048 -15.4169 3.99518
      vertex 0 -15.45 0.00481606
      vertex -1.01048 -15.4169 0.00481606
    endloop
  endfacet
  facet normal 0.956936 0.290298 0
    outer loop
      vertex -14.6301 -4.96624 3.99518
      vertex -14.9236 -3.99875 0.00481606
      vertex -14.9236 -3.99875 3.99518
    endloop
  endfacet
  facet normal 0.956936 0.290298 0
    outer loop
      vertex -14.9236 -3.99875 0.00481606
      vertex -14.6301 -4.96624 3.99518
      vertex -14.6301 -4.96624 0.00481606
    endloop
  endfacet
  facet normal 0.09802 -0.995184 0
    outer loop
      vertex -2.01663 15.3178 0.00481606
      vertex -1.01048 15.4169 3.99518
      vertex -2.01663 15.3178 3.99518
    endloop
  endfacet
  facet normal 0.09802 -0.995184 0
    outer loop
      vertex -1.01048 15.4169 3.99518
      vertex -2.01663 15.3178 0.00481606
      vertex -1.01048 15.4169 0.00481606
    endloop
  endfacet
  facet normal 0.999464 -0.0327391 0
    outer loop
      vertex -15.45 0 3.99518
      vertex -15.4169 1.01048 0.00481606
      vertex -15.4169 1.01048 3.99518
    endloop
  endfacet
  facet normal 0.999464 -0.0327391 0
    outer loop
      vertex -15.4169 1.01048 0.00481606
      vertex -15.45 0 3.99518
      vertex -15.45 0 0.00481606
    endloop
  endfacet
  facet normal 0.849196 -0.528077 0
    outer loop
      vertex -13.3801 7.725 3.99518
      vertex -12.8462 8.58356 0.00481606
      vertex -12.8462 8.58356 3.99518
    endloop
  endfacet
  facet normal 0.849196 -0.528077 0
    outer loop
      vertex -12.8462 8.58356 0.00481606
      vertex -13.3801 7.725 3.99518
      vertex -13.3801 7.725 0.00481606
    endloop
  endfacet
  facet normal -0.412662 0.910884 0
    outer loop
      vertex 6.83336 -13.8567 0.00481606
      vertex 5.91246 -14.2739 3.99518
      vertex 6.83336 -13.8567 3.99518
    endloop
  endfacet
  facet normal -0.412662 0.910884 0
    outer loop
      vertex 5.91246 -14.2739 3.99518
      vertex 6.83336 -13.8567 0.00481606
      vertex 5.91246 -14.2739 0.00481606
    endloop
  endfacet
  facet normal 0.995184 0.09802 0
    outer loop
      vertex -15.3178 -2.01663 3.99518
      vertex -15.4169 -1.01048 0.00481606
      vertex -15.4169 -1.01048 3.99518
    endloop
  endfacet
  facet normal 0.995184 0.09802 0
    outer loop
      vertex -15.4169 -1.01048 0.00481606
      vertex -15.3178 -2.01663 3.99518
      vertex -15.3178 -2.01663 0.00481606
    endloop
  endfacet
  facet normal -0.528077 0.849196 0
    outer loop
      vertex 8.58356 -12.8462 0.00481606
      vertex 7.725 -13.3801 3.99518
      vertex 8.58356 -12.8462 3.99518
    endloop
  endfacet
  facet normal -0.528077 0.849196 0
    outer loop
      vertex 7.725 -13.3801 3.99518
      vertex 8.58356 -12.8462 0.00481606
      vertex 7.725 -13.3801 0.00481606
    endloop
  endfacet
  facet normal 0.773007 0.634397 0
    outer loop
      vertex -11.6159 -10.1869 3.99518
      vertex -12.2573 -9.40536 0.00481606
      vertex -12.2573 -9.40536 3.99518
    endloop
  endfacet
  facet normal 0.773007 0.634397 0
    outer loop
      vertex -12.2573 -9.40536 0.00481606
      vertex -11.6159 -10.1869 3.99518
      vertex -11.6159 -10.1869 0.00481606
    endloop
  endfacet
  facet normal 0.773007 -0.634397 0
    outer loop
      vertex -12.2573 9.40536 3.99518
      vertex -11.6159 10.1869 0.00481606
      vertex -11.6159 10.1869 3.99518
    endloop
  endfacet
  facet normal 0.773007 -0.634397 0
    outer loop
      vertex -11.6159 10.1869 0.00481606
      vertex -12.2573 9.40536 3.99518
      vertex -12.2573 9.40536 0.00481606
    endloop
  endfacet
  facet normal -0.634397 0.773007 0
    outer loop
      vertex 10.1869 -11.6159 0.00481606
      vertex 9.40536 -12.2573 3.99518
      vertex 10.1869 -11.6159 3.99518
    endloop
  endfacet
  facet normal -0.634397 0.773007 0
    outer loop
      vertex 9.40536 -12.2573 3.99518
      vertex 10.1869 -11.6159 0.00481606
      vertex 9.40536 -12.2573 0.00481606
    endloop
  endfacet
  facet normal 0.956936 -0.290298 0
    outer loop
      vertex -14.9236 3.99875 3.99518
      vertex -14.6301 4.96624 0.00481606
      vertex -14.6301 4.96624 3.99518
    endloop
  endfacet
  facet normal 0.956936 -0.290298 0
    outer loop
      vertex -14.6301 4.96624 0.00481606
      vertex -14.9236 3.99875 3.99518
      vertex -14.9236 3.99875 0.00481606
    endloop
  endfacet
  facet normal -0.849196 0.528077 0
    outer loop
      vertex 12.8462 -8.58356 0.00481606
      vertex 13.3801 -7.725 3.99518
      vertex 13.3801 -7.725 0.00481606
    endloop
  endfacet
  facet normal -0.849196 0.528077 0
    outer loop
      vertex 13.3801 -7.725 3.99518
      vertex 12.8462 -8.58356 0.00481606
      vertex 12.8462 -8.58356 3.99518
    endloop
  endfacet
  facet normal 0.881918 0.471403 0
    outer loop
      vertex -13.3801 -7.725 3.99518
      vertex -13.8567 -6.83336 0.00481606
      vertex -13.8567 -6.83336 3.99518
    endloop
  endfacet
  facet normal 0.881918 0.471403 0
    outer loop
      vertex -13.8567 -6.83336 0.00481606
      vertex -13.3801 -7.725 3.99518
      vertex -13.3801 -7.725 0.00481606
    endloop
  endfacet
  facet normal 0.849196 0.528077 0
    outer loop
      vertex -12.8462 -8.58356 3.99518
      vertex -13.3801 -7.725 0.00481606
      vertex -13.3801 -7.725 3.99518
    endloop
  endfacet
  facet normal 0.849196 0.528077 0
    outer loop
      vertex -13.3801 -7.725 0.00481606
      vertex -12.8462 -8.58356 3.99518
      vertex -12.8462 -8.58356 0.00481606
    endloop
  endfacet
  facet normal -0.352309 -0.935884 0
    outer loop
      vertex 4.96624 14.6301 0.00481606
      vertex 5.91246 14.2739 3.99518
      vertex 4.96624 14.6301 3.99518
    endloop
  endfacet
  facet normal -0.352309 -0.935884 -0
    outer loop
      vertex 5.91246 14.2739 3.99518
      vertex 4.96624 14.6301 0.00481606
      vertex 5.91246 14.2739 0.00481606
    endloop
  endfacet
  facet normal -0.227002 -0.973894 0
    outer loop
      vertex 3.01414 15.1531 0.00481606
      vertex 3.99875 14.9236 3.99518
      vertex 3.01414 15.1531 3.99518
    endloop
  endfacet
  facet normal -0.227002 -0.973894 -0
    outer loop
      vertex 3.99875 14.9236 3.99518
      vertex 3.01414 15.1531 0.00481606
      vertex 3.99875 14.9236 0.00481606
    endloop
  endfacet
  facet normal 0.881918 -0.471403 0
    outer loop
      vertex -13.8567 6.83336 3.99518
      vertex -13.3801 7.725 0.00481606
      vertex -13.3801 7.725 3.99518
    endloop
  endfacet
  facet normal 0.881918 -0.471403 0
    outer loop
      vertex -13.3801 7.725 0.00481606
      vertex -13.8567 6.83336 3.99518
      vertex -13.8567 6.83336 0.00481606
    endloop
  endfacet
  facet normal 0.729873 -0.683582 0
    outer loop
      vertex -11.6159 10.1869 3.99518
      vertex -10.9248 10.9248 0.00481606
      vertex -10.9248 10.9248 3.99518
    endloop
  endfacet
  facet normal 0.729873 -0.683582 0
    outer loop
      vertex -10.9248 10.9248 0.00481606
      vertex -11.6159 10.1869 3.99518
      vertex -11.6159 10.1869 0.00481606
    endloop
  endfacet
  facet normal 0.986642 -0.162906 0
    outer loop
      vertex -15.3178 2.01663 3.99518
      vertex -15.1531 3.01414 0.00481606
      vertex -15.1531 3.01414 3.99518
    endloop
  endfacet
  facet normal 0.986642 -0.162906 0
    outer loop
      vertex -15.1531 3.01414 0.00481606
      vertex -15.3178 2.01663 3.99518
      vertex -15.3178 2.01663 0.00481606
    endloop
  endfacet
  facet normal -0.683582 0.729873 0
    outer loop
      vertex 10.9248 -10.9248 0.00481606
      vertex 10.1869 -11.6159 3.99518
      vertex 10.9248 -10.9248 3.99518
    endloop
  endfacet
  facet normal -0.683582 0.729873 0
    outer loop
      vertex 10.1869 -11.6159 3.99518
      vertex 10.9248 -10.9248 0.00481606
      vertex 10.1869 -11.6159 0.00481606
    endloop
  endfacet
  facet normal 0.352309 0.935884 -0
    outer loop
      vertex -4.96624 -14.6301 0.00481606
      vertex -5.91246 -14.2739 3.99518
      vertex -4.96624 -14.6301 3.99518
    endloop
  endfacet
  facet normal 0.352309 0.935884 0
    outer loop
      vertex -5.91246 -14.2739 3.99518
      vertex -4.96624 -14.6301 0.00481606
      vertex -5.91246 -14.2739 0.00481606
    endloop
  endfacet
  facet normal -0.910884 0.412662 0
    outer loop
      vertex 13.8567 -6.83336 0.00481606
      vertex 14.2739 -5.91246 3.99518
      vertex 14.2739 -5.91246 0.00481606
    endloop
  endfacet
  facet normal -0.910884 0.412662 0
    outer loop
      vertex 14.2739 -5.91246 3.99518
      vertex 13.8567 -6.83336 0.00481606
      vertex 13.8567 -6.83336 3.99518
    endloop
  endfacet
endsolid OpenSCAD_Model
