solid OpenSCAD_Model
  facet normal 0.793444 0.608644 0
    outer loop
      vertex 14.8661 24.1161 12.6942
      vertex 14.6675 24.375 2.8
      vertex 14.6675 24.375 12.6942
    endloop
  endfacet
  facet normal 0.793444 0.608644 0
    outer loop
      vertex 14.6675 24.375 2.8
      vertex 14.8661 24.1161 12.6942
      vertex 14.8661 24.1161 2.8
    endloop
  endfacet
  facet normal -0.991441 -0.130558 0
    outer loop
      vertex 17 25 2.8
      vertex 16.9574 25.3235 12.6942
      vertex 16.9574 25.3235 2.8
    endloop
  endfacet
  facet normal -0.991441 -0.130558 0
    outer loop
      vertex 16.9574 25.3235 12.6942
      vertex 17 25 2.8
      vertex 17 25 12.6942
    endloop
  endfacet
  facet normal 0 0 1
    outer loop
      vertex 16.9574 25.3235 2.8
      vertex 16.9574 24.6765 2.8
      vertex 17 25 2.8
    endloop
  endfacet
  facet normal 0 0 1
    outer loop
      vertex 16.8325 25.625 2.8
      vertex 16.9574 24.6765 2.8
      vertex 16.9574 25.3235 2.8
    endloop
  endfacet
  facet normal 0 0 1
    outer loop
      vertex 16.8325 25.625 2.8
      vertex 16.8325 24.375 2.8
      vertex 16.9574 24.6765 2.8
    endloop
  endfacet
  facet normal 0 0 1
    outer loop
      vertex 16.6339 25.8839 2.8
      vertex 16.8325 24.375 2.8
      vertex 16.8325 25.625 2.8
    endloop
  endfacet
  facet normal 0 0 1
    outer loop
      vertex 16.6339 25.8839 2.8
      vertex 16.6339 24.1161 2.8
      vertex 16.8325 24.375 2.8
    endloop
  endfacet
  facet normal 0 0 1
    outer loop
      vertex 16.375 26.0825 2.8
      vertex 16.6339 24.1161 2.8
      vertex 16.6339 25.8839 2.8
    endloop
  endfacet
  facet normal 0 0 1
    outer loop
      vertex 16.375 26.0825 2.8
      vertex 16.375 23.9175 2.8
      vertex 16.6339 24.1161 2.8
    endloop
  endfacet
  facet normal 0 0 1
    outer loop
      vertex 16.0735 26.2074 2.8
      vertex 16.375 23.9175 2.8
      vertex 16.375 26.0825 2.8
    endloop
  endfacet
  facet normal 0 0 1
    outer loop
      vertex 16.0735 26.2074 2.8
      vertex 16.0735 23.7926 2.8
      vertex 16.375 23.9175 2.8
    endloop
  endfacet
  facet normal 0 0 1
    outer loop
      vertex 15.75 26.25 2.8
      vertex 16.0735 23.7926 2.8
      vertex 16.0735 26.2074 2.8
    endloop
  endfacet
  facet normal 0 0 1
    outer loop
      vertex 15.75 26.25 2.8
      vertex 15.75 23.75 2.8
      vertex 16.0735 23.7926 2.8
    endloop
  endfacet
  facet normal -0 0 1
    outer loop
      vertex 15.4265 26.2074 2.8
      vertex 15.75 23.75 2.8
      vertex 15.75 26.25 2.8
    endloop
  endfacet
  facet normal 0 0 1
    outer loop
      vertex 15.4265 26.2074 2.8
      vertex 15.4265 23.7926 2.8
      vertex 15.75 23.75 2.8
    endloop
  endfacet
  facet normal -0 0 1
    outer loop
      vertex 15.125 26.0825 2.8
      vertex 15.4265 23.7926 2.8
      vertex 15.4265 26.2074 2.8
    endloop
  endfacet
  facet normal 0 0 1
    outer loop
      vertex 15.125 26.0825 2.8
      vertex 15.125 23.9175 2.8
      vertex 15.4265 23.7926 2.8
    endloop
  endfacet
  facet normal -0 0 1
    outer loop
      vertex 14.8661 25.8839 2.8
      vertex 15.125 23.9175 2.8
      vertex 15.125 26.0825 2.8
    endloop
  endfacet
  facet normal 0 0 1
    outer loop
      vertex 14.8661 25.8839 2.8
      vertex 14.8661 24.1161 2.8
      vertex 15.125 23.9175 2.8
    endloop
  endfacet
  facet normal -0 0 1
    outer loop
      vertex 14.6675 25.625 2.8
      vertex 14.8661 24.1161 2.8
      vertex 14.8661 25.8839 2.8
    endloop
  endfacet
  facet normal 0 0 1
    outer loop
      vertex 14.6675 25.625 2.8
      vertex 14.6675 24.375 2.8
      vertex 14.8661 24.1161 2.8
    endloop
  endfacet
  facet normal -0 0 1
    outer loop
      vertex 14.5426 25.3235 2.8
      vertex 14.6675 24.375 2.8
      vertex 14.6675 25.625 2.8
    endloop
  endfacet
  facet normal 0 0 1
    outer loop
      vertex 14.5426 25.3235 2.8
      vertex 14.5426 24.6765 2.8
      vertex 14.6675 24.375 2.8
    endloop
  endfacet
  facet normal 0 -0 1
    outer loop
      vertex 14.5426 24.6765 2.8
      vertex 14.5426 25.3235 2.8
      vertex 14.5 25 2.8
    endloop
  endfacet
  facet normal 0.923864 -0.382722 0
    outer loop
      vertex 14.5426 25.3235 12.6942
      vertex 14.6675 25.625 2.8
      vertex 14.6675 25.625 12.6942
    endloop
  endfacet
  facet normal 0.923864 -0.382722 0
    outer loop
      vertex 14.6675 25.625 2.8
      vertex 14.5426 25.3235 12.6942
      vertex 14.5426 25.3235 2.8
    endloop
  endfacet
  facet normal -0.923864 -0.382722 0
    outer loop
      vertex 16.9574 25.3235 2.8
      vertex 16.8325 25.625 12.6942
      vertex 16.8325 25.625 2.8
    endloop
  endfacet
  facet normal -0.923864 -0.382722 0
    outer loop
      vertex 16.8325 25.625 12.6942
      vertex 16.9574 25.3235 2.8
      vertex 16.9574 25.3235 12.6942
    endloop
  endfacet
  facet normal -0.608644 0.793444 0
    outer loop
      vertex 16.6339 24.1161 2.8
      vertex 16.375 23.9175 12.6942
      vertex 16.6339 24.1161 12.6942
    endloop
  endfacet
  facet normal -0.608644 0.793444 0
    outer loop
      vertex 16.375 23.9175 12.6942
      vertex 16.6339 24.1161 2.8
      vertex 16.375 23.9175 2.8
    endloop
  endfacet
  facet normal -0.608644 -0.793444 0
    outer loop
      vertex 16.375 26.0825 2.8
      vertex 16.6339 25.8839 12.6942
      vertex 16.375 26.0825 12.6942
    endloop
  endfacet
  facet normal -0.608644 -0.793444 -0
    outer loop
      vertex 16.6339 25.8839 12.6942
      vertex 16.375 26.0825 2.8
      vertex 16.6339 25.8839 2.8
    endloop
  endfacet
  facet normal -0.130558 -0.991441 0
    outer loop
      vertex 15.75 26.25 2.8
      vertex 16.0735 26.2074 12.6942
      vertex 15.75 26.25 12.6942
    endloop
  endfacet
  facet normal -0.130558 -0.991441 -0
    outer loop
      vertex 16.0735 26.2074 12.6942
      vertex 15.75 26.25 2.8
      vertex 16.0735 26.2074 2.8
    endloop
  endfacet
  facet normal 0.382722 0.923864 -0
    outer loop
      vertex 15.4265 23.7926 2.8
      vertex 15.125 23.9175 12.6942
      vertex 15.4265 23.7926 12.6942
    endloop
  endfacet
  facet normal 0.382722 0.923864 0
    outer loop
      vertex 15.125 23.9175 12.6942
      vertex 15.4265 23.7926 2.8
      vertex 15.125 23.9175 2.8
    endloop
  endfacet
  facet normal 0.130558 0.991441 -0
    outer loop
      vertex 15.75 23.75 2.8
      vertex 15.4265 23.7926 12.6942
      vertex 15.75 23.75 12.6942
    endloop
  endfacet
  facet normal 0.130558 0.991441 0
    outer loop
      vertex 15.4265 23.7926 12.6942
      vertex 15.75 23.75 2.8
      vertex 15.4265 23.7926 2.8
    endloop
  endfacet
  facet normal -0.793444 -0.608644 0
    outer loop
      vertex 16.8325 25.625 2.8
      vertex 16.6339 25.8839 12.6942
      vertex 16.6339 25.8839 2.8
    endloop
  endfacet
  facet normal -0.793444 -0.608644 0
    outer loop
      vertex 16.6339 25.8839 12.6942
      vertex 16.8325 25.625 2.8
      vertex 16.8325 25.625 12.6942
    endloop
  endfacet
  facet normal -0.130558 0.991441 0
    outer loop
      vertex 16.0735 23.7926 2.8
      vertex 15.75 23.75 12.6942
      vertex 16.0735 23.7926 12.6942
    endloop
  endfacet
  facet normal -0.130558 0.991441 0
    outer loop
      vertex 15.75 23.75 12.6942
      vertex 16.0735 23.7926 2.8
      vertex 15.75 23.75 2.8
    endloop
  endfacet
  facet normal -0.382722 0.923864 0
    outer loop
      vertex 16.375 23.9175 2.8
      vertex 16.0735 23.7926 12.6942
      vertex 16.375 23.9175 12.6942
    endloop
  endfacet
  facet normal -0.382722 0.923864 0
    outer loop
      vertex 16.0735 23.7926 12.6942
      vertex 16.375 23.9175 2.8
      vertex 16.0735 23.7926 2.8
    endloop
  endfacet
  facet normal -0.793444 0.608644 0
    outer loop
      vertex 16.6339 24.1161 2.8
      vertex 16.8325 24.375 12.6942
      vertex 16.8325 24.375 2.8
    endloop
  endfacet
  facet normal -0.793444 0.608644 0
    outer loop
      vertex 16.8325 24.375 12.6942
      vertex 16.6339 24.1161 2.8
      vertex 16.6339 24.1161 12.6942
    endloop
  endfacet
  facet normal 0.130558 -0.991441 0
    outer loop
      vertex 15.4265 26.2074 2.8
      vertex 15.75 26.25 12.6942
      vertex 15.4265 26.2074 12.6942
    endloop
  endfacet
  facet normal 0.130558 -0.991441 0
    outer loop
      vertex 15.75 26.25 12.6942
      vertex 15.4265 26.2074 2.8
      vertex 15.75 26.25 2.8
    endloop
  endfacet
  facet normal 0.991441 0.130558 0
    outer loop
      vertex 14.5426 24.6765 12.6942
      vertex 14.5 25 2.8
      vertex 14.5 25 12.6942
    endloop
  endfacet
  facet normal 0.991441 0.130558 0
    outer loop
      vertex 14.5 25 2.8
      vertex 14.5426 24.6765 12.6942
      vertex 14.5426 24.6765 2.8
    endloop
  endfacet
  facet normal 0.793444 -0.608644 0
    outer loop
      vertex 14.6675 25.625 12.6942
      vertex 14.8661 25.8839 2.8
      vertex 14.8661 25.8839 12.6942
    endloop
  endfacet
  facet normal 0.793444 -0.608644 0
    outer loop
      vertex 14.8661 25.8839 2.8
      vertex 14.6675 25.625 12.6942
      vertex 14.6675 25.625 2.8
    endloop
  endfacet
  facet normal 0.608644 0.793444 -0
    outer loop
      vertex 15.125 23.9175 2.8
      vertex 14.8661 24.1161 12.6942
      vertex 15.125 23.9175 12.6942
    endloop
  endfacet
  facet normal 0.608644 0.793444 0
    outer loop
      vertex 14.8661 24.1161 12.6942
      vertex 15.125 23.9175 2.8
      vertex 14.8661 24.1161 2.8
    endloop
  endfacet
  facet normal -0.382722 -0.923864 0
    outer loop
      vertex 16.0735 26.2074 2.8
      vertex 16.375 26.0825 12.6942
      vertex 16.0735 26.2074 12.6942
    endloop
  endfacet
  facet normal -0.382722 -0.923864 -0
    outer loop
      vertex 16.375 26.0825 12.6942
      vertex 16.0735 26.2074 2.8
      vertex 16.375 26.0825 2.8
    endloop
  endfacet
  facet normal 0.382722 -0.923864 0
    outer loop
      vertex 15.125 26.0825 2.8
      vertex 15.4265 26.2074 12.6942
      vertex 15.125 26.0825 12.6942
    endloop
  endfacet
  facet normal 0.382722 -0.923864 0
    outer loop
      vertex 15.4265 26.2074 12.6942
      vertex 15.125 26.0825 2.8
      vertex 15.4265 26.2074 2.8
    endloop
  endfacet
  facet normal 0.923864 0.382722 0
    outer loop
      vertex 14.6675 24.375 12.6942
      vertex 14.5426 24.6765 2.8
      vertex 14.5426 24.6765 12.6942
    endloop
  endfacet
  facet normal 0.923864 0.382722 0
    outer loop
      vertex 14.5426 24.6765 2.8
      vertex 14.6675 24.375 12.6942
      vertex 14.6675 24.375 2.8
    endloop
  endfacet
  facet normal 0.608644 -0.793444 0
    outer loop
      vertex 14.8661 25.8839 2.8
      vertex 15.125 26.0825 12.6942
      vertex 14.8661 25.8839 12.6942
    endloop
  endfacet
  facet normal 0.608644 -0.793444 0
    outer loop
      vertex 15.125 26.0825 12.6942
      vertex 14.8661 25.8839 2.8
      vertex 15.125 26.0825 2.8
    endloop
  endfacet
  facet normal 0.991441 -0.130558 0
    outer loop
      vertex 14.5 25 12.6942
      vertex 14.5426 25.3235 2.8
      vertex 14.5426 25.3235 12.6942
    endloop
  endfacet
  facet normal 0.991441 -0.130558 0
    outer loop
      vertex 14.5426 25.3235 2.8
      vertex 14.5 25 12.6942
      vertex 14.5 25 2.8
    endloop
  endfacet
  facet normal -0.923864 0.382722 0
    outer loop
      vertex 16.8325 24.375 2.8
      vertex 16.9574 24.6765 12.6942
      vertex 16.9574 24.6765 2.8
    endloop
  endfacet
  facet normal -0.923864 0.382722 0
    outer loop
      vertex 16.9574 24.6765 12.6942
      vertex 16.8325 24.375 2.8
      vertex 16.8325 24.375 12.6942
    endloop
  endfacet
  facet normal -0.991441 0.130558 0
    outer loop
      vertex 16.9574 24.6765 2.8
      vertex 17 25 12.6942
      vertex 17 25 2.8
    endloop
  endfacet
  facet normal -0.991441 0.130558 0
    outer loop
      vertex 17 25 12.6942
      vertex 16.9574 24.6765 2.8
      vertex 16.9574 24.6765 12.6942
    endloop
  endfacet
  facet normal 0.991441 0.130558 0
    outer loop
      vertex -16.9574 24.6765 12.6942
      vertex -17 25 2.8
      vertex -17 25 12.6942
    endloop
  endfacet
  facet normal 0.991441 0.130558 0
    outer loop
      vertex -17 25 2.8
      vertex -16.9574 24.6765 12.6942
      vertex -16.9574 24.6765 2.8
    endloop
  endfacet
  facet normal 0.130558 -0.991441 0
    outer loop
      vertex -16.0735 26.2074 2.8
      vertex -15.75 26.25 12.6942
      vertex -16.0735 26.2074 12.6942
    endloop
  endfacet
  facet normal 0.130558 -0.991441 0
    outer loop
      vertex -15.75 26.25 12.6942
      vertex -16.0735 26.2074 2.8
      vertex -15.75 26.25 2.8
    endloop
  endfacet
  facet normal -0.130558 0.991441 0
    outer loop
      vertex -15.4265 23.7926 2.8
      vertex -15.75 23.75 12.6942
      vertex -15.4265 23.7926 12.6942
    endloop
  endfacet
  facet normal -0.130558 0.991441 0
    outer loop
      vertex -15.75 23.75 12.6942
      vertex -15.4265 23.7926 2.8
      vertex -15.75 23.75 2.8
    endloop
  endfacet
  facet normal 0.991441 -0.130558 0
    outer loop
      vertex -17 25 12.6942
      vertex -16.9574 25.3235 2.8
      vertex -16.9574 25.3235 12.6942
    endloop
  endfacet
  facet normal 0.991441 -0.130558 0
    outer loop
      vertex -16.9574 25.3235 2.8
      vertex -17 25 12.6942
      vertex -17 25 2.8
    endloop
  endfacet
  facet normal -0.991441 0.130558 0
    outer loop
      vertex -14.5426 24.6765 2.8
      vertex -14.5 25 12.6942
      vertex -14.5 25 2.8
    endloop
  endfacet
  facet normal -0.991441 0.130558 0
    outer loop
      vertex -14.5 25 12.6942
      vertex -14.5426 24.6765 2.8
      vertex -14.5426 24.6765 12.6942
    endloop
  endfacet
  facet normal -0.991441 -0.130558 0
    outer loop
      vertex -14.5 25 2.8
      vertex -14.5426 25.3235 12.6942
      vertex -14.5426 25.3235 2.8
    endloop
  endfacet
  facet normal -0.991441 -0.130558 0
    outer loop
      vertex -14.5426 25.3235 12.6942
      vertex -14.5 25 2.8
      vertex -14.5 25 12.6942
    endloop
  endfacet
  facet normal -0.923864 -0.382722 0
    outer loop
      vertex -14.5426 25.3235 2.8
      vertex -14.6675 25.625 12.6942
      vertex -14.6675 25.625 2.8
    endloop
  endfacet
  facet normal -0.923864 -0.382722 0
    outer loop
      vertex -14.6675 25.625 12.6942
      vertex -14.5426 25.3235 2.8
      vertex -14.5426 25.3235 12.6942
    endloop
  endfacet
  facet normal -0.608644 0.793444 0
    outer loop
      vertex -14.8661 24.1161 2.8
      vertex -15.125 23.9175 12.6942
      vertex -14.8661 24.1161 12.6942
    endloop
  endfacet
  facet normal -0.608644 0.793444 0
    outer loop
      vertex -15.125 23.9175 12.6942
      vertex -14.8661 24.1161 2.8
      vertex -15.125 23.9175 2.8
    endloop
  endfacet
  facet normal -0.793444 -0.608644 0
    outer loop
      vertex -14.6675 25.625 2.8
      vertex -14.8661 25.8839 12.6942
      vertex -14.8661 25.8839 2.8
    endloop
  endfacet
  facet normal -0.793444 -0.608644 0
    outer loop
      vertex -14.8661 25.8839 12.6942
      vertex -14.6675 25.625 2.8
      vertex -14.6675 25.625 12.6942
    endloop
  endfacet
  facet normal -0.382722 -0.923864 0
    outer loop
      vertex -15.4265 26.2074 2.8
      vertex -15.125 26.0825 12.6942
      vertex -15.4265 26.2074 12.6942
    endloop
  endfacet
  facet normal -0.382722 -0.923864 -0
    outer loop
      vertex -15.125 26.0825 12.6942
      vertex -15.4265 26.2074 2.8
      vertex -15.125 26.0825 2.8
    endloop
  endfacet
  facet normal -0.130558 -0.991441 0
    outer loop
      vertex -15.75 26.25 2.8
      vertex -15.4265 26.2074 12.6942
      vertex -15.75 26.25 12.6942
    endloop
  endfacet
  facet normal -0.130558 -0.991441 -0
    outer loop
      vertex -15.4265 26.2074 12.6942
      vertex -15.75 26.25 2.8
      vertex -15.4265 26.2074 2.8
    endloop
  endfacet
  facet normal -0.793444 0.608644 0
    outer loop
      vertex -14.8661 24.1161 2.8
      vertex -14.6675 24.375 12.6942
      vertex -14.6675 24.375 2.8
    endloop
  endfacet
  facet normal -0.793444 0.608644 0
    outer loop
      vertex -14.6675 24.375 12.6942
      vertex -14.8661 24.1161 2.8
      vertex -14.8661 24.1161 12.6942
    endloop
  endfacet
  facet normal 0.923864 0.382722 0
    outer loop
      vertex -16.8325 24.375 12.6942
      vertex -16.9574 24.6765 2.8
      vertex -16.9574 24.6765 12.6942
    endloop
  endfacet
  facet normal 0.923864 0.382722 0
    outer loop
      vertex -16.9574 24.6765 2.8
      vertex -16.8325 24.375 12.6942
      vertex -16.8325 24.375 2.8
    endloop
  endfacet
  facet normal 0.382722 -0.923864 0
    outer loop
      vertex -16.375 26.0825 2.8
      vertex -16.0735 26.2074 12.6942
      vertex -16.375 26.0825 12.6942
    endloop
  endfacet
  facet normal 0.382722 -0.923864 0
    outer loop
      vertex -16.0735 26.2074 12.6942
      vertex -16.375 26.0825 2.8
      vertex -16.0735 26.2074 2.8
    endloop
  endfacet
  facet normal 0.793444 -0.608644 0
    outer loop
      vertex -16.8325 25.625 12.6942
      vertex -16.6339 25.8839 2.8
      vertex -16.6339 25.8839 12.6942
    endloop
  endfacet
  facet normal 0.793444 -0.608644 0
    outer loop
      vertex -16.6339 25.8839 2.8
      vertex -16.8325 25.625 12.6942
      vertex -16.8325 25.625 2.8
    endloop
  endfacet
  facet normal 0.608644 -0.793444 0
    outer loop
      vertex -16.6339 25.8839 2.8
      vertex -16.375 26.0825 12.6942
      vertex -16.6339 25.8839 12.6942
    endloop
  endfacet
  facet normal 0.608644 -0.793444 0
    outer loop
      vertex -16.375 26.0825 12.6942
      vertex -16.6339 25.8839 2.8
      vertex -16.375 26.0825 2.8
    endloop
  endfacet
  facet normal 0 0 1
    outer loop
      vertex -14.5426 25.3235 2.8
      vertex -14.5426 24.6765 2.8
      vertex -14.5 25 2.8
    endloop
  endfacet
  facet normal 0 0 1
    outer loop
      vertex -14.6675 25.625 2.8
      vertex -14.5426 24.6765 2.8
      vertex -14.5426 25.3235 2.8
    endloop
  endfacet
  facet normal 0 0 1
    outer loop
      vertex -14.6675 25.625 2.8
      vertex -14.6675 24.375 2.8
      vertex -14.5426 24.6765 2.8
    endloop
  endfacet
  facet normal 0 0 1
    outer loop
      vertex -14.8661 25.8839 2.8
      vertex -14.6675 24.375 2.8
      vertex -14.6675 25.625 2.8
    endloop
  endfacet
  facet normal 0 0 1
    outer loop
      vertex -14.8661 25.8839 2.8
      vertex -14.8661 24.1161 2.8
      vertex -14.6675 24.375 2.8
    endloop
  endfacet
  facet normal 0 0 1
    outer loop
      vertex -15.125 26.0825 2.8
      vertex -14.8661 24.1161 2.8
      vertex -14.8661 25.8839 2.8
    endloop
  endfacet
  facet normal 0 0 1
    outer loop
      vertex -15.125 26.0825 2.8
      vertex -15.125 23.9175 2.8
      vertex -14.8661 24.1161 2.8
    endloop
  endfacet
  facet normal 0 0 1
    outer loop
      vertex -15.4265 26.2074 2.8
      vertex -15.125 23.9175 2.8
      vertex -15.125 26.0825 2.8
    endloop
  endfacet
  facet normal 0 0 1
    outer loop
      vertex -15.4265 26.2074 2.8
      vertex -15.4265 23.7926 2.8
      vertex -15.125 23.9175 2.8
    endloop
  endfacet
  facet normal 0 0 1
    outer loop
      vertex -15.75 26.25 2.8
      vertex -15.4265 23.7926 2.8
      vertex -15.4265 26.2074 2.8
    endloop
  endfacet
  facet normal 0 0 1
    outer loop
      vertex -15.75 26.25 2.8
      vertex -15.75 23.75 2.8
      vertex -15.4265 23.7926 2.8
    endloop
  endfacet
  facet normal -0 0 1
    outer loop
      vertex -16.0735 26.2074 2.8
      vertex -15.75 23.75 2.8
      vertex -15.75 26.25 2.8
    endloop
  endfacet
  facet normal 0 0 1
    outer loop
      vertex -16.0735 26.2074 2.8
      vertex -16.0735 23.7926 2.8
      vertex -15.75 23.75 2.8
    endloop
  endfacet
  facet normal -0 0 1
    outer loop
      vertex -16.375 26.0825 2.8
      vertex -16.0735 23.7926 2.8
      vertex -16.0735 26.2074 2.8
    endloop
  endfacet
  facet normal 0 0 1
    outer loop
      vertex -16.375 26.0825 2.8
      vertex -16.375 23.9175 2.8
      vertex -16.0735 23.7926 2.8
    endloop
  endfacet
  facet normal -0 0 1
    outer loop
      vertex -16.6339 25.8839 2.8
      vertex -16.375 23.9175 2.8
      vertex -16.375 26.0825 2.8
    endloop
  endfacet
  facet normal 0 0 1
    outer loop
      vertex -16.6339 25.8839 2.8
      vertex -16.6339 24.1161 2.8
      vertex -16.375 23.9175 2.8
    endloop
  endfacet
  facet normal -0 0 1
    outer loop
      vertex -16.8325 25.625 2.8
      vertex -16.6339 24.1161 2.8
      vertex -16.6339 25.8839 2.8
    endloop
  endfacet
  facet normal 0 0 1
    outer loop
      vertex -16.8325 25.625 2.8
      vertex -16.8325 24.375 2.8
      vertex -16.6339 24.1161 2.8
    endloop
  endfacet
  facet normal -0 0 1
    outer loop
      vertex -16.9574 25.3235 2.8
      vertex -16.8325 24.375 2.8
      vertex -16.8325 25.625 2.8
    endloop
  endfacet
  facet normal 0 0 1
    outer loop
      vertex -16.9574 25.3235 2.8
      vertex -16.9574 24.6765 2.8
      vertex -16.8325 24.375 2.8
    endloop
  endfacet
  facet normal 0 -0 1
    outer loop
      vertex -16.9574 24.6765 2.8
      vertex -16.9574 25.3235 2.8
      vertex -17 25 2.8
    endloop
  endfacet
  facet normal -0.608644 -0.793444 0
    outer loop
      vertex -15.125 26.0825 2.8
      vertex -14.8661 25.8839 12.6942
      vertex -15.125 26.0825 12.6942
    endloop
  endfacet
  facet normal -0.608644 -0.793444 -0
    outer loop
      vertex -14.8661 25.8839 12.6942
      vertex -15.125 26.0825 2.8
      vertex -14.8661 25.8839 2.8
    endloop
  endfacet
  facet normal -0.923864 0.382722 0
    outer loop
      vertex -14.6675 24.375 2.8
      vertex -14.5426 24.6765 12.6942
      vertex -14.5426 24.6765 2.8
    endloop
  endfacet
  facet normal -0.923864 0.382722 0
    outer loop
      vertex -14.5426 24.6765 12.6942
      vertex -14.6675 24.375 2.8
      vertex -14.6675 24.375 12.6942
    endloop
  endfacet
  facet normal 0.130558 0.991441 -0
    outer loop
      vertex -15.75 23.75 2.8
      vertex -16.0735 23.7926 12.6942
      vertex -15.75 23.75 12.6942
    endloop
  endfacet
  facet normal 0.130558 0.991441 0
    outer loop
      vertex -16.0735 23.7926 12.6942
      vertex -15.75 23.75 2.8
      vertex -16.0735 23.7926 2.8
    endloop
  endfacet
  facet normal -0.382722 0.923864 0
    outer loop
      vertex -15.125 23.9175 2.8
      vertex -15.4265 23.7926 12.6942
      vertex -15.125 23.9175 12.6942
    endloop
  endfacet
  facet normal -0.382722 0.923864 0
    outer loop
      vertex -15.4265 23.7926 12.6942
      vertex -15.125 23.9175 2.8
      vertex -15.4265 23.7926 2.8
    endloop
  endfacet
  facet normal 0.793444 0.608644 0
    outer loop
      vertex -16.6339 24.1161 12.6942
      vertex -16.8325 24.375 2.8
      vertex -16.8325 24.375 12.6942
    endloop
  endfacet
  facet normal 0.793444 0.608644 0
    outer loop
      vertex -16.8325 24.375 2.8
      vertex -16.6339 24.1161 12.6942
      vertex -16.6339 24.1161 2.8
    endloop
  endfacet
  facet normal 0.608644 0.793444 -0
    outer loop
      vertex -16.375 23.9175 2.8
      vertex -16.6339 24.1161 12.6942
      vertex -16.375 23.9175 12.6942
    endloop
  endfacet
  facet normal 0.608644 0.793444 0
    outer loop
      vertex -16.6339 24.1161 12.6942
      vertex -16.375 23.9175 2.8
      vertex -16.6339 24.1161 2.8
    endloop
  endfacet
  facet normal 0.923864 -0.382722 0
    outer loop
      vertex -16.9574 25.3235 12.6942
      vertex -16.8325 25.625 2.8
      vertex -16.8325 25.625 12.6942
    endloop
  endfacet
  facet normal 0.923864 -0.382722 0
    outer loop
      vertex -16.8325 25.625 2.8
      vertex -16.9574 25.3235 12.6942
      vertex -16.9574 25.3235 2.8
    endloop
  endfacet
  facet normal 0.382722 0.923864 -0
    outer loop
      vertex -16.0735 23.7926 2.8
      vertex -16.375 23.9175 12.6942
      vertex -16.0735 23.7926 12.6942
    endloop
  endfacet
  facet normal 0.382722 0.923864 0
    outer loop
      vertex -16.375 23.9175 12.6942
      vertex -16.0735 23.7926 2.8
      vertex -16.375 23.9175 2.8
    endloop
  endfacet
  facet normal -0.793444 0.608644 0
    outer loop
      vertex 16.6339 -25.8839 2.8
      vertex 16.8325 -25.625 12.6942
      vertex 16.8325 -25.625 2.8
    endloop
  endfacet
  facet normal -0.793444 0.608644 0
    outer loop
      vertex 16.8325 -25.625 12.6942
      vertex 16.6339 -25.8839 2.8
      vertex 16.6339 -25.8839 12.6942
    endloop
  endfacet
  facet normal -0.991441 -0.130558 0
    outer loop
      vertex 17 -25 2.8
      vertex 16.9574 -24.6765 12.6942
      vertex 16.9574 -24.6765 2.8
    endloop
  endfacet
  facet normal -0.991441 -0.130558 0
    outer loop
      vertex 16.9574 -24.6765 12.6942
      vertex 17 -25 2.8
      vertex 17 -25 12.6942
    endloop
  endfacet
  facet normal 0.991441 -0.130558 0
    outer loop
      vertex 14.5 -25 12.6942
      vertex 14.5426 -24.6765 2.8
      vertex 14.5426 -24.6765 12.6942
    endloop
  endfacet
  facet normal 0.991441 -0.130558 0
    outer loop
      vertex 14.5426 -24.6765 2.8
      vertex 14.5 -25 12.6942
      vertex 14.5 -25 2.8
    endloop
  endfacet
  facet normal 0.991441 0.130558 0
    outer loop
      vertex 14.5426 -25.3235 12.6942
      vertex 14.5 -25 2.8
      vertex 14.5 -25 12.6942
    endloop
  endfacet
  facet normal 0.991441 0.130558 0
    outer loop
      vertex 14.5 -25 2.8
      vertex 14.5426 -25.3235 12.6942
      vertex 14.5426 -25.3235 2.8
    endloop
  endfacet
  facet normal 0.608644 0.793444 -0
    outer loop
      vertex 15.125 -26.0825 2.8
      vertex 14.8661 -25.8839 12.6942
      vertex 15.125 -26.0825 12.6942
    endloop
  endfacet
  facet normal 0.608644 0.793444 0
    outer loop
      vertex 14.8661 -25.8839 12.6942
      vertex 15.125 -26.0825 2.8
      vertex 14.8661 -25.8839 2.8
    endloop
  endfacet
  facet normal -0.608644 -0.793444 0
    outer loop
      vertex 16.375 -23.9175 2.8
      vertex 16.6339 -24.1161 12.6942
      vertex 16.375 -23.9175 12.6942
    endloop
  endfacet
  facet normal -0.608644 -0.793444 -0
    outer loop
      vertex 16.6339 -24.1161 12.6942
      vertex 16.375 -23.9175 2.8
      vertex 16.6339 -24.1161 2.8
    endloop
  endfacet
  facet normal -0.793444 -0.608644 0
    outer loop
      vertex 16.8325 -24.375 2.8
      vertex 16.6339 -24.1161 12.6942
      vertex 16.6339 -24.1161 2.8
    endloop
  endfacet
  facet normal -0.793444 -0.608644 0
    outer loop
      vertex 16.6339 -24.1161 12.6942
      vertex 16.8325 -24.375 2.8
      vertex 16.8325 -24.375 12.6942
    endloop
  endfacet
  facet normal 0.923864 0.382722 0
    outer loop
      vertex 14.6675 -25.625 12.6942
      vertex 14.5426 -25.3235 2.8
      vertex 14.5426 -25.3235 12.6942
    endloop
  endfacet
  facet normal 0.923864 0.382722 0
    outer loop
      vertex 14.5426 -25.3235 2.8
      vertex 14.6675 -25.625 12.6942
      vertex 14.6675 -25.625 2.8
    endloop
  endfacet
  facet normal 0.608644 -0.793444 0
    outer loop
      vertex 14.8661 -24.1161 2.8
      vertex 15.125 -23.9175 12.6942
      vertex 14.8661 -24.1161 12.6942
    endloop
  endfacet
  facet normal 0.608644 -0.793444 0
    outer loop
      vertex 15.125 -23.9175 12.6942
      vertex 14.8661 -24.1161 2.8
      vertex 15.125 -23.9175 2.8
    endloop
  endfacet
  facet normal 0.923864 -0.382722 0
    outer loop
      vertex 14.5426 -24.6765 12.6942
      vertex 14.6675 -24.375 2.8
      vertex 14.6675 -24.375 12.6942
    endloop
  endfacet
  facet normal 0.923864 -0.382722 0
    outer loop
      vertex 14.6675 -24.375 2.8
      vertex 14.5426 -24.6765 12.6942
      vertex 14.5426 -24.6765 2.8
    endloop
  endfacet
  facet normal -0.923864 -0.382722 0
    outer loop
      vertex 16.9574 -24.6765 2.8
      vertex 16.8325 -24.375 12.6942
      vertex 16.8325 -24.375 2.8
    endloop
  endfacet
  facet normal -0.923864 -0.382722 0
    outer loop
      vertex 16.8325 -24.375 12.6942
      vertex 16.9574 -24.6765 2.8
      vertex 16.9574 -24.6765 12.6942
    endloop
  endfacet
  facet normal -0.608644 0.793444 0
    outer loop
      vertex 16.6339 -25.8839 2.8
      vertex 16.375 -26.0825 12.6942
      vertex 16.6339 -25.8839 12.6942
    endloop
  endfacet
  facet normal -0.608644 0.793444 0
    outer loop
      vertex 16.375 -26.0825 12.6942
      vertex 16.6339 -25.8839 2.8
      vertex 16.375 -26.0825 2.8
    endloop
  endfacet
  facet normal 0.130558 0.991441 -0
    outer loop
      vertex 15.75 -26.25 2.8
      vertex 15.4265 -26.2074 12.6942
      vertex 15.75 -26.25 12.6942
    endloop
  endfacet
  facet normal 0.130558 0.991441 0
    outer loop
      vertex 15.4265 -26.2074 12.6942
      vertex 15.75 -26.25 2.8
      vertex 15.4265 -26.2074 2.8
    endloop
  endfacet
  facet normal -0.130558 0.991441 0
    outer loop
      vertex 16.0735 -26.2074 2.8
      vertex 15.75 -26.25 12.6942
      vertex 16.0735 -26.2074 12.6942
    endloop
  endfacet
  facet normal -0.130558 0.991441 0
    outer loop
      vertex 15.75 -26.25 12.6942
      vertex 16.0735 -26.2074 2.8
      vertex 15.75 -26.25 2.8
    endloop
  endfacet
  facet normal -0.382722 -0.923864 0
    outer loop
      vertex 16.0735 -23.7926 2.8
      vertex 16.375 -23.9175 12.6942
      vertex 16.0735 -23.7926 12.6942
    endloop
  endfacet
  facet normal -0.382722 -0.923864 -0
    outer loop
      vertex 16.375 -23.9175 12.6942
      vertex 16.0735 -23.7926 2.8
      vertex 16.375 -23.9175 2.8
    endloop
  endfacet
  facet normal 0.382722 0.923864 -0
    outer loop
      vertex 15.4265 -26.2074 2.8
      vertex 15.125 -26.0825 12.6942
      vertex 15.4265 -26.2074 12.6942
    endloop
  endfacet
  facet normal 0.382722 0.923864 0
    outer loop
      vertex 15.125 -26.0825 12.6942
      vertex 15.4265 -26.2074 2.8
      vertex 15.125 -26.0825 2.8
    endloop
  endfacet
  facet normal 0.793444 -0.608644 0
    outer loop
      vertex 14.6675 -24.375 12.6942
      vertex 14.8661 -24.1161 2.8
      vertex 14.8661 -24.1161 12.6942
    endloop
  endfacet
  facet normal 0.793444 -0.608644 0
    outer loop
      vertex 14.8661 -24.1161 2.8
      vertex 14.6675 -24.375 12.6942
      vertex 14.6675 -24.375 2.8
    endloop
  endfacet
  facet normal 0.382722 -0.923864 0
    outer loop
      vertex 15.125 -23.9175 2.8
      vertex 15.4265 -23.7926 12.6942
      vertex 15.125 -23.9175 12.6942
    endloop
  endfacet
  facet normal 0.382722 -0.923864 0
    outer loop
      vertex 15.4265 -23.7926 12.6942
      vertex 15.125 -23.9175 2.8
      vertex 15.4265 -23.7926 2.8
    endloop
  endfacet
  facet normal -0.991441 0.130558 0
    outer loop
      vertex 16.9574 -25.3235 2.8
      vertex 17 -25 12.6942
      vertex 17 -25 2.8
    endloop
  endfacet
  facet normal -0.991441 0.130558 0
    outer loop
      vertex 17 -25 12.6942
      vertex 16.9574 -25.3235 2.8
      vertex 16.9574 -25.3235 12.6942
    endloop
  endfacet
  facet normal 0 0 1
    outer loop
      vertex 16.9574 -24.6765 2.8
      vertex 16.9574 -25.3235 2.8
      vertex 17 -25 2.8
    endloop
  endfacet
  facet normal 0 0 1
    outer loop
      vertex 16.8325 -24.375 2.8
      vertex 16.9574 -25.3235 2.8
      vertex 16.9574 -24.6765 2.8
    endloop
  endfacet
  facet normal 0 0 1
    outer loop
      vertex 16.8325 -24.375 2.8
      vertex 16.8325 -25.625 2.8
      vertex 16.9574 -25.3235 2.8
    endloop
  endfacet
  facet normal 0 0 1
    outer loop
      vertex 16.6339 -24.1161 2.8
      vertex 16.8325 -25.625 2.8
      vertex 16.8325 -24.375 2.8
    endloop
  endfacet
  facet normal 0 0 1
    outer loop
      vertex 16.6339 -24.1161 2.8
      vertex 16.6339 -25.8839 2.8
      vertex 16.8325 -25.625 2.8
    endloop
  endfacet
  facet normal 0 0 1
    outer loop
      vertex 16.375 -23.9175 2.8
      vertex 16.6339 -25.8839 2.8
      vertex 16.6339 -24.1161 2.8
    endloop
  endfacet
  facet normal 0 0 1
    outer loop
      vertex 16.375 -23.9175 2.8
      vertex 16.375 -26.0825 2.8
      vertex 16.6339 -25.8839 2.8
    endloop
  endfacet
  facet normal 0 0 1
    outer loop
      vertex 16.0735 -23.7926 2.8
      vertex 16.375 -26.0825 2.8
      vertex 16.375 -23.9175 2.8
    endloop
  endfacet
  facet normal 0 0 1
    outer loop
      vertex 16.0735 -23.7926 2.8
      vertex 16.0735 -26.2074 2.8
      vertex 16.375 -26.0825 2.8
    endloop
  endfacet
  facet normal 0 0 1
    outer loop
      vertex 15.75 -23.75 2.8
      vertex 16.0735 -26.2074 2.8
      vertex 16.0735 -23.7926 2.8
    endloop
  endfacet
  facet normal 0 0 1
    outer loop
      vertex 15.75 -23.75 2.8
      vertex 15.75 -26.25 2.8
      vertex 16.0735 -26.2074 2.8
    endloop
  endfacet
  facet normal -0 0 1
    outer loop
      vertex 15.4265 -23.7926 2.8
      vertex 15.75 -26.25 2.8
      vertex 15.75 -23.75 2.8
    endloop
  endfacet
  facet normal 0 0 1
    outer loop
      vertex 15.4265 -23.7926 2.8
      vertex 15.4265 -26.2074 2.8
      vertex 15.75 -26.25 2.8
    endloop
  endfacet
  facet normal -0 0 1
    outer loop
      vertex 15.125 -23.9175 2.8
      vertex 15.4265 -26.2074 2.8
      vertex 15.4265 -23.7926 2.8
    endloop
  endfacet
  facet normal 0 0 1
    outer loop
      vertex 15.125 -23.9175 2.8
      vertex 15.125 -26.0825 2.8
      vertex 15.4265 -26.2074 2.8
    endloop
  endfacet
  facet normal -0 0 1
    outer loop
      vertex 14.8661 -24.1161 2.8
      vertex 15.125 -26.0825 2.8
      vertex 15.125 -23.9175 2.8
    endloop
  endfacet
  facet normal 0 0 1
    outer loop
      vertex 14.8661 -24.1161 2.8
      vertex 14.8661 -25.8839 2.8
      vertex 15.125 -26.0825 2.8
    endloop
  endfacet
  facet normal -0 0 1
    outer loop
      vertex 14.6675 -24.375 2.8
      vertex 14.8661 -25.8839 2.8
      vertex 14.8661 -24.1161 2.8
    endloop
  endfacet
  facet normal 0 0 1
    outer loop
      vertex 14.6675 -24.375 2.8
      vertex 14.6675 -25.625 2.8
      vertex 14.8661 -25.8839 2.8
    endloop
  endfacet
  facet normal -0 0 1
    outer loop
      vertex 14.5426 -24.6765 2.8
      vertex 14.6675 -25.625 2.8
      vertex 14.6675 -24.375 2.8
    endloop
  endfacet
  facet normal 0 0 1
    outer loop
      vertex 14.5426 -24.6765 2.8
      vertex 14.5426 -25.3235 2.8
      vertex 14.6675 -25.625 2.8
    endloop
  endfacet
  facet normal 0 -0 1
    outer loop
      vertex 14.5426 -25.3235 2.8
      vertex 14.5426 -24.6765 2.8
      vertex 14.5 -25 2.8
    endloop
  endfacet
  facet normal -0.923864 0.382722 0
    outer loop
      vertex 16.8325 -25.625 2.8
      vertex 16.9574 -25.3235 12.6942
      vertex 16.9574 -25.3235 2.8
    endloop
  endfacet
  facet normal -0.923864 0.382722 0
    outer loop
      vertex 16.9574 -25.3235 12.6942
      vertex 16.8325 -25.625 2.8
      vertex 16.8325 -25.625 12.6942
    endloop
  endfacet
  facet normal 0.793444 0.608644 0
    outer loop
      vertex 14.8661 -25.8839 12.6942
      vertex 14.6675 -25.625 2.8
      vertex 14.6675 -25.625 12.6942
    endloop
  endfacet
  facet normal 0.793444 0.608644 0
    outer loop
      vertex 14.6675 -25.625 2.8
      vertex 14.8661 -25.8839 12.6942
      vertex 14.8661 -25.8839 2.8
    endloop
  endfacet
  facet normal -0.382722 0.923864 0
    outer loop
      vertex 16.375 -26.0825 2.8
      vertex 16.0735 -26.2074 12.6942
      vertex 16.375 -26.0825 12.6942
    endloop
  endfacet
  facet normal -0.382722 0.923864 0
    outer loop
      vertex 16.0735 -26.2074 12.6942
      vertex 16.375 -26.0825 2.8
      vertex 16.0735 -26.2074 2.8
    endloop
  endfacet
  facet normal -0.130558 -0.991441 0
    outer loop
      vertex 15.75 -23.75 2.8
      vertex 16.0735 -23.7926 12.6942
      vertex 15.75 -23.75 12.6942
    endloop
  endfacet
  facet normal -0.130558 -0.991441 -0
    outer loop
      vertex 16.0735 -23.7926 12.6942
      vertex 15.75 -23.75 2.8
      vertex 16.0735 -23.7926 2.8
    endloop
  endfacet
  facet normal 0.130558 -0.991441 0
    outer loop
      vertex 15.4265 -23.7926 2.8
      vertex 15.75 -23.75 12.6942
      vertex 15.4265 -23.7926 12.6942
    endloop
  endfacet
  facet normal 0.130558 -0.991441 0
    outer loop
      vertex 15.75 -23.75 12.6942
      vertex 15.4265 -23.7926 2.8
      vertex 15.75 -23.75 2.8
    endloop
  endfacet
  facet normal 0.793444 -0.608644 0
    outer loop
      vertex -16.8325 -24.375 12.6942
      vertex -16.6339 -24.1161 2.8
      vertex -16.6339 -24.1161 12.6942
    endloop
  endfacet
  facet normal 0.793444 -0.608644 0
    outer loop
      vertex -16.6339 -24.1161 2.8
      vertex -16.8325 -24.375 12.6942
      vertex -16.8325 -24.375 2.8
    endloop
  endfacet
  facet normal -0.923864 -0.382722 0
    outer loop
      vertex -14.5426 -24.6765 2.8
      vertex -14.6675 -24.375 12.6942
      vertex -14.6675 -24.375 2.8
    endloop
  endfacet
  facet normal -0.923864 -0.382722 0
    outer loop
      vertex -14.6675 -24.375 12.6942
      vertex -14.5426 -24.6765 2.8
      vertex -14.5426 -24.6765 12.6942
    endloop
  endfacet
  facet normal 0.608644 -0.793444 0
    outer loop
      vertex -16.6339 -24.1161 2.8
      vertex -16.375 -23.9175 12.6942
      vertex -16.6339 -24.1161 12.6942
    endloop
  endfacet
  facet normal 0.608644 -0.793444 0
    outer loop
      vertex -16.375 -23.9175 12.6942
      vertex -16.6339 -24.1161 2.8
      vertex -16.375 -23.9175 2.8
    endloop
  endfacet
  facet normal -0.991441 0.130558 0
    outer loop
      vertex -14.5426 -25.3235 2.8
      vertex -14.5 -25 12.6942
      vertex -14.5 -25 2.8
    endloop
  endfacet
  facet normal -0.991441 0.130558 0
    outer loop
      vertex -14.5 -25 12.6942
      vertex -14.5426 -25.3235 2.8
      vertex -14.5426 -25.3235 12.6942
    endloop
  endfacet
  facet normal -0.382722 0.923864 0
    outer loop
      vertex -15.125 -26.0825 2.8
      vertex -15.4265 -26.2074 12.6942
      vertex -15.125 -26.0825 12.6942
    endloop
  endfacet
  facet normal -0.382722 0.923864 0
    outer loop
      vertex -15.4265 -26.2074 12.6942
      vertex -15.125 -26.0825 2.8
      vertex -15.4265 -26.2074 2.8
    endloop
  endfacet
  facet normal 0.382722 0.923864 -0
    outer loop
      vertex -16.0735 -26.2074 2.8
      vertex -16.375 -26.0825 12.6942
      vertex -16.0735 -26.2074 12.6942
    endloop
  endfacet
  facet normal 0.382722 0.923864 0
    outer loop
      vertex -16.375 -26.0825 12.6942
      vertex -16.0735 -26.2074 2.8
      vertex -16.375 -26.0825 2.8
    endloop
  endfacet
  facet normal 0.923864 -0.382722 0
    outer loop
      vertex -16.9574 -24.6765 12.6942
      vertex -16.8325 -24.375 2.8
      vertex -16.8325 -24.375 12.6942
    endloop
  endfacet
  facet normal 0.923864 -0.382722 0
    outer loop
      vertex -16.8325 -24.375 2.8
      vertex -16.9574 -24.6765 12.6942
      vertex -16.9574 -24.6765 2.8
    endloop
  endfacet
  facet normal -0.608644 -0.793444 0
    outer loop
      vertex -15.125 -23.9175 2.8
      vertex -14.8661 -24.1161 12.6942
      vertex -15.125 -23.9175 12.6942
    endloop
  endfacet
  facet normal -0.608644 -0.793444 -0
    outer loop
      vertex -14.8661 -24.1161 12.6942
      vertex -15.125 -23.9175 2.8
      vertex -14.8661 -24.1161 2.8
    endloop
  endfacet
  facet normal -0.991441 -0.130558 0
    outer loop
      vertex -14.5 -25 2.8
      vertex -14.5426 -24.6765 12.6942
      vertex -14.5426 -24.6765 2.8
    endloop
  endfacet
  facet normal -0.991441 -0.130558 0
    outer loop
      vertex -14.5426 -24.6765 12.6942
      vertex -14.5 -25 2.8
      vertex -14.5 -25 12.6942
    endloop
  endfacet
  facet normal -0.793444 0.608644 0
    outer loop
      vertex -14.8661 -25.8839 2.8
      vertex -14.6675 -25.625 12.6942
      vertex -14.6675 -25.625 2.8
    endloop
  endfacet
  facet normal -0.793444 0.608644 0
    outer loop
      vertex -14.6675 -25.625 12.6942
      vertex -14.8661 -25.8839 2.8
      vertex -14.8661 -25.8839 12.6942
    endloop
  endfacet
  facet normal -0.130558 0.991441 0
    outer loop
      vertex -15.4265 -26.2074 2.8
      vertex -15.75 -26.25 12.6942
      vertex -15.4265 -26.2074 12.6942
    endloop
  endfacet
  facet normal -0.130558 0.991441 0
    outer loop
      vertex -15.75 -26.25 12.6942
      vertex -15.4265 -26.2074 2.8
      vertex -15.75 -26.25 2.8
    endloop
  endfacet
  facet normal 0.130558 -0.991441 0
    outer loop
      vertex -16.0735 -23.7926 2.8
      vertex -15.75 -23.75 12.6942
      vertex -16.0735 -23.7926 12.6942
    endloop
  endfacet
  facet normal 0.130558 -0.991441 0
    outer loop
      vertex -15.75 -23.75 12.6942
      vertex -16.0735 -23.7926 2.8
      vertex -15.75 -23.75 2.8
    endloop
  endfacet
  facet normal 0.923864 0.382722 0
    outer loop
      vertex -16.8325 -25.625 12.6942
      vertex -16.9574 -25.3235 2.8
      vertex -16.9574 -25.3235 12.6942
    endloop
  endfacet
  facet normal 0.923864 0.382722 0
    outer loop
      vertex -16.9574 -25.3235 2.8
      vertex -16.8325 -25.625 12.6942
      vertex -16.8325 -25.625 2.8
    endloop
  endfacet
  facet normal 0.991441 0.130558 0
    outer loop
      vertex -16.9574 -25.3235 12.6942
      vertex -17 -25 2.8
      vertex -17 -25 12.6942
    endloop
  endfacet
  facet normal 0.991441 0.130558 0
    outer loop
      vertex -17 -25 2.8
      vertex -16.9574 -25.3235 12.6942
      vertex -16.9574 -25.3235 2.8
    endloop
  endfacet
  facet normal -0.793444 -0.608644 0
    outer loop
      vertex -14.6675 -24.375 2.8
      vertex -14.8661 -24.1161 12.6942
      vertex -14.8661 -24.1161 2.8
    endloop
  endfacet
  facet normal -0.793444 -0.608644 0
    outer loop
      vertex -14.8661 -24.1161 12.6942
      vertex -14.6675 -24.375 2.8
      vertex -14.6675 -24.375 12.6942
    endloop
  endfacet
  facet normal 0.793444 0.608644 0
    outer loop
      vertex -16.6339 -25.8839 12.6942
      vertex -16.8325 -25.625 2.8
      vertex -16.8325 -25.625 12.6942
    endloop
  endfacet
  facet normal 0.793444 0.608644 0
    outer loop
      vertex -16.8325 -25.625 2.8
      vertex -16.6339 -25.8839 12.6942
      vertex -16.6339 -25.8839 2.8
    endloop
  endfacet
  facet normal -0.382722 -0.923864 0
    outer loop
      vertex -15.4265 -23.7926 2.8
      vertex -15.125 -23.9175 12.6942
      vertex -15.4265 -23.7926 12.6942
    endloop
  endfacet
  facet normal -0.382722 -0.923864 -0
    outer loop
      vertex -15.125 -23.9175 12.6942
      vertex -15.4265 -23.7926 2.8
      vertex -15.125 -23.9175 2.8
    endloop
  endfacet
  facet normal 0.991441 -0.130558 0
    outer loop
      vertex -17 -25 12.6942
      vertex -16.9574 -24.6765 2.8
      vertex -16.9574 -24.6765 12.6942
    endloop
  endfacet
  facet normal 0.991441 -0.130558 0
    outer loop
      vertex -16.9574 -24.6765 2.8
      vertex -17 -25 12.6942
      vertex -17 -25 2.8
    endloop
  endfacet
  facet normal 0.130558 0.991441 -0
    outer loop
      vertex -15.75 -26.25 2.8
      vertex -16.0735 -26.2074 12.6942
      vertex -15.75 -26.25 12.6942
    endloop
  endfacet
  facet normal 0.130558 0.991441 0
    outer loop
      vertex -16.0735 -26.2074 12.6942
      vertex -15.75 -26.25 2.8
      vertex -16.0735 -26.2074 2.8
    endloop
  endfacet
  facet normal 0.382722 -0.923864 0
    outer loop
      vertex -16.375 -23.9175 2.8
      vertex -16.0735 -23.7926 12.6942
      vertex -16.375 -23.9175 12.6942
    endloop
  endfacet
  facet normal 0.382722 -0.923864 0
    outer loop
      vertex -16.0735 -23.7926 12.6942
      vertex -16.375 -23.9175 2.8
      vertex -16.0735 -23.7926 2.8
    endloop
  endfacet
  facet normal -0.608644 0.793444 0
    outer loop
      vertex -14.8661 -25.8839 2.8
      vertex -15.125 -26.0825 12.6942
      vertex -14.8661 -25.8839 12.6942
    endloop
  endfacet
  facet normal -0.608644 0.793444 0
    outer loop
      vertex -15.125 -26.0825 12.6942
      vertex -14.8661 -25.8839 2.8
      vertex -15.125 -26.0825 2.8
    endloop
  endfacet
  facet normal -0.923864 0.382722 0
    outer loop
      vertex -14.6675 -25.625 2.8
      vertex -14.5426 -25.3235 12.6942
      vertex -14.5426 -25.3235 2.8
    endloop
  endfacet
  facet normal -0.923864 0.382722 0
    outer loop
      vertex -14.5426 -25.3235 12.6942
      vertex -14.6675 -25.625 2.8
      vertex -14.6675 -25.625 12.6942
    endloop
  endfacet
  facet normal 0 0 1
    outer loop
      vertex -14.5426 -24.6765 2.8
      vertex -14.5426 -25.3235 2.8
      vertex -14.5 -25 2.8
    endloop
  endfacet
  facet normal 0 0 1
    outer loop
      vertex -14.6675 -24.375 2.8
      vertex -14.5426 -25.3235 2.8
      vertex -14.5426 -24.6765 2.8
    endloop
  endfacet
  facet normal 0 0 1
    outer loop
      vertex -14.6675 -24.375 2.8
      vertex -14.6675 -25.625 2.8
      vertex -14.5426 -25.3235 2.8
    endloop
  endfacet
  facet normal 0 0 1
    outer loop
      vertex -14.8661 -24.1161 2.8
      vertex -14.6675 -25.625 2.8
      vertex -14.6675 -24.375 2.8
    endloop
  endfacet
  facet normal 0 0 1
    outer loop
      vertex -14.8661 -24.1161 2.8
      vertex -14.8661 -25.8839 2.8
      vertex -14.6675 -25.625 2.8
    endloop
  endfacet
  facet normal 0 0 1
    outer loop
      vertex -15.125 -23.9175 2.8
      vertex -14.8661 -25.8839 2.8
      vertex -14.8661 -24.1161 2.8
    endloop
  endfacet
  facet normal 0 0 1
    outer loop
      vertex -15.125 -23.9175 2.8
      vertex -15.125 -26.0825 2.8
      vertex -14.8661 -25.8839 2.8
    endloop
  endfacet
  facet normal 0 0 1
    outer loop
      vertex -15.4265 -23.7926 2.8
      vertex -15.125 -26.0825 2.8
      vertex -15.125 -23.9175 2.8
    endloop
  endfacet
  facet normal 0 0 1
    outer loop
      vertex -15.4265 -23.7926 2.8
      vertex -15.4265 -26.2074 2.8
      vertex -15.125 -26.0825 2.8
    endloop
  endfacet
  facet normal 0 0 1
    outer loop
      vertex -15.75 -23.75 2.8
      vertex -15.4265 -26.2074 2.8
      vertex -15.4265 -23.7926 2.8
    endloop
  endfacet
  facet normal 0 0 1
    outer loop
      vertex -15.75 -23.75 2.8
      vertex -15.75 -26.25 2.8
      vertex -15.4265 -26.2074 2.8
    endloop
  endfacet
  facet normal -0 0 1
    outer loop
      vertex -16.0735 -23.7926 2.8
      vertex -15.75 -26.25 2.8
      vertex -15.75 -23.75 2.8
    endloop
  endfacet
  facet normal 0 0 1
    outer loop
      vertex -16.0735 -23.7926 2.8
      vertex -16.0735 -26.2074 2.8
      vertex -15.75 -26.25 2.8
    endloop
  endfacet
  facet normal -0 0 1
    outer loop
      vertex -16.375 -23.9175 2.8
      vertex -16.0735 -26.2074 2.8
      vertex -16.0735 -23.7926 2.8
    endloop
  endfacet
  facet normal 0 0 1
    outer loop
      vertex -16.375 -23.9175 2.8
      vertex -16.375 -26.0825 2.8
      vertex -16.0735 -26.2074 2.8
    endloop
  endfacet
  facet normal -0 0 1
    outer loop
      vertex -16.6339 -24.1161 2.8
      vertex -16.375 -26.0825 2.8
      vertex -16.375 -23.9175 2.8
    endloop
  endfacet
  facet normal 0 0 1
    outer loop
      vertex -16.6339 -24.1161 2.8
      vertex -16.6339 -25.8839 2.8
      vertex -16.375 -26.0825 2.8
    endloop
  endfacet
  facet normal -0 0 1
    outer loop
      vertex -16.8325 -24.375 2.8
      vertex -16.6339 -25.8839 2.8
      vertex -16.6339 -24.1161 2.8
    endloop
  endfacet
  facet normal 0 0 1
    outer loop
      vertex -16.8325 -24.375 2.8
      vertex -16.8325 -25.625 2.8
      vertex -16.6339 -25.8839 2.8
    endloop
  endfacet
  facet normal -0 0 1
    outer loop
      vertex -16.9574 -24.6765 2.8
      vertex -16.8325 -25.625 2.8
      vertex -16.8325 -24.375 2.8
    endloop
  endfacet
  facet normal 0 0 1
    outer loop
      vertex -16.9574 -24.6765 2.8
      vertex -16.9574 -25.3235 2.8
      vertex -16.8325 -25.625 2.8
    endloop
  endfacet
  facet normal 0 -0 1
    outer loop
      vertex -16.9574 -25.3235 2.8
      vertex -16.9574 -24.6765 2.8
      vertex -17 -25 2.8
    endloop
  endfacet
  facet normal 0.608644 0.793444 -0
    outer loop
      vertex -16.375 -26.0825 2.8
      vertex -16.6339 -25.8839 12.6942
      vertex -16.375 -26.0825 12.6942
    endloop
  endfacet
  facet normal 0.608644 0.793444 0
    outer loop
      vertex -16.6339 -25.8839 12.6942
      vertex -16.375 -26.0825 2.8
      vertex -16.6339 -25.8839 2.8
    endloop
  endfacet
  facet normal -0.130558 -0.991441 0
    outer loop
      vertex -15.75 -23.75 2.8
      vertex -15.4265 -23.7926 12.6942
      vertex -15.75 -23.75 12.6942
    endloop
  endfacet
  facet normal -0.130558 -0.991441 -0
    outer loop
      vertex -15.4265 -23.7926 12.6942
      vertex -15.75 -23.75 2.8
      vertex -15.4265 -23.7926 2.8
    endloop
  endfacet
  facet normal -0.143853 -0.970155 0.195207
    outer loop
      vertex -16.5554 -35.353 11.6176
      vertex -16.9154 -35.2532 11.8483
      vertex -16.9243 -35.2983 11.6176
    endloop
  endfacet
  facet normal -0.144122 -0.970196 0.194805
    outer loop
      vertex -16.9154 -35.2532 11.8483
      vertex -16.5554 -35.353 11.6176
      vertex -16.5465 -35.308 11.8483
    endloop
  endfacet
  facet normal 0.0453449 -0.923004 0.382108
    outer loop
      vertex 15.95 -35.3483 11.8483
      vertex 16.3225 -35.24 12.0657
      vertex 15.95 -35.2583 12.0657
    endloop
  endfacet
  facet normal 0.0453449 -0.923004 0.382108
    outer loop
      vertex 16.3225 -35.24 12.0657
      vertex 15.95 -35.3483 11.8483
      vertex 16.3225 -35.33 11.8483
    endloop
  endfacet
  facet normal 0.195135 0 0.980776
    outer loop
      vertex 19.8676 24.4 12.6942
      vertex 20.0983 -30.4 12.6483
      vertex 20.0983 24.4 12.6483
    endloop
  endfacet
  facet normal 0.195135 0 0.980776
    outer loop
      vertex 20.0983 -30.4 12.6483
      vertex 19.8676 24.4 12.6942
      vertex 19.8676 -30.4 12.6942
    endloop
  endfacet
  facet normal -0.331212 -0.446636 -0.831153
    outer loop
      vertex -18.7836 -33.9704 0.272388
      vertex -18.3754 -34.0299 0.141695
      vertex -18.4841 -34.1925 0.272388
    endloop
  endfacet
  facet normal -0.331209 -0.446781 -0.831076
    outer loop
      vertex -18.3754 -34.0299 0.141695
      vertex -18.7836 -33.9704 0.272388
      vertex -18.675 -33.8078 0.141695
    endloop
  endfacet
  facet normal 0.475061 0.792512 -0.382415
    outer loop
      vertex 18.6491 28.4395 0.634324
      vertex 18.3793 28.7061 0.851659
      vertex 18.6991 28.5144 0.851659
    endloop
  endfacet
  facet normal 0.475061 0.792512 -0.382415
    outer loop
      vertex 18.3793 28.7061 0.851659
      vertex 18.6491 28.4395 0.634324
      vertex 18.3293 28.6312 0.634324
    endloop
  endfacet
  facet normal 0 -1 0
    outer loop
      vertex -15.95 -35.3942 1.08238
      vertex 15.95 -35.3942 11.6176
      vertex -15.95 -35.3942 11.6176
    endloop
  endfacet
  facet normal 0 -1 -0
    outer loop
      vertex 15.95 -35.3942 11.6176
      vertex -15.95 -35.3942 1.08238
      vertex 15.95 -35.3942 1.08238
    endloop
  endfacet
  facet normal 0 -0.980776 0.195135
    outer loop
      vertex -15.95 -35.3942 11.6176
      vertex 15.95 -35.3483 11.8483
      vertex -15.95 -35.3483 11.8483
    endloop
  endfacet
  facet normal 0 -0.980776 0.195135
    outer loop
      vertex 15.95 -35.3483 11.8483
      vertex -15.95 -35.3942 11.6176
      vertex 15.95 -35.3942 11.6176
    endloop
  endfacet
  facet normal -0.171898 0.686453 -0.706565
    outer loop
      vertex -17.234 28.9461 0.438728
      vertex -16.8398 28.8736 0.272388
      vertex -17.2016 28.783 0.272388
    endloop
  endfacet
  facet normal -0.17206 0.686152 -0.706817
    outer loop
      vertex -16.8398 28.8736 0.272388
      vertex -17.234 28.9461 0.438728
      vertex -16.8723 29.0368 0.438728
    endloop
  endfacet
  facet normal 0 0.707192 -0.707022
    outer loop
      vertex 15.95 28.9613 0.272388
      vertex -15.95 29.1276 0.438728
      vertex 15.95 29.1276 0.438728
    endloop
  endfacet
  facet normal 0 0.707192 -0.707022
    outer loop
      vertex -15.95 29.1276 0.438728
      vertex 15.95 28.9613 0.272388
      vertex -15.95 28.9613 0.272388
    endloop
  endfacet
  facet normal -0.0481273 -0.97964 0.194909
    outer loop
      vertex -16.3225 -35.3759 11.6176
      vertex -15.95 -35.3483 11.8483
      vertex -16.3225 -35.33 11.8483
    endloop
  endfacet
  facet normal -0.0481273 -0.97964 0.194909
    outer loop
      vertex -15.95 -35.3483 11.8483
      vertex -16.3225 -35.3759 11.6176
      vertex -15.95 -35.3942 11.6176
    endloop
  endfacet
  facet normal -0.135801 -0.91418 0.38188
    outer loop
      vertex -16.5465 -35.308 11.8483
      vertex -16.8978 -35.165 12.0657
      vertex -16.9154 -35.2532 11.8483
    endloop
  endfacet
  facet normal -0.135537 -0.914071 0.382235
    outer loop
      vertex -16.8978 -35.165 12.0657
      vertex -16.5465 -35.308 11.8483
      vertex -16.5289 -35.2197 12.0657
    endloop
  endfacet
  facet normal 0.367731 0.111331 0.923244
    outer loop
      vertex 20.109 25.7195 12.5583
      vertex 19.9082 25.6364 12.6483
      vertex 19.928 25.571 12.6483
    endloop
  endfacet
  facet normal -0.262845 -0.491515 0.830256
    outer loop
      vertex -18.0556 -34.2216 12.5583
      vertex -18.1642 -34.3843 12.4276
      vertex -17.9578 -34.2739 12.5583
    endloop
  endfacet
  facet normal -0.171827 -0.68617 0.706856
    outer loop
      vertex -17.234 -34.9462 12.2613
      vertex -16.8398 -34.8736 12.4276
      vertex -17.2016 -34.783 12.4276
    endloop
  endfacet
  facet normal -0.171859 -0.68611 0.706907
    outer loop
      vertex -16.8398 -34.8736 12.4276
      vertex -17.234 -34.9462 12.2613
      vertex -16.8723 -35.0368 12.2613
    endloop
  endfacet
  facet normal 0.262681 -0.491732 0.83018
    outer loop
      vertex 18.1642 -34.3843 12.4276
      vertex 17.9578 -34.2739 12.5583
      vertex 18.0326 -34.4546 12.4276
    endloop
  endfacet
  facet normal 0.0568634 -0.187564 0.980605
    outer loop
      vertex 17.0981 -34.145 12.6942
      vertex 17.076 -34.1517 12.6942
      vertex 17.1864 -34.3582 12.6483
    endloop
  endfacet
  facet normal -0.705216 -0.069391 0.705589
    outer loop
      vertex -20.4783 -30.921 12.4276
      vertex -20.6593 -30.7725 12.2613
      vertex -20.6415 -30.9534 12.2613
    endloop
  endfacet
  facet normal 0.758271 0.622305 -0.194324
    outer loop
      vertex 19.8422 27.4487 0.851659
      vertex 19.6994 27.6227 0.851659
      vertex 19.8804 27.4742 1.08238
    endloop
  endfacet
  facet normal 0.0978536 0.995201 -0
    outer loop
      vertex 16.5554 29.353 1.08238
      vertex 16.3225 29.3759 11.6176
      vertex 16.5554 29.353 11.6176
    endloop
  endfacet
  facet normal 0.0978536 0.995201 0
    outer loop
      vertex 16.3225 29.3759 11.6176
      vertex 16.5554 29.353 1.08238
      vertex 16.3225 29.3759 1.08238
    endloop
  endfacet
  facet normal 0 -0.707107 0.707107
    outer loop
      vertex -15.95 -35.1276 12.2613
      vertex 15.95 -34.9613 12.4276
      vertex -15.95 -34.9613 12.4276
    endloop
  endfacet
  facet normal 0 -0.707107 0.707107
    outer loop
      vertex 15.95 -34.9613 12.4276
      vertex -15.95 -35.1276 12.2613
      vertex 15.95 -35.1276 12.2613
    endloop
  endfacet
  facet normal 0.714685 0.586535 -0.381053
    outer loop
      vertex 19.8422 27.4487 0.851659
      vertex 19.6358 27.559 0.634324
      vertex 19.6994 27.6227 0.851659
    endloop
  endfacet
  facet normal 0.0377163 -0.38223 0.923297
    outer loop
      vertex 16.3225 -34.53 12.6483
      vertex 16.3225 -34.7474 12.5583
      vertex 16.3904 -34.5233 12.6483
    endloop
  endfacet
  facet normal 0.0958828 0.976261 -0.194219
    outer loop
      vertex 16.5465 29.308 0.851659
      vertex 16.3225 29.33 0.851659
      vertex 16.3225 29.3759 1.08238
    endloop
  endfacet
  facet normal -0.121997 -0.822753 0.555153
    outer loop
      vertex -16.5289 -35.2197 12.0657
      vertex -16.8723 -35.0368 12.2613
      vertex -16.8978 -35.165 12.0657
    endloop
  endfacet
  facet normal -0.121997 -0.822753 0.555153
    outer loop
      vertex -16.8723 -35.0368 12.2613
      vertex -16.5289 -35.2197 12.0657
      vertex -16.5034 -35.0915 12.2613
    endloop
  endfacet
  facet normal 0.15692 -0.116367 0.980732
    outer loop
      vertex 19.2074 -32.5765 12.6942
      vertex 19.1771 -33.0042 12.6483
      vertex 19.3992 -32.7047 12.6483
    endloop
  endfacet
  facet normal 0.156844 -0.116363 0.980744
    outer loop
      vertex 19.1771 -33.0042 12.6483
      vertex 19.2074 -32.5765 12.6942
      vertex 18.9852 -32.876 12.6942
    endloop
  endfacet
  facet normal -0.0548189 -0.554727 -0.830225
    outer loop
      vertex -16.3225 -34.943 0.272388
      vertex -16.4328 -34.7365 0.141695
      vertex -16.3225 -34.7474 0.141695
    endloop
  endfacet
  facet normal 0.243905 -0.296732 0.923288
    outer loop
      vertex 18.607 -33.5837 12.6483
      vertex 18.5542 -33.6271 12.6483
      vertex 18.7607 -33.7374 12.5583
    endloop
  endfacet
  facet normal 0.205689 0.678345 0.705366
    outer loop
      vertex 17.234 28.9461 12.2613
      vertex 17.2016 28.783 12.4276
      vertex 17.3444 28.7397 12.4276
    endloop
  endfacet
  facet normal -0.634493 0.772928 0
    outer loop
      vertex -19.0242 28.3304 1.08238
      vertex -19.2051 28.1819 11.6176
      vertex -19.0242 28.3304 11.6176
    endloop
  endfacet
  facet normal -0.634493 0.772928 0
    outer loop
      vertex -19.2051 28.1819 11.6176
      vertex -19.0242 28.3304 1.08238
      vertex -19.2051 28.1819 1.08238
    endloop
  endfacet
  facet normal 0 0.831456 -0.555591
    outer loop
      vertex 15.95 29.1276 0.438728
      vertex -15.95 29.2583 0.634324
      vertex 15.95 29.2583 0.634324
    endloop
  endfacet
  facet normal 0 0.831456 -0.555591
    outer loop
      vertex -15.95 29.2583 0.634324
      vertex 15.95 29.1276 0.438728
      vertex -15.95 29.1276 0.438728
    endloop
  endfacet
  facet normal -0.296901 0.243895 -0.923236
    outer loop
      vertex -19.1771 27.0042 0.051672
      vertex -19.3578 27.125 0.141695
      vertex -19.2874 27.2107 0.141695
    endloop
  endfacet
  facet normal 0.97964 0.0481273 0.194909
    outer loop
      vertex 20.8983 24.4 11.8483
      vertex 20.9259 24.7725 11.6176
      vertex 20.88 24.7725 11.8483
    endloop
  endfacet
  facet normal 0.97964 0.0481273 0.194909
    outer loop
      vertex 20.9259 24.7725 11.6176
      vertex 20.8983 24.4 11.8483
      vertex 20.9442 24.4 11.6176
    endloop
  endfacet
  facet normal 0.311253 0.87007 0.38223
    outer loop
      vertex 17.4925 29.0973 11.8483
      vertex 17.8092 28.8885 12.0657
      vertex 17.8436 28.9717 11.8483
    endloop
  endfacet
  facet normal 0.311253 0.87007 0.38223
    outer loop
      vertex 17.8092 28.8885 12.0657
      vertex 17.4925 29.0973 11.8483
      vertex 17.4581 29.0141 12.0657
    endloop
  endfacet
  facet normal -0.224525 -0.896367 0.382249
    outer loop
      vertex -16.9154 -35.2532 11.8483
      vertex -17.2595 -35.0743 12.0657
      vertex -17.2771 -35.1626 11.8483
    endloop
  endfacet
  facet normal -0.224794 -0.896452 0.381892
    outer loop
      vertex -17.2595 -35.0743 12.0657
      vertex -16.9154 -35.2532 11.8483
      vertex -16.8978 -35.165 12.0657
    endloop
  endfacet
  facet normal -0.714765 -0.586428 0.381069
    outer loop
      vertex -19.7674 -33.3986 12.0657
      vertex -19.8422 -33.4487 11.8483
      vertex -19.6358 -33.559 12.0657
    endloop
  endfacet
  facet normal -0.1876 -0.0567962 0.980602
    outer loop
      vertex -19.7017 -31.526 12.6942
      vertex -19.928 -31.571 12.6483
      vertex -19.9082 -31.6364 12.6483
    endloop
  endfacet
  facet normal 0.0192487 0.195073 -0.9806
    outer loop
      vertex 16.3904 28.5233 0.051672
      vertex 16.3225 28.2993 0.00577831
      vertex 16.3225 28.53 0.051672
    endloop
  endfacet
  facet normal -0.243895 0.296901 -0.923236
    outer loop
      vertex -18.5542 27.6271 0.051672
      vertex -18.7607 27.7374 0.141695
      vertex -18.675 27.8078 0.141695
    endloop
  endfacet
  facet normal -0.0490683 -0.998795 0
    outer loop
      vertex -16.3225 -35.3759 1.08238
      vertex -15.95 -35.3942 11.6176
      vertex -16.3225 -35.3759 11.6176
    endloop
  endfacet
  facet normal -0.0490683 -0.998795 -0
    outer loop
      vertex -15.95 -35.3942 11.6176
      vertex -16.3225 -35.3759 1.08238
      vertex -15.95 -35.3942 1.08238
    endloop
  endfacet
  facet normal 0 -0.195135 0.980776
    outer loop
      vertex -15.95 -34.3176 12.6942
      vertex 15.95 -34.5483 12.6483
      vertex 15.95 -34.3176 12.6942
    endloop
  endfacet
  facet normal 0 -0.195135 0.980776
    outer loop
      vertex 15.95 -34.5483 12.6483
      vertex -15.95 -34.3176 12.6942
      vertex -15.95 -34.5483 12.6483
    endloop
  endfacet
  facet normal 0.555583 0 0.831461
    outer loop
      vertex 20.3157 24.4 12.5583
      vertex 20.5113 -30.4 12.4276
      vertex 20.5113 24.4 12.4276
    endloop
  endfacet
  facet normal 0.555583 0 0.831461
    outer loop
      vertex 20.5113 -30.4 12.4276
      vertex 20.3157 24.4 12.5583
      vertex 20.3157 -30.4 12.5583
    endloop
  endfacet
  facet normal 0.815423 -0.435784 0.381022
    outer loop
      vertex 20.279 -32.5963 12.0657
      vertex 20.1812 -32.7793 12.0657
      vertex 20.3622 -32.6307 11.8483
    endloop
  endfacet
  facet normal -0.835294 0.395222 0.382208
    outer loop
      vertex -20.5217 26.2936 11.8483
      vertex -20.279 26.5963 12.0657
      vertex -20.3622 26.6307 11.8483
    endloop
  endfacet
  facet normal -0.835294 0.395222 0.382208
    outer loop
      vertex -20.279 26.5963 12.0657
      vertex -20.5217 26.2936 11.8483
      vertex -20.4385 26.2592 12.0657
    endloop
  endfacet
  facet normal 0.435784 0.815423 0.381022
    outer loop
      vertex 18.1807 28.8122 11.8483
      vertex 18.1463 28.729 12.0657
      vertex 18.3293 28.6312 12.0657
    endloop
  endfacet
  facet normal 0.554747 -0.0548209 0.830211
    outer loop
      vertex 20.2974 -30.7725 12.5583
      vertex 20.2865 -30.8828 12.5583
      vertex 20.493 -30.7725 12.4276
    endloop
  endfacet
  facet normal -0.830763 0.0408133 -0.555128
    outer loop
      vertex -20.6776 24.4 0.438728
      vertex -20.79 24.7725 0.634324
      vertex -20.6593 24.7725 0.438728
    endloop
  endfacet
  facet normal -0.830763 0.0408133 -0.555128
    outer loop
      vertex -20.79 24.7725 0.634324
      vertex -20.6776 24.4 0.438728
      vertex -20.8083 24.4 0.634324
    endloop
  endfacet
  facet normal -0.284565 -0.938771 0.194245
    outer loop
      vertex -17.4925 -35.0973 11.8483
      vertex -17.5101 -35.1397 11.6176
      vertex -17.2861 -35.2076 11.6176
    endloop
  endfacet
  facet normal -0.550266 0.742277 -0.382404
    outer loop
      vertex -18.9487 28.2174 0.634324
      vertex -18.6991 28.5144 0.851659
      vertex -18.6491 28.4395 0.634324
    endloop
  endfacet
  facet normal -0.550498 0.742256 -0.382109
    outer loop
      vertex -18.6991 28.5144 0.851659
      vertex -18.9487 28.2174 0.634324
      vertex -18.9987 28.2922 0.851659
    endloop
  endfacet
  facet normal -0.658648 0.726775 0.194887
    outer loop
      vertex -19.2051 28.1819 11.6176
      vertex -19.449 27.899 11.8483
      vertex -19.1727 28.1494 11.8483
    endloop
  endfacet
  facet normal -0.658833 0.726688 0.194586
    outer loop
      vertex -19.449 27.899 11.8483
      vertex -19.2051 28.1819 11.6176
      vertex -19.4814 27.9314 11.6176
    endloop
  endfacet
  facet normal -0.0481273 0.97964 0.194909
    outer loop
      vertex -15.95 29.3942 11.6176
      vertex -16.3225 29.33 11.8483
      vertex -15.95 29.3483 11.8483
    endloop
  endfacet
  facet normal -0.0481273 0.97964 0.194909
    outer loop
      vertex -16.3225 29.33 11.8483
      vertex -15.95 29.3942 11.6176
      vertex -16.3225 29.3759 11.6176
    endloop
  endfacet
  facet normal 0.705216 -0.069391 0.705589
    outer loop
      vertex 20.6593 -30.7725 12.2613
      vertex 20.4783 -30.921 12.4276
      vertex 20.6415 -30.9534 12.2613
    endloop
  endfacet
  facet normal 0.280136 0.783088 -0.555245
    outer loop
      vertex 17.7592 28.7677 0.438728
      vertex 17.4581 29.0141 0.634324
      vertex 17.8092 28.8885 0.634324
    endloop
  endfacet
  facet normal 0.280395 0.783188 -0.554973
    outer loop
      vertex 17.4581 29.0141 0.634324
      vertex 17.7592 28.7677 0.438728
      vertex 17.4081 28.8934 0.438728
    endloop
  endfacet
  facet normal -0.0192513 0.195099 0.980595
    outer loop
      vertex -16.3225 28.53 12.6483
      vertex -16.3904 28.5233 12.6483
      vertex -16.3225 28.2993 12.6942
    endloop
  endfacet
  facet normal -0.330367 0.923503 0.194933
    outer loop
      vertex -17.5101 29.1397 11.6176
      vertex -17.8436 28.9717 11.8483
      vertex -17.4925 29.0973 11.8483
    endloop
  endfacet
  facet normal -0.330367 0.923503 0.194933
    outer loop
      vertex -17.8436 28.9717 11.8483
      vertex -17.5101 29.1397 11.6176
      vertex -17.8612 29.0141 11.6176
    endloop
  endfacet
  facet normal -0.0958828 0.976261 -0.194219
    outer loop
      vertex -16.3225 29.33 0.851659
      vertex -16.5465 29.308 0.851659
      vertex -16.3225 29.3759 1.08238
    endloop
  endfacet
  facet normal -0.121997 0.822753 0.555153
    outer loop
      vertex -16.5289 29.2197 12.0657
      vertex -16.8723 29.0368 12.2613
      vertex -16.5034 29.0915 12.2613
    endloop
  endfacet
  facet normal -0.121997 0.822753 0.555153
    outer loop
      vertex -16.8723 29.0368 12.2613
      vertex -16.5289 29.2197 12.0657
      vertex -16.8978 29.165 12.0657
    endloop
  endfacet
  facet normal 0.835258 0.395205 -0.382306
    outer loop
      vertex 20.5217 26.2936 0.851659
      vertex 20.279 26.5963 0.634324
      vertex 20.3622 26.6307 0.851659
    endloop
  endfacet
  facet normal 0.835258 0.395205 -0.382306
    outer loop
      vertex 20.279 26.5963 0.634324
      vertex 20.5217 26.2936 0.851659
      vertex 20.4385 26.2592 0.634324
    endloop
  endfacet
  facet normal 0.382434 0.0187881 0.923792
    outer loop
      vertex 20.2974 24.7725 12.5583
      vertex 20.0983 24.4 12.6483
      vertex 20.3157 24.4 12.5583
    endloop
  endfacet
  facet normal 0.382434 0.0187881 0.923792
    outer loop
      vertex 20.0983 24.4 12.6483
      vertex 20.2974 24.7725 12.5583
      vertex 20.08 24.7725 12.6483
    endloop
  endfacet
  facet normal 0 -0.923955 0.382502
    outer loop
      vertex -15.95 -35.3483 11.8483
      vertex 15.95 -35.2583 12.0657
      vertex -15.95 -35.2583 12.0657
    endloop
  endfacet
  facet normal 0 -0.923955 0.382502
    outer loop
      vertex 15.95 -35.2583 12.0657
      vertex -15.95 -35.3483 11.8483
      vertex 15.95 -35.3483 11.8483
    endloop
  endfacet
  facet normal -0.333946 0.62514 -0.705464
    outer loop
      vertex -18.1642 28.3843 0.272388
      vertex -18.2567 28.5226 0.438728
      vertex -18.0326 28.4546 0.272388
    endloop
  endfacet
  facet normal -0.081539 -0.828675 0.553759
    outer loop
      vertex -16.5034 -35.0915 12.2613
      vertex -16.5289 -35.2197 12.0657
      vertex -16.3225 -35.1093 12.2613
    endloop
  endfacet
  facet normal 0.0490683 -0.998795 0
    outer loop
      vertex 15.95 -35.3942 1.08238
      vertex 16.3225 -35.3759 11.6176
      vertex 15.95 -35.3942 11.6176
    endloop
  endfacet
  facet normal 0.0490683 -0.998795 0
    outer loop
      vertex 16.3225 -35.3759 11.6176
      vertex 15.95 -35.3942 1.08238
      vertex 16.3225 -35.3759 1.08238
    endloop
  endfacet
  facet normal -0.29009 -0.956999 0
    outer loop
      vertex -17.5101 -35.1397 1.08238
      vertex -17.2861 -35.2076 11.6176
      vertex -17.5101 -35.1397 11.6176
    endloop
  endfacet
  facet normal -0.29009 -0.956999 -0
    outer loop
      vertex -17.2861 -35.2076 11.6176
      vertex -17.5101 -35.1397 1.08238
      vertex -17.2861 -35.2076 1.08238
    endloop
  endfacet
  facet normal 0.0959923 0.976271 -0.194115
    outer loop
      vertex 16.5465 29.308 0.851659
      vertex 16.3225 29.3759 1.08238
      vertex 16.5554 29.353 1.08238
    endloop
  endfacet
  facet normal -0.18754 0.0568559 -0.98061
    outer loop
      vertex -19.7017 25.526 0.00577831
      vertex -19.9082 25.6364 0.051672
      vertex -19.695 25.5481 0.00577831
    endloop
  endfacet
  facet normal -0.0453429 0.922964 -0.382206
    outer loop
      vertex -15.95 29.2583 0.634324
      vertex -16.3225 29.33 0.851659
      vertex -15.95 29.3483 0.851659
    endloop
  endfacet
  facet normal -0.0453429 0.922964 -0.382206
    outer loop
      vertex -16.3225 29.33 0.851659
      vertex -15.95 29.2583 0.634324
      vertex -16.3225 29.24 0.634324
    endloop
  endfacet
  facet normal 0.135795 0.91414 -0.381978
    outer loop
      vertex 16.8978 29.165 0.634324
      vertex 16.5465 29.308 0.851659
      vertex 16.9154 29.2532 0.851659
    endloop
  endfacet
  facet normal 0.135531 0.914031 -0.382333
    outer loop
      vertex 16.5465 29.308 0.851659
      vertex 16.8978 29.165 0.634324
      vertex 16.5289 29.2197 0.634324
    endloop
  endfacet
  facet normal 0.462165 -0.86525 0.194281
    outer loop
      vertex 18.4048 -34.7443 11.6176
      vertex 18.1807 -34.8122 11.8483
      vertex 18.1983 -34.8546 11.6176
    endloop
  endfacet
  facet normal 0.980776 -0 0.195135
    outer loop
      vertex 20.8983 -30.4 11.8483
      vertex 20.9442 24.4 11.6176
      vertex 20.8983 24.4 11.8483
    endloop
  endfacet
  facet normal 0.980776 0 0.195135
    outer loop
      vertex 20.9442 24.4 11.6176
      vertex 20.8983 -30.4 11.8483
      vertex 20.9442 -30.4 11.6176
    endloop
  endfacet
  facet normal -0.634493 -0.772928 0
    outer loop
      vertex -19.2051 -34.1819 1.08238
      vertex -19.0242 -34.3304 11.6176
      vertex -19.2051 -34.1819 11.6176
    endloop
  endfacet
  facet normal -0.634493 -0.772928 -0
    outer loop
      vertex -19.0242 -34.3304 11.6176
      vertex -19.2051 -34.1819 1.08238
      vertex -19.0242 -34.3304 1.08238
    endloop
  endfacet
  facet normal 0.822753 -0.121997 0.555153
    outer loop
      vertex 20.5868 -31.3223 12.2613
      vertex 20.7697 -30.9789 12.0657
      vertex 20.6415 -30.9534 12.2613
    endloop
  endfacet
  facet normal 0.822909 -0.122243 0.554866
    outer loop
      vertex 20.7697 -30.9789 12.0657
      vertex 20.5868 -31.3223 12.2613
      vertex 20.7149 -31.3478 12.0657
    endloop
  endfacet
  facet normal 0.678177 -0.205792 0.705497
    outer loop
      vertex 20.4962 -31.684 12.2613
      vertex 20.2897 -31.7944 12.4276
      vertex 20.4434 -31.858 12.2613
    endloop
  endfacet
  facet normal 0.081539 -0.828675 0.553759
    outer loop
      vertex 16.5034 -35.0915 12.2613
      vertex 16.3225 -35.1093 12.2613
      vertex 16.5289 -35.2197 12.0657
    endloop
  endfacet
  facet normal 0 -0.382502 0.923955
    outer loop
      vertex -15.95 -34.5483 12.6483
      vertex 15.95 -34.7657 12.5583
      vertex 15.95 -34.5483 12.6483
    endloop
  endfacet
  facet normal 0 -0.382502 0.923955
    outer loop
      vertex 15.95 -34.7657 12.5583
      vertex -15.95 -34.5483 12.6483
      vertex -15.95 -34.7657 12.5583
    endloop
  endfacet
  facet normal 0.0924629 0.172865 0.980596
    outer loop
      vertex 17.8746 28.0731 12.6483
      vertex 17.8066 27.8491 12.6942
      vertex 17.9348 28.0409 12.6483
    endloop
  endfacet
  facet normal -0.705381 0.0698256 0.705381
    outer loop
      vertex -20.4783 24.921 12.4276
      vertex -20.6593 24.7725 12.2613
      vertex -20.493 24.7725 12.4276
    endloop
  endfacet
  facet normal 0.668088 0.495433 0.555162
    outer loop
      vertex 19.6587 27.326 12.2613
      vertex 19.9895 27.0991 12.0657
      vertex 19.7674 27.3986 12.0657
    endloop
  endfacet
  facet normal 0.66811 0.495673 0.554921
    outer loop
      vertex 19.9895 27.0991 12.0657
      vertex 19.6587 27.326 12.2613
      vertex 19.8809 27.0265 12.2613
    endloop
  endfacet
  facet normal 0.195126 0.00958606 0.980731
    outer loop
      vertex 20.08 24.7725 12.6483
      vertex 19.8676 24.4 12.6942
      vertex 20.0983 24.4 12.6483
    endloop
  endfacet
  facet normal 0.195126 0.00958606 0.980731
    outer loop
      vertex 19.8676 24.4 12.6942
      vertex 20.08 24.7725 12.6483
      vertex 19.8493 24.7725 12.6942
    endloop
  endfacet
  facet normal 0.554781 0.0549177 0.830182
    outer loop
      vertex 20.4783 24.921 12.4276
      vertex 20.2865 24.8828 12.5583
      vertex 20.493 24.7725 12.4276
    endloop
  endfacet
  facet normal 0.920123 -0.0904966 -0.38103
    outer loop
      vertex 20.88 -30.7725 0.851659
      vertex 20.7697 -30.9789 0.634324
      vertex 20.79 -30.7725 0.634324
    endloop
  endfacet
  facet normal 0.976258 -0.0958824 0.194236
    outer loop
      vertex 20.88 -30.7725 11.8483
      vertex 20.858 -30.9965 11.8483
      vertex 20.9259 -30.7725 11.6176
    endloop
  endfacet
  facet normal -0.124498 0.151463 0.980591
    outer loop
      vertex -18.5542 27.6271 12.6483
      vertex -18.607 27.5837 12.6483
      vertex -18.4439 27.4206 12.6942
    endloop
  endfacet
  facet normal 0.920163 0.0905005 0.380932
    outer loop
      vertex 20.88 24.7725 11.8483
      vertex 20.7697 24.9789 12.0657
      vertex 20.79 24.7725 12.0657
    endloop
  endfacet
  facet normal 0.751948 0.355787 -0.554968
    outer loop
      vertex 20.4385 26.2592 0.634324
      vertex 20.1583 26.5463 0.438728
      vertex 20.279 26.5963 0.634324
    endloop
  endfacet
  facet normal 0.751871 0.355527 -0.555238
    outer loop
      vertex 20.1583 26.5463 0.438728
      vertex 20.4385 26.2592 0.634324
      vertex 20.3177 26.2092 0.438728
    endloop
  endfacet
  facet normal -0.367811 0.111356 -0.923209
    outer loop
      vertex -19.928 25.571 0.051672
      vertex -20.109 25.7195 0.141695
      vertex -19.9082 25.6364 0.051672
    endloop
  endfacet
  facet normal -0.0903661 0.920091 -0.381137
    outer loop
      vertex -16.5289 29.2197 0.634324
      vertex -16.5465 29.308 0.851659
      vertex -16.3225 29.33 0.851659
    endloop
  endfacet
  facet normal -0.0549157 0.55476 -0.830196
    outer loop
      vertex -16.4328 28.7365 0.141695
      vertex -16.471 28.9283 0.272388
      vertex -16.3225 28.943 0.272388
    endloop
  endfacet
  facet normal -0.237837 0.502664 -0.831121
    outer loop
      vertex -18.0326 28.4546 0.272388
      vertex -17.6207 28.4334 0.141695
      vertex -17.9578 28.2739 0.141695
    endloop
  endfacet
  facet normal -0.237837 0.502664 -0.831121
    outer loop
      vertex -17.6207 28.4334 0.141695
      vertex -18.0326 28.4546 0.272388
      vertex -17.6955 28.6141 0.272388
    endloop
  endfacet
  facet normal -0.257216 0.283821 -0.923735
    outer loop
      vertex -18.8833 27.3333 0.051672
      vertex -18.7607 27.7374 0.141695
      vertex -18.607 27.5837 0.051672
    endloop
  endfacet
  facet normal -0.257216 0.283821 -0.923735
    outer loop
      vertex -18.7607 27.7374 0.141695
      vertex -18.8833 27.3333 0.051672
      vertex -19.037 27.487 0.141695
    endloop
  endfacet
  facet normal 0.307775 -0.228161 -0.923697
    outer loop
      vertex 19.3578 -33.125 0.141695
      vertex 19.3992 -32.7047 0.051672
      vertex 19.5799 -32.8254 0.141695
    endloop
  endfacet
  facet normal 0.307669 -0.228158 -0.923734
    outer loop
      vertex 19.3992 -32.7047 0.051672
      vertex 19.3578 -33.125 0.141695
      vertex 19.1771 -33.0042 0.051672
    endloop
  endfacet
  facet normal 0 1 -0
    outer loop
      vertex 15.95 29.3942 1.08238
      vertex -15.95 29.3942 11.6176
      vertex 15.95 29.3942 11.6176
    endloop
  endfacet
  facet normal 0 1 0
    outer loop
      vertex -15.95 29.3942 11.6176
      vertex 15.95 29.3942 1.08238
      vertex -15.95 29.3942 1.08238
    endloop
  endfacet
  facet normal -0.284565 0.938771 0.194245
    outer loop
      vertex -17.2861 29.2076 11.6176
      vertex -17.5101 29.1397 11.6176
      vertex -17.4925 29.0973 11.8483
    endloop
  endfacet
  facet normal 0 0.980776 0.195135
    outer loop
      vertex 15.95 29.3942 11.6176
      vertex -15.95 29.3483 11.8483
      vertex 15.95 29.3483 11.8483
    endloop
  endfacet
  facet normal 0 0.980776 0.195135
    outer loop
      vertex -15.95 29.3483 11.8483
      vertex 15.95 29.3942 11.6176
      vertex -15.95 29.3942 11.6176
    endloop
  endfacet
  facet normal -0.353831 0.430729 -0.830226
    outer loop
      vertex -18.7607 27.7374 0.141695
      vertex -18.899 27.8757 0.272388
      vertex -18.675 27.8078 0.141695
    endloop
  endfacet
  facet normal -0.0567887 0.187575 -0.980607
    outer loop
      vertex -17.076 28.1517 0.00577831
      vertex -17.1864 28.3582 0.051672
      vertex -17.121 28.378 0.051672
    endloop
  endfacet
  facet normal -0.382434 -0.0187881 0.923792
    outer loop
      vertex -20.0983 -30.4 12.6483
      vertex -20.2974 -30.7725 12.5583
      vertex -20.08 -30.7725 12.6483
    endloop
  endfacet
  facet normal -0.382434 -0.0187881 0.923792
    outer loop
      vertex -20.2974 -30.7725 12.5583
      vertex -20.0983 -30.4 12.6483
      vertex -20.3157 -30.4 12.5583
    endloop
  endfacet
  facet normal -0.0377163 0.38223 0.923297
    outer loop
      vertex -16.3225 28.7474 12.5583
      vertex -16.3904 28.5233 12.6483
      vertex -16.3225 28.53 12.6483
    endloop
  endfacet
  facet normal -0.0474624 -0.189483 0.980736
    outer loop
      vertex -17.121 -34.378 12.6483
      vertex -16.7143 -34.2423 12.6942
      vertex -17.076 -34.1517 12.6942
    endloop
  endfacet
  facet normal -0.0474624 -0.189483 0.980736
    outer loop
      vertex -16.7143 -34.2423 12.6942
      vertex -17.121 -34.378 12.6483
      vertex -16.7593 -34.4686 12.6483
    endloop
  endfacet
  facet normal 0.491515 0.262845 0.830256
    outer loop
      vertex 19.9343 26.6142 12.4276
      vertex 19.7716 26.5056 12.5583
      vertex 19.8239 26.4078 12.5583
    endloop
  endfacet
  facet normal 0.865202 0.462225 0.194354
    outer loop
      vertex 20.2943 26.8548 11.6176
      vertex 20.2561 26.8293 11.8483
      vertex 20.3622 26.6307 11.8483
    endloop
  endfacet
  facet normal -0.151571 -0.124299 0.9806
    outer loop
      vertex -18.9706 -32.8939 12.6942
      vertex -19.1771 -33.0042 12.6483
      vertex -19.1338 -33.057 12.6483
    endloop
  endfacet
  facet normal 0.0272842 -0.555376 0.831152
    outer loop
      vertex 15.95 -34.7657 12.5583
      vertex 16.3225 -34.943 12.4276
      vertex 16.3225 -34.7474 12.5583
    endloop
  endfacet
  facet normal 0.0272842 -0.555376 0.831152
    outer loop
      vertex 16.3225 -34.943 12.4276
      vertex 15.95 -34.7657 12.5583
      vertex 15.95 -34.9613 12.4276
    endloop
  endfacet
  facet normal -0.129012 -0.360637 0.923741
    outer loop
      vertex -17.5375 -34.2326 12.6483
      vertex -17.2695 -34.559 12.5583
      vertex -17.1864 -34.3582 12.6483
    endloop
  endfacet
  facet normal -0.128962 -0.360602 0.923761
    outer loop
      vertex -17.2695 -34.559 12.5583
      vertex -17.5375 -34.2326 12.6483
      vertex -17.6207 -34.4334 12.5583
    endloop
  endfacet
  facet normal 0.187564 -0.0568634 0.980605
    outer loop
      vertex 19.7017 -31.526 12.6942
      vertex 19.695 -31.5481 12.6942
      vertex 19.9082 -31.6364 12.6483
    endloop
  endfacet
  facet normal -0.616254 0.55871 0.555044
    outer loop
      vertex -19.6358 27.559 12.0657
      vertex -19.2929 27.7429 12.2613
      vertex -19.3853 27.8353 12.0657
    endloop
  endfacet
  facet normal -0.616254 0.55871 0.555044
    outer loop
      vertex -19.2929 27.7429 12.2613
      vertex -19.6358 27.559 12.0657
      vertex -19.5434 27.4666 12.2613
    endloop
  endfacet
  facet normal -0.18115 -0.338748 0.923274
    outer loop
      vertex -17.9348 -34.0409 12.6483
      vertex -18.0556 -34.2216 12.5583
      vertex -17.9578 -34.2739 12.5583
    endloop
  endfacet
  facet normal -0.976271 0.0959923 -0.194115
    outer loop
      vertex -20.858 24.9965 0.851659
      vertex -20.9259 24.7725 1.08238
      vertex -20.903 25.0054 1.08238
    endloop
  endfacet
  facet normal -0.941566 0.336829 0
    outer loop
      vertex -20.6897 25.9601 1.08238
      vertex -20.5641 26.3112 11.6176
      vertex -20.5641 26.3112 1.08238
    endloop
  endfacet
  facet normal -0.941566 0.336829 0
    outer loop
      vertex -20.5641 26.3112 11.6176
      vertex -20.6897 25.9601 1.08238
      vertex -20.6897 25.9601 11.6176
    endloop
  endfacet
  facet normal -0.195073 0.0192487 -0.9806
    outer loop
      vertex -19.8493 24.7725 0.00577831
      vertex -20.08 24.7725 0.051672
      vertex -20.0733 24.8404 0.051672
    endloop
  endfacet
  facet normal -0.0959919 -0.976267 0.194132
    outer loop
      vertex -16.5465 -35.308 11.8483
      vertex -16.5554 -35.353 11.6176
      vertex -16.3225 -35.3759 11.6176
    endloop
  endfacet
  facet normal -0.0958824 -0.976258 0.194236
    outer loop
      vertex -16.3225 -35.33 11.8483
      vertex -16.5465 -35.308 11.8483
      vertex -16.3225 -35.3759 11.6176
    endloop
  endfacet
  facet normal -0.284595 0.938771 -0.1942
    outer loop
      vertex -17.2771 29.1626 0.851659
      vertex -17.4925 29.0973 0.851659
      vertex -17.2861 29.2076 1.08238
    endloop
  endfacet
  facet normal -0.86525 -0.462165 0.194281
    outer loop
      vertex -20.3622 -32.6307 11.8483
      vertex -20.4046 -32.6483 11.6176
      vertex -20.2943 -32.8548 11.6176
    endloop
  endfacet
  facet normal -0.0693993 0.7053 -0.705504
    outer loop
      vertex -16.471 28.9283 0.272388
      vertex -16.5034 29.0915 0.438728
      vertex -16.3225 29.1093 0.438728
    endloop
  endfacet
  facet normal 0.740849 0.671671 0
    outer loop
      vertex 19.7319 27.6551 11.6176
      vertex 19.4814 27.9314 1.08238
      vertex 19.4814 27.9314 11.6176
    endloop
  endfacet
  facet normal 0.740849 0.671671 0
    outer loop
      vertex 19.4814 27.9314 1.08238
      vertex 19.7319 27.6551 11.6176
      vertex 19.7319 27.6551 1.08238
    endloop
  endfacet
  facet normal 0.979643 0.0481274 -0.194892
    outer loop
      vertex 20.9442 24.4 1.08238
      vertex 20.88 24.7725 0.851659
      vertex 20.9259 24.7725 1.08238
    endloop
  endfacet
  facet normal 0.979643 0.0481274 -0.194892
    outer loop
      vertex 20.88 24.7725 0.851659
      vertex 20.9442 24.4 1.08238
      vertex 20.8983 24.4 0.851659
    endloop
  endfacet
  facet normal 0 0.923914 -0.3826
    outer loop
      vertex 15.95 29.2583 0.634324
      vertex -15.95 29.3483 0.851659
      vertex 15.95 29.3483 0.851659
    endloop
  endfacet
  facet normal 0 0.923914 -0.3826
    outer loop
      vertex -15.95 29.3483 0.851659
      vertex 15.95 29.2583 0.634324
      vertex -15.95 29.2583 0.634324
    endloop
  endfacet
  facet normal 0.0408133 0.830763 -0.555128
    outer loop
      vertex 16.3225 29.1093 0.438728
      vertex 15.95 29.2583 0.634324
      vertex 16.3225 29.24 0.634324
    endloop
  endfacet
  facet normal 0.0408133 0.830763 -0.555128
    outer loop
      vertex 15.95 29.2583 0.634324
      vertex 16.3225 29.1093 0.438728
      vertex 15.95 29.1276 0.438728
    endloop
  endfacet
  facet normal 0 0.555562 -0.831475
    outer loop
      vertex -15.95 28.7657 0.141695
      vertex 15.95 28.9613 0.272388
      vertex 15.95 28.7657 0.141695
    endloop
  endfacet
  facet normal 0 0.555562 -0.831475
    outer loop
      vertex 15.95 28.9613 0.272388
      vertex -15.95 28.7657 0.141695
      vertex -15.95 28.9613 0.272388
    endloop
  endfacet
  facet normal 0.353709 -0.431024 0.830125
    outer loop
      vertex 18.899 -33.8757 12.4276
      vertex 18.675 -33.8078 12.5583
      vertex 18.7836 -33.9704 12.4276
    endloop
  endfacet
  facet normal -0.0930441 -0.371458 0.923776
    outer loop
      vertex -17.1634 -34.5912 12.5583
      vertex -16.7593 -34.4686 12.6483
      vertex -17.121 -34.378 12.6483
    endloop
  endfacet
  facet normal -0.0930441 -0.371458 0.923776
    outer loop
      vertex -16.7593 -34.4686 12.6483
      vertex -17.1634 -34.5912 12.5583
      vertex -16.8017 -34.6818 12.5583
    endloop
  endfacet
  facet normal -0.0903661 -0.920091 -0.381137
    outer loop
      vertex -16.3225 -35.33 0.851659
      vertex -16.5465 -35.308 0.851659
      vertex -16.5289 -35.2197 0.634324
    endloop
  endfacet
  facet normal 0.241697 -0.79696 0.553568
    outer loop
      vertex 17.4081 -34.8934 12.2613
      vertex 17.234 -34.9462 12.2613
      vertex 17.4581 -35.0141 12.0657
    endloop
  endfacet
  facet normal -0.0958828 -0.976261 -0.194219
    outer loop
      vertex -16.3225 -35.3759 1.08238
      vertex -16.5465 -35.308 0.851659
      vertex -16.3225 -35.33 0.851659
    endloop
  endfacet
  facet normal 0.103758 0.69975 -0.706813
    outer loop
      vertex 16.8398 28.8736 0.272388
      vertex 16.5034 29.0915 0.438728
      vertex 16.8723 29.0368 0.438728
    endloop
  endfacet
  facet normal 0.10379 0.699776 -0.706783
    outer loop
      vertex 16.5034 29.0915 0.438728
      vertex 16.8398 28.8736 0.272388
      vertex 16.471 28.9283 0.272388
    endloop
  endfacet
  facet normal 0.951452 -0.238323 0.194783
    outer loop
      vertex 20.7126 -31.7271 11.8483
      vertex 20.8482 -31.3743 11.6176
      vertex 20.8032 -31.3654 11.8483
    endloop
  endfacet
  facet normal 0.951452 -0.238323 0.194783
    outer loop
      vertex 20.8482 -31.3743 11.6176
      vertex 20.7126 -31.7271 11.8483
      vertex 20.7576 -31.736 11.6176
    endloop
  endfacet
  facet normal 0.989146 -0.146937 0
    outer loop
      vertex 20.8482 -31.3743 11.6176
      vertex 20.903 -31.0054 8.84158
      vertex 20.903 -31.0054 11.6176
    endloop
  endfacet
  facet normal 0.989146 -0.146937 0
    outer loop
      vertex 20.903 -31.0054 8.84158
      vertex 20.8482 -31.3743 11.6176
      vertex 20.8482 -31.3743 8.80525
    endloop
  endfacet
  facet normal 0.989146 -0.146937 0
    outer loop
      vertex 20.8482 -31.3743 1.08238
      vertex 20.903 -31.0054 3.85841
      vertex 20.8482 -31.3743 3.89475
    endloop
  endfacet
  facet normal 0.989146 -0.146937 0
    outer loop
      vertex 20.903 -31.0054 3.85841
      vertex 20.8482 -31.3743 1.08238
      vertex 20.903 -31.0054 1.08238
    endloop
  endfacet
  facet normal 0.706681 -0.0347175 0.706681
    outer loop
      vertex 20.493 -30.7725 12.4276
      vertex 20.6776 -30.4 12.2613
      vertex 20.5113 -30.4 12.4276
    endloop
  endfacet
  facet normal 0.706681 -0.0347175 0.706681
    outer loop
      vertex 20.6776 -30.4 12.2613
      vertex 20.493 -30.7725 12.4276
      vertex 20.6593 -30.7725 12.2613
    endloop
  endfacet
  facet normal 0.167578 0.100421 0.980731
    outer loop
      vertex 19.2074 26.5765 12.6942
      vertex 19.5909 26.3848 12.6483
      vertex 19.3992 26.7047 12.6483
    endloop
  endfacet
  facet normal 0.167578 0.100421 0.980731
    outer loop
      vertex 19.5909 26.3848 12.6483
      vertex 19.2074 26.5765 12.6942
      vertex 19.3991 26.2566 12.6942
    endloop
  endfacet
  facet normal 0.938791 -0.284601 0.194099
    outer loop
      vertex 20.7126 -31.7271 11.8483
      vertex 20.6473 -31.9425 11.8483
      vertex 20.7576 -31.736 11.6176
    endloop
  endfacet
  facet normal 0.920163 -0.0905005 0.380932
    outer loop
      vertex 20.79 -30.7725 12.0657
      vertex 20.7697 -30.9789 12.0657
      vertex 20.88 -30.7725 11.8483
    endloop
  endfacet
  facet normal 0.643799 -0.528204 0.553646
    outer loop
      vertex 19.7674 -33.3986 12.0657
      vertex 19.5434 -33.4666 12.2613
      vertex 19.6358 -33.559 12.0657
    endloop
  endfacet
  facet normal 0.491515 -0.262845 0.830256
    outer loop
      vertex 19.8239 -32.4078 12.5583
      vertex 19.7716 -32.5056 12.5583
      vertex 19.9343 -32.6142 12.4276
    endloop
  endfacet
  facet normal 0.53944 -0.135121 0.831112
    outer loop
      vertex 20.2318 -31.2517 12.5583
      vertex 20.333 -31.6516 12.4276
      vertex 20.4236 -31.2899 12.4276
    endloop
  endfacet
  facet normal 0.53944 -0.135121 0.831112
    outer loop
      vertex 20.333 -31.6516 12.4276
      vertex 20.2318 -31.2517 12.5583
      vertex 20.1412 -31.6134 12.5583
    endloop
  endfacet
  facet normal 0.00958606 -0.195126 0.980731
    outer loop
      vertex 15.95 -34.3176 12.6942
      vertex 16.3225 -34.53 12.6483
      vertex 16.3225 -34.2993 12.6942
    endloop
  endfacet
  facet normal 0.00958606 -0.195126 0.980731
    outer loop
      vertex 16.3225 -34.53 12.6483
      vertex 15.95 -34.3176 12.6942
      vertex 15.95 -34.5483 12.6483
    endloop
  endfacet
  facet normal -0.00958606 -0.195126 0.980731
    outer loop
      vertex -16.3225 -34.53 12.6483
      vertex -15.95 -34.3176 12.6942
      vertex -16.3225 -34.2993 12.6942
    endloop
  endfacet
  facet normal -0.00958606 -0.195126 0.980731
    outer loop
      vertex -15.95 -34.3176 12.6942
      vertex -16.3225 -34.53 12.6483
      vertex -15.95 -34.5483 12.6483
    endloop
  endfacet
  facet normal 0.195126 -0.00958606 0.980731
    outer loop
      vertex 19.8676 -30.4 12.6942
      vertex 20.08 -30.7725 12.6483
      vertex 20.0983 -30.4 12.6483
    endloop
  endfacet
  facet normal 0.195126 -0.00958606 0.980731
    outer loop
      vertex 20.08 -30.7725 12.6483
      vertex 19.8676 -30.4 12.6942
      vertex 19.8493 -30.7725 12.6942
    endloop
  endfacet
  facet normal 0.44935 0.547949 0.705575
    outer loop
      vertex 19.0166 27.9934 12.2613
      vertex 18.876 28.1087 12.2613
      vertex 18.899 27.8757 12.4276
    endloop
  endfacet
  facet normal 0.923955 -0 0.382502
    outer loop
      vertex 20.8083 -30.4 12.0657
      vertex 20.8983 24.4 11.8483
      vertex 20.8083 24.4 12.0657
    endloop
  endfacet
  facet normal 0.923955 0 0.382502
    outer loop
      vertex 20.8983 24.4 11.8483
      vertex 20.8083 -30.4 12.0657
      vertex 20.8983 -30.4 11.8483
    endloop
  endfacet
  facet normal 0.828695 0.0815044 0.553734
    outer loop
      vertex 20.7697 24.9789 12.0657
      vertex 20.6593 24.7725 12.2613
      vertex 20.79 24.7725 12.0657
    endloop
  endfacet
  facet normal 0.547949 0.44935 0.705575
    outer loop
      vertex 19.5434 27.4666 12.2613
      vertex 19.4257 27.349 12.4276
      vertex 19.6587 27.326 12.2613
    endloop
  endfacet
  facet normal 0.970032 0.242977 0
    outer loop
      vertex 20.8482 25.3743 11.6176
      vertex 20.7576 25.736 1.08238
      vertex 20.7576 25.736 11.6176
    endloop
  endfacet
  facet normal 0.970032 0.242977 0
    outer loop
      vertex 20.7576 25.736 1.08238
      vertex 20.8482 25.3743 11.6176
      vertex 20.8482 25.3743 1.08238
    endloop
  endfacet
  facet normal 0.143853 0.970155 0.195207
    outer loop
      vertex 16.5554 29.353 11.6176
      vertex 16.9154 29.2532 11.8483
      vertex 16.9243 29.2983 11.6176
    endloop
  endfacet
  facet normal 0.144122 0.970196 0.194805
    outer loop
      vertex 16.9154 29.2532 11.8483
      vertex 16.5554 29.353 11.6176
      vertex 16.5465 29.308 11.8483
    endloop
  endfacet
  facet normal 0.181188 0.338742 0.923269
    outer loop
      vertex 17.9578 28.2739 12.5583
      vertex 17.8746 28.0731 12.6483
      vertex 17.9348 28.0409 12.6483
    endloop
  endfacet
  facet normal 0.284566 0.938775 -0.194228
    outer loop
      vertex 17.4925 29.0973 0.851659
      vertex 17.2861 29.2076 1.08238
      vertex 17.5101 29.1397 1.08238
    endloop
  endfacet
  facet normal 0.135801 0.91418 0.38188
    outer loop
      vertex 16.5465 29.308 11.8483
      vertex 16.8978 29.165 12.0657
      vertex 16.9154 29.2532 11.8483
    endloop
  endfacet
  facet normal 0.135537 0.914071 0.382235
    outer loop
      vertex 16.8978 29.165 12.0657
      vertex 16.5465 29.308 11.8483
      vertex 16.5289 29.2197 12.0657
    endloop
  endfacet
  facet normal 0.181227 0.338816 -0.923234
    outer loop
      vertex 17.9348 28.0409 0.051672
      vertex 17.8746 28.0731 0.051672
      vertex 17.9578 28.2739 0.141695
    endloop
  endfacet
  facet normal 0.857597 -0.514322 -1.86375e-06
    outer loop
      vertex 20.1025 -33.1746 1.08238
      vertex 20.2943 -32.8548 4.78573
      vertex 20.208 -32.9987 4.96107
    endloop
  endfacet
  facet normal 0.857579 -0.514352 0
    outer loop
      vertex 20.1025 -33.1746 1.08238
      vertex 20.208 -32.9987 4.96107
      vertex 20.1025 -33.1746 5.29026
    endloop
  endfacet
  facet normal 0.857588 -0.514338 0
    outer loop
      vertex 20.2943 -32.8548 4.78573
      vertex 20.1025 -33.1746 1.08238
      vertex 20.2943 -32.8548 1.08238
    endloop
  endfacet
  facet normal 0.857588 -0.514338 0
    outer loop
      vertex 20.1025 -33.1746 11.6176
      vertex 20.2943 -32.8548 7.91427
      vertex 20.2943 -32.8548 11.6176
    endloop
  endfacet
  facet normal 0.857597 -0.514322 1.86375e-06
    outer loop
      vertex 20.2943 -32.8548 7.91427
      vertex 20.1025 -33.1746 11.6176
      vertex 20.208 -32.9987 7.73892
    endloop
  endfacet
  facet normal 0.857579 -0.514352 0
    outer loop
      vertex 20.208 -32.9987 7.73892
      vertex 20.1025 -33.1746 11.6176
      vertex 20.1025 -33.1746 7.40974
    endloop
  endfacet
  facet normal -0.151551 0.124283 -0.980605
    outer loop
      vertex -18.9706 26.8939 0.00577831
      vertex -19.1771 27.0042 0.051672
      vertex -19.1338 27.057 0.051672
    endloop
  endfacet
  facet normal -0.056179 0.378874 -0.923741
    outer loop
      vertex -16.7593 28.4686 0.051672
      vertex -16.4328 28.7365 0.141695
      vertex -16.3904 28.5233 0.051672
    endloop
  endfacet
  facet normal -0.056179 0.378874 -0.923741
    outer loop
      vertex -16.4328 28.7365 0.141695
      vertex -16.7593 28.4686 0.051672
      vertex -16.8017 28.6818 0.141695
    endloop
  endfacet
  facet normal -0.0904966 0.920123 -0.38103
    outer loop
      vertex -16.3225 29.24 0.634324
      vertex -16.5289 29.2197 0.634324
      vertex -16.3225 29.33 0.851659
    endloop
  endfacet
  facet normal -0.0958824 0.976258 0.194236
    outer loop
      vertex -16.3225 29.3759 11.6176
      vertex -16.5465 29.308 11.8483
      vertex -16.3225 29.33 11.8483
    endloop
  endfacet
  facet normal 0.865205 -0.462227 -0.194337
    outer loop
      vertex 20.2943 -32.8548 1.08238
      vertex 20.2561 -32.8293 0.851659
      vertex 20.3622 -32.6307 0.851659
    endloop
  endfacet
  facet normal -0.124481 0.151443 -0.980597
    outer loop
      vertex -18.4439 27.4206 0.00577831
      vertex -18.607 27.5837 0.051672
      vertex -18.5542 27.6271 0.051672
    endloop
  endfacet
  facet normal -0.12904 0.360715 -0.923706
    outer loop
      vertex -17.5375 28.2326 0.051672
      vertex -17.2695 28.559 0.141695
      vertex -17.1864 28.3582 0.051672
    endloop
  endfacet
  facet normal -0.128991 0.36068 -0.923727
    outer loop
      vertex -17.2695 28.559 0.141695
      vertex -17.5375 28.2326 0.051672
      vertex -17.6207 28.4334 0.141695
    endloop
  endfacet
  facet normal 0.920091 -0.0903661 -0.381137
    outer loop
      vertex 20.858 -30.9965 0.851659
      vertex 20.7697 -30.9789 0.634324
      vertex 20.88 -30.7725 0.851659
    endloop
  endfacet
  facet normal -0.262671 0.491714 -0.830194
    outer loop
      vertex -17.9578 28.2739 0.141695
      vertex -18.1642 28.3843 0.272388
      vertex -18.0326 28.4546 0.272388
    endloop
  endfacet
  facet normal -0.427694 0.903923 0
    outer loop
      vertex -17.8612 29.0141 1.08238
      vertex -18.1983 28.8546 11.6176
      vertex -17.8612 29.0141 11.6176
    endloop
  endfacet
  facet normal -0.427694 0.903923 0
    outer loop
      vertex -18.1983 28.8546 11.6176
      vertex -17.8612 29.0141 1.08238
      vertex -18.1983 28.8546 1.08238
    endloop
  endfacet
  facet normal -0.144122 0.970196 0.194805
    outer loop
      vertex -16.5554 29.353 11.6176
      vertex -16.9154 29.2532 11.8483
      vertex -16.5465 29.308 11.8483
    endloop
  endfacet
  facet normal -0.143853 0.970155 0.195207
    outer loop
      vertex -16.9154 29.2532 11.8483
      vertex -16.5554 29.353 11.6176
      vertex -16.9243 29.2983 11.6176
    endloop
  endfacet
  facet normal 0.0377163 0.38223 0.923297
    outer loop
      vertex 16.3225 28.7474 12.5583
      vertex 16.3225 28.53 12.6483
      vertex 16.3904 28.5233 12.6483
    endloop
  endfacet
  facet normal -0.449611 0.547889 0.705455
    outer loop
      vertex -18.876 28.1087 12.2613
      vertex -18.899 27.8757 12.4276
      vertex -18.7836 27.9704 12.4276
    endloop
  endfacet
  facet normal -0.0549177 0.554781 0.830182
    outer loop
      vertex -16.3225 28.943 12.4276
      vertex -16.471 28.9283 12.4276
      vertex -16.4328 28.7365 12.5583
    endloop
  endfacet
  facet normal 0 0.707107 0.707107
    outer loop
      vertex 15.95 29.1276 12.2613
      vertex -15.95 28.9613 12.4276
      vertex 15.95 28.9613 12.4276
    endloop
  endfacet
  facet normal 0 0.707107 0.707107
    outer loop
      vertex -15.95 28.9613 12.4276
      vertex 15.95 29.1276 12.2613
      vertex -15.95 29.1276 12.2613
    endloop
  endfacet
  facet normal -0.135097 0.539494 0.83108
    outer loop
      vertex -17.2016 28.783 12.4276
      vertex -16.8017 28.6818 12.5583
      vertex -16.8398 28.8736 12.4276
    endloop
  endfacet
  facet normal -0.135121 0.53944 0.831112
    outer loop
      vertex -16.8017 28.6818 12.5583
      vertex -17.2016 28.783 12.4276
      vertex -17.1634 28.5912 12.5583
    endloop
  endfacet
  facet normal -0 0.382502 0.923955
    outer loop
      vertex -15.95 28.7657 12.5583
      vertex 15.95 28.5483 12.6483
      vertex 15.95 28.7657 12.5583
    endloop
  endfacet
  facet normal 0 0.382502 0.923955
    outer loop
      vertex 15.95 28.5483 12.6483
      vertex -15.95 28.7657 12.5583
      vertex -15.95 28.5483 12.6483
    endloop
  endfacet
  facet normal -0.189458 0.0474561 -0.980741
    outer loop
      vertex -19.7923 25.1643 0.00577831
      vertex -19.928 25.571 0.051672
      vertex -19.7017 25.526 0.00577831
    endloop
  endfacet
  facet normal -0.189458 0.0474561 -0.980741
    outer loop
      vertex -19.928 25.571 0.051672
      vertex -19.7923 25.1643 0.00577831
      vertex -20.0186 25.2093 0.051672
    endloop
  endfacet
  facet normal 0.835294 0.395222 0.382208
    outer loop
      vertex 20.279 26.5963 12.0657
      vertex 20.5217 26.2936 11.8483
      vertex 20.3622 26.6307 11.8483
    endloop
  endfacet
  facet normal 0.835294 0.395222 0.382208
    outer loop
      vertex 20.5217 26.2936 11.8483
      vertex 20.279 26.5963 12.0657
      vertex 20.4385 26.2592 12.0657
    endloop
  endfacet
  facet normal 0.476872 0.285855 -0.831192
    outer loop
      vertex 19.5799 26.8254 0.141695
      vertex 19.9343 26.6142 0.272388
      vertex 19.7716 26.5056 0.141695
    endloop
  endfacet
  facet normal 0.476902 0.285933 -0.831148
    outer loop
      vertex 19.9343 26.6142 0.272388
      vertex 19.5799 26.8254 0.141695
      vertex 19.7425 26.9341 0.272388
    endloop
  endfacet
  facet normal 0.431024 -0.353709 0.830125
    outer loop
      vertex 19.5204 -33.2336 12.4276
      vertex 19.3578 -33.125 12.5583
      vertex 19.4257 -33.349 12.4276
    endloop
  endfacet
  facet normal 0 -0.831461 0.555583
    outer loop
      vertex -15.95 -35.2583 12.0657
      vertex 15.95 -35.1276 12.2613
      vertex -15.95 -35.1276 12.2613
    endloop
  endfacet
  facet normal 0 -0.831461 0.555583
    outer loop
      vertex 15.95 -35.1276 12.2613
      vertex -15.95 -35.2583 12.0657
      vertex 15.95 -35.2583 12.0657
    endloop
  endfacet
  facet normal 0.0905005 -0.920163 0.380932
    outer loop
      vertex 16.3225 -35.24 12.0657
      vertex 16.3225 -35.33 11.8483
      vertex 16.5289 -35.2197 12.0657
    endloop
  endfacet
  facet normal 0.495673 -0.66811 0.554921
    outer loop
      vertex 18.6491 -34.4395 12.0657
      vertex 18.876 -34.1087 12.2613
      vertex 18.5765 -34.3309 12.2613
    endloop
  endfacet
  facet normal 0.495256 -0.668071 0.55534
    outer loop
      vertex 18.876 -34.1087 12.2613
      vertex 18.6491 -34.4395 12.0657
      vertex 18.9487 -34.2174 12.0657
    endloop
  endfacet
  facet normal 0 -0.555583 0.831461
    outer loop
      vertex -15.95 -34.7657 12.5583
      vertex 15.95 -34.9613 12.4276
      vertex 15.95 -34.7657 12.5583
    endloop
  endfacet
  facet normal 0 -0.555583 0.831461
    outer loop
      vertex 15.95 -34.9613 12.4276
      vertex -15.95 -34.7657 12.5583
      vertex -15.95 -34.9613 12.4276
    endloop
  endfacet
  facet normal 0.0549177 -0.554781 0.830182
    outer loop
      vertex 16.4328 -34.7365 12.5583
      vertex 16.3225 -34.943 12.4276
      vertex 16.471 -34.9283 12.4276
    endloop
  endfacet
  facet normal 0.740849 -0.671671 0
    outer loop
      vertex 19.4814 -33.9314 11.6176
      vertex 19.7319 -33.6551 1.08238
      vertex 19.7319 -33.6551 11.6176
    endloop
  endfacet
  facet normal 0.740849 -0.671671 0
    outer loop
      vertex 19.7319 -33.6551 1.08238
      vertex 19.4814 -33.9314 11.6176
      vertex 19.4814 -33.9314 1.08238
    endloop
  endfacet
  facet normal -0.0408136 -0.830768 0.55512
    outer loop
      vertex -16.3225 -35.24 12.0657
      vertex -15.95 -35.1276 12.2613
      vertex -16.3225 -35.1093 12.2613
    endloop
  endfacet
  facet normal -0.0408136 -0.830768 0.55512
    outer loop
      vertex -15.95 -35.1276 12.2613
      vertex -16.3225 -35.24 12.0657
      vertex -15.95 -35.2583 12.0657
    endloop
  endfacet
  facet normal -0.0815044 -0.828695 0.553734
    outer loop
      vertex -16.3225 -35.1093 12.2613
      vertex -16.5289 -35.2197 12.0657
      vertex -16.3225 -35.24 12.0657
    endloop
  endfacet
  facet normal -0.0698256 -0.705381 0.705381
    outer loop
      vertex -16.3225 -34.943 12.4276
      vertex -16.471 -34.9283 12.4276
      vertex -16.3225 -35.1093 12.2613
    endloop
  endfacet
  facet normal -0.355789 -0.751953 0.55496
    outer loop
      vertex -17.8092 -34.8885 12.0657
      vertex -18.0963 -34.6083 12.2613
      vertex -18.1463 -34.729 12.0657
    endloop
  endfacet
  facet normal -0.35553 -0.751876 0.555231
    outer loop
      vertex -18.0963 -34.6083 12.2613
      vertex -17.8092 -34.8885 12.0657
      vertex -17.7592 -34.7677 12.2613
    endloop
  endfacet
  facet normal 0.151571 0.124299 0.9806
    outer loop
      vertex 19.1338 27.057 12.6483
      vertex 18.9706 26.8939 12.6942
      vertex 19.1771 27.0042 12.6483
    endloop
  endfacet
  facet normal 0.187564 0.0568634 0.980605
    outer loop
      vertex 19.9082 25.6364 12.6483
      vertex 19.695 25.5481 12.6942
      vertex 19.7017 25.526 12.6942
    endloop
  endfacet
  facet normal -0.622413 0.758212 -0.194209
    outer loop
      vertex -19.1727 28.1494 0.851659
      vertex -19.2051 28.1819 1.08238
      vertex -19.0242 28.3304 1.08238
    endloop
  endfacet
  facet normal -0.976261 0.0958828 -0.194219
    outer loop
      vertex -20.88 24.7725 0.851659
      vertex -20.9259 24.7725 1.08238
      vertex -20.858 24.9965 0.851659
    endloop
  endfacet
  facet normal -0.353696 0.431009 -0.830139
    outer loop
      vertex -18.675 27.8078 0.141695
      vertex -18.899 27.8757 0.272388
      vertex -18.7836 27.9704 0.272388
    endloop
  endfacet
  facet normal -0.243958 0.296797 -0.923253
    outer loop
      vertex -18.607 27.5837 0.051672
      vertex -18.7607 27.7374 0.141695
      vertex -18.5542 27.6271 0.051672
    endloop
  endfacet
  facet normal -0.740849 0.671671 0
    outer loop
      vertex -19.7319 27.6551 1.08238
      vertex -19.4814 27.9314 11.6176
      vertex -19.4814 27.9314 1.08238
    endloop
  endfacet
  facet normal -0.740849 0.671671 0
    outer loop
      vertex -19.4814 27.9314 11.6176
      vertex -19.7319 27.6551 1.08238
      vertex -19.7319 27.6551 11.6176
    endloop
  endfacet
  facet normal -0.176609 0.0835108 -0.980732
    outer loop
      vertex -19.5694 25.8992 0.00577831
      vertex -19.6231 26.3246 0.051672
      vertex -19.41 26.2363 0.00577831
    endloop
  endfacet
  facet normal -0.176524 0.0835231 -0.980746
    outer loop
      vertex -19.6231 26.3246 0.051672
      vertex -19.5694 25.8992 0.00577831
      vertex -19.7826 25.9875 0.051672
    endloop
  endfacet
  facet normal -0.0978536 -0.995201 0
    outer loop
      vertex -16.5554 -35.353 1.08238
      vertex -16.3225 -35.3759 11.6176
      vertex -16.5554 -35.353 11.6176
    endloop
  endfacet
  facet normal -0.0978536 -0.995201 -0
    outer loop
      vertex -16.3225 -35.3759 11.6176
      vertex -16.5554 -35.353 1.08238
      vertex -16.3225 -35.3759 1.08238
    endloop
  endfacet
  facet normal -1 0 0
    outer loop
      vertex -20.9442 24.4 1.08238
      vertex -20.9442 14.9677 7.05
      vertex -20.9442 24.4 11.6176
    endloop
  endfacet
  facet normal -1 0 0
    outer loop
      vertex -20.9442 24.4 1.08238
      vertex -20.9442 14.9084 6.14533
      vertex -20.9442 14.9677 7.05
    endloop
  endfacet
  facet normal -1 0 0
    outer loop
      vertex -20.9442 24.4 1.08238
      vertex -20.9442 14.9079 6.13793
      vertex -20.9442 14.9084 6.14533
    endloop
  endfacet
  facet normal -1 0 0
    outer loop
      vertex -20.9442 24.4 1.08238
      vertex -20.9442 14.9064 6.13065
      vertex -20.9442 14.9079 6.13793
    endloop
  endfacet
  facet normal -1 0 0
    outer loop
      vertex -20.9442 24.4 1.08238
      vertex -20.9442 14.7296 5.24146
      vertex -20.9442 14.9064 6.13065
    endloop
  endfacet
  facet normal -1 0 0
    outer loop
      vertex -20.9442 24.4 1.08238
      vertex -20.9442 14.7272 5.23443
      vertex -20.9442 14.7296 5.24146
    endloop
  endfacet
  facet normal -1 0 0
    outer loop
      vertex -20.9442 24.4 1.08238
      vertex -20.9442 14.4358 4.37593
      vertex -20.9442 14.7272 5.23443
    endloop
  endfacet
  facet normal -1 0 0
    outer loop
      vertex -20.9442 24.4 1.08238
      vertex -20.9442 14.0348 3.56281
      vertex -20.9442 14.4358 4.37593
    endloop
  endfacet
  facet normal -1 0 0
    outer loop
      vertex -20.9442 24.4 1.08238
      vertex -20.9442 14.0315 3.55616
      vertex -20.9442 14.0348 3.56281
    endloop
  endfacet
  facet normal -1 0 0
    outer loop
      vertex -20.9442 24.4 1.08238
      vertex -20.9442 14.0274 3.55
      vertex -20.9442 14.0315 3.55616
    endloop
  endfacet
  facet normal -1 0 0
    outer loop
      vertex -20.9442 24.4 1.08238
      vertex -20.9442 13.5237 2.79617
      vertex -20.9442 14.0274 3.55
    endloop
  endfacet
  facet normal -1 0 0
    outer loop
      vertex -20.9442 24.4 1.08238
      vertex -20.9442 13.5188 2.7906
      vertex -20.9442 13.5237 2.79617
    endloop
  endfacet
  facet normal -1 0 0
    outer loop
      vertex -20.9442 24.4 1.08238
      vertex -20.9442 12.921 2.10897
      vertex -20.9442 13.5188 2.7906
    endloop
  endfacet
  facet normal -1 0 0
    outer loop
      vertex -20.9442 24.4 1.08238
      vertex -20.9442 12.9155 2.10408
      vertex -20.9442 12.921 2.10897
    endloop
  endfacet
  facet normal -1 0 0
    outer loop
      vertex -20.9442 24.4 1.08238
      vertex -20.9442 12.2338 1.5063
      vertex -20.9442 12.9155 2.10408
    endloop
  endfacet
  facet normal -1 0 -0
    outer loop
      vertex -20.9442 12.2338 1.5063
      vertex -20.9442 24.4 1.08238
      vertex -20.9442 11.5994 1.08238
    endloop
  endfacet
  facet normal -1 0 0
    outer loop
      vertex -20.9442 14.9084 7.95467
      vertex -20.9442 24.4 11.6176
      vertex -20.9442 14.9677 7.05
    endloop
  endfacet
  facet normal -1 0 0
    outer loop
      vertex -20.9442 14.9079 7.96207
      vertex -20.9442 24.4 11.6176
      vertex -20.9442 14.9084 7.95467
    endloop
  endfacet
  facet normal -1 0 0
    outer loop
      vertex -20.9442 14.9064 7.96935
      vertex -20.9442 24.4 11.6176
      vertex -20.9442 14.9079 7.96207
    endloop
  endfacet
  facet normal -1 0 0
    outer loop
      vertex -20.9442 14.7296 8.85854
      vertex -20.9442 24.4 11.6176
      vertex -20.9442 14.9064 7.96935
    endloop
  endfacet
  facet normal -1 0 0
    outer loop
      vertex -20.9442 14.4382 9.71704
      vertex -20.9442 24.4 11.6176
      vertex -20.9442 14.7296 8.85854
    endloop
  endfacet
  facet normal -1 0 0
    outer loop
      vertex -20.9442 14.4358 9.72407
      vertex -20.9442 24.4 11.6176
      vertex -20.9442 14.4382 9.71704
    endloop
  endfacet
  facet normal -1 0 0
    outer loop
      vertex -20.9442 14.0348 10.5372
      vertex -20.9442 24.4 11.6176
      vertex -20.9442 14.4358 9.72407
    endloop
  endfacet
  facet normal -1 0 0
    outer loop
      vertex -20.9442 14.0315 10.5438
      vertex -20.9442 24.4 11.6176
      vertex -20.9442 14.0348 10.5372
    endloop
  endfacet
  facet normal -1 0 0
    outer loop
      vertex -20.9442 14.0274 10.55
      vertex -20.9442 24.4 11.6176
      vertex -20.9442 14.0315 10.5438
    endloop
  endfacet
  facet normal -1 0 0
    outer loop
      vertex -20.9442 13.5237 11.3038
      vertex -20.9442 24.4 11.6176
      vertex -20.9442 14.0274 10.55
    endloop
  endfacet
  facet normal -1 0 0
    outer loop
      vertex -20.9442 13.5188 11.3094
      vertex -20.9442 24.4 11.6176
      vertex -20.9442 13.5237 11.3038
    endloop
  endfacet
  facet normal -1 -0 0
    outer loop
      vertex -20.9442 24.4 11.6176
      vertex -20.9442 13.5188 11.3094
      vertex -20.9442 13.2485 11.6176
    endloop
  endfacet
  facet normal -1 0 0
    outer loop
      vertex -20.9442 -7.9 4.55
      vertex -20.9442 3.04454 2.10408
      vertex -20.9442 3.72617 1.5063
    endloop
  endfacet
  facet normal -1 0 0
    outer loop
      vertex -20.9442 -7.9 4.55
      vertex -20.9442 2.4412 2.7906
      vertex -20.9442 3.03897 2.10897
    endloop
  endfacet
  facet normal -1 0 0
    outer loop
      vertex -20.9442 1.52423 4.37593
      vertex -20.9442 -7.9 4.55
      vertex -20.9442 1.46514 4.55
    endloop
  endfacet
  facet normal -1 0 0
    outer loop
      vertex -20.9442 1.92522 3.56281
      vertex -20.9442 -7.9 4.55
      vertex -20.9442 1.52423 4.37593
    endloop
  endfacet
  facet normal -1 0 0
    outer loop
      vertex -20.9442 1.9285 3.55616
      vertex -20.9442 -7.9 4.55
      vertex -20.9442 1.92522 3.56281
    endloop
  endfacet
  facet normal -1 0 0
    outer loop
      vertex -20.9442 1.93262 3.55
      vertex -20.9442 -7.9 4.55
      vertex -20.9442 1.9285 3.55616
    endloop
  endfacet
  facet normal -1 0 0
    outer loop
      vertex -20.9442 2.43631 2.79617
      vertex -20.9442 -7.9 4.55
      vertex -20.9442 1.93262 3.55
    endloop
  endfacet
  facet normal -1 0 0
    outer loop
      vertex -20.9442 2.4412 2.7906
      vertex -20.9442 -7.9 4.55
      vertex -20.9442 2.43631 2.79617
    endloop
  endfacet
  facet normal -1 0 0
    outer loop
      vertex -20.9442 3.04454 2.10408
      vertex -20.9442 -7.9 4.55
      vertex -20.9442 3.03897 2.10897
    endloop
  endfacet
  facet normal -1 0 0
    outer loop
      vertex -20.9442 4.36062 1.08238
      vertex -20.9442 -7.9 4.55
      vertex -20.9442 3.72617 1.5063
    endloop
  endfacet
  facet normal -1 0 0
    outer loop
      vertex -20.9442 4.36062 1.08238
      vertex -20.9442 -8.38772 4.59804
      vertex -20.9442 -7.9 4.55
    endloop
  endfacet
  facet normal -1 -0 0
    outer loop
      vertex -20.9442 -10.352 6.56227
      vertex -20.9442 -28.42 6.35
      vertex -20.9442 -10.4 7.05
    endloop
  endfacet
  facet normal -1 0 0
    outer loop
      vertex -20.9442 -28.468 5.86227
      vertex -20.9442 -10.352 6.56227
      vertex -20.9442 -10.2097 6.09329
    endloop
  endfacet
  facet normal -1 0 0
    outer loop
      vertex -20.9442 -28.6103 5.39329
      vertex -20.9442 -10.2097 6.09329
      vertex -20.9442 -9.97867 5.66107
    endloop
  endfacet
  facet normal -1 0 0
    outer loop
      vertex -20.9442 -30.4 1.08238
      vertex -20.9442 -9.97867 5.66107
      vertex -20.9442 -9.66777 5.28223
    endloop
  endfacet
  facet normal -1 0 0
    outer loop
      vertex -20.9442 -30.4 1.08238
      vertex -20.9442 -9.66777 5.28223
      vertex -20.9442 -9.28893 4.97133
    endloop
  endfacet
  facet normal -1 0 0
    outer loop
      vertex -20.9442 -30.4 1.08238
      vertex -20.9442 -9.28893 4.97133
      vertex -20.9442 -8.85671 4.7403
    endloop
  endfacet
  facet normal -1 0 0
    outer loop
      vertex -20.9442 -30.4 1.08238
      vertex -20.9442 -8.85671 4.7403
      vertex -20.9442 -8.38772 4.59804
    endloop
  endfacet
  facet normal -1 0 0
    outer loop
      vertex -20.9442 -30.4 1.08238
      vertex -20.9442 -8.38772 4.59804
      vertex -20.9442 4.36062 1.08238
    endloop
  endfacet
  facet normal -1 0 0
    outer loop
      vertex -20.9442 -10.352 6.56227
      vertex -20.9442 -28.468 5.86227
      vertex -20.9442 -28.42 6.35
    endloop
  endfacet
  facet normal -1 0 0
    outer loop
      vertex -20.9442 -10.2097 6.09329
      vertex -20.9442 -28.6103 5.39329
      vertex -20.9442 -28.468 5.86227
    endloop
  endfacet
  facet normal -1 0 0
    outer loop
      vertex -20.9442 -9.97867 5.66107
      vertex -20.9442 -28.8413 4.96107
      vertex -20.9442 -28.6103 5.39329
    endloop
  endfacet
  facet normal -1 0 0
    outer loop
      vertex -20.9442 -9.97867 5.66107
      vertex -20.9442 -30.4 1.08238
      vertex -20.9442 -28.8413 4.96107
    endloop
  endfacet
  facet normal -1 0 0
    outer loop
      vertex -20.9442 -28.8413 4.96107
      vertex -20.9442 -30.4 1.08238
      vertex -20.9442 -29.1522 4.58223
    endloop
  endfacet
  facet normal -1 0 0
    outer loop
      vertex -20.9442 -29.1522 4.58223
      vertex -20.9442 -30.4 1.08238
      vertex -20.9442 -29.5311 4.27133
    endloop
  endfacet
  facet normal -1 0 0
    outer loop
      vertex -20.9442 -29.5311 4.27133
      vertex -20.9442 -30.4 1.08238
      vertex -20.9442 -29.9633 4.0403
    endloop
  endfacet
  facet normal -1 0 0
    outer loop
      vertex -20.9442 -29.9633 4.0403
      vertex -20.9442 -30.4 1.08238
      vertex -20.9442 -30.4 3.90783
    endloop
  endfacet
  facet normal -1 0 0
    outer loop
      vertex -20.9442 -7.9 9.55
      vertex -20.9442 2.4412 11.3094
      vertex -20.9442 2.43631 11.3038
    endloop
  endfacet
  facet normal -1 0 0
    outer loop
      vertex -20.9442 -7.9 9.55
      vertex -20.9442 1.52185 9.71704
      vertex -20.9442 1.46514 9.55
    endloop
  endfacet
  facet normal -1 -0 0
    outer loop
      vertex -20.9442 1.52185 9.71704
      vertex -20.9442 -7.9 9.55
      vertex -20.9442 1.52423 9.72407
    endloop
  endfacet
  facet normal -1 0 0
    outer loop
      vertex -20.9442 -7.9 9.55
      vertex -20.9442 1.92522 10.5372
      vertex -20.9442 1.52423 9.72407
    endloop
  endfacet
  facet normal -1 0 0
    outer loop
      vertex -20.9442 -7.9 9.55
      vertex -20.9442 1.9285 10.5438
      vertex -20.9442 1.92522 10.5372
    endloop
  endfacet
  facet normal -1 0 0
    outer loop
      vertex -20.9442 -7.9 9.55
      vertex -20.9442 1.93262 10.55
      vertex -20.9442 1.9285 10.5438
    endloop
  endfacet
  facet normal -1 0 0
    outer loop
      vertex -20.9442 -7.9 9.55
      vertex -20.9442 2.43631 11.3038
      vertex -20.9442 1.93262 10.55
    endloop
  endfacet
  facet normal -1 -0 0
    outer loop
      vertex -20.9442 2.4412 11.3094
      vertex -20.9442 -7.9 9.55
      vertex -20.9442 2.7115 11.6176
    endloop
  endfacet
  facet normal -1 0 0
    outer loop
      vertex -20.9442 -8.38772 9.50196
      vertex -20.9442 2.7115 11.6176
      vertex -20.9442 -7.9 9.55
    endloop
  endfacet
  facet normal -1 0 0
    outer loop
      vertex -20.9442 -28.468 6.83773
      vertex -20.9442 -10.4 7.05
      vertex -20.9442 -28.42 6.35
    endloop
  endfacet
  facet normal -1 -0 0
    outer loop
      vertex -20.9442 -10.4 7.05
      vertex -20.9442 -28.468 6.83773
      vertex -20.9442 -10.352 7.53772
    endloop
  endfacet
  facet normal -1 0 0
    outer loop
      vertex -20.9442 -28.6103 7.30671
      vertex -20.9442 -10.352 7.53772
      vertex -20.9442 -28.468 6.83773
    endloop
  endfacet
  facet normal -1 -0 0
    outer loop
      vertex -20.9442 -10.352 7.53772
      vertex -20.9442 -28.6103 7.30671
      vertex -20.9442 -10.2097 8.00671
    endloop
  endfacet
  facet normal -1 0 0
    outer loop
      vertex -20.9442 -28.8413 7.73892
      vertex -20.9442 -10.2097 8.00671
      vertex -20.9442 -28.6103 7.30671
    endloop
  endfacet
  facet normal -1 -0 0
    outer loop
      vertex -20.9442 -10.2097 8.00671
      vertex -20.9442 -28.8413 7.73892
      vertex -20.9442 -9.97867 8.43892
    endloop
  endfacet
  facet normal -1 0 0
    outer loop
      vertex -20.9442 -30.4 11.6176
      vertex -20.9442 -9.97867 8.43892
      vertex -20.9442 -28.8413 7.73892
    endloop
  endfacet
  facet normal -1 0 0
    outer loop
      vertex -20.9442 -9.97867 8.43892
      vertex -20.9442 -30.4 11.6176
      vertex -20.9442 -9.66777 8.81777
    endloop
  endfacet
  facet normal -1 0 0
    outer loop
      vertex -20.9442 -9.66777 8.81777
      vertex -20.9442 -30.4 11.6176
      vertex -20.9442 -9.28893 9.12867
    endloop
  endfacet
  facet normal -1 0 0
    outer loop
      vertex -20.9442 -9.28893 9.12867
      vertex -20.9442 -30.4 11.6176
      vertex -20.9442 -8.85671 9.3597
    endloop
  endfacet
  facet normal -1 0 0
    outer loop
      vertex -20.9442 -8.85671 9.3597
      vertex -20.9442 -30.4 11.6176
      vertex -20.9442 -8.38772 9.50196
    endloop
  endfacet
  facet normal -1 0 0
    outer loop
      vertex -20.9442 -30.4 11.6176
      vertex -20.9442 -28.8413 7.73892
      vertex -20.9442 -29.1522 8.11777
    endloop
  endfacet
  facet normal -1 0 0
    outer loop
      vertex -20.9442 -30.4 11.6176
      vertex -20.9442 -29.1522 8.11777
      vertex -20.9442 -29.5311 8.42867
    endloop
  endfacet
  facet normal -1 0 0
    outer loop
      vertex -20.9442 -30.4 11.6176
      vertex -20.9442 -29.5311 8.42867
      vertex -20.9442 -29.9633 8.6597
    endloop
  endfacet
  facet normal -1 0 0
    outer loop
      vertex -20.9442 -30.4 11.6176
      vertex -20.9442 -29.9633 8.6597
      vertex -20.9442 -30.4 8.79217
    endloop
  endfacet
  facet normal -1 0 0
    outer loop
      vertex -20.9442 -8.38772 9.50196
      vertex -20.9442 -30.4 11.6176
      vertex -20.9442 2.7115 11.6176
    endloop
  endfacet
  facet normal -0.699696 0.10375 0.706867
    outer loop
      vertex -20.6415 24.9534 12.2613
      vertex -20.4236 25.2899 12.4276
      vertex -20.5868 25.3223 12.2613
    endloop
  endfacet
  facet normal -0.699696 0.10375 0.706867
    outer loop
      vertex -20.4236 25.2899 12.4276
      vertex -20.6415 24.9534 12.2613
      vertex -20.4783 24.921 12.4276
    endloop
  endfacet
  facet normal -0.55476 0.0549157 -0.830196
    outer loop
      vertex -20.2865 24.8828 0.141695
      vertex -20.493 24.7725 0.272388
      vertex -20.4783 24.921 0.272388
    endloop
  endfacet
  facet normal 0.0903661 0.920091 -0.381137
    outer loop
      vertex 16.5289 29.2197 0.634324
      vertex 16.3225 29.33 0.851659
      vertex 16.5465 29.308 0.851659
    endloop
  endfacet
  facet normal 0.26819 0.884759 -0.381152
    outer loop
      vertex 17.4581 29.0141 0.634324
      vertex 17.2595 29.0743 0.634324
      vertex 17.4925 29.0973 0.851659
    endloop
  endfacet
  facet normal -0.144721 0.131155 -0.980742
    outer loop
      vertex -19.1338 27.057 0.051672
      vertex -18.7202 27.1702 0.00577831
      vertex -18.9706 26.8939 0.00577831
    endloop
  endfacet
  facet normal -0.144738 0.131223 -0.98073
    outer loop
      vertex -18.7202 27.1702 0.00577831
      vertex -19.1338 27.057 0.051672
      vertex -18.8833 27.3333 0.051672
    endloop
  endfacet
  facet normal 0.742184 0.550445 -0.382325
    outer loop
      vertex 20.0644 27.1491 0.851659
      vertex 19.7674 27.3986 0.634324
      vertex 19.8422 27.4487 0.851659
    endloop
  endfacet
  facet normal 0.74219 0.550385 -0.382402
    outer loop
      vertex 19.7674 27.3986 0.634324
      vertex 20.0644 27.1491 0.851659
      vertex 19.9895 27.0991 0.634324
    endloop
  endfacet
  facet normal 0.93881 0.28445 -0.194225
    outer loop
      vertex 20.7576 25.736 1.08238
      vertex 20.6473 25.9425 0.851659
      vertex 20.6897 25.9601 1.08238
    endloop
  endfacet
  facet normal 0.241546 0.79686 -0.553778
    outer loop
      vertex 17.4581 29.0141 0.634324
      vertex 17.234 28.9461 0.438728
      vertex 17.2595 29.0743 0.634324
    endloop
  endfacet
  facet normal 0.395205 0.835258 -0.382306
    outer loop
      vertex 18.1463 28.729 0.634324
      vertex 17.8436 28.9717 0.851659
      vertex 18.1807 28.8122 0.851659
    endloop
  endfacet
  facet normal 0.395205 0.835258 -0.382306
    outer loop
      vertex 17.8436 28.9717 0.851659
      vertex 18.1463 28.729 0.634324
      vertex 17.8092 28.8885 0.634324
    endloop
  endfacet
  facet normal 0.353831 0.430729 -0.830226
    outer loop
      vertex 18.7607 27.7374 0.141695
      vertex 18.675 27.8078 0.141695
      vertex 18.899 27.8757 0.272388
    endloop
  endfacet
  facet normal 0.586535 0.714685 -0.381053
    outer loop
      vertex 19.109 28.0858 0.634324
      vertex 18.9987 28.2922 0.851659
      vertex 19.1727 28.1494 0.851659
    endloop
  endfacet
  facet normal 0.353696 0.431009 -0.830139
    outer loop
      vertex 18.899 27.8757 0.272388
      vertex 18.675 27.8078 0.141695
      vertex 18.7836 27.9704 0.272388
    endloop
  endfacet
  facet normal -0.0192487 0.195073 -0.9806
    outer loop
      vertex -16.3225 28.2993 0.00577831
      vertex -16.3904 28.5233 0.051672
      vertex -16.3225 28.53 0.051672
    endloop
  endfacet
  facet normal -0.0408133 0.830763 -0.555128
    outer loop
      vertex -15.95 29.1276 0.438728
      vertex -16.3225 29.24 0.634324
      vertex -15.95 29.2583 0.634324
    endloop
  endfacet
  facet normal -0.0408133 0.830763 -0.555128
    outer loop
      vertex -16.3225 29.24 0.634324
      vertex -15.95 29.1276 0.438728
      vertex -16.3225 29.1093 0.438728
    endloop
  endfacet
  facet normal -0.0815385 0.82867 -0.553767
    outer loop
      vertex -16.5034 29.0915 0.438728
      vertex -16.5289 29.2197 0.634324
      vertex -16.3225 29.1093 0.438728
    endloop
  endfacet
  facet normal 0.0481274 0.979643 -0.194892
    outer loop
      vertex 16.3225 29.33 0.851659
      vertex 15.95 29.3942 1.08238
      vertex 16.3225 29.3759 1.08238
    endloop
  endfacet
  facet normal 0.0481274 0.979643 -0.194892
    outer loop
      vertex 15.95 29.3942 1.08238
      vertex 16.3225 29.33 0.851659
      vertex 15.95 29.3483 0.851659
    endloop
  endfacet
  facet normal -0.111552 -0.367568 0.923282
    outer loop
      vertex -17.121 -34.378 12.6483
      vertex -17.2695 -34.559 12.5583
      vertex -17.1634 -34.5912 12.5583
    endloop
  endfacet
  facet normal -0.792547 0.475082 0.382318
    outer loop
      vertex -20.2561 26.8293 11.8483
      vertex -19.9895 27.0991 12.0657
      vertex -20.0644 27.1491 11.8483
    endloop
  endfacet
  facet normal -0.792547 0.475082 0.382318
    outer loop
      vertex -19.9895 27.0991 12.0657
      vertex -20.2561 26.8293 11.8483
      vertex -20.1812 26.7793 12.0657
    endloop
  endfacet
  facet normal 0.58656 -0.714716 0.380956
    outer loop
      vertex 19.109 -34.0858 12.0657
      vertex 18.9987 -34.2922 11.8483
      vertex 19.1727 -34.1494 11.8483
    endloop
  endfacet
  facet normal 0.55871 -0.616254 0.555044
    outer loop
      vertex 19.109 -34.0858 12.0657
      vertex 19.2929 -33.7429 12.2613
      vertex 19.0166 -33.9934 12.2613
    endloop
  endfacet
  facet normal 0.55871 -0.616254 0.555044
    outer loop
      vertex 19.2929 -33.7429 12.2613
      vertex 19.109 -34.0858 12.0657
      vertex 19.3853 -33.8353 12.0657
    endloop
  endfacet
  facet normal 0.903923 -0.427694 0
    outer loop
      vertex 20.4046 -32.6483 1.08238
      vertex 20.5641 -32.3112 4.27319
      vertex 20.4046 -32.6483 4.54985
    endloop
  endfacet
  facet normal 0.903923 -0.427694 0
    outer loop
      vertex 20.5641 -32.3112 4.27319
      vertex 20.4046 -32.6483 1.08238
      vertex 20.5641 -32.3112 1.08238
    endloop
  endfacet
  facet normal 0.903923 -0.427694 0
    outer loop
      vertex 20.4046 -32.6483 11.6176
      vertex 20.5641 -32.3112 8.42681
      vertex 20.5641 -32.3112 11.6176
    endloop
  endfacet
  facet normal 0.903923 -0.427694 0
    outer loop
      vertex 20.5641 -32.3112 8.42681
      vertex 20.4046 -32.6483 11.6176
      vertex 20.4046 -32.6483 8.15015
    endloop
  endfacet
  facet normal 0.0903661 -0.920091 -0.381137
    outer loop
      vertex 16.5465 -35.308 0.851659
      vertex 16.3225 -35.33 0.851659
      vertex 16.5289 -35.2197 0.634324
    endloop
  endfacet
  facet normal 0.586684 0.714631 -0.380926
    outer loop
      vertex 19.109 28.0858 0.634324
      vertex 18.9487 28.2174 0.634324
      vertex 18.9987 28.2922 0.851659
    endloop
  endfacet
  facet normal 0.586709 -0.714662 0.380829
    outer loop
      vertex 19.109 -34.0858 12.0657
      vertex 18.9487 -34.2174 12.0657
      vertex 18.9987 -34.2922 11.8483
    endloop
  endfacet
  facet normal 0.421486 -0.568115 -0.70682
    outer loop
      vertex 18.4841 -34.1925 0.272388
      vertex 18.876 -34.1087 0.438728
      vertex 18.5765 -34.3309 0.438728
    endloop
  endfacet
  facet normal 0.421463 -0.56834 -0.706653
    outer loop
      vertex 18.876 -34.1087 0.438728
      vertex 18.4841 -34.1925 0.272388
      vertex 18.7836 -33.9704 0.272388
    endloop
  endfacet
  facet normal 0.835258 -0.395205 -0.382306
    outer loop
      vertex 20.5217 -32.2936 0.851659
      vertex 20.279 -32.5963 0.634324
      vertex 20.4385 -32.2592 0.634324
    endloop
  endfacet
  facet normal 0.835258 -0.395205 -0.382306
    outer loop
      vertex 20.279 -32.5963 0.634324
      vertex 20.5217 -32.2936 0.851659
      vertex 20.3622 -32.6307 0.851659
    endloop
  endfacet
  facet normal 0.555562 0 -0.831475
    outer loop
      vertex 20.3157 -30.4 0.141695
      vertex 20.5113 24.4 0.272388
      vertex 20.5113 -30.4 0.272388
    endloop
  endfacet
  facet normal 0.555562 0 -0.831475
    outer loop
      vertex 20.5113 24.4 0.272388
      vertex 20.3157 -30.4 0.141695
      vertex 20.3157 24.4 0.141695
    endloop
  endfacet
  facet normal 0.828675 -0.081539 0.553759
    outer loop
      vertex 20.6593 -30.7725 12.2613
      vertex 20.6415 -30.9534 12.2613
      vertex 20.7697 -30.9789 12.0657
    endloop
  endfacet
  facet normal 0.713531 -0.427717 0.554917
    outer loop
      vertex 19.8809 -33.0265 12.2613
      vertex 20.1812 -32.7793 12.0657
      vertex 20.0726 -32.7067 12.2613
    endloop
  endfacet
  facet normal 0.713531 -0.427717 0.554917
    outer loop
      vertex 20.1812 -32.7793 12.0657
      vertex 19.8809 -33.0265 12.2613
      vertex 19.9895 -33.0991 12.0657
    endloop
  endfacet
  facet normal 0.884778 -0.268227 0.38108
    outer loop
      vertex 20.7126 -31.7271 11.8483
      vertex 20.6243 -31.7095 12.0657
      vertex 20.6473 -31.9425 11.8483
    endloop
  endfacet
  facet normal 0.446653 -0.331224 0.831139
    outer loop
      vertex 19.5799 -32.8254 12.5583
      vertex 19.5204 -33.2336 12.4276
      vertex 19.7425 -32.9341 12.4276
    endloop
  endfacet
  facet normal 0.446798 -0.331221 0.831062
    outer loop
      vertex 19.5204 -33.2336 12.4276
      vertex 19.5799 -32.8254 12.5583
      vertex 19.3578 -33.125 12.5583
    endloop
  endfacet
  facet normal 0.412042 -0.373417 0.831132
    outer loop
      vertex 19.037 -33.487 12.5583
      vertex 19.4257 -33.349 12.4276
      vertex 19.2874 -33.2107 12.5583
    endloop
  endfacet
  facet normal 0.412042 -0.373417 0.831132
    outer loop
      vertex 19.4257 -33.349 12.4276
      vertex 19.037 -33.487 12.5583
      vertex 19.1753 -33.6253 12.4276
    endloop
  endfacet
  facet normal 0.378792 -0.0561667 0.923776
    outer loop
      vertex 20.0186 -31.2093 12.6483
      vertex 20.2865 -30.8828 12.5583
      vertex 20.0733 -30.8404 12.6483
    endloop
  endfacet
  facet normal 0.378792 -0.0561667 0.923776
    outer loop
      vertex 20.2865 -30.8828 12.5583
      vertex 20.0186 -31.2093 12.6483
      vertex 20.2318 -31.2517 12.5583
    endloop
  endfacet
  facet normal 0.550102 -0.0815683 0.831105
    outer loop
      vertex 20.2318 -31.2517 12.5583
      vertex 20.4783 -30.921 12.4276
      vertex 20.2865 -30.8828 12.5583
    endloop
  endfacet
  facet normal 0.550102 -0.0815683 0.831105
    outer loop
      vertex 20.4783 -30.921 12.4276
      vertex 20.2318 -31.2517 12.5583
      vertex 20.4236 -31.2899 12.4276
    endloop
  endfacet
  facet normal 0.367568 -0.111552 0.923282
    outer loop
      vertex 20.1412 -31.6134 12.5583
      vertex 19.928 -31.571 12.6483
      vertex 20.109 -31.7195 12.5583
    endloop
  endfacet
  facet normal 0.382502 0 0.923955
    outer loop
      vertex 20.0983 24.4 12.6483
      vertex 20.3157 -30.4 12.5583
      vertex 20.3157 24.4 12.5583
    endloop
  endfacet
  facet normal 0.382502 0 0.923955
    outer loop
      vertex 20.3157 -30.4 12.5583
      vertex 20.0983 24.4 12.6483
      vertex 20.0983 -30.4 12.6483
    endloop
  endfacet
  facet normal 0.196935 -0.328533 0.923733
    outer loop
      vertex 18.2547 -33.8492 12.6483
      vertex 18.0556 -34.2216 12.5583
      vertex 18.3754 -34.0299 12.5583
    endloop
  endfacet
  facet normal 0.196851 -0.328496 0.923764
    outer loop
      vertex 18.0556 -34.2216 12.5583
      vertex 18.2547 -33.8492 12.6483
      vertex 17.9348 -34.0409 12.6483
    endloop
  endfacet
  facet normal -0.144757 0.13124 0.980725
    outer loop
      vertex -19.1338 27.057 12.6483
      vertex -18.7202 27.1702 12.6942
      vertex -18.8833 27.3333 12.6483
    endloop
  endfacet
  facet normal -0.14474 0.131172 0.980737
    outer loop
      vertex -18.7202 27.1702 12.6942
      vertex -19.1338 27.057 12.6483
      vertex -18.9706 26.8939 12.6942
    endloop
  endfacet
  facet normal 0.183898 -0.0657864 0.980741
    outer loop
      vertex 19.5694 -31.8992 12.6942
      vertex 19.9082 -31.6364 12.6483
      vertex 19.695 -31.5481 12.6942
    endloop
  endfacet
  facet normal 0.183898 -0.0657864 0.980741
    outer loop
      vertex 19.9082 -31.6364 12.6483
      vertex 19.5694 -31.8992 12.6942
      vertex 19.7826 -31.9875 12.6483
    endloop
  endfacet
  facet normal 0.81541 0.435624 -0.381233
    outer loop
      vertex 20.3622 26.6307 0.851659
      vertex 20.1812 26.7793 0.634324
      vertex 20.2561 26.8293 0.851659
    endloop
  endfacet
  facet normal 0.865253 0.462167 -0.194264
    outer loop
      vertex 20.3622 26.6307 0.851659
      vertex 20.2943 26.8548 1.08238
      vertex 20.4046 26.6483 1.08238
    endloop
  endfacet
  facet normal -0.311253 -0.87007 0.38223
    outer loop
      vertex -17.4925 -35.0973 11.8483
      vertex -17.8092 -34.8885 12.0657
      vertex -17.8436 -34.9717 11.8483
    endloop
  endfacet
  facet normal -0.311253 -0.87007 0.38223
    outer loop
      vertex -17.8092 -34.8885 12.0657
      vertex -17.4925 -35.0973 11.8483
      vertex -17.4581 -35.0141 12.0657
    endloop
  endfacet
  facet normal 0.830768 -0.0408136 0.55512
    outer loop
      vertex 20.6593 -30.7725 12.2613
      vertex 20.8083 -30.4 12.0657
      vertex 20.6776 -30.4 12.2613
    endloop
  endfacet
  facet normal 0.830768 -0.0408136 0.55512
    outer loop
      vertex 20.8083 -30.4 12.0657
      vertex 20.6593 -30.7725 12.2613
      vertex 20.79 -30.7725 12.0657
    endloop
  endfacet
  facet normal 1 0 0
    outer loop
      vertex 20.9442 24.4 11.6176
      vertex 20.9442 -28.42 6.35
      vertex 20.9442 24.4 1.08238
    endloop
  endfacet
  facet normal 1 0 0
    outer loop
      vertex 20.9442 24.4 11.6176
      vertex 20.9442 -28.468 6.83773
      vertex 20.9442 -28.42 6.35
    endloop
  endfacet
  facet normal 1 0 0
    outer loop
      vertex 20.9442 24.4 11.6176
      vertex 20.9442 -28.6103 7.30671
      vertex 20.9442 -28.468 6.83773
    endloop
  endfacet
  facet normal 1 -0 0
    outer loop
      vertex 20.9442 -30.4 11.6176
      vertex 20.9442 -28.6103 7.30671
      vertex 20.9442 24.4 11.6176
    endloop
  endfacet
  facet normal 1 0 0
    outer loop
      vertex 20.9442 -28.6103 7.30671
      vertex 20.9442 -30.4 11.6176
      vertex 20.9442 -28.8413 7.73892
    endloop
  endfacet
  facet normal 1 0 0
    outer loop
      vertex 20.9442 -28.8413 7.73892
      vertex 20.9442 -30.4 11.6176
      vertex 20.9442 -29.1522 8.11777
    endloop
  endfacet
  facet normal 1 0 0
    outer loop
      vertex 20.9442 -29.1522 8.11777
      vertex 20.9442 -30.4 11.6176
      vertex 20.9442 -29.5311 8.42867
    endloop
  endfacet
  facet normal 1 0 0
    outer loop
      vertex 20.9442 -29.5311 8.42867
      vertex 20.9442 -30.4 11.6176
      vertex 20.9442 -29.9633 8.6597
    endloop
  endfacet
  facet normal 1 0 0
    outer loop
      vertex 20.9442 -29.9633 8.6597
      vertex 20.9442 -30.4 11.6176
      vertex 20.9442 -30.4 8.79217
    endloop
  endfacet
  facet normal 1 -0 0
    outer loop
      vertex 20.9442 -28.468 5.86227
      vertex 20.9442 24.4 1.08238
      vertex 20.9442 -28.42 6.35
    endloop
  endfacet
  facet normal 1 -0 0
    outer loop
      vertex 20.9442 -28.6103 5.39329
      vertex 20.9442 24.4 1.08238
      vertex 20.9442 -28.468 5.86227
    endloop
  endfacet
  facet normal 1 0 0
    outer loop
      vertex 20.9442 -30.4 1.08238
      vertex 20.9442 -28.6103 5.39329
      vertex 20.9442 -28.8413 4.96107
    endloop
  endfacet
  facet normal 1 0 0
    outer loop
      vertex 20.9442 -30.4 1.08238
      vertex 20.9442 -28.8413 4.96107
      vertex 20.9442 -29.1522 4.58223
    endloop
  endfacet
  facet normal 1 0 0
    outer loop
      vertex 20.9442 -30.4 1.08238
      vertex 20.9442 -29.1522 4.58223
      vertex 20.9442 -29.5311 4.27133
    endloop
  endfacet
  facet normal 1 0 0
    outer loop
      vertex 20.9442 -30.4 1.08238
      vertex 20.9442 -29.5311 4.27133
      vertex 20.9442 -29.9633 4.0403
    endloop
  endfacet
  facet normal 1 0 0
    outer loop
      vertex 20.9442 -30.4 1.08238
      vertex 20.9442 -29.9633 4.0403
      vertex 20.9442 -30.4 3.90783
    endloop
  endfacet
  facet normal 1 0 0
    outer loop
      vertex 20.9442 -28.6103 5.39329
      vertex 20.9442 -30.4 1.08238
      vertex 20.9442 24.4 1.08238
    endloop
  endfacet
  facet normal 0.524155 0.475211 0.706708
    outer loop
      vertex 19.1753 27.6253 12.4276
      vertex 19.5434 27.4666 12.2613
      vertex 19.2929 27.7429 12.2613
    endloop
  endfacet
  facet normal 0.524135 0.475004 0.706862
    outer loop
      vertex 19.5434 27.4666 12.2613
      vertex 19.1753 27.6253 12.4276
      vertex 19.4257 27.349 12.4276
    endloop
  endfacet
  facet normal 0.38223 0.0377163 0.923297
    outer loop
      vertex 20.2974 24.7725 12.5583
      vertex 20.0733 24.8404 12.6483
      vertex 20.08 24.7725 12.6483
    endloop
  endfacet
  facet normal 0.707107 -0 0.707107
    outer loop
      vertex 20.5113 -30.4 12.4276
      vertex 20.6776 24.4 12.2613
      vertex 20.5113 24.4 12.4276
    endloop
  endfacet
  facet normal 0.707107 0 0.707107
    outer loop
      vertex 20.6776 24.4 12.2613
      vertex 20.5113 -30.4 12.4276
      vertex 20.6776 -30.4 12.2613
    endloop
  endfacet
  facet normal 0.923004 0.0453449 0.382108
    outer loop
      vertex 20.8083 24.4 12.0657
      vertex 20.88 24.7725 11.8483
      vertex 20.79 24.7725 12.0657
    endloop
  endfacet
  facet normal 0.923004 0.0453449 0.382108
    outer loop
      vertex 20.88 24.7725 11.8483
      vertex 20.8083 24.4 12.0657
      vertex 20.8983 24.4 11.8483
    endloop
  endfacet
  facet normal 0.831461 -0 0.555583
    outer loop
      vertex 20.6776 -30.4 12.2613
      vertex 20.8083 24.4 12.0657
      vertex 20.6776 24.4 12.2613
    endloop
  endfacet
  facet normal 0.831461 0 0.555583
    outer loop
      vertex 20.8083 24.4 12.0657
      vertex 20.6776 -30.4 12.2613
      vertex 20.8083 -30.4 12.0657
    endloop
  endfacet
  facet normal 0 0.923955 0.382502
    outer loop
      vertex 15.95 29.3483 11.8483
      vertex -15.95 29.2583 12.0657
      vertex 15.95 29.2583 12.0657
    endloop
  endfacet
  facet normal 0 0.923955 0.382502
    outer loop
      vertex -15.95 29.2583 12.0657
      vertex 15.95 29.3483 11.8483
      vertex -15.95 29.3483 11.8483
    endloop
  endfacet
  facet normal 0.29009 0.956999 -0
    outer loop
      vertex 17.5101 29.1397 1.08238
      vertex 17.2861 29.2076 11.6176
      vertex 17.5101 29.1397 11.6176
    endloop
  endfacet
  facet normal 0.29009 0.956999 0
    outer loop
      vertex 17.2861 29.2076 11.6176
      vertex 17.5101 29.1397 1.08238
      vertex 17.2861 29.2076 1.08238
    endloop
  endfacet
  facet normal 0.0905005 0.920163 0.380932
    outer loop
      vertex 16.3225 29.33 11.8483
      vertex 16.3225 29.24 12.0657
      vertex 16.5289 29.2197 12.0657
    endloop
  endfacet
  facet normal 0.161896 0.533451 -0.830193
    outer loop
      vertex 17.2695 28.559 0.141695
      vertex 17.1634 28.5912 0.141695
      vertex 17.2016 28.783 0.272388
    endloop
  endfacet
  facet normal 0.0958824 0.976258 0.194236
    outer loop
      vertex 16.3225 29.3759 11.6176
      vertex 16.3225 29.33 11.8483
      vertex 16.5465 29.308 11.8483
    endloop
  endfacet
  facet normal -0.914033 0.135779 0.382239
    outer loop
      vertex -20.858 24.9965 11.8483
      vertex -20.7149 25.3478 12.0657
      vertex -20.8032 25.3654 11.8483
    endloop
  endfacet
  facet normal -0.914033 0.135779 0.382239
    outer loop
      vertex -20.7149 25.3478 12.0657
      vertex -20.858 24.9965 11.8483
      vertex -20.7697 24.9789 12.0657
    endloop
  endfacet
  facet normal -0.0924507 0.172843 -0.980601
    outer loop
      vertex -17.8066 27.8491 0.00577831
      vertex -17.9348 28.0409 0.051672
      vertex -17.8746 28.0731 0.051672
    endloop
  endfacet
  facet normal -0.772928 -0.634493 0
    outer loop
      vertex -19.7319 -33.6551 1.08238
      vertex -19.8804 -33.4742 11.6176
      vertex -19.8804 -33.4742 1.08238
    endloop
  endfacet
  facet normal -0.772928 -0.634493 0
    outer loop
      vertex -19.8804 -33.4742 11.6176
      vertex -19.7319 -33.6551 1.08238
      vertex -19.7319 -33.6551 11.6176
    endloop
  endfacet
  facet normal -0.41949 -0.886584 -0.194929
    outer loop
      vertex -18.1807 -34.8122 0.851659
      vertex -17.8612 -35.0141 1.08238
      vertex -18.1983 -34.8546 1.08238
    endloop
  endfacet
  facet normal -0.41949 -0.886584 -0.194929
    outer loop
      vertex -17.8612 -35.0141 1.08238
      vertex -18.1807 -34.8122 0.851659
      vertex -17.8436 -34.9717 0.851659
    endloop
  endfacet
  facet normal -0.68466 0.620481 0.382417
    outer loop
      vertex -19.6994 27.6227 11.8483
      vertex -19.3853 27.8353 12.0657
      vertex -19.449 27.899 11.8483
    endloop
  endfacet
  facet normal -0.684619 0.620691 0.382152
    outer loop
      vertex -19.3853 27.8353 12.0657
      vertex -19.6994 27.6227 11.8483
      vertex -19.6358 27.559 12.0657
    endloop
  endfacet
  facet normal -0.33398 0.625093 -0.70549
    outer loop
      vertex -18.0326 28.4546 0.272388
      vertex -18.2567 28.5226 0.438728
      vertex -18.0963 28.6083 0.438728
    endloop
  endfacet
  facet normal -0.228158 0.307669 -0.923734
    outer loop
      vertex -18.675 27.8078 0.141695
      vertex -18.2547 27.8492 0.051672
      vertex -18.5542 27.6271 0.051672
    endloop
  endfacet
  facet normal -0.228161 0.307775 -0.923697
    outer loop
      vertex -18.2547 27.8492 0.051672
      vertex -18.675 27.8078 0.141695
      vertex -18.3754 28.0299 0.141695
    endloop
  endfacet
  facet normal -0.435784 0.815423 0.381022
    outer loop
      vertex -18.1807 28.8122 11.8483
      vertex -18.3293 28.6312 12.0657
      vertex -18.1463 28.729 12.0657
    endloop
  endfacet
  facet normal -0.238304 0.951376 0.19518
    outer loop
      vertex -16.9243 29.2983 11.6176
      vertex -17.2771 29.1626 11.8483
      vertex -16.9154 29.2532 11.8483
    endloop
  endfacet
  facet normal -0.238504 0.951387 0.194881
    outer loop
      vertex -17.2771 29.1626 11.8483
      vertex -16.9243 29.2983 11.6176
      vertex -17.2861 29.2076 11.6176
    endloop
  endfacet
  facet normal -0.0490683 0.998795 0
    outer loop
      vertex -15.95 29.3942 1.08238
      vertex -16.3225 29.3759 11.6176
      vertex -15.95 29.3942 11.6176
    endloop
  endfacet
  facet normal -0.0490683 0.998795 0
    outer loop
      vertex -16.3225 29.3759 11.6176
      vertex -15.95 29.3942 1.08238
      vertex -16.3225 29.3759 1.08238
    endloop
  endfacet
  facet normal 0 0.98078 -0.195118
    outer loop
      vertex 15.95 29.3483 0.851659
      vertex -15.95 29.3942 1.08238
      vertex 15.95 29.3942 1.08238
    endloop
  endfacet
  facet normal 0 0.98078 -0.195118
    outer loop
      vertex -15.95 29.3942 1.08238
      vertex 15.95 29.3483 0.851659
      vertex -15.95 29.3483 0.851659
    endloop
  endfacet
  facet normal -0.787908 0.584094 0.195026
    outer loop
      vertex -20.1025 27.1746 11.6176
      vertex -19.8422 27.4487 11.8483
      vertex -19.8804 27.4742 11.6176
    endloop
  endfacet
  facet normal -0.787835 0.584302 0.194695
    outer loop
      vertex -19.8422 27.4487 11.8483
      vertex -20.1025 27.1746 11.6176
      vertex -20.0644 27.1491 11.8483
    endloop
  endfacet
  facet normal -0.131213 -0.144785 0.980724
    outer loop
      vertex -18.7202 -33.1702 12.6942
      vertex -18.607 -33.5837 12.6483
      vertex -18.4439 -33.4206 12.6942
    endloop
  endfacet
  facet normal -0.131213 -0.144785 0.980724
    outer loop
      vertex -18.607 -33.5837 12.6483
      vertex -18.7202 -33.1702 12.6942
      vertex -18.8833 -33.3333 12.6483
    endloop
  endfacet
  facet normal -0.19479 0 0.980845
    outer loop
      vertex -19.8676 24.4 12.6942
      vertex -20.0383 10.7718 12.6603
      vertex -19.8676 10.4021 12.6942
    endloop
  endfacet
  facet normal -0.195135 0 0.980776
    outer loop
      vertex -20.0983 10.9018 12.6483
      vertex -19.8676 24.4 12.6942
      vertex -20.0983 24.4 12.6483
    endloop
  endfacet
  facet normal -0.196081 1.68124e-05 0.980588
    outer loop
      vertex -19.8676 24.4 12.6942
      vertex -20.0983 10.9018 12.6483
      vertex -20.0383 10.7718 12.6603
    endloop
  endfacet
  facet normal -0.19479 0 0.980845
    outer loop
      vertex -20.0383 5.18818 12.6603
      vertex -19.8676 -30.4 12.6942
      vertex -19.8676 5.55789 12.6942
    endloop
  endfacet
  facet normal -0.196102 -6.54484e-06 0.980583
    outer loop
      vertex -20.0983 5.05816 12.6483
      vertex -19.8676 -30.4 12.6942
      vertex -20.0383 5.18818 12.6603
    endloop
  endfacet
  facet normal -0.195135 0 0.980776
    outer loop
      vertex -19.8676 -30.4 12.6942
      vertex -20.0983 5.05816 12.6483
      vertex -20.0983 -30.4 12.6483
    endloop
  endfacet
  facet normal 0 0.831461 0.555583
    outer loop
      vertex 15.95 29.2583 12.0657
      vertex -15.95 29.1276 12.2613
      vertex 15.95 29.1276 12.2613
    endloop
  endfacet
  facet normal 0 0.831461 0.555583
    outer loop
      vertex -15.95 29.1276 12.2613
      vertex 15.95 29.2583 12.0657
      vertex -15.95 29.2583 12.0657
    endloop
  endfacet
  facet normal -0.09037 0.920131 0.38104
    outer loop
      vertex -16.3225 29.33 11.8483
      vertex -16.5465 29.308 11.8483
      vertex -16.5289 29.2197 12.0657
    endloop
  endfacet
  facet normal -0.268201 0.884797 0.381054
    outer loop
      vertex -17.2595 29.0743 12.0657
      vertex -17.4925 29.0973 11.8483
      vertex -17.4581 29.0141 12.0657
    endloop
  endfacet
  facet normal -0.395222 0.835294 0.382208
    outer loop
      vertex -17.8436 28.9717 11.8483
      vertex -18.1463 28.729 12.0657
      vertex -17.8092 28.8885 12.0657
    endloop
  endfacet
  facet normal -0.395222 0.835294 0.382208
    outer loop
      vertex -18.1463 28.729 12.0657
      vertex -17.8436 28.9717 11.8483
      vertex -18.1807 28.8122 11.8483
    endloop
  endfacet
  facet normal 0.998795 0.0490683 0
    outer loop
      vertex 20.9442 24.4 11.6176
      vertex 20.9259 24.7725 1.08238
      vertex 20.9259 24.7725 11.6176
    endloop
  endfacet
  facet normal 0.998795 0.0490683 0
    outer loop
      vertex 20.9259 24.7725 1.08238
      vertex 20.9442 24.4 11.6176
      vertex 20.9442 24.4 1.08238
    endloop
  endfacet
  facet normal 0.938807 -0.284449 0.194242
    outer loop
      vertex 20.7576 -31.736 11.6176
      vertex 20.6473 -31.9425 11.8483
      vertex 20.6897 -31.9601 11.6176
    endloop
  endfacet
  facet normal -0.172747 0.092756 -0.980589
    outer loop
      vertex -19.41 26.2363 0.00577831
      vertex -19.6231 26.3246 0.051672
      vertex -19.3991 26.2566 0.00577831
    endloop
  endfacet
  facet normal 0.726691 0.658835 -0.194568
    outer loop
      vertex 19.7319 27.6551 1.08238
      vertex 19.449 27.899 0.851659
      vertex 19.4814 27.9314 1.08238
    endloop
  endfacet
  facet normal 0.726777 0.65865 -0.19487
    outer loop
      vertex 19.449 27.899 0.851659
      vertex 19.7319 27.6551 1.08238
      vertex 19.6994 27.6227 0.851659
    endloop
  endfacet
  facet normal 0.923507 0.330369 -0.194916
    outer loop
      vertex 20.6897 25.9601 1.08238
      vertex 20.5217 26.2936 0.851659
      vertex 20.5641 26.3112 1.08238
    endloop
  endfacet
  facet normal 0.923507 0.330369 -0.194916
    outer loop
      vertex 20.5217 26.2936 0.851659
      vertex 20.6897 25.9601 1.08238
      vertex 20.6473 25.9425 0.851659
    endloop
  endfacet
  facet normal 0.88474 0.268215 -0.381177
    outer loop
      vertex 20.7126 25.7271 0.851659
      vertex 20.6243 25.7095 0.634324
      vertex 20.6473 25.9425 0.851659
    endloop
  endfacet
  facet normal 0.796863 0.241807 0.55366
    outer loop
      vertex 20.5641 25.9081 12.0657
      vertex 20.4434 25.858 12.2613
      vertex 20.4962 25.684 12.2613
    endloop
  endfacet
  facet normal 0.884797 0.268201 0.381054
    outer loop
      vertex 20.6473 25.9425 11.8483
      vertex 20.5641 25.9081 12.0657
      vertex 20.6243 25.7095 12.0657
    endloop
  endfacet
  facet normal 0.86525 0.462165 0.194281
    outer loop
      vertex 20.4046 26.6483 11.6176
      vertex 20.2943 26.8548 11.6176
      vertex 20.3622 26.6307 11.8483
    endloop
  endfacet
  facet normal 0.427717 0.713531 0.554917
    outer loop
      vertex 18.3293 28.6312 12.0657
      vertex 18.5765 28.3309 12.2613
      vertex 18.6491 28.4395 12.0657
    endloop
  endfacet
  facet normal 0.427717 0.713531 0.554917
    outer loop
      vertex 18.5765 28.3309 12.2613
      vertex 18.3293 28.6312 12.0657
      vertex 18.2567 28.5226 12.2613
    endloop
  endfacet
  facet normal 0.163792 0.346171 0.923763
    outer loop
      vertex 17.5375 28.2326 12.6483
      vertex 17.9578 28.2739 12.5583
      vertex 17.6207 28.4334 12.5583
    endloop
  endfacet
  facet normal 0.163792 0.346171 0.923763
    outer loop
      vertex 17.9578 28.2739 12.5583
      vertex 17.5375 28.2326 12.6483
      vertex 17.8746 28.0731 12.6483
    endloop
  endfacet
  facet normal 0.172865 0.0924629 0.980596
    outer loop
      vertex 19.5909 26.3848 12.6483
      vertex 19.3991 26.2566 12.6942
      vertex 19.6231 26.3246 12.6483
    endloop
  endfacet
  facet normal 0.268215 -0.88474 -0.381177
    outer loop
      vertex 17.2771 -35.1626 0.851659
      vertex 17.2595 -35.0743 0.634324
      vertex 17.4925 -35.0973 0.851659
    endloop
  endfacet
  facet normal 0.336829 -0.941566 0
    outer loop
      vertex 17.5101 -35.1397 1.08238
      vertex 17.8612 -35.0141 11.6176
      vertex 17.5101 -35.1397 11.6176
    endloop
  endfacet
  facet normal 0.336829 -0.941566 0
    outer loop
      vertex 17.8612 -35.0141 11.6176
      vertex 17.5101 -35.1397 1.08238
      vertex 17.8612 -35.0141 1.08238
    endloop
  endfacet
  facet normal 0.0474624 -0.189483 0.980736
    outer loop
      vertex 16.7143 -34.2423 12.6942
      vertex 17.121 -34.378 12.6483
      vertex 17.076 -34.1517 12.6942
    endloop
  endfacet
  facet normal 0.0474624 -0.189483 0.980736
    outer loop
      vertex 17.121 -34.378 12.6483
      vertex 16.7143 -34.2423 12.6942
      vertex 16.7593 -34.4686 12.6483
    endloop
  endfacet
  facet normal 0.176548 -0.0835341 0.980741
    outer loop
      vertex 19.5694 -31.8992 12.6942
      vertex 19.6231 -32.3246 12.6483
      vertex 19.7826 -31.9875 12.6483
    endloop
  endfacet
  facet normal 0.176632 -0.0835219 0.980727
    outer loop
      vertex 19.6231 -32.3246 12.6483
      vertex 19.5694 -31.8992 12.6942
      vertex 19.41 -32.2363 12.6942
    endloop
  endfacet
  facet normal -0.09037 -0.920131 0.38104
    outer loop
      vertex -16.5289 -35.2197 12.0657
      vertex -16.5465 -35.308 11.8483
      vertex -16.3225 -35.33 11.8483
    endloop
  endfacet
  facet normal -0.0548209 -0.554747 0.830211
    outer loop
      vertex -16.3225 -34.7474 12.5583
      vertex -16.4328 -34.7365 12.5583
      vertex -16.3225 -34.943 12.4276
    endloop
  endfacet
  facet normal -0.285865 -0.47689 0.831178
    outer loop
      vertex -18.3754 -34.0299 12.5583
      vertex -18.1642 -34.3843 12.4276
      vertex -18.0556 -34.2216 12.5583
    endloop
  endfacet
  facet normal -0.285943 -0.47692 0.831134
    outer loop
      vertex -18.1642 -34.3843 12.4276
      vertex -18.3754 -34.0299 12.5583
      vertex -18.4841 -34.1925 12.4276
    endloop
  endfacet
  facet normal -0.920163 0.0905005 0.380932
    outer loop
      vertex -20.7697 24.9789 12.0657
      vertex -20.88 24.7725 11.8483
      vertex -20.79 24.7725 12.0657
    endloop
  endfacet
  facet normal -0.131213 0.144785 0.980724
    outer loop
      vertex -18.607 27.5837 12.6483
      vertex -18.7202 27.1702 12.6942
      vertex -18.4439 27.4206 12.6942
    endloop
  endfacet
  facet normal -0.131213 0.144785 0.980724
    outer loop
      vertex -18.7202 27.1702 12.6942
      vertex -18.607 27.5837 12.6483
      vertex -18.8833 27.3333 12.6483
    endloop
  endfacet
  facet normal -0.0561667 0.378792 0.923776
    outer loop
      vertex -16.4328 28.7365 12.5583
      vertex -16.7593 28.4686 12.6483
      vertex -16.3904 28.5233 12.6483
    endloop
  endfacet
  facet normal -0.0561667 0.378792 0.923776
    outer loop
      vertex -16.7593 28.4686 12.6483
      vertex -16.4328 28.7365 12.5583
      vertex -16.8017 28.6818 12.5583
    endloop
  endfacet
  facet normal -0.884797 0.268201 0.381054
    outer loop
      vertex -20.5641 25.9081 12.0657
      vertex -20.6473 25.9425 11.8483
      vertex -20.6243 25.7095 12.0657
    endloop
  endfacet
  facet normal -0.920131 0.09037 0.38104
    outer loop
      vertex -20.858 24.9965 11.8483
      vertex -20.88 24.7725 11.8483
      vertex -20.7697 24.9789 12.0657
    endloop
  endfacet
  facet normal -0.713526 0.427714 -0.554924
    outer loop
      vertex -19.8809 27.0265 0.438728
      vertex -20.1812 26.7793 0.634324
      vertex -19.9895 27.0991 0.634324
    endloop
  endfacet
  facet normal -0.713526 0.427714 -0.554924
    outer loop
      vertex -20.1812 26.7793 0.634324
      vertex -19.8809 27.0265 0.438728
      vertex -20.0726 26.7067 0.438728
    endloop
  endfacet
  facet normal -0.606749 0.363784 -0.706765
    outer loop
      vertex -20.0726 26.7067 0.438728
      vertex -19.7425 26.9341 0.272388
      vertex -19.9343 26.6142 0.272388
    endloop
  endfacet
  facet normal -0.606721 0.363691 -0.706837
    outer loop
      vertex -19.7425 26.9341 0.272388
      vertex -20.0726 26.7067 0.438728
      vertex -19.8809 27.0265 0.438728
    endloop
  endfacet
  facet normal -0.151804 0.123817 -0.980625
    outer loop
      vertex -18.9852 26.876 0.00577831
      vertex -19.1771 27.0042 0.051672
      vertex -18.9706 26.8939 0.00577831
    endloop
  endfacet
  facet normal -0.373404 0.412026 -0.831146
    outer loop
      vertex -19.037 27.487 0.141695
      vertex -18.899 27.8757 0.272388
      vertex -18.7607 27.7374 0.141695
    endloop
  endfacet
  facet normal -0.373404 0.412026 -0.831146
    outer loop
      vertex -18.899 27.8757 0.272388
      vertex -19.037 27.487 0.141695
      vertex -19.1753 27.6253 0.272388
    endloop
  endfacet
  facet normal -0.297191 0.243719 -0.923189
    outer loop
      vertex -19.1771 27.0042 0.051672
      vertex -19.2874 27.2107 0.141695
      vertex -19.1338 27.057 0.051672
    endloop
  endfacet
  facet normal -0.346247 0.163828 -0.923728
    outer loop
      vertex -19.7826 25.9875 0.051672
      vertex -19.8239 26.4078 0.141695
      vertex -19.6231 26.3246 0.051672
    endloop
  endfacet
  facet normal -0.346247 0.163828 -0.923728
    outer loop
      vertex -19.8239 26.4078 0.141695
      vertex -19.7826 25.9875 0.051672
      vertex -19.9834 26.0707 0.141695
    endloop
  endfacet
  facet normal -0.28385 0.257345 -0.92369
    outer loop
      vertex -19.2874 27.2107 0.141695
      vertex -18.8833 27.3333 0.051672
      vertex -19.1338 27.057 0.051672
    endloop
  endfacet
  facet normal -0.283821 0.257216 -0.923735
    outer loop
      vertex -18.8833 27.3333 0.051672
      vertex -19.2874 27.2107 0.141695
      vertex -19.037 27.487 0.141695
    endloop
  endfacet
  facet normal 0.284594 -0.938768 0.194217
    outer loop
      vertex 17.4925 -35.0973 11.8483
      vertex 17.2771 -35.1626 11.8483
      vertex 17.2861 -35.2076 11.6176
    endloop
  endfacet
  facet normal -0.123817 0.151804 -0.980625
    outer loop
      vertex -18.4439 27.4206 0.00577831
      vertex -18.5542 27.6271 0.051672
      vertex -18.426 27.4352 0.00577831
    endloop
  endfacet
  facet normal -0.338816 0.181227 -0.923234
    outer loop
      vertex -19.6231 26.3246 0.051672
      vertex -19.8239 26.4078 0.141695
      vertex -19.5909 26.3848 0.051672
    endloop
  endfacet
  facet normal -0.0959923 -0.976271 -0.194115
    outer loop
      vertex -16.3225 -35.3759 1.08238
      vertex -16.5554 -35.353 1.08238
      vertex -16.5465 -35.308 0.851659
    endloop
  endfacet
  facet normal -0.143854 -0.970158 -0.19519
    outer loop
      vertex -16.9154 -35.2532 0.851659
      vertex -16.5554 -35.353 1.08238
      vertex -16.9243 -35.2983 1.08238
    endloop
  endfacet
  facet normal -0.144123 -0.970199 -0.194788
    outer loop
      vertex -16.5554 -35.353 1.08238
      vertex -16.9154 -35.2532 0.851659
      vertex -16.5465 -35.308 0.851659
    endloop
  endfacet
  facet normal 0 -0.98078 -0.195118
    outer loop
      vertex -15.95 -35.3483 0.851659
      vertex 15.95 -35.3942 1.08238
      vertex -15.95 -35.3942 1.08238
    endloop
  endfacet
  facet normal 0 -0.98078 -0.195118
    outer loop
      vertex 15.95 -35.3942 1.08238
      vertex -15.95 -35.3483 0.851659
      vertex 15.95 -35.3483 0.851659
    endloop
  endfacet
  facet normal -0.202353 -0.806957 0.554863
    outer loop
      vertex -16.8978 -35.165 12.0657
      vertex -17.234 -34.9462 12.2613
      vertex -17.2595 -35.0743 12.0657
    endloop
  endfacet
  facet normal -0.202096 -0.806822 0.555154
    outer loop
      vertex -17.234 -34.9462 12.2613
      vertex -16.8978 -35.165 12.0657
      vertex -16.8723 -35.0368 12.2613
    endloop
  endfacet
  facet normal -0.684619 -0.620691 0.382152
    outer loop
      vertex -19.6994 -33.6227 11.8483
      vertex -19.3853 -33.8353 12.0657
      vertex -19.6358 -33.559 12.0657
    endloop
  endfacet
  facet normal -0.68466 -0.620481 0.382417
    outer loop
      vertex -19.3853 -33.8353 12.0657
      vertex -19.6994 -33.6227 11.8483
      vertex -19.449 -33.899 11.8483
    endloop
  endfacet
  facet normal -0.976261 -0.0958828 -0.194219
    outer loop
      vertex -20.858 -30.9965 0.851659
      vertex -20.9259 -30.7725 1.08238
      vertex -20.88 -30.7725 0.851659
    endloop
  endfacet
  facet normal -0.980776 0 0.195135
    outer loop
      vertex -20.8983 -30.4 11.8483
      vertex -20.9442 2.7115 11.6176
      vertex -20.9442 -30.4 11.6176
    endloop
  endfacet
  facet normal -0.980776 0 0.195135
    outer loop
      vertex -20.9442 2.7115 11.6176
      vertex -20.8983 -30.4 11.8483
      vertex -20.8983 2.96142 11.8483
    endloop
  endfacet
  facet normal -0.980776 0 0.195135
    outer loop
      vertex -20.9442 13.2485 11.6176
      vertex -20.8983 24.4 11.8483
      vertex -20.9442 24.4 11.6176
    endloop
  endfacet
  facet normal -0.980776 0 0.195135
    outer loop
      vertex -20.8983 24.4 11.8483
      vertex -20.9442 13.2485 11.6176
      vertex -20.8983 12.9986 11.8483
    endloop
  endfacet
  facet normal -0.830768 0.0408136 0.55512
    outer loop
      vertex -20.8083 24.4 12.0657
      vertex -20.6593 24.7725 12.2613
      vertex -20.79 24.7725 12.0657
    endloop
  endfacet
  facet normal -0.830768 0.0408136 0.55512
    outer loop
      vertex -20.6593 24.7725 12.2613
      vertex -20.8083 24.4 12.0657
      vertex -20.6776 24.4 12.2613
    endloop
  endfacet
  facet normal -0.55576 0 0.831343
    outer loop
      vertex -20.4967 4.12007 12.4373
      vertex -20.3157 -30.4 12.5583
      vertex -20.3157 4.55519 12.5583
    endloop
  endfacet
  facet normal -0.553413 1.77903e-05 0.832907
    outer loop
      vertex -20.5113 4.08513 12.4276
      vertex -20.3157 -30.4 12.5583
      vertex -20.4967 4.12007 12.4373
    endloop
  endfacet
  facet normal -0.555583 0 0.831461
    outer loop
      vertex -20.3157 -30.4 12.5583
      vertex -20.5113 4.08513 12.4276
      vertex -20.5113 -30.4 12.4276
    endloop
  endfacet
  facet normal -0.55576 0 0.831343
    outer loop
      vertex -20.3157 24.4 12.5583
      vertex -20.4967 11.8399 12.4373
      vertex -20.3157 11.4048 12.5583
    endloop
  endfacet
  facet normal -0.555583 0 0.831461
    outer loop
      vertex -20.5113 11.8749 12.4276
      vertex -20.3157 24.4 12.5583
      vertex -20.5113 24.4 12.4276
    endloop
  endfacet
  facet normal -0.553463 -4.78531e-05 0.832874
    outer loop
      vertex -20.3157 24.4 12.5583
      vertex -20.5113 11.8749 12.4276
      vertex -20.4967 11.8399 12.4373
    endloop
  endfacet
  facet normal -0.547949 -0.44935 0.705575
    outer loop
      vertex -19.4257 -33.349 12.4276
      vertex -19.6587 -33.326 12.2613
      vertex -19.5434 -33.4666 12.2613
    endloop
  endfacet
  facet normal -0.554747 0.0548209 0.830211
    outer loop
      vertex -20.2865 24.8828 12.5583
      vertex -20.493 24.7725 12.4276
      vertex -20.2974 24.7725 12.5583
    endloop
  endfacet
  facet normal -0.187575 0.0567887 -0.980607
    outer loop
      vertex -19.7017 25.526 0.00577831
      vertex -19.928 25.571 0.051672
      vertex -19.9082 25.6364 0.051672
    endloop
  endfacet
  facet normal -0.367648 0.111577 -0.923247
    outer loop
      vertex -19.928 25.571 0.051672
      vertex -20.1412 25.6134 0.141695
      vertex -20.109 25.7195 0.141695
    endloop
  endfacet
  facet normal 0.0904966 0.920123 -0.38103
    outer loop
      vertex 16.5289 29.2197 0.634324
      vertex 16.3225 29.24 0.634324
      vertex 16.3225 29.33 0.851659
    endloop
  endfacet
  facet normal 0.202305 0.806768 -0.555156
    outer loop
      vertex 17.234 28.9461 0.438728
      vertex 16.8978 29.165 0.634324
      vertex 17.2595 29.0743 0.634324
    endloop
  endfacet
  facet normal 0.202305 0.806768 -0.555156
    outer loop
      vertex 16.8978 29.165 0.634324
      vertex 17.234 28.9461 0.438728
      vertex 16.8723 29.0368 0.438728
    endloop
  endfacet
  facet normal 0.111577 0.367648 -0.923247
    outer loop
      vertex 17.2695 28.559 0.141695
      vertex 17.121 28.378 0.051672
      vertex 17.1634 28.5912 0.141695
    endloop
  endfacet
  facet normal 0.24128 0.797095 -0.553556
    outer loop
      vertex 17.4081 28.8934 0.438728
      vertex 17.234 28.9461 0.438728
      vertex 17.4581 29.0141 0.634324
    endloop
  endfacet
  facet normal 0.699781 0.103763 -0.706782
    outer loop
      vertex 20.4236 25.2899 0.272388
      vertex 20.6415 24.9534 0.438728
      vertex 20.4783 24.921 0.272388
    endloop
  endfacet
  facet normal 0.699781 0.103763 -0.706782
    outer loop
      vertex 20.6415 24.9534 0.438728
      vertex 20.4236 25.2899 0.272388
      vertex 20.5868 25.3223 0.438728
    endloop
  endfacet
  facet normal -0.131196 0.144766 -0.98073
    outer loop
      vertex -18.7202 27.1702 0.00577831
      vertex -18.607 27.5837 0.051672
      vertex -18.4439 27.4206 0.00577831
    endloop
  endfacet
  facet normal -0.131196 0.144766 -0.98073
    outer loop
      vertex -18.607 27.5837 0.051672
      vertex -18.7202 27.1702 0.00577831
      vertex -18.8833 27.3333 0.051672
    endloop
  endfacet
  facet normal 0.151804 0.123817 -0.980625
    outer loop
      vertex 18.9852 26.876 0.00577831
      vertex 18.9706 26.8939 0.00577831
      vertex 19.1771 27.0042 0.051672
    endloop
  endfacet
  facet normal 0.514338 0.857588 -0
    outer loop
      vertex 18.7246 28.5525 1.08238
      vertex 18.4048 28.7443 11.6176
      vertex 18.7246 28.5525 11.6176
    endloop
  endfacet
  facet normal 0.514338 0.857588 0
    outer loop
      vertex 18.4048 28.7443 11.6176
      vertex 18.7246 28.5525 1.08238
      vertex 18.4048 28.7443 1.08238
    endloop
  endfacet
  facet normal 0.634493 0.772928 -0
    outer loop
      vertex 19.2051 28.1819 1.08238
      vertex 19.0242 28.3304 11.6176
      vertex 19.2051 28.1819 11.6176
    endloop
  endfacet
  facet normal 0.634493 0.772928 0
    outer loop
      vertex 19.0242 28.3304 11.6176
      vertex 19.2051 28.1819 1.08238
      vertex 19.0242 28.3304 1.08238
    endloop
  endfacet
  facet normal 0 0.382585 -0.92392
    outer loop
      vertex -15.95 28.5483 0.051672
      vertex 15.95 28.7657 0.141695
      vertex 15.95 28.5483 0.051672
    endloop
  endfacet
  facet normal 0 0.382585 -0.92392
    outer loop
      vertex 15.95 28.7657 0.141695
      vertex -15.95 28.5483 0.051672
      vertex -15.95 28.7657 0.141695
    endloop
  endfacet
  facet normal 0.0815039 0.82869 -0.553742
    outer loop
      vertex 16.5289 29.2197 0.634324
      vertex 16.3225 29.1093 0.438728
      vertex 16.3225 29.24 0.634324
    endloop
  endfacet
  facet normal 0.0187922 0.382518 -0.923757
    outer loop
      vertex 15.95 28.5483 0.051672
      vertex 16.3225 28.7474 0.141695
      vertex 16.3225 28.53 0.051672
    endloop
  endfacet
  facet normal 0.0187922 0.382518 -0.923757
    outer loop
      vertex 16.3225 28.7474 0.141695
      vertex 15.95 28.5483 0.051672
      vertex 15.95 28.7657 0.141695
    endloop
  endfacet
  facet normal -0.0815653 0.550081 -0.831118
    outer loop
      vertex -16.8017 28.6818 0.141695
      vertex -16.471 28.9283 0.272388
      vertex -16.4328 28.7365 0.141695
    endloop
  endfacet
  facet normal -0.0815911 0.550106 -0.8311
    outer loop
      vertex -16.471 28.9283 0.272388
      vertex -16.8017 28.6818 0.141695
      vertex -16.8398 28.8736 0.272388
    endloop
  endfacet
  facet normal 0.17277 -0.0927683 0.980584
    outer loop
      vertex 19.41 -32.2363 12.6942
      vertex 19.3991 -32.2566 12.6942
      vertex 19.6231 -32.3246 12.6483
    endloop
  endfacet
  facet normal 0.63965 -0.302463 0.706657
    outer loop
      vertex 20.1641 -32.1455 12.4276
      vertex 20.1583 -32.5463 12.2613
      vertex 20.3177 -32.2092 12.2613
    endloop
  endfacet
  facet normal 0.639406 -0.302537 0.706845
    outer loop
      vertex 20.1583 -32.5463 12.2613
      vertex 20.1641 -32.1455 12.4276
      vertex 20.0046 -32.4826 12.4276
    endloop
  endfacet
  facet normal 0.103745 -0.699666 0.706898
    outer loop
      vertex 16.8398 -34.8736 12.4276
      vertex 16.5034 -35.0915 12.2613
      vertex 16.8723 -35.0368 12.2613
    endloop
  endfacet
  facet normal 0.103777 -0.699692 0.706868
    outer loop
      vertex 16.5034 -35.0915 12.2613
      vertex 16.8398 -34.8736 12.4276
      vertex 16.471 -34.9283 12.4276
    endloop
  endfacet
  facet normal 0.622413 -0.758212 -0.194209
    outer loop
      vertex 19.2051 -34.1819 1.08238
      vertex 19.0242 -34.3304 1.08238
      vertex 19.1727 -34.1494 0.851659
    endloop
  endfacet
  facet normal 0.841235 -0.504268 0.195033
    outer loop
      vertex 20.0644 -33.1491 11.8483
      vertex 20.2943 -32.8548 11.6176
      vertex 20.2561 -32.8293 11.8483
    endloop
  endfacet
  facet normal 0.841179 -0.504497 0.194684
    outer loop
      vertex 20.2943 -32.8548 11.6176
      vertex 20.0644 -33.1491 11.8483
      vertex 20.1025 -33.1746 11.6176
    endloop
  endfacet
  facet normal 0.0693993 -0.7053 -0.705504
    outer loop
      vertex 16.5034 -35.0915 0.438728
      vertex 16.3225 -35.1093 0.438728
      vertex 16.471 -34.9283 0.272388
    endloop
  endfacet
  facet normal 0.678258 -0.205816 -0.705412
    outer loop
      vertex 20.4434 -31.858 0.438728
      vertex 20.2897 -31.7944 0.272388
      vertex 20.4962 -31.684 0.438728
    endloop
  endfacet
  facet normal 0.815388 -0.435765 -0.381119
    outer loop
      vertex 20.3622 -32.6307 0.851659
      vertex 20.1812 -32.7793 0.634324
      vertex 20.279 -32.5963 0.634324
    endloop
  endfacet
  facet normal 0.1951 -0.00958479 -0.980736
    outer loop
      vertex 20.08 -30.7725 0.051672
      vertex 19.8676 -30.4 0.00577831
      vertex 20.0983 -30.4 0.051672
    endloop
  endfacet
  facet normal 0.1951 -0.00958479 -0.980736
    outer loop
      vertex 19.8676 -30.4 0.00577831
      vertex 20.08 -30.7725 0.051672
      vertex 19.8493 -30.7725 0.00577831
    endloop
  endfacet
  facet normal 0.257216 -0.283821 -0.923735
    outer loop
      vertex 18.7607 -33.7374 0.141695
      vertex 18.8833 -33.3333 0.051672
      vertex 19.037 -33.487 0.141695
    endloop
  endfacet
  facet normal 0.257216 -0.283821 -0.923735
    outer loop
      vertex 18.8833 -33.3333 0.051672
      vertex 18.7607 -33.7374 0.141695
      vertex 18.607 -33.5837 0.051672
    endloop
  endfacet
  facet normal -0.353696 -0.431009 -0.830139
    outer loop
      vertex -18.7836 -33.9704 0.272388
      vertex -18.899 -33.8757 0.272388
      vertex -18.675 -33.8078 0.141695
    endloop
  endfacet
  facet normal 0.584304 -0.787838 -0.194678
    outer loop
      vertex 18.9987 -34.2922 0.851659
      vertex 18.7246 -34.5525 1.08238
      vertex 18.6991 -34.5144 0.851659
    endloop
  endfacet
  facet normal 0.584096 -0.787911 -0.195009
    outer loop
      vertex 18.7246 -34.5525 1.08238
      vertex 18.9987 -34.2922 0.851659
      vertex 19.0242 -34.3304 1.08238
    endloop
  endfacet
  facet normal 0.625018 -0.33394 0.705576
    outer loop
      vertex 20.1583 -32.5463 12.2613
      vertex 20.0046 -32.4826 12.4276
      vertex 20.0726 -32.7067 12.2613
    endloop
  endfacet
  facet normal 0.584302 -0.787835 0.194695
    outer loop
      vertex 18.7246 -34.5525 11.6176
      vertex 18.9987 -34.2922 11.8483
      vertex 18.6991 -34.5144 11.8483
    endloop
  endfacet
  facet normal 0.584094 -0.787908 0.195026
    outer loop
      vertex 18.9987 -34.2922 11.8483
      vertex 18.7246 -34.5525 11.6176
      vertex 19.0242 -34.3304 11.6176
    endloop
  endfacet
  facet normal 0.87007 -0.311253 0.38223
    outer loop
      vertex 20.4385 -32.2592 12.0657
      vertex 20.6473 -31.9425 11.8483
      vertex 20.5641 -31.9081 12.0657
    endloop
  endfacet
  facet normal 0.87007 -0.311253 0.38223
    outer loop
      vertex 20.6473 -31.9425 11.8483
      vertex 20.4385 -32.2592 12.0657
      vertex 20.5217 -32.2936 11.8483
    endloop
  endfacet
  facet normal 0.923503 -0.330367 0.194933
    outer loop
      vertex 20.5217 -32.2936 11.8483
      vertex 20.6897 -31.9601 11.6176
      vertex 20.6473 -31.9425 11.8483
    endloop
  endfacet
  facet normal 0.923503 -0.330367 0.194933
    outer loop
      vertex 20.6897 -31.9601 11.6176
      vertex 20.5217 -32.2936 11.8483
      vertex 20.5641 -32.3112 11.6176
    endloop
  endfacet
  facet normal 0.970483 -0.241168 0
    outer loop
      vertex 20.8482 -31.3743 11.6176
      vertex 20.8399 -31.4077 8.80196
      vertex 20.8482 -31.3743 8.80525
    endloop
  endfacet
  facet normal 0.970032 -0.242977 2.27931e-05
    outer loop
      vertex 20.7576 -31.736 11.6176
      vertex 20.8399 -31.4077 8.80196
      vertex 20.8482 -31.3743 11.6176
    endloop
  endfacet
  facet normal 0.969986 -0.243161 0
    outer loop
      vertex 20.8399 -31.4077 8.80196
      vertex 20.7576 -31.736 11.6176
      vertex 20.7576 -31.736 8.70237
    endloop
  endfacet
  facet normal 0.970483 -0.241168 0
    outer loop
      vertex 20.8399 -31.4077 3.89804
      vertex 20.8482 -31.3743 1.08238
      vertex 20.8482 -31.3743 3.89475
    endloop
  endfacet
  facet normal 0.969986 -0.243161 0
    outer loop
      vertex 20.7576 -31.736 1.08238
      vertex 20.8399 -31.4077 3.89804
      vertex 20.7576 -31.736 3.99763
    endloop
  endfacet
  facet normal 0.970032 -0.242977 -2.27929e-05
    outer loop
      vertex 20.8399 -31.4077 3.89804
      vertex 20.7576 -31.736 1.08238
      vertex 20.8482 -31.3743 1.08238
    endloop
  endfacet
  facet normal 0.914033 -0.135779 0.382239
    outer loop
      vertex 20.7149 -31.3478 12.0657
      vertex 20.858 -30.9965 11.8483
      vertex 20.7697 -30.9789 12.0657
    endloop
  endfacet
  facet normal 0.914033 -0.135779 0.382239
    outer loop
      vertex 20.858 -30.9965 11.8483
      vertex 20.7149 -31.3478 12.0657
      vertex 20.8032 -31.3654 11.8483
    endloop
  endfacet
  facet normal 0.625065 -0.333906 0.705549
    outer loop
      vertex 20.0046 -32.4826 12.4276
      vertex 19.9343 -32.6142 12.4276
      vertex 20.0726 -32.7067 12.2613
    endloop
  endfacet
  facet normal 0.475211 -0.524155 0.706708
    outer loop
      vertex 19.1753 -33.6253 12.4276
      vertex 19.0166 -33.9934 12.2613
      vertex 19.2929 -33.7429 12.2613
    endloop
  endfacet
  facet normal 0.475004 -0.524135 0.706862
    outer loop
      vertex 19.0166 -33.9934 12.2613
      vertex 19.1753 -33.6253 12.4276
      vertex 18.899 -33.8757 12.4276
    endloop
  endfacet
  facet normal 0.296836 -0.243842 0.923271
    outer loop
      vertex 19.3578 -33.125 12.5583
      vertex 19.1771 -33.0042 12.6483
      vertex 19.2874 -33.2107 12.5583
    endloop
  endfacet
  facet normal 0.367731 -0.111331 0.923244
    outer loop
      vertex 19.928 -31.571 12.6483
      vertex 19.9082 -31.6364 12.6483
      vertex 20.109 -31.7195 12.5583
    endloop
  endfacet
  facet normal 0.705381 -0.0698256 0.705381
    outer loop
      vertex 20.493 -30.7725 12.4276
      vertex 20.4783 -30.921 12.4276
      vertex 20.6593 -30.7725 12.2613
    endloop
  endfacet
  facet normal 0.699696 -0.10375 0.706867
    outer loop
      vertex 20.4236 -31.2899 12.4276
      vertex 20.6415 -30.9534 12.2613
      vertex 20.4783 -30.921 12.4276
    endloop
  endfacet
  facet normal 0.699696 -0.10375 0.706867
    outer loop
      vertex 20.6415 -30.9534 12.2613
      vertex 20.4236 -31.2899 12.4276
      vertex 20.5868 -31.3223 12.2613
    endloop
  endfacet
  facet normal 0.38223 -0.0377163 0.923297
    outer loop
      vertex 20.08 -30.7725 12.6483
      vertex 20.0733 -30.8404 12.6483
      vertex 20.2974 -30.7725 12.5583
    endloop
  endfacet
  facet normal -0.0187571 0.195245 0.980575
    outer loop
      vertex -16.3225 28.2993 12.6942
      vertex -16.3904 28.5233 12.6483
      vertex -16.3454 28.2971 12.6942
    endloop
  endfacet
  facet normal 0.1876 -0.0567962 0.980602
    outer loop
      vertex 19.928 -31.571 12.6483
      vertex 19.7017 -31.526 12.6942
      vertex 19.9082 -31.6364 12.6483
    endloop
  endfacet
  facet normal -0.367731 0.111331 0.923244
    outer loop
      vertex -19.9082 25.6364 12.6483
      vertex -20.109 25.7195 12.5583
      vertex -19.928 25.571 12.6483
    endloop
  endfacet
  facet normal -0.195126 0.00958606 0.980731
    outer loop
      vertex -20.08 24.7725 12.6483
      vertex -19.8676 24.4 12.6942
      vertex -19.8493 24.7725 12.6942
    endloop
  endfacet
  facet normal -0.195126 0.00958606 0.980731
    outer loop
      vertex -19.8676 24.4 12.6942
      vertex -20.08 24.7725 12.6483
      vertex -20.0983 24.4 12.6483
    endloop
  endfacet
  facet normal -0.382244 0.0377739 0.923289
    outer loop
      vertex -20.2865 24.8828 12.5583
      vertex -20.2974 24.7725 12.5583
      vertex -20.0733 24.8404 12.6483
    endloop
  endfacet
  facet normal 0.307708 0.228111 0.923732
    outer loop
      vertex 19.3578 27.125 12.5583
      vertex 19.3992 26.7047 12.6483
      vertex 19.5799 26.8254 12.5583
    endloop
  endfacet
  facet normal 0.307602 0.228108 0.923768
    outer loop
      vertex 19.3992 26.7047 12.6483
      vertex 19.3578 27.125 12.5583
      vertex 19.1771 27.0042 12.6483
    endloop
  endfacet
  facet normal 0.167578 -0.100421 0.980731
    outer loop
      vertex 19.2074 -32.5765 12.6942
      vertex 19.5909 -32.3848 12.6483
      vertex 19.3991 -32.2566 12.6942
    endloop
  endfacet
  facet normal 0.167578 -0.100421 0.980731
    outer loop
      vertex 19.5909 -32.3848 12.6483
      vertex 19.2074 -32.5765 12.6942
      vertex 19.3992 -32.7047 12.6483
    endloop
  endfacet
  facet normal -0.502683 0.237846 0.831107
    outer loop
      vertex -20.0046 26.4826 12.4276
      vertex -19.9834 26.0707 12.5583
      vertex -19.8239 26.4078 12.5583
    endloop
  endfacet
  facet normal -0.502683 0.237846 0.831107
    outer loop
      vertex -19.9834 26.0707 12.5583
      vertex -20.0046 26.4826 12.4276
      vertex -20.1641 26.1455 12.4276
    endloop
  endfacet
  facet normal 0.491732 0.262681 0.83018
    outer loop
      vertex 19.9343 26.6142 12.4276
      vertex 19.8239 26.4078 12.5583
      vertex 20.0046 26.4826 12.4276
    endloop
  endfacet
  facet normal 0.620481 0.68466 0.382417
    outer loop
      vertex 19.1727 28.1494 11.8483
      vertex 19.3853 27.8353 12.0657
      vertex 19.449 27.899 11.8483
    endloop
  endfacet
  facet normal 0.620691 0.684619 0.382152
    outer loop
      vertex 19.3853 27.8353 12.0657
      vertex 19.1727 28.1494 11.8483
      vertex 19.109 28.0858 12.0657
    endloop
  endfacet
  facet normal 0.550522 0.742289 0.382012
    outer loop
      vertex 18.6991 28.5144 11.8483
      vertex 18.9487 28.2174 12.0657
      vertex 18.9987 28.2922 11.8483
    endloop
  endfacet
  facet normal 0.55029 0.742309 0.382307
    outer loop
      vertex 18.9487 28.2174 12.0657
      vertex 18.6991 28.5144 11.8483
      vertex 18.6491 28.4395 12.0657
    endloop
  endfacet
  facet normal 0.14474 -0.131172 0.980737
    outer loop
      vertex 18.7202 -33.1702 12.6942
      vertex 19.1338 -33.057 12.6483
      vertex 18.9706 -32.8939 12.6942
    endloop
  endfacet
  facet normal 0.144757 -0.13124 0.980725
    outer loop
      vertex 19.1338 -33.057 12.6483
      vertex 18.7202 -33.1702 12.6942
      vertex 18.8833 -33.3333 12.6483
    endloop
  endfacet
  facet normal 0.195099 -0.0192513 0.980595
    outer loop
      vertex 20.08 -30.7725 12.6483
      vertex 19.8493 -30.7725 12.6942
      vertex 20.0733 -30.8404 12.6483
    endloop
  endfacet
  facet normal -0.172865 0.0924629 0.980596
    outer loop
      vertex -19.5909 26.3848 12.6483
      vertex -19.6231 26.3246 12.6483
      vertex -19.3991 26.2566 12.6942
    endloop
  endfacet
  facet normal 0.116363 -0.156844 0.980744
    outer loop
      vertex 18.1265 -33.6574 12.6942
      vertex 18.5542 -33.6271 12.6483
      vertex 18.426 -33.4352 12.6942
    endloop
  endfacet
  facet normal 0.116367 -0.15692 0.980732
    outer loop
      vertex 18.5542 -33.6271 12.6483
      vertex 18.1265 -33.6574 12.6942
      vertex 18.2547 -33.8492 12.6483
    endloop
  endfacet
  facet normal 0.920131 -0.09037 0.38104
    outer loop
      vertex 20.88 -30.7725 11.8483
      vertex 20.7697 -30.9789 12.0657
      vertex 20.858 -30.9965 11.8483
    endloop
  endfacet
  facet normal 0.970196 -0.144122 0.194805
    outer loop
      vertex 20.8032 -31.3654 11.8483
      vertex 20.903 -31.0054 11.6176
      vertex 20.858 -30.9965 11.8483
    endloop
  endfacet
  facet normal 0.970196 -0.144122 0.194805
    outer loop
      vertex 20.903 -31.0054 11.6176
      vertex 20.8032 -31.3654 11.8483
      vertex 20.8482 -31.3743 11.6176
    endloop
  endfacet
  facet normal 0.68616 0.171872 0.706855
    outer loop
      vertex 20.4962 25.684 12.2613
      vertex 20.4236 25.2899 12.4276
      vertex 20.5868 25.3223 12.2613
    endloop
  endfacet
  facet normal 0.68616 0.171872 0.706855
    outer loop
      vertex 20.4236 25.2899 12.4276
      vertex 20.4962 25.684 12.2613
      vertex 20.333 25.6516 12.4276
    endloop
  endfacet
  facet normal 0.382244 0.0377739 0.923289
    outer loop
      vertex 20.2865 24.8828 12.5583
      vertex 20.0733 24.8404 12.6483
      vertex 20.2974 24.7725 12.5583
    endloop
  endfacet
  facet normal 0.555376 0.0272842 0.831152
    outer loop
      vertex 20.493 24.7725 12.4276
      vertex 20.3157 24.4 12.5583
      vertex 20.5113 24.4 12.4276
    endloop
  endfacet
  facet normal 0.555376 0.0272842 0.831152
    outer loop
      vertex 20.3157 24.4 12.5583
      vertex 20.493 24.7725 12.4276
      vertex 20.2974 24.7725 12.5583
    endloop
  endfacet
  facet normal 0.705381 0.0698256 0.705381
    outer loop
      vertex 20.6593 24.7725 12.2613
      vertex 20.4783 24.921 12.4276
      vertex 20.493 24.7725 12.4276
    endloop
  endfacet
  facet normal 0.705216 0.069391 0.705589
    outer loop
      vertex 20.6415 24.9534 12.2613
      vertex 20.4783 24.921 12.4276
      vertex 20.6593 24.7725 12.2613
    endloop
  endfacet
  facet normal 0.828675 0.081539 0.553759
    outer loop
      vertex 20.7697 24.9789 12.0657
      vertex 20.6415 24.9534 12.2613
      vertex 20.6593 24.7725 12.2613
    endloop
  endfacet
  facet normal 0.699696 0.10375 0.706867
    outer loop
      vertex 20.4236 25.2899 12.4276
      vertex 20.6415 24.9534 12.2613
      vertex 20.5868 25.3223 12.2613
    endloop
  endfacet
  facet normal 0.699696 0.10375 0.706867
    outer loop
      vertex 20.6415 24.9534 12.2613
      vertex 20.4236 25.2899 12.4276
      vertex 20.4783 24.921 12.4276
    endloop
  endfacet
  facet normal 0.53944 0.135121 0.831112
    outer loop
      vertex 20.333 25.6516 12.4276
      vertex 20.2318 25.2517 12.5583
      vertex 20.4236 25.2899 12.4276
    endloop
  endfacet
  facet normal 0.53944 0.135121 0.831112
    outer loop
      vertex 20.2318 25.2517 12.5583
      vertex 20.333 25.6516 12.4276
      vertex 20.1412 25.6134 12.5583
    endloop
  endfacet
  facet normal 0.830768 0.0408136 0.55512
    outer loop
      vertex 20.6776 24.4 12.2613
      vertex 20.79 24.7725 12.0657
      vertex 20.6593 24.7725 12.2613
    endloop
  endfacet
  facet normal 0.830768 0.0408136 0.55512
    outer loop
      vertex 20.79 24.7725 12.0657
      vertex 20.6776 24.4 12.2613
      vertex 20.8083 24.4 12.0657
    endloop
  endfacet
  facet normal 0.0453449 0.923004 0.382108
    outer loop
      vertex 16.3225 29.33 11.8483
      vertex 15.95 29.2583 12.0657
      vertex 16.3225 29.24 12.0657
    endloop
  endfacet
  facet normal 0.0453449 0.923004 0.382108
    outer loop
      vertex 15.95 29.2583 12.0657
      vertex 16.3225 29.33 11.8483
      vertex 15.95 29.3483 11.8483
    endloop
  endfacet
  facet normal 0.0272842 0.555376 0.831152
    outer loop
      vertex 15.95 28.7657 12.5583
      vertex 16.3225 28.943 12.4276
      vertex 15.95 28.9613 12.4276
    endloop
  endfacet
  facet normal 0.0272842 0.555376 0.831152
    outer loop
      vertex 16.3225 28.943 12.4276
      vertex 15.95 28.7657 12.5583
      vertex 16.3225 28.7474 12.5583
    endloop
  endfacet
  facet normal 0.0347175 0.706681 0.706681
    outer loop
      vertex 16.3225 29.1093 12.2613
      vertex 15.95 28.9613 12.4276
      vertex 16.3225 28.943 12.4276
    endloop
  endfacet
  facet normal 0.0347175 0.706681 0.706681
    outer loop
      vertex 15.95 28.9613 12.4276
      vertex 16.3225 29.1093 12.2613
      vertex 15.95 29.1276 12.2613
    endloop
  endfacet
  facet normal 0.462167 0.865253 -0.194264
    outer loop
      vertex 18.4048 28.7443 1.08238
      vertex 18.1807 28.8122 0.851659
      vertex 18.1983 28.8546 1.08238
    endloop
  endfacet
  facet normal 0.0481273 0.97964 0.194909
    outer loop
      vertex 16.3225 29.3759 11.6176
      vertex 15.95 29.3483 11.8483
      vertex 16.3225 29.33 11.8483
    endloop
  endfacet
  facet normal 0.0481273 0.97964 0.194909
    outer loop
      vertex 15.95 29.3483 11.8483
      vertex 16.3225 29.3759 11.6176
      vertex 15.95 29.3942 11.6176
    endloop
  endfacet
  facet normal 0.205316 0.678282 0.705535
    outer loop
      vertex 17.4081 28.8934 12.2613
      vertex 17.234 28.9461 12.2613
      vertex 17.3444 28.7397 12.4276
    endloop
  endfacet
  facet normal 0.243166 0.969985 -0
    outer loop
      vertex 17.2861 29.2076 1.08238
      vertex 16.9243 29.2983 11.6176
      vertex 17.2861 29.2076 11.6176
    endloop
  endfacet
  facet normal 0.243166 0.969985 0
    outer loop
      vertex 16.9243 29.2983 11.6176
      vertex 17.2861 29.2076 1.08238
      vertex 16.9243 29.2983 1.08238
    endloop
  endfacet
  facet normal 0.224516 0.896328 -0.382346
    outer loop
      vertex 17.2595 29.0743 0.634324
      vertex 16.9154 29.2532 0.851659
      vertex 17.2771 29.1626 0.851659
    endloop
  endfacet
  facet normal 0.224785 0.896413 -0.38199
    outer loop
      vertex 16.9154 29.2532 0.851659
      vertex 17.2595 29.0743 0.634324
      vertex 16.8978 29.165 0.634324
    endloop
  endfacet
  facet normal 0.41949 0.886584 -0.194929
    outer loop
      vertex 18.1807 28.8122 0.851659
      vertex 17.8612 29.0141 1.08238
      vertex 18.1983 28.8546 1.08238
    endloop
  endfacet
  facet normal 0.41949 0.886584 -0.194929
    outer loop
      vertex 17.8612 29.0141 1.08238
      vertex 18.1807 28.8122 0.851659
      vertex 17.8436 28.9717 0.851659
    endloop
  endfacet
  facet normal 0.0474561 0.189458 -0.980741
    outer loop
      vertex 16.7143 28.2423 0.00577831
      vertex 17.121 28.378 0.051672
      vertex 17.076 28.1517 0.00577831
    endloop
  endfacet
  facet normal 0.0474561 0.189458 -0.980741
    outer loop
      vertex 17.121 28.378 0.051672
      vertex 16.7143 28.2423 0.00577831
      vertex 16.7593 28.4686 0.051672
    endloop
  endfacet
  facet normal -0.555562 0 -0.831475
    outer loop
      vertex -20.5113 -30.4 0.272388
      vertex -20.3157 24.4 0.141695
      vertex -20.3157 -30.4 0.141695
    endloop
  endfacet
  facet normal -0.555562 0 -0.831475
    outer loop
      vertex -20.3157 24.4 0.141695
      vertex -20.5113 -30.4 0.272388
      vertex -20.5113 24.4 0.272388
    endloop
  endfacet
  facet normal -0.0408133 -0.830763 -0.555128
    outer loop
      vertex -16.3225 -35.1093 0.438728
      vertex -15.95 -35.2583 0.634324
      vertex -16.3225 -35.24 0.634324
    endloop
  endfacet
  facet normal -0.0408133 -0.830763 -0.555128
    outer loop
      vertex -15.95 -35.2583 0.634324
      vertex -16.3225 -35.1093 0.438728
      vertex -15.95 -35.1276 0.438728
    endloop
  endfacet
  facet normal -0.1951 -0.00958479 -0.980736
    outer loop
      vertex -20.08 -30.7725 0.051672
      vertex -19.8676 -30.4 0.00577831
      vertex -19.8493 -30.7725 0.00577831
    endloop
  endfacet
  facet normal -0.1951 -0.00958479 -0.980736
    outer loop
      vertex -19.8676 -30.4 0.00577831
      vertex -20.08 -30.7725 0.051672
      vertex -20.0983 -30.4 0.051672
    endloop
  endfacet
  facet normal -0.144123 0.970199 -0.194788
    outer loop
      vertex -16.9154 29.2532 0.851659
      vertex -16.5554 29.353 1.08238
      vertex -16.5465 29.308 0.851659
    endloop
  endfacet
  facet normal -0.143854 0.970158 -0.19519
    outer loop
      vertex -16.5554 29.353 1.08238
      vertex -16.9154 29.2532 0.851659
      vertex -16.9243 29.2983 1.08238
    endloop
  endfacet
  facet normal -0.355527 0.751871 -0.555238
    outer loop
      vertex -18.0963 28.6083 0.438728
      vertex -17.8092 28.8885 0.634324
      vertex -17.7592 28.7677 0.438728
    endloop
  endfacet
  facet normal -0.355787 0.751948 -0.554968
    outer loop
      vertex -17.8092 28.8885 0.634324
      vertex -18.0963 28.6083 0.438728
      vertex -18.1463 28.729 0.634324
    endloop
  endfacet
  facet normal -0.61625 0.558707 -0.555052
    outer loop
      vertex -19.2929 27.7429 0.438728
      vertex -19.6358 27.559 0.634324
      vertex -19.3853 27.8353 0.634324
    endloop
  endfacet
  facet normal -0.61625 0.558707 -0.555052
    outer loop
      vertex -19.6358 27.559 0.634324
      vertex -19.2929 27.7429 0.438728
      vertex -19.5434 27.4666 0.438728
    endloop
  endfacet
  facet normal -0.865205 0.462227 -0.194337
    outer loop
      vertex -20.2561 26.8293 0.851659
      vertex -20.3622 26.6307 0.851659
      vertex -20.2943 26.8548 1.08238
    endloop
  endfacet
  facet normal -0.835258 0.395205 -0.382306
    outer loop
      vertex -20.279 26.5963 0.634324
      vertex -20.5217 26.2936 0.851659
      vertex -20.3622 26.6307 0.851659
    endloop
  endfacet
  facet normal -0.835258 0.395205 -0.382306
    outer loop
      vertex -20.5217 26.2936 0.851659
      vertex -20.279 26.5963 0.634324
      vertex -20.4385 26.2592 0.634324
    endloop
  endfacet
  facet normal -0.116348 0.156823 -0.98075
    outer loop
      vertex -18.5542 27.6271 0.051672
      vertex -18.1265 27.6574 0.00577831
      vertex -18.426 27.4352 0.00577831
    endloop
  endfacet
  facet normal -0.116352 0.1569 -0.980737
    outer loop
      vertex -18.1265 27.6574 0.00577831
      vertex -18.5542 27.6271 0.051672
      vertex -18.2547 27.8492 0.051672
    endloop
  endfacet
  facet normal -0.0377246 0.382313 -0.923262
    outer loop
      vertex -16.3225 28.53 0.051672
      vertex -16.3904 28.5233 0.051672
      vertex -16.3225 28.7474 0.141695
    endloop
  endfacet
  facet normal -0.00958479 0.1951 -0.980736
    outer loop
      vertex -16.3225 28.53 0.051672
      vertex -15.95 28.3176 0.00577831
      vertex -16.3225 28.2993 0.00577831
    endloop
  endfacet
  facet normal -0.00958479 0.1951 -0.980736
    outer loop
      vertex -15.95 28.3176 0.00577831
      vertex -16.3225 28.53 0.051672
      vertex -15.95 28.5483 0.051672
    endloop
  endfacet
  facet normal -0.0930644 0.371539 -0.923741
    outer loop
      vertex -17.1634 28.5912 0.141695
      vertex -16.7593 28.4686 0.051672
      vertex -17.121 28.378 0.051672
    endloop
  endfacet
  facet normal -0.0930644 0.371539 -0.923741
    outer loop
      vertex -16.7593 28.4686 0.051672
      vertex -17.1634 28.5912 0.141695
      vertex -16.8017 28.6818 0.141695
    endloop
  endfacet
  facet normal -0.951452 -0.238323 0.194783
    outer loop
      vertex -20.8482 -31.3743 11.6176
      vertex -20.7126 -31.7271 11.8483
      vertex -20.8032 -31.3654 11.8483
    endloop
  endfacet
  facet normal -0.951452 -0.238323 0.194783
    outer loop
      vertex -20.7126 -31.7271 11.8483
      vertex -20.8482 -31.3743 11.6176
      vertex -20.7576 -31.736 11.6176
    endloop
  endfacet
  facet normal -0.0474561 0.189458 -0.980741
    outer loop
      vertex -17.121 28.378 0.051672
      vertex -16.7143 28.2423 0.00577831
      vertex -17.076 28.1517 0.00577831
    endloop
  endfacet
  facet normal -0.0474561 0.189458 -0.980741
    outer loop
      vertex -16.7143 28.2423 0.00577831
      vertex -17.121 28.378 0.051672
      vertex -16.7593 28.4686 0.051672
    endloop
  endfacet
  facet normal -0.135116 0.53942 -0.831125
    outer loop
      vertex -17.2016 28.783 0.272388
      vertex -16.8017 28.6818 0.141695
      vertex -17.1634 28.5912 0.141695
    endloop
  endfacet
  facet normal -0.135092 0.539474 -0.831094
    outer loop
      vertex -16.8017 28.6818 0.141695
      vertex -17.2016 28.783 0.272388
      vertex -16.8398 28.8736 0.272388
    endloop
  endfacet
  facet normal -0.172039 0.68607 0.706902
    outer loop
      vertex -17.234 28.9461 12.2613
      vertex -16.8398 28.8736 12.4276
      vertex -16.8723 29.0368 12.2613
    endloop
  endfacet
  facet normal -0.171877 0.68637 0.70665
    outer loop
      vertex -16.8398 28.8736 12.4276
      vertex -17.234 28.9461 12.2613
      vertex -17.2016 28.783 12.4276
    endloop
  endfacet
  facet normal -0.0959919 0.976267 0.194132
    outer loop
      vertex -16.3225 29.3759 11.6176
      vertex -16.5554 29.353 11.6176
      vertex -16.5465 29.308 11.8483
    endloop
  endfacet
  facet normal -0.338742 0.181188 0.923269
    outer loop
      vertex -19.5909 26.3848 12.6483
      vertex -19.8239 26.4078 12.5583
      vertex -19.6231 26.3246 12.6483
    endloop
  endfacet
  facet normal -0.491515 0.262845 0.830256
    outer loop
      vertex -19.7716 26.5056 12.5583
      vertex -19.9343 26.6142 12.4276
      vertex -19.8239 26.4078 12.5583
    endloop
  endfacet
  facet normal 0.18115 -0.338748 0.923274
    outer loop
      vertex 18.0556 -34.2216 12.5583
      vertex 17.9348 -34.0409 12.6483
      vertex 17.9578 -34.2739 12.5583
    endloop
  endfacet
  facet normal 0.193224 -0.0286509 0.980736
    outer loop
      vertex 19.7923 -31.1643 12.6942
      vertex 20.0733 -30.8404 12.6483
      vertex 19.847 -30.7954 12.6942
    endloop
  endfacet
  facet normal 0.193224 -0.0286509 0.980736
    outer loop
      vertex 20.0733 -30.8404 12.6483
      vertex 19.7923 -31.1643 12.6942
      vertex 20.0186 -31.2093 12.6483
    endloop
  endfacet
  facet normal -0.00958606 0.195126 0.980731
    outer loop
      vertex -16.3225 28.53 12.6483
      vertex -15.95 28.3176 12.6942
      vertex -15.95 28.5483 12.6483
    endloop
  endfacet
  facet normal -0.00958606 0.195126 0.980731
    outer loop
      vertex -15.95 28.3176 12.6942
      vertex -16.3225 28.53 12.6483
      vertex -16.3225 28.2993 12.6942
    endloop
  endfacet
  facet normal 0.995203 -0.0978335 0
    outer loop
      vertex 20.9259 -30.7725 11.6176
      vertex 20.9114 -30.92 8.85
      vertex 20.9259 -30.7725 8.83547
    endloop
  endfacet
  facet normal 0.995201 -0.0978536 1.08078e-06
    outer loop
      vertex 20.903 -31.0054 11.6176
      vertex 20.9114 -30.92 8.85
      vertex 20.9259 -30.7725 11.6176
    endloop
  endfacet
  facet normal 0.995197 -0.0978883 0
    outer loop
      vertex 20.9114 -30.92 8.85
      vertex 20.903 -31.0054 11.6176
      vertex 20.903 -31.0054 8.84158
    endloop
  endfacet
  facet normal 0.995203 -0.0978335 0
    outer loop
      vertex 20.9114 -30.92 3.85
      vertex 20.9259 -30.7725 1.08238
      vertex 20.9259 -30.7725 3.86453
    endloop
  endfacet
  facet normal 0.995197 -0.0978883 0
    outer loop
      vertex 20.903 -31.0054 1.08238
      vertex 20.9114 -30.92 3.85
      vertex 20.903 -31.0054 3.85841
    endloop
  endfacet
  facet normal 0.995201 -0.0978536 -1.08077e-06
    outer loop
      vertex 20.9114 -30.92 3.85
      vertex 20.903 -31.0054 1.08238
      vertex 20.9259 -30.7725 1.08238
    endloop
  endfacet
  facet normal 0.923914 0 -0.3826
    outer loop
      vertex 20.8983 -30.4 0.851659
      vertex 20.8083 24.4 0.634324
      vertex 20.8983 24.4 0.851659
    endloop
  endfacet
  facet normal 0.923914 0 -0.3826
    outer loop
      vertex 20.8083 24.4 0.634324
      vertex 20.8983 -30.4 0.851659
      vertex 20.8083 -30.4 0.634324
    endloop
  endfacet
  facet normal 0.807002 0.202141 -0.554876
    outer loop
      vertex 20.7149 25.3478 0.634324
      vertex 20.4962 25.684 0.438728
      vertex 20.6243 25.7095 0.634324
    endloop
  endfacet
  facet normal 0.807002 0.202141 -0.554876
    outer loop
      vertex 20.4962 25.684 0.438728
      vertex 20.7149 25.3478 0.634324
      vertex 20.5868 25.3223 0.438728
    endloop
  endfacet
  facet normal 0.606749 0.363784 -0.706765
    outer loop
      vertex 19.7425 26.9341 0.272388
      vertex 20.0726 26.7067 0.438728
      vertex 19.9343 26.6142 0.272388
    endloop
  endfacet
  facet normal 0.606721 0.363691 -0.706837
    outer loop
      vertex 20.0726 26.7067 0.438728
      vertex 19.7425 26.9341 0.272388
      vertex 19.8809 27.0265 0.438728
    endloop
  endfacet
  facet normal 0.671671 0.740849 -0
    outer loop
      vertex 19.4814 27.9314 1.08238
      vertex 19.2051 28.1819 11.6176
      vertex 19.4814 27.9314 11.6176
    endloop
  endfacet
  facet normal 0.671671 0.740849 0
    outer loop
      vertex 19.2051 28.1819 11.6176
      vertex 19.4814 27.9314 1.08238
      vertex 19.2051 28.1819 1.08238
    endloop
  endfacet
  facet normal 0.995201 0.0978536 0
    outer loop
      vertex 20.9259 24.7725 11.6176
      vertex 20.903 25.0054 1.08238
      vertex 20.903 25.0054 11.6176
    endloop
  endfacet
  facet normal 0.995201 0.0978536 0
    outer loop
      vertex 20.903 25.0054 1.08238
      vertex 20.9259 24.7725 11.6176
      vertex 20.9259 24.7725 1.08238
    endloop
  endfacet
  facet normal 0.970196 0.144122 0.194805
    outer loop
      vertex 20.8032 25.3654 11.8483
      vertex 20.903 25.0054 11.6176
      vertex 20.8482 25.3743 11.6176
    endloop
  endfacet
  facet normal 0.970196 0.144122 0.194805
    outer loop
      vertex 20.903 25.0054 11.6176
      vertex 20.8032 25.3654 11.8483
      vertex 20.858 24.9965 11.8483
    endloop
  endfacet
  facet normal 0.882057 0.471142 0
    outer loop
      vertex 20.4046 26.6483 11.6176
      vertex 20.2943 26.8548 1.08238
      vertex 20.2943 26.8548 11.6176
    endloop
  endfacet
  facet normal 0.882057 0.471142 0
    outer loop
      vertex 20.2943 26.8548 1.08238
      vertex 20.4046 26.6483 11.6176
      vertex 20.4046 26.6483 1.08238
    endloop
  endfacet
  facet normal 0.920131 0.09037 0.38104
    outer loop
      vertex 20.858 24.9965 11.8483
      vertex 20.7697 24.9789 12.0657
      vertex 20.88 24.7725 11.8483
    endloop
  endfacet
  facet normal 0.976258 0.0958824 0.194236
    outer loop
      vertex 20.9259 24.7725 11.6176
      vertex 20.858 24.9965 11.8483
      vertex 20.88 24.7725 11.8483
    endloop
  endfacet
  facet normal 0.807007 0.202142 0.554868
    outer loop
      vertex 20.4962 25.684 12.2613
      vertex 20.7149 25.3478 12.0657
      vertex 20.6243 25.7095 12.0657
    endloop
  endfacet
  facet normal 0.807007 0.202142 0.554868
    outer loop
      vertex 20.7149 25.3478 12.0657
      vertex 20.4962 25.684 12.2613
      vertex 20.5868 25.3223 12.2613
    endloop
  endfacet
  facet normal 0.419489 0.886581 0.194946
    outer loop
      vertex 17.8612 29.0141 11.6176
      vertex 18.1807 28.8122 11.8483
      vertex 18.1983 28.8546 11.6176
    endloop
  endfacet
  facet normal 0.419489 0.886581 0.194946
    outer loop
      vertex 18.1807 28.8122 11.8483
      vertex 17.8612 29.0141 11.6176
      vertex 17.8436 28.9717 11.8483
    endloop
  endfacet
  facet normal 0.586709 0.714662 0.380829
    outer loop
      vertex 18.9987 28.2922 11.8483
      vertex 18.9487 28.2174 12.0657
      vertex 19.109 28.0858 12.0657
    endloop
  endfacet
  facet normal 0.658833 0.726688 0.194586
    outer loop
      vertex 19.2051 28.1819 11.6176
      vertex 19.449 27.899 11.8483
      vertex 19.4814 27.9314 11.6176
    endloop
  endfacet
  facet normal 0.658648 0.726775 0.194887
    outer loop
      vertex 19.449 27.899 11.8483
      vertex 19.2051 28.1819 11.6176
      vertex 19.1727 28.1494 11.8483
    endloop
  endfacet
  facet normal 0.622411 0.758209 0.194226
    outer loop
      vertex 19.2051 28.1819 11.6176
      vertex 19.0242 28.3304 11.6176
      vertex 19.1727 28.1494 11.8483
    endloop
  endfacet
  facet normal 0.284565 -0.938771 0.194245
    outer loop
      vertex 17.4925 -35.0973 11.8483
      vertex 17.2861 -35.2076 11.6176
      vertex 17.5101 -35.1397 11.6176
    endloop
  endfacet
  facet normal 0.121997 -0.822753 0.555153
    outer loop
      vertex 16.5289 -35.2197 12.0657
      vertex 16.8723 -35.0368 12.2613
      vertex 16.5034 -35.0915 12.2613
    endloop
  endfacet
  facet normal 0.121997 -0.822753 0.555153
    outer loop
      vertex 16.8723 -35.0368 12.2613
      vertex 16.5289 -35.2197 12.0657
      vertex 16.8978 -35.165 12.0657
    endloop
  endfacet
  facet normal -0.0815683 -0.550102 0.831105
    outer loop
      vertex -16.8017 -34.6818 12.5583
      vertex -16.471 -34.9283 12.4276
      vertex -16.4328 -34.7365 12.5583
    endloop
  endfacet
  facet normal -0.0815941 -0.550126 0.831086
    outer loop
      vertex -16.471 -34.9283 12.4276
      vertex -16.8017 -34.6818 12.5583
      vertex -16.8398 -34.8736 12.4276
    endloop
  endfacet
  facet normal 0.0187881 -0.382434 0.923792
    outer loop
      vertex 15.95 -34.5483 12.6483
      vertex 16.3225 -34.7474 12.5583
      vertex 16.3225 -34.53 12.6483
    endloop
  endfacet
  facet normal 0.0187881 -0.382434 0.923792
    outer loop
      vertex 16.3225 -34.7474 12.5583
      vertex 15.95 -34.5483 12.6483
      vertex 15.95 -34.7657 12.5583
    endloop
  endfacet
  facet normal 0.0698256 -0.705381 0.705381
    outer loop
      vertex 16.3225 -34.943 12.4276
      vertex 16.3225 -35.1093 12.2613
      vertex 16.471 -34.9283 12.4276
    endloop
  endfacet
  facet normal 0.069391 -0.705216 0.705589
    outer loop
      vertex 16.471 -34.9283 12.4276
      vertex 16.3225 -35.1093 12.2613
      vertex 16.5034 -35.0915 12.2613
    endloop
  endfacet
  facet normal 0.0408136 -0.830768 0.55512
    outer loop
      vertex 15.95 -35.2583 12.0657
      vertex 16.3225 -35.1093 12.2613
      vertex 15.95 -35.1276 12.2613
    endloop
  endfacet
  facet normal 0.0408136 -0.830768 0.55512
    outer loop
      vertex 16.3225 -35.1093 12.2613
      vertex 15.95 -35.2583 12.0657
      vertex 16.3225 -35.24 12.0657
    endloop
  endfacet
  facet normal -0.0905005 -0.920163 0.380932
    outer loop
      vertex -16.3225 -35.24 12.0657
      vertex -16.5289 -35.2197 12.0657
      vertex -16.3225 -35.33 11.8483
    endloop
  endfacet
  facet normal -0.0453449 -0.923004 0.382108
    outer loop
      vertex -16.3225 -35.33 11.8483
      vertex -15.95 -35.2583 12.0657
      vertex -16.3225 -35.24 12.0657
    endloop
  endfacet
  facet normal -0.0453449 -0.923004 0.382108
    outer loop
      vertex -15.95 -35.2583 12.0657
      vertex -16.3225 -35.33 11.8483
      vertex -15.95 -35.3483 11.8483
    endloop
  endfacet
  facet normal -0.129012 0.360637 0.923741
    outer loop
      vertex -17.2695 28.559 12.5583
      vertex -17.5375 28.2326 12.6483
      vertex -17.1864 28.3582 12.6483
    endloop
  endfacet
  facet normal -0.128962 0.360602 0.923761
    outer loop
      vertex -17.5375 28.2326 12.6483
      vertex -17.2695 28.559 12.5583
      vertex -17.6207 28.4334 12.5583
    endloop
  endfacet
  facet normal -0.435643 -0.815445 0.381136
    outer loop
      vertex -18.3293 -34.6312 12.0657
      vertex -18.3793 -34.7061 11.8483
      vertex -18.1807 -34.8122 11.8483
    endloop
  endfacet
  facet normal 0.17277 0.0927683 0.980584
    outer loop
      vertex 19.6231 26.3246 12.6483
      vertex 19.3991 26.2566 12.6942
      vertex 19.41 26.2363 12.6942
    endloop
  endfacet
  facet normal -0.103777 -0.699692 0.706868
    outer loop
      vertex -16.8398 -34.8736 12.4276
      vertex -16.5034 -35.0915 12.2613
      vertex -16.471 -34.9283 12.4276
    endloop
  endfacet
  facet normal -0.103745 -0.699666 0.706898
    outer loop
      vertex -16.5034 -35.0915 12.2613
      vertex -16.8398 -34.8736 12.4276
      vertex -16.8723 -35.0368 12.2613
    endloop
  endfacet
  facet normal -0.069391 -0.705216 0.705589
    outer loop
      vertex -16.471 -34.9283 12.4276
      vertex -16.5034 -35.0915 12.2613
      vertex -16.3225 -35.1093 12.2613
    endloop
  endfacet
  facet normal -0.161754 -0.53345 0.830221
    outer loop
      vertex -17.2695 -34.559 12.5583
      vertex -17.3444 -34.7397 12.4276
      vertex -17.2016 -34.783 12.4276
    endloop
  endfacet
  facet normal -0.0924629 0.172865 0.980596
    outer loop
      vertex -17.8746 28.0731 12.6483
      vertex -17.9348 28.0409 12.6483
      vertex -17.8066 27.8491 12.6942
    endloop
  endfacet
  facet normal -0.0287137 0.193293 0.980721
    outer loop
      vertex -16.3904 28.5233 12.6483
      vertex -16.7143 28.2423 12.6942
      vertex -16.3454 28.2971 12.6942
    endloop
  endfacet
  facet normal -0.0286509 0.193224 0.980736
    outer loop
      vertex -16.7143 28.2423 12.6942
      vertex -16.3904 28.5233 12.6483
      vertex -16.7593 28.4686 12.6483
    endloop
  endfacet
  facet normal -0.923004 0.0453449 0.382108
    outer loop
      vertex -20.8983 24.4 11.8483
      vertex -20.79 24.7725 12.0657
      vertex -20.88 24.7725 11.8483
    endloop
  endfacet
  facet normal -0.923004 0.0453449 0.382108
    outer loop
      vertex -20.79 24.7725 12.0657
      vertex -20.8983 24.4 11.8483
      vertex -20.8083 24.4 12.0657
    endloop
  endfacet
  facet normal -0.584302 0.787835 0.194695
    outer loop
      vertex -18.7246 28.5525 11.6176
      vertex -18.9987 28.2922 11.8483
      vertex -18.6991 28.5144 11.8483
    endloop
  endfacet
  facet normal -0.584094 0.787908 0.195026
    outer loop
      vertex -18.9987 28.2922 11.8483
      vertex -18.7246 28.5525 11.6176
      vertex -19.0242 28.3304 11.6176
    endloop
  endfacet
  facet normal -0.111331 0.367731 0.923244
    outer loop
      vertex -17.121 28.378 12.6483
      vertex -17.2695 28.559 12.5583
      vertex -17.1864 28.3582 12.6483
    endloop
  endfacet
  facet normal -0.989146 0.146937 0
    outer loop
      vertex -20.903 25.0054 1.08238
      vertex -20.8482 25.3743 11.6176
      vertex -20.8482 25.3743 1.08238
    endloop
  endfacet
  facet normal -0.989146 0.146937 0
    outer loop
      vertex -20.8482 25.3743 11.6176
      vertex -20.903 25.0054 1.08238
      vertex -20.903 25.0054 11.6176
    endloop
  endfacet
  facet normal -0.742217 0.550469 0.382228
    outer loop
      vertex -20.0644 27.1491 11.8483
      vertex -19.7674 27.3986 12.0657
      vertex -19.8422 27.4487 11.8483
    endloop
  endfacet
  facet normal -0.742222 0.550409 0.382304
    outer loop
      vertex -19.7674 27.3986 12.0657
      vertex -20.0644 27.1491 11.8483
      vertex -19.9895 27.0991 12.0657
    endloop
  endfacet
  facet normal -0.86525 0.462165 0.194281
    outer loop
      vertex -20.2943 26.8548 11.6176
      vertex -20.4046 26.6483 11.6176
      vertex -20.3622 26.6307 11.8483
    endloop
  endfacet
  facet normal -0.528393 0.643627 -0.553665
    outer loop
      vertex -19.0166 27.9934 0.438728
      vertex -19.109 28.0858 0.634324
      vertex -18.9487 28.2174 0.634324
    endloop
  endfacet
  facet normal -0.167556 0.100408 -0.980736
    outer loop
      vertex -19.5909 26.3848 0.051672
      vertex -19.2074 26.5765 0.00577831
      vertex -19.3991 26.2566 0.00577831
    endloop
  endfacet
  facet normal -0.167556 0.100408 -0.980736
    outer loop
      vertex -19.2074 26.5765 0.00577831
      vertex -19.5909 26.3848 0.051672
      vertex -19.3992 26.7047 0.051672
    endloop
  endfacet
  facet normal 0.533431 0.161748 -0.830234
    outer loop
      vertex 20.333 25.6516 0.272388
      vertex 20.109 25.7195 0.141695
      vertex 20.2897 25.7944 0.272388
    endloop
  endfacet
  facet normal -0.172843 0.0924507 -0.980601
    outer loop
      vertex -19.3991 26.2566 0.00577831
      vertex -19.6231 26.3246 0.051672
      vertex -19.5909 26.3848 0.051672
    endloop
  endfacet
  facet normal 0.412026 -0.373404 -0.831146
    outer loop
      vertex 19.037 -33.487 0.141695
      vertex 19.4257 -33.349 0.272388
      vertex 19.1753 -33.6253 0.272388
    endloop
  endfacet
  facet normal 0.412026 -0.373404 -0.831146
    outer loop
      vertex 19.4257 -33.349 0.272388
      vertex 19.037 -33.487 0.141695
      vertex 19.2874 -33.2107 0.141695
    endloop
  endfacet
  facet normal -0.462165 -0.86525 0.194281
    outer loop
      vertex -18.1807 -34.8122 11.8483
      vertex -18.4048 -34.7443 11.6176
      vertex -18.1983 -34.8546 11.6176
    endloop
  endfacet
  facet normal 0 -0.923914 -0.3826
    outer loop
      vertex -15.95 -35.2583 0.634324
      vertex 15.95 -35.3483 0.851659
      vertex -15.95 -35.3483 0.851659
    endloop
  endfacet
  facet normal 0 -0.923914 -0.3826
    outer loop
      vertex 15.95 -35.3483 0.851659
      vertex -15.95 -35.2583 0.634324
      vertex 15.95 -35.2583 0.634324
    endloop
  endfacet
  facet normal -0.238504 -0.951387 0.194881
    outer loop
      vertex -16.9243 -35.2983 11.6176
      vertex -17.2771 -35.1626 11.8483
      vertex -17.2861 -35.2076 11.6176
    endloop
  endfacet
  facet normal -0.238304 -0.951376 0.19518
    outer loop
      vertex -17.2771 -35.1626 11.8483
      vertex -16.9243 -35.2983 11.6176
      vertex -16.9154 -35.2532 11.8483
    endloop
  endfacet
  facet normal -0.471142 -0.882057 0
    outer loop
      vertex -18.4048 -34.7443 1.08238
      vertex -18.1983 -34.8546 11.6176
      vertex -18.4048 -34.7443 11.6176
    endloop
  endfacet
  facet normal -0.471142 -0.882057 -0
    outer loop
      vertex -18.1983 -34.8546 11.6176
      vertex -18.4048 -34.7443 1.08238
      vertex -18.1983 -34.8546 1.08238
    endloop
  endfacet
  facet normal -0.427694 -0.903923 0
    outer loop
      vertex -18.1983 -34.8546 1.08238
      vertex -17.8612 -35.0141 11.6176
      vertex -18.1983 -34.8546 11.6176
    endloop
  endfacet
  facet normal -0.427694 -0.903923 -0
    outer loop
      vertex -17.8612 -35.0141 11.6176
      vertex -18.1983 -34.8546 1.08238
      vertex -17.8612 -35.0141 1.08238
    endloop
  endfacet
  facet normal -0.330367 -0.923503 0.194933
    outer loop
      vertex -17.5101 -35.1397 11.6176
      vertex -17.8436 -34.9717 11.8483
      vertex -17.8612 -35.0141 11.6176
    endloop
  endfacet
  facet normal -0.330367 -0.923503 0.194933
    outer loop
      vertex -17.8436 -34.9717 11.8483
      vertex -17.5101 -35.1397 11.6176
      vertex -17.4925 -35.0973 11.8483
    endloop
  endfacet
  facet normal -0.262681 -0.491732 0.83018
    outer loop
      vertex -17.9578 -34.2739 12.5583
      vertex -18.1642 -34.3843 12.4276
      vertex -18.0326 -34.4546 12.4276
    endloop
  endfacet
  facet normal -0.884797 -0.268201 0.381054
    outer loop
      vertex -20.6243 -31.7095 12.0657
      vertex -20.6473 -31.9425 11.8483
      vertex -20.5641 -31.9081 12.0657
    endloop
  endfacet
  facet normal -0.828695 0.0815044 0.553734
    outer loop
      vertex -20.7697 24.9789 12.0657
      vertex -20.79 24.7725 12.0657
      vertex -20.6593 24.7725 12.2613
    endloop
  endfacet
  facet normal -0.97964 0.0481273 0.194909
    outer loop
      vertex -20.9442 24.4 11.6176
      vertex -20.88 24.7725 11.8483
      vertex -20.9259 24.7725 11.6176
    endloop
  endfacet
  facet normal -0.97964 0.0481273 0.194909
    outer loop
      vertex -20.88 24.7725 11.8483
      vertex -20.9442 24.4 11.6176
      vertex -20.8983 24.4 11.8483
    endloop
  endfacet
  facet normal -0.97964 -0.0481273 0.194909
    outer loop
      vertex -20.9259 -30.7725 11.6176
      vertex -20.8983 -30.4 11.8483
      vertex -20.9442 -30.4 11.6176
    endloop
  endfacet
  facet normal -0.97964 -0.0481273 0.194909
    outer loop
      vertex -20.8983 -30.4 11.8483
      vertex -20.9259 -30.7725 11.6176
      vertex -20.88 -30.7725 11.8483
    endloop
  endfacet
  facet normal -0.53345 0.161754 0.830221
    outer loop
      vertex -20.2897 25.7944 12.4276
      vertex -20.333 25.6516 12.4276
      vertex -20.109 25.7195 12.5583
    endloop
  endfacet
  facet normal 0.0549157 0.55476 -0.830196
    outer loop
      vertex 16.4328 28.7365 0.141695
      vertex 16.3225 28.943 0.272388
      vertex 16.471 28.9283 0.272388
    endloop
  endfacet
  facet normal 0.55476 0.0549157 -0.830196
    outer loop
      vertex 20.493 24.7725 0.272388
      vertex 20.2865 24.8828 0.141695
      vertex 20.4783 24.921 0.272388
    endloop
  endfacet
  facet normal 0.18754 0.0568559 -0.98061
    outer loop
      vertex 19.7017 25.526 0.00577831
      vertex 19.695 25.5481 0.00577831
      vertex 19.9082 25.6364 0.051672
    endloop
  endfacet
  facet normal 0.285933 0.476902 -0.831148
    outer loop
      vertex 18.3754 28.0299 0.141695
      vertex 18.1642 28.3843 0.272388
      vertex 18.4841 28.1925 0.272388
    endloop
  endfacet
  facet normal 0.285855 0.476872 -0.831192
    outer loop
      vertex 18.1642 28.3843 0.272388
      vertex 18.3754 28.0299 0.141695
      vertex 18.0556 28.2216 0.141695
    endloop
  endfacet
  facet normal 0.0286472 0.193198 -0.980741
    outer loop
      vertex 16.7143 28.2423 0.00577831
      vertex 16.3904 28.5233 0.051672
      vertex 16.7593 28.4686 0.051672
    endloop
  endfacet
  facet normal 0.0287099 0.193268 -0.980726
    outer loop
      vertex 16.3904 28.5233 0.051672
      vertex 16.7143 28.2423 0.00577831
      vertex 16.3454 28.2971 0.00577831
    endloop
  endfacet
  facet normal 0.471142 0.882057 -0
    outer loop
      vertex 18.4048 28.7443 1.08238
      vertex 18.1983 28.8546 11.6176
      vertex 18.4048 28.7443 11.6176
    endloop
  endfacet
  facet normal 0.471142 0.882057 0
    outer loop
      vertex 18.1983 28.8546 11.6176
      vertex 18.4048 28.7443 1.08238
      vertex 18.1983 28.8546 1.08238
    endloop
  endfacet
  facet normal 0.449403 0.548015 -0.70549
    outer loop
      vertex 18.899 27.8757 0.272388
      vertex 18.876 28.1087 0.438728
      vertex 19.0166 27.9934 0.438728
    endloop
  endfacet
  facet normal 0.355787 0.751948 -0.554968
    outer loop
      vertex 18.0963 28.6083 0.438728
      vertex 17.8092 28.8885 0.634324
      vertex 18.1463 28.729 0.634324
    endloop
  endfacet
  facet normal 0.355527 0.751871 -0.555238
    outer loop
      vertex 17.8092 28.8885 0.634324
      vertex 18.0963 28.6083 0.438728
      vertex 17.7592 28.7677 0.438728
    endloop
  endfacet
  facet normal 0.435765 0.815388 -0.381119
    outer loop
      vertex 18.3293 28.6312 0.634324
      vertex 18.1463 28.729 0.634324
      vertex 18.1807 28.8122 0.851659
    endloop
  endfacet
  facet normal 0.0272832 0.555355 -0.831165
    outer loop
      vertex 15.95 28.7657 0.141695
      vertex 16.3225 28.943 0.272388
      vertex 16.3225 28.7474 0.141695
    endloop
  endfacet
  facet normal 0.0272832 0.555355 -0.831165
    outer loop
      vertex 16.3225 28.943 0.272388
      vertex 15.95 28.7657 0.141695
      vertex 15.95 28.9613 0.272388
    endloop
  endfacet
  facet normal 0.346247 -0.163828 -0.923728
    outer loop
      vertex 19.8239 -32.4078 0.141695
      vertex 19.7826 -31.9875 0.051672
      vertex 19.9834 -32.0707 0.141695
    endloop
  endfacet
  facet normal 0.346247 -0.163828 -0.923728
    outer loop
      vertex 19.7826 -31.9875 0.051672
      vertex 19.8239 -32.4078 0.141695
      vertex 19.6231 -32.3246 0.051672
    endloop
  endfacet
  facet normal 0.367648 0.111577 -0.923247
    outer loop
      vertex 20.1412 25.6134 0.141695
      vertex 19.928 25.571 0.051672
      vertex 20.109 25.7195 0.141695
    endloop
  endfacet
  facet normal -0.311239 0.870032 -0.382328
    outer loop
      vertex -17.8092 28.8885 0.634324
      vertex -17.4925 29.0973 0.851659
      vertex -17.4581 29.0141 0.634324
    endloop
  endfacet
  facet normal -0.311239 0.870032 -0.382328
    outer loop
      vertex -17.4925 29.0973 0.851659
      vertex -17.8092 28.8885 0.634324
      vertex -17.8436 28.9717 0.851659
    endloop
  endfacet
  facet normal -0.0815039 0.82869 -0.553742
    outer loop
      vertex -16.3225 29.1093 0.438728
      vertex -16.5289 29.2197 0.634324
      vertex -16.3225 29.24 0.634324
    endloop
  endfacet
  facet normal 0.338742 -0.181188 0.923269
    outer loop
      vertex 19.6231 -32.3246 12.6483
      vertex 19.5909 -32.3848 12.6483
      vertex 19.8239 -32.4078 12.5583
    endloop
  endfacet
  facet normal 0.0377739 -0.382244 0.923289
    outer loop
      vertex 16.3904 -34.5233 12.6483
      vertex 16.3225 -34.7474 12.5583
      vertex 16.4328 -34.7365 12.5583
    endloop
  endfacet
  facet normal 0.111331 -0.367731 0.923244
    outer loop
      vertex 17.1864 -34.3582 12.6483
      vertex 17.121 -34.378 12.6483
      vertex 17.2695 -34.559 12.5583
    endloop
  endfacet
  facet normal 0.671671 -0.740849 0
    outer loop
      vertex 19.2051 -34.1819 1.08238
      vertex 19.4814 -33.9314 11.6176
      vertex 19.2051 -34.1819 11.6176
    endloop
  endfacet
  facet normal 0.671671 -0.740849 0
    outer loop
      vertex 19.4814 -33.9314 11.6176
      vertex 19.2051 -34.1819 1.08238
      vertex 19.4814 -33.9314 1.08238
    endloop
  endfacet
  facet normal 0.886581 -0.419489 0.194946
    outer loop
      vertex 20.3622 -32.6307 11.8483
      vertex 20.5641 -32.3112 11.6176
      vertex 20.5217 -32.2936 11.8483
    endloop
  endfacet
  facet normal 0.886581 -0.419489 0.194946
    outer loop
      vertex 20.5641 -32.3112 11.6176
      vertex 20.3622 -32.6307 11.8483
      vertex 20.4046 -32.6483 11.6176
    endloop
  endfacet
  facet normal 0.2416 -0.797039 -0.553496
    outer loop
      vertex 17.2595 -35.0743 0.634324
      vertex 17.234 -34.9462 0.438728
      vertex 17.4581 -35.0141 0.634324
    endloop
  endfacet
  facet normal -0.0481274 -0.979643 -0.194892
    outer loop
      vertex -16.3225 -35.33 0.851659
      vertex -15.95 -35.3942 1.08238
      vertex -16.3225 -35.3759 1.08238
    endloop
  endfacet
  facet normal -0.0481274 -0.979643 -0.194892
    outer loop
      vertex -15.95 -35.3942 1.08238
      vertex -16.3225 -35.33 0.851659
      vertex -15.95 -35.3483 0.851659
    endloop
  endfacet
  facet normal 0.195109 0 -0.980782
    outer loop
      vertex 19.8676 -30.4 0.00577831
      vertex 20.0983 24.4 0.051672
      vertex 20.0983 -30.4 0.051672
    endloop
  endfacet
  facet normal 0.195109 0 -0.980782
    outer loop
      vertex 20.0983 24.4 0.051672
      vertex 19.8676 -30.4 0.00577831
      vertex 19.8676 24.4 0.00577831
    endloop
  endfacet
  facet normal -0.353831 -0.430729 -0.830226
    outer loop
      vertex -18.675 -33.8078 0.141695
      vertex -18.899 -33.8757 0.272388
      vertex -18.7607 -33.7374 0.141695
    endloop
  endfacet
  facet normal 0.920123 0.0904966 -0.38103
    outer loop
      vertex 20.79 24.7725 0.634324
      vertex 20.7697 24.9789 0.634324
      vertex 20.88 24.7725 0.851659
    endloop
  endfacet
  facet normal 0.88474 -0.268215 -0.381177
    outer loop
      vertex 20.6473 -31.9425 0.851659
      vertex 20.6243 -31.7095 0.634324
      vertex 20.7126 -31.7271 0.851659
    endloop
  endfacet
  facet normal 0.355527 -0.751871 -0.555238
    outer loop
      vertex 18.0963 -34.6083 0.438728
      vertex 17.8092 -34.8885 0.634324
      vertex 17.7592 -34.7677 0.438728
    endloop
  endfacet
  facet normal 0.355787 -0.751948 -0.554968
    outer loop
      vertex 17.8092 -34.8885 0.634324
      vertex 18.0963 -34.6083 0.438728
      vertex 18.1463 -34.729 0.634324
    endloop
  endfacet
  facet normal 0.548015 -0.449403 -0.70549
    outer loop
      vertex 19.5434 -33.4666 0.438728
      vertex 19.4257 -33.349 0.272388
      vertex 19.6587 -33.326 0.438728
    endloop
  endfacet
  facet normal 0.471142 -0.882057 0
    outer loop
      vertex 18.1983 -34.8546 1.08238
      vertex 18.4048 -34.7443 11.6176
      vertex 18.1983 -34.8546 11.6176
    endloop
  endfacet
  facet normal 0.471142 -0.882057 0
    outer loop
      vertex 18.4048 -34.7443 11.6176
      vertex 18.1983 -34.8546 1.08238
      vertex 18.4048 -34.7443 1.08238
    endloop
  endfacet
  facet normal 0.758209 -0.622411 0.194226
    outer loop
      vertex 19.8804 -33.4742 11.6176
      vertex 19.6994 -33.6227 11.8483
      vertex 19.7319 -33.6551 11.6176
    endloop
  endfacet
  facet normal 0.787835 -0.584302 0.194695
    outer loop
      vertex 19.8422 -33.4487 11.8483
      vertex 20.1025 -33.1746 11.6176
      vertex 20.0644 -33.1491 11.8483
    endloop
  endfacet
  facet normal 0.787908 -0.584094 0.195026
    outer loop
      vertex 20.1025 -33.1746 11.6176
      vertex 19.8422 -33.4487 11.8483
      vertex 19.8804 -33.4742 11.6176
    endloop
  endfacet
  facet normal 0.66811 -0.495673 0.554921
    outer loop
      vertex 19.6587 -33.326 12.2613
      vertex 19.9895 -33.0991 12.0657
      vertex 19.8809 -33.0265 12.2613
    endloop
  endfacet
  facet normal 0.668088 -0.495433 0.555162
    outer loop
      vertex 19.9895 -33.0991 12.0657
      vertex 19.6587 -33.326 12.2613
      vertex 19.7674 -33.3986 12.0657
    endloop
  endfacet
  facet normal 0.884797 -0.268201 0.381054
    outer loop
      vertex 20.6243 -31.7095 12.0657
      vertex 20.5641 -31.9081 12.0657
      vertex 20.6473 -31.9425 11.8483
    endloop
  endfacet
  facet normal 0.55029 -0.742309 0.382307
    outer loop
      vertex 18.6991 -34.5144 11.8483
      vertex 18.9487 -34.2174 12.0657
      vertex 18.6491 -34.4395 12.0657
    endloop
  endfacet
  facet normal 0.550522 -0.742289 0.382012
    outer loop
      vertex 18.9487 -34.2174 12.0657
      vertex 18.6991 -34.5144 11.8483
      vertex 18.9987 -34.2922 11.8483
    endloop
  endfacet
  facet normal 0.547949 -0.44935 0.705575
    outer loop
      vertex 19.6587 -33.326 12.2613
      vertex 19.4257 -33.349 12.4276
      vertex 19.5434 -33.4666 12.2613
    endloop
  endfacet
  facet normal 0.758268 -0.622303 0.194341
    outer loop
      vertex 19.8422 -33.4487 11.8483
      vertex 19.6994 -33.6227 11.8483
      vertex 19.8804 -33.4742 11.6176
    endloop
  endfacet
  facet normal 0.283788 -0.257289 0.923724
    outer loop
      vertex 18.8833 -33.3333 12.6483
      vertex 19.2874 -33.2107 12.5583
      vertex 19.1338 -33.057 12.6483
    endloop
  endfacet
  facet normal 0.283759 -0.25716 0.923769
    outer loop
      vertex 19.2874 -33.2107 12.5583
      vertex 18.8833 -33.3333 12.6483
      vertex 19.037 -33.487 12.5583
    endloop
  endfacet
  facet normal 0.502683 -0.237846 0.831107
    outer loop
      vertex 19.9834 -32.0707 12.5583
      vertex 20.0046 -32.4826 12.4276
      vertex 20.1641 -32.1455 12.4276
    endloop
  endfacet
  facet normal 0.502683 -0.237846 0.831107
    outer loop
      vertex 20.0046 -32.4826 12.4276
      vertex 19.9834 -32.0707 12.5583
      vertex 19.8239 -32.4078 12.5583
    endloop
  endfacet
  facet normal 0.47689 -0.285865 0.831178
    outer loop
      vertex 19.5799 -32.8254 12.5583
      vertex 19.9343 -32.6142 12.4276
      vertex 19.7716 -32.5056 12.5583
    endloop
  endfacet
  facet normal 0.47692 -0.285943 0.831134
    outer loop
      vertex 19.9343 -32.6142 12.4276
      vertex 19.5799 -32.8254 12.5583
      vertex 19.7425 -32.9341 12.4276
    endloop
  endfacet
  facet normal 0.243842 -0.296836 0.923271
    outer loop
      vertex 18.7607 -33.7374 12.5583
      vertex 18.5542 -33.6271 12.6483
      vertex 18.675 -33.8078 12.5583
    endloop
  endfacet
  facet normal 0.353844 -0.430745 0.830212
    outer loop
      vertex 18.7607 -33.7374 12.5583
      vertex 18.675 -33.8078 12.5583
      vertex 18.899 -33.8757 12.4276
    endloop
  endfacet
  facet normal 0.68616 -0.171872 0.706855
    outer loop
      vertex 20.4236 -31.2899 12.4276
      vertex 20.4962 -31.684 12.2613
      vertex 20.5868 -31.3223 12.2613
    endloop
  endfacet
  facet normal 0.68616 -0.171872 0.706855
    outer loop
      vertex 20.4962 -31.684 12.2613
      vertex 20.4236 -31.2899 12.4276
      vertex 20.333 -31.6516 12.4276
    endloop
  endfacet
  facet normal 0.678149 -0.205629 0.705571
    outer loop
      vertex 20.333 -31.6516 12.4276
      vertex 20.2897 -31.7944 12.4276
      vertex 20.4962 -31.684 12.2613
    endloop
  endfacet
  facet normal 0.360637 -0.129012 0.923741
    outer loop
      vertex 19.7826 -31.9875 12.6483
      vertex 20.109 -31.7195 12.5583
      vertex 19.9082 -31.6364 12.6483
    endloop
  endfacet
  facet normal 0.360602 -0.128962 0.923761
    outer loop
      vertex 20.109 -31.7195 12.5583
      vertex 19.7826 -31.9875 12.6483
      vertex 19.9834 -32.0707 12.5583
    endloop
  endfacet
  facet normal 0.807007 -0.202142 0.554868
    outer loop
      vertex 20.4962 -31.684 12.2613
      vertex 20.7149 -31.3478 12.0657
      vertex 20.5868 -31.3223 12.2613
    endloop
  endfacet
  facet normal 0.807007 -0.202142 0.554868
    outer loop
      vertex 20.7149 -31.3478 12.0657
      vertex 20.4962 -31.684 12.2613
      vertex 20.6243 -31.7095 12.0657
    endloop
  endfacet
  facet normal 0.554781 -0.0549177 0.830182
    outer loop
      vertex 20.493 -30.7725 12.4276
      vertex 20.2865 -30.8828 12.5583
      vertex 20.4783 -30.921 12.4276
    endloop
  endfacet
  facet normal 0.382244 -0.0377739 0.923289
    outer loop
      vertex 20.2974 -30.7725 12.5583
      vertex 20.0733 -30.8404 12.6483
      vertex 20.2865 -30.8828 12.5583
    endloop
  endfacet
  facet normal 0.382434 -0.0187881 0.923792
    outer loop
      vertex 20.0983 -30.4 12.6483
      vertex 20.2974 -30.7725 12.5583
      vertex 20.3157 -30.4 12.5583
    endloop
  endfacet
  facet normal 0.382434 -0.0187881 0.923792
    outer loop
      vertex 20.2974 -30.7725 12.5583
      vertex 20.0983 -30.4 12.6483
      vertex 20.08 -30.7725 12.6483
    endloop
  endfacet
  facet normal -0.195099 0.0192513 0.980595
    outer loop
      vertex -20.0733 24.8404 12.6483
      vertex -20.08 24.7725 12.6483
      vertex -19.8493 24.7725 12.6942
    endloop
  endfacet
  facet normal 0.189483 -0.0474624 0.980736
    outer loop
      vertex 19.7923 -31.1643 12.6942
      vertex 19.928 -31.571 12.6483
      vertex 20.0186 -31.2093 12.6483
    endloop
  endfacet
  facet normal 0.189483 -0.0474624 0.980736
    outer loop
      vertex 19.928 -31.571 12.6483
      vertex 19.7923 -31.1643 12.6942
      vertex 19.7017 -31.526 12.6942
    endloop
  endfacet
  facet normal -0.17277 0.0927683 0.980584
    outer loop
      vertex -19.3991 26.2566 12.6942
      vertex -19.6231 26.3246 12.6483
      vertex -19.41 26.2363 12.6942
    endloop
  endfacet
  facet normal 0.25716 -0.283759 0.923769
    outer loop
      vertex 18.8833 -33.3333 12.6483
      vertex 18.7607 -33.7374 12.5583
      vertex 19.037 -33.487 12.5583
    endloop
  endfacet
  facet normal 0.25716 -0.283759 0.923769
    outer loop
      vertex 18.7607 -33.7374 12.5583
      vertex 18.8833 -33.3333 12.6483
      vertex 18.607 -33.5837 12.6483
    endloop
  endfacet
  facet normal 0.25716 0.283759 0.923769
    outer loop
      vertex 18.7607 27.7374 12.5583
      vertex 18.8833 27.3333 12.6483
      vertex 19.037 27.487 12.5583
    endloop
  endfacet
  facet normal 0.25716 0.283759 0.923769
    outer loop
      vertex 18.8833 27.3333 12.6483
      vertex 18.7607 27.7374 12.5583
      vertex 18.607 27.5837 12.6483
    endloop
  endfacet
  facet normal 0.0835341 0.176548 0.980741
    outer loop
      vertex 17.4492 28.0194 12.6942
      vertex 17.8746 28.0731 12.6483
      vertex 17.5375 28.2326 12.6483
    endloop
  endfacet
  facet normal 0.0835219 0.176632 0.980727
    outer loop
      vertex 17.8746 28.0731 12.6483
      vertex 17.4492 28.0194 12.6942
      vertex 17.7863 27.86 12.6942
    endloop
  endfacet
  facet normal 0.328496 -0.196851 0.923764
    outer loop
      vertex 19.3992 -32.7047 12.6483
      vertex 19.7716 -32.5056 12.5583
      vertex 19.5909 -32.3848 12.6483
    endloop
  endfacet
  facet normal 0.328533 -0.196935 0.923733
    outer loop
      vertex 19.7716 -32.5056 12.5583
      vertex 19.3992 -32.7047 12.6483
      vertex 19.5799 -32.8254 12.5583
    endloop
  endfacet
  facet normal 0.195 -0.0195852 0.980608
    outer loop
      vertex 19.8493 -30.7725 12.6942
      vertex 19.847 -30.7954 12.6942
      vertex 20.0733 -30.8404 12.6483
    endloop
  endfacet
  facet normal 0.338748 -0.18115 0.923274
    outer loop
      vertex 19.8239 -32.4078 12.5583
      vertex 19.5909 -32.3848 12.6483
      vertex 19.7716 -32.5056 12.5583
    endloop
  endfacet
  facet normal 0.523563 -0.187242 0.831157
    outer loop
      vertex 19.9834 -32.0707 12.5583
      vertex 20.2897 -31.7944 12.4276
      vertex 20.109 -31.7195 12.5583
    endloop
  endfacet
  facet normal 0.523607 -0.187311 0.831114
    outer loop
      vertex 20.2897 -31.7944 12.4276
      vertex 19.9834 -32.0707 12.5583
      vertex 20.1641 -32.1455 12.4276
    endloop
  endfacet
  facet normal 0.0286509 -0.193224 0.980736
    outer loop
      vertex 16.7143 -34.2423 12.6942
      vertex 16.3904 -34.5233 12.6483
      vertex 16.7593 -34.4686 12.6483
    endloop
  endfacet
  facet normal 0.0287137 -0.193293 0.980721
    outer loop
      vertex 16.3904 -34.5233 12.6483
      vertex 16.7143 -34.2423 12.6942
      vertex 16.3454 -34.2971 12.6942
    endloop
  endfacet
  facet normal 0.371458 -0.0930441 0.923776
    outer loop
      vertex 20.0186 -31.2093 12.6483
      vertex 20.1412 -31.6134 12.5583
      vertex 20.2318 -31.2517 12.5583
    endloop
  endfacet
  facet normal 0.371458 -0.0930441 0.923776
    outer loop
      vertex 20.1412 -31.6134 12.5583
      vertex 20.0186 -31.2093 12.6483
      vertex 19.928 -31.571 12.6483
    endloop
  endfacet
  facet normal 0.123834 -0.151824 0.98062
    outer loop
      vertex 18.4439 -33.4206 12.6942
      vertex 18.426 -33.4352 12.6942
      vertex 18.5542 -33.6271 12.6483
    endloop
  endfacet
  facet normal 0.161902 0.533471 0.830179
    outer loop
      vertex 17.2016 28.783 12.4276
      vertex 17.1634 28.5912 12.5583
      vertex 17.2695 28.559 12.5583
    endloop
  endfacet
  facet normal 0.504497 0.841179 0.194684
    outer loop
      vertex 18.4048 28.7443 11.6176
      vertex 18.6991 28.5144 11.8483
      vertex 18.7246 28.5525 11.6176
    endloop
  endfacet
  facet normal 0.504268 0.841235 0.195033
    outer loop
      vertex 18.6991 28.5144 11.8483
      vertex 18.4048 28.7443 11.6176
      vertex 18.3793 28.7061 11.8483
    endloop
  endfacet
  facet normal 0.172039 0.68607 0.706902
    outer loop
      vertex 16.8398 28.8736 12.4276
      vertex 17.234 28.9461 12.2613
      vertex 16.8723 29.0368 12.2613
    endloop
  endfacet
  facet normal 0.171877 0.68637 0.70665
    outer loop
      vertex 17.234 28.9461 12.2613
      vertex 16.8398 28.8736 12.4276
      vertex 17.2016 28.783 12.4276
    endloop
  endfacet
  facet normal -0.0927683 0.17277 0.980584
    outer loop
      vertex -17.7863 27.86 12.6942
      vertex -17.8746 28.0731 12.6483
      vertex -17.8066 27.8491 12.6942
    endloop
  endfacet
  facet normal 0.63965 0.302463 0.706657
    outer loop
      vertex 20.1583 26.5463 12.2613
      vertex 20.1641 26.1455 12.4276
      vertex 20.3177 26.2092 12.2613
    endloop
  endfacet
  facet normal 0.639406 0.302537 0.706845
    outer loop
      vertex 20.1641 26.1455 12.4276
      vertex 20.1583 26.5463 12.2613
      vertex 20.0046 26.4826 12.4276
    endloop
  endfacet
  facet normal 0.616254 0.55871 0.555044
    outer loop
      vertex 19.2929 27.7429 12.2613
      vertex 19.6358 27.559 12.0657
      vertex 19.3853 27.8353 12.0657
    endloop
  endfacet
  facet normal 0.616254 0.55871 0.555044
    outer loop
      vertex 19.6358 27.559 12.0657
      vertex 19.2929 27.7429 12.2613
      vertex 19.5434 27.4666 12.2613
    endloop
  endfacet
  facet normal 0.643853 0.527996 0.55378
    outer loop
      vertex 19.7674 27.3986 12.0657
      vertex 19.5434 27.4666 12.2613
      vertex 19.6587 27.326 12.2613
    endloop
  endfacet
  facet normal -0.0927683 -0.17277 0.980584
    outer loop
      vertex -17.8066 -33.8491 12.6942
      vertex -17.8746 -34.0731 12.6483
      vertex -17.7863 -33.86 12.6942
    endloop
  endfacet
  facet normal 0.163792 -0.346171 0.923763
    outer loop
      vertex 17.5375 -34.2326 12.6483
      vertex 17.9578 -34.2739 12.5583
      vertex 17.8746 -34.0731 12.6483
    endloop
  endfacet
  facet normal 0.163792 -0.346171 0.923763
    outer loop
      vertex 17.9578 -34.2739 12.5583
      vertex 17.5375 -34.2326 12.6483
      vertex 17.6207 -34.4334 12.5583
    endloop
  endfacet
  facet normal 0.103745 0.699666 0.706898
    outer loop
      vertex 16.5034 29.0915 12.2613
      vertex 16.8398 28.8736 12.4276
      vertex 16.8723 29.0368 12.2613
    endloop
  endfacet
  facet normal 0.103777 0.699692 0.706868
    outer loop
      vertex 16.8398 28.8736 12.4276
      vertex 16.5034 29.0915 12.2613
      vertex 16.471 28.9283 12.4276
    endloop
  endfacet
  facet normal 0.828695 -0.0815044 0.553734
    outer loop
      vertex 20.79 -30.7725 12.0657
      vertex 20.6593 -30.7725 12.2613
      vertex 20.7697 -30.9789 12.0657
    endloop
  endfacet
  facet normal 0.923004 -0.0453449 0.382108
    outer loop
      vertex 20.79 -30.7725 12.0657
      vertex 20.8983 -30.4 11.8483
      vertex 20.8083 -30.4 12.0657
    endloop
  endfacet
  facet normal 0.923004 -0.0453449 0.382108
    outer loop
      vertex 20.8983 -30.4 11.8483
      vertex 20.79 -30.7725 12.0657
      vertex 20.88 -30.7725 11.8483
    endloop
  endfacet
  facet normal 0.976267 -0.0959919 0.194132
    outer loop
      vertex 20.9259 -30.7725 11.6176
      vertex 20.858 -30.9965 11.8483
      vertex 20.903 -31.0054 11.6176
    endloop
  endfacet
  facet normal 0.554747 0.0548209 0.830211
    outer loop
      vertex 20.493 24.7725 12.4276
      vertex 20.2865 24.8828 12.5583
      vertex 20.2974 24.7725 12.5583
    endloop
  endfacet
  facet normal 0.378792 0.0561667 0.923776
    outer loop
      vertex 20.0186 25.2093 12.6483
      vertex 20.2865 24.8828 12.5583
      vertex 20.2318 25.2517 12.5583
    endloop
  endfacet
  facet normal 0.378792 0.0561667 0.923776
    outer loop
      vertex 20.2865 24.8828 12.5583
      vertex 20.0186 25.2093 12.6483
      vertex 20.0733 24.8404 12.6483
    endloop
  endfacet
  facet normal 0.783093 0.280138 0.555238
    outer loop
      vertex 20.3177 26.2092 12.2613
      vertex 20.5641 25.9081 12.0657
      vertex 20.4385 26.2592 12.0657
    endloop
  endfacet
  facet normal 0.783157 0.280304 0.555063
    outer loop
      vertex 20.5641 25.9081 12.0657
      vertex 20.3177 26.2092 12.2613
      vertex 20.4434 25.858 12.2613
    endloop
  endfacet
  facet normal 0.338748 0.18115 0.923274
    outer loop
      vertex 19.7716 26.5056 12.5583
      vertex 19.5909 26.3848 12.6483
      vertex 19.8239 26.4078 12.5583
    endloop
  endfacet
  facet normal 0.328533 0.196935 0.923733
    outer loop
      vertex 19.3992 26.7047 12.6483
      vertex 19.7716 26.5056 12.5583
      vertex 19.5799 26.8254 12.5583
    endloop
  endfacet
  facet normal 0.328496 0.196851 0.923764
    outer loop
      vertex 19.7716 26.5056 12.5583
      vertex 19.3992 26.7047 12.6483
      vertex 19.5909 26.3848 12.6483
    endloop
  endfacet
  facet normal 0.195099 0.0192513 0.980595
    outer loop
      vertex 20.0733 24.8404 12.6483
      vertex 19.8493 24.7725 12.6942
      vertex 20.08 24.7725 12.6483
    endloop
  endfacet
  facet normal 0.751953 0.355789 0.55496
    outer loop
      vertex 20.1583 26.5463 12.2613
      vertex 20.4385 26.2592 12.0657
      vertex 20.279 26.5963 12.0657
    endloop
  endfacet
  facet normal 0.751876 0.35553 0.555231
    outer loop
      vertex 20.4385 26.2592 12.0657
      vertex 20.1583 26.5463 12.2613
      vertex 20.3177 26.2092 12.2613
    endloop
  endfacet
  facet normal 0.371458 0.0930441 0.923776
    outer loop
      vertex 20.1412 25.6134 12.5583
      vertex 20.0186 25.2093 12.6483
      vertex 20.2318 25.2517 12.5583
    endloop
  endfacet
  facet normal 0.371458 0.0930441 0.923776
    outer loop
      vertex 20.0186 25.2093 12.6483
      vertex 20.1412 25.6134 12.5583
      vertex 19.928 25.571 12.6483
    endloop
  endfacet
  facet normal 0.550102 0.0815683 0.831105
    outer loop
      vertex 20.2318 25.2517 12.5583
      vertex 20.4783 24.921 12.4276
      vertex 20.4236 25.2899 12.4276
    endloop
  endfacet
  facet normal 0.550102 0.0815683 0.831105
    outer loop
      vertex 20.4783 24.921 12.4276
      vertex 20.2318 25.2517 12.5583
      vertex 20.2865 24.8828 12.5583
    endloop
  endfacet
  facet normal 0.706681 0.0347175 0.706681
    outer loop
      vertex 20.5113 24.4 12.4276
      vertex 20.6593 24.7725 12.2613
      vertex 20.493 24.7725 12.4276
    endloop
  endfacet
  facet normal 0.706681 0.0347175 0.706681
    outer loop
      vertex 20.6593 24.7725 12.2613
      vertex 20.5113 24.4 12.4276
      vertex 20.6776 24.4 12.2613
    endloop
  endfacet
  facet normal 0.111552 0.367568 0.923282
    outer loop
      vertex 17.1634 28.5912 12.5583
      vertex 17.121 28.378 12.6483
      vertex 17.2695 28.559 12.5583
    endloop
  endfacet
  facet normal 0.100421 0.167578 0.980731
    outer loop
      vertex 17.9348 28.0409 12.6483
      vertex 18.1265 27.6574 12.6942
      vertex 18.2547 27.8492 12.6483
    endloop
  endfacet
  facet normal 0.100421 0.167578 0.980731
    outer loop
      vertex 18.1265 27.6574 12.6942
      vertex 17.9348 28.0409 12.6483
      vertex 17.8066 27.8491 12.6942
    endloop
  endfacet
  facet normal 0.0192513 0.195099 0.980595
    outer loop
      vertex 16.3225 28.53 12.6483
      vertex 16.3225 28.2993 12.6942
      vertex 16.3904 28.5233 12.6483
    endloop
  endfacet
  facet normal 0.284594 0.938768 0.194217
    outer loop
      vertex 17.2861 29.2076 11.6176
      vertex 17.2771 29.1626 11.8483
      vertex 17.4925 29.0973 11.8483
    endloop
  endfacet
  facet normal 0.268201 0.884797 0.381054
    outer loop
      vertex 17.4925 29.0973 11.8483
      vertex 17.2595 29.0743 12.0657
      vertex 17.4581 29.0141 12.0657
    endloop
  endfacet
  facet normal 0.0930441 0.371458 0.923776
    outer loop
      vertex 16.7593 28.4686 12.6483
      vertex 17.1634 28.5912 12.5583
      vertex 16.8017 28.6818 12.5583
    endloop
  endfacet
  facet normal 0.0930441 0.371458 0.923776
    outer loop
      vertex 17.1634 28.5912 12.5583
      vertex 16.7593 28.4686 12.6483
      vertex 17.121 28.378 12.6483
    endloop
  endfacet
  facet normal 0.0815044 0.828695 0.553734
    outer loop
      vertex 16.3225 29.24 12.0657
      vertex 16.3225 29.1093 12.2613
      vertex 16.5289 29.2197 12.0657
    endloop
  endfacet
  facet normal 0.0490683 0.998795 -0
    outer loop
      vertex 16.3225 29.3759 1.08238
      vertex 15.95 29.3942 11.6176
      vertex 16.3225 29.3759 11.6176
    endloop
  endfacet
  facet normal 0.0490683 0.998795 0
    outer loop
      vertex 15.95 29.3942 11.6176
      vertex 16.3225 29.3759 1.08238
      vertex 15.95 29.3942 1.08238
    endloop
  endfacet
  facet normal 0.146675 0.989185 -0
    outer loop
      vertex 16.9243 29.2983 1.08238
      vertex 16.5554 29.353 11.6176
      vertex 16.9243 29.2983 11.6176
    endloop
  endfacet
  facet normal 0.146675 0.989185 0
    outer loop
      vertex 16.5554 29.353 11.6176
      vertex 16.9243 29.2983 1.08238
      vertex 16.5554 29.353 1.08238
    endloop
  endfacet
  facet normal 0.336829 0.941566 -0
    outer loop
      vertex 17.8612 29.0141 1.08238
      vertex 17.5101 29.1397 11.6176
      vertex 17.8612 29.0141 11.6176
    endloop
  endfacet
  facet normal 0.336829 0.941566 0
    outer loop
      vertex 17.5101 29.1397 11.6176
      vertex 17.8612 29.0141 1.08238
      vertex 17.5101 29.1397 1.08238
    endloop
  endfacet
  facet normal 0.238505 0.95139 -0.194864
    outer loop
      vertex 17.2771 29.1626 0.851659
      vertex 16.9243 29.2983 1.08238
      vertex 17.2861 29.2076 1.08238
    endloop
  endfacet
  facet normal 0.238305 0.951379 -0.195163
    outer loop
      vertex 16.9243 29.2983 1.08238
      vertex 17.2771 29.1626 0.851659
      vertex 16.9154 29.2532 0.851659
    endloop
  endfacet
  facet normal 0.435624 0.81541 -0.381233
    outer loop
      vertex 18.3293 28.6312 0.634324
      vertex 18.1807 28.8122 0.851659
      vertex 18.3793 28.7061 0.851659
    endloop
  endfacet
  facet normal 0.550498 0.742256 -0.382109
    outer loop
      vertex 18.9487 28.2174 0.634324
      vertex 18.6991 28.5144 0.851659
      vertex 18.9987 28.2922 0.851659
    endloop
  endfacet
  facet normal 0.550266 0.742277 -0.382404
    outer loop
      vertex 18.6991 28.5144 0.851659
      vertex 18.9487 28.2174 0.634324
      vertex 18.6491 28.4395 0.634324
    endloop
  endfacet
  facet normal 0.311239 0.870032 -0.382328
    outer loop
      vertex 17.8092 28.8885 0.634324
      vertex 17.4925 29.0973 0.851659
      vertex 17.8436 28.9717 0.851659
    endloop
  endfacet
  facet normal 0.311239 0.870032 -0.382328
    outer loop
      vertex 17.4925 29.0973 0.851659
      vertex 17.8092 28.8885 0.634324
      vertex 17.4581 29.0141 0.634324
    endloop
  endfacet
  facet normal 0.427694 0.903923 -0
    outer loop
      vertex 18.1983 28.8546 1.08238
      vertex 17.8612 29.0141 11.6176
      vertex 18.1983 28.8546 11.6176
    endloop
  endfacet
  facet normal 0.427694 0.903923 0
    outer loop
      vertex 17.8612 29.0141 11.6176
      vertex 18.1983 28.8546 1.08238
      vertex 17.8612 29.0141 1.08238
    endloop
  endfacet
  facet normal 0.373404 0.412026 -0.831146
    outer loop
      vertex 19.037 27.487 0.141695
      vertex 18.899 27.8757 0.272388
      vertex 19.1753 27.6253 0.272388
    endloop
  endfacet
  facet normal 0.373404 0.412026 -0.831146
    outer loop
      vertex 18.899 27.8757 0.272388
      vertex 19.037 27.487 0.141695
      vertex 18.7607 27.7374 0.141695
    endloop
  endfacet
  facet normal 0.373404 -0.412026 -0.831146
    outer loop
      vertex 18.899 -33.8757 0.272388
      vertex 19.037 -33.487 0.141695
      vertex 19.1753 -33.6253 0.272388
    endloop
  endfacet
  facet normal 0.373404 -0.412026 -0.831146
    outer loop
      vertex 19.037 -33.487 0.141695
      vertex 18.899 -33.8757 0.272388
      vertex 18.7607 -33.7374 0.141695
    endloop
  endfacet
  facet normal 0.00958479 0.1951 -0.980736
    outer loop
      vertex 15.95 28.3176 0.00577831
      vertex 16.3225 28.53 0.051672
      vertex 16.3225 28.2993 0.00577831
    endloop
  endfacet
  facet normal 0.00958479 0.1951 -0.980736
    outer loop
      vertex 16.3225 28.53 0.051672
      vertex 15.95 28.3176 0.00577831
      vertex 15.95 28.5483 0.051672
    endloop
  endfacet
  facet normal 0.360715 0.12904 -0.923706
    outer loop
      vertex 19.7826 25.9875 0.051672
      vertex 20.109 25.7195 0.141695
      vertex 19.9082 25.6364 0.051672
    endloop
  endfacet
  facet normal 0.36068 0.128991 -0.923727
    outer loop
      vertex 20.109 25.7195 0.141695
      vertex 19.7826 25.9875 0.051672
      vertex 19.9834 26.0707 0.141695
    endloop
  endfacet
  facet normal -0.26819 0.884759 -0.381152
    outer loop
      vertex -17.4581 29.0141 0.634324
      vertex -17.4925 29.0973 0.851659
      vertex -17.2595 29.0743 0.634324
    endloop
  endfacet
  facet normal -0.243166 0.969985 0
    outer loop
      vertex -16.9243 29.2983 1.08238
      vertex -17.2861 29.2076 11.6176
      vertex -16.9243 29.2983 11.6176
    endloop
  endfacet
  facet normal -0.243166 0.969985 0
    outer loop
      vertex -17.2861 29.2076 11.6176
      vertex -16.9243 29.2983 1.08238
      vertex -17.2861 29.2076 1.08238
    endloop
  endfacet
  facet normal -0.622305 0.758271 -0.194324
    outer loop
      vertex -18.9987 28.2922 0.851659
      vertex -19.1727 28.1494 0.851659
      vertex -19.0242 28.3304 1.08238
    endloop
  endfacet
  facet normal -0.363784 0.606749 -0.706765
    outer loop
      vertex -18.4841 28.1925 0.272388
      vertex -18.2567 28.5226 0.438728
      vertex -18.1642 28.3843 0.272388
    endloop
  endfacet
  facet normal -0.363691 0.606721 -0.706837
    outer loop
      vertex -18.2567 28.5226 0.438728
      vertex -18.4841 28.1925 0.272388
      vertex -18.5765 28.3309 0.438728
    endloop
  endfacet
  facet normal -0.285855 0.476872 -0.831192
    outer loop
      vertex -18.3754 28.0299 0.141695
      vertex -18.1642 28.3843 0.272388
      vertex -18.0556 28.2216 0.141695
    endloop
  endfacet
  facet normal -0.285933 0.476902 -0.831148
    outer loop
      vertex -18.1642 28.3843 0.272388
      vertex -18.3754 28.0299 0.141695
      vertex -18.4841 28.1925 0.272388
    endloop
  endfacet
  facet normal -0.392448 0.734524 -0.553587
    outer loop
      vertex -18.0963 28.6083 0.438728
      vertex -18.2567 28.5226 0.438728
      vertex -18.1463 28.729 0.634324
    endloop
  endfacet
  facet normal -0.502664 0.237837 -0.831121
    outer loop
      vertex -19.9834 26.0707 0.141695
      vertex -20.0046 26.4826 0.272388
      vertex -19.8239 26.4078 0.141695
    endloop
  endfacet
  facet normal -0.502664 0.237837 -0.831121
    outer loop
      vertex -20.0046 26.4826 0.272388
      vertex -19.9834 26.0707 0.141695
      vertex -20.1641 26.1455 0.272388
    endloop
  endfacet
  facet normal -0.699781 0.103763 -0.706782
    outer loop
      vertex -20.6415 24.9534 0.438728
      vertex -20.4236 25.2899 0.272388
      vertex -20.4783 24.921 0.272388
    endloop
  endfacet
  facet normal -0.699781 0.103763 -0.706782
    outer loop
      vertex -20.4236 25.2899 0.272388
      vertex -20.6415 24.9534 0.438728
      vertex -20.5868 25.3223 0.438728
    endloop
  endfacet
  facet normal -0.622411 0.758209 0.194226
    outer loop
      vertex -19.0242 28.3304 11.6176
      vertex -19.2051 28.1819 11.6176
      vertex -19.1727 28.1494 11.8483
    endloop
  endfacet
  facet normal -0.620664 0.684589 -0.382249
    outer loop
      vertex -19.3853 27.8353 0.634324
      vertex -19.1727 28.1494 0.851659
      vertex -19.109 28.0858 0.634324
    endloop
  endfacet
  facet normal -0.620454 0.684631 -0.382515
    outer loop
      vertex -19.1727 28.1494 0.851659
      vertex -19.3853 27.8353 0.634324
      vertex -19.449 27.899 0.851659
    endloop
  endfacet
  facet normal -0.751948 0.355787 -0.554968
    outer loop
      vertex -20.1583 26.5463 0.438728
      vertex -20.4385 26.2592 0.634324
      vertex -20.279 26.5963 0.634324
    endloop
  endfacet
  facet normal -0.751871 0.355527 -0.555238
    outer loop
      vertex -20.4385 26.2592 0.634324
      vertex -20.1583 26.5463 0.438728
      vertex -20.3177 26.2092 0.438728
    endloop
  endfacet
  facet normal -0.671671 0.740849 0
    outer loop
      vertex -19.2051 28.1819 1.08238
      vertex -19.4814 27.9314 11.6176
      vertex -19.2051 28.1819 11.6176
    endloop
  endfacet
  facet normal -0.671671 0.740849 0
    outer loop
      vertex -19.4814 27.9314 11.6176
      vertex -19.2051 28.1819 1.08238
      vertex -19.4814 27.9314 1.08238
    endloop
  endfacet
  facet normal -0.742184 0.550445 -0.382325
    outer loop
      vertex -19.7674 27.3986 0.634324
      vertex -20.0644 27.1491 0.851659
      vertex -19.8422 27.4487 0.851659
    endloop
  endfacet
  facet normal -0.74219 0.550385 -0.382402
    outer loop
      vertex -20.0644 27.1491 0.851659
      vertex -19.7674 27.3986 0.634324
      vertex -19.9895 27.0991 0.634324
    endloop
  endfacet
  facet normal 0.187575 0.0567887 -0.980607
    outer loop
      vertex 19.928 25.571 0.051672
      vertex 19.7017 25.526 0.00577831
      vertex 19.9082 25.6364 0.051672
    endloop
  endfacet
  facet normal -0.111356 0.367811 -0.923209
    outer loop
      vertex -17.1864 28.3582 0.051672
      vertex -17.2695 28.559 0.141695
      vertex -17.121 28.378 0.051672
    endloop
  endfacet
  facet normal -0.195109 0 -0.980782
    outer loop
      vertex -20.0983 -30.4 0.051672
      vertex -19.8676 24.4 0.00577831
      vertex -19.8676 -30.4 0.00577831
    endloop
  endfacet
  facet normal -0.195109 0 -0.980782
    outer loop
      vertex -19.8676 24.4 0.00577831
      vertex -20.0983 -30.4 0.051672
      vertex -20.0983 24.4 0.051672
    endloop
  endfacet
  facet normal 0 0.195109 -0.980782
    outer loop
      vertex -15.95 28.3176 0.00577831
      vertex 15.95 28.5483 0.051672
      vertex 15.95 28.3176 0.00577831
    endloop
  endfacet
  facet normal 0 0.195109 -0.980782
    outer loop
      vertex 15.95 28.5483 0.051672
      vertex -15.95 28.3176 0.00577831
      vertex -15.95 28.5483 0.051672
    endloop
  endfacet
  facet normal 0.172747 0.092756 -0.980589
    outer loop
      vertex 19.41 26.2363 0.00577831
      vertex 19.3991 26.2566 0.00577831
      vertex 19.6231 26.3246 0.051672
    endloop
  endfacet
  facet normal 0.092756 0.172747 -0.980589
    outer loop
      vertex 17.8066 27.8491 0.00577831
      vertex 17.7863 27.86 0.00577831
      vertex 17.8746 28.0731 0.051672
    endloop
  endfacet
  facet normal -0.0568559 0.18754 -0.98061
    outer loop
      vertex -17.0981 28.145 0.00577831
      vertex -17.1864 28.3582 0.051672
      vertex -17.076 28.1517 0.00577831
    endloop
  endfacet
  facet normal -0.0272832 0.555355 -0.831165
    outer loop
      vertex -16.3225 28.943 0.272388
      vertex -15.95 28.7657 0.141695
      vertex -16.3225 28.7474 0.141695
    endloop
  endfacet
  facet normal -0.0272832 0.555355 -0.831165
    outer loop
      vertex -15.95 28.7657 0.141695
      vertex -16.3225 28.943 0.272388
      vertex -15.95 28.9613 0.272388
    endloop
  endfacet
  facet normal -0.33394 0.625018 0.705576
    outer loop
      vertex -18.0963 28.6083 12.2613
      vertex -18.2567 28.5226 12.2613
      vertex -18.0326 28.4546 12.4276
    endloop
  endfacet
  facet normal -0.205689 0.678345 0.705366
    outer loop
      vertex -17.234 28.9461 12.2613
      vertex -17.3444 28.7397 12.4276
      vertex -17.2016 28.783 12.4276
    endloop
  endfacet
  facet normal -0.146675 0.989185 0
    outer loop
      vertex -16.5554 29.353 1.08238
      vertex -16.9243 29.2983 11.6176
      vertex -16.5554 29.353 11.6176
    endloop
  endfacet
  facet normal -0.146675 0.989185 0
    outer loop
      vertex -16.9243 29.2983 11.6176
      vertex -16.5554 29.353 1.08238
      vertex -16.9243 29.2983 1.08238
    endloop
  endfacet
  facet normal -0.284594 0.938768 0.194217
    outer loop
      vertex -17.2861 29.2076 11.6176
      vertex -17.4925 29.0973 11.8483
      vertex -17.2771 29.1626 11.8483
    endloop
  endfacet
  facet normal -0.0905005 0.920163 0.380932
    outer loop
      vertex -16.3225 29.33 11.8483
      vertex -16.5289 29.2197 12.0657
      vertex -16.3225 29.24 12.0657
    endloop
  endfacet
  facet normal -0.081539 0.828675 0.553759
    outer loop
      vertex -16.3225 29.1093 12.2613
      vertex -16.5289 29.2197 12.0657
      vertex -16.5034 29.0915 12.2613
    endloop
  endfacet
  facet normal -0.262681 0.491732 0.83018
    outer loop
      vertex -18.0326 28.4546 12.4276
      vertex -18.1642 28.3843 12.4276
      vertex -17.9578 28.2739 12.5583
    endloop
  endfacet
  facet normal -0.35553 0.751876 0.555231
    outer loop
      vertex -17.8092 28.8885 12.0657
      vertex -18.0963 28.6083 12.2613
      vertex -17.7592 28.7677 12.2613
    endloop
  endfacet
  facet normal -0.355789 0.751953 0.55496
    outer loop
      vertex -18.0963 28.6083 12.2613
      vertex -17.8092 28.8885 12.0657
      vertex -18.1463 28.729 12.0657
    endloop
  endfacet
  facet normal -0.475082 0.792547 0.382318
    outer loop
      vertex -18.3793 28.7061 11.8483
      vertex -18.6491 28.4395 12.0657
      vertex -18.3293 28.6312 12.0657
    endloop
  endfacet
  facet normal -0.475082 0.792547 0.382318
    outer loop
      vertex -18.6491 28.4395 12.0657
      vertex -18.3793 28.7061 11.8483
      vertex -18.6991 28.5144 11.8483
    endloop
  endfacet
  facet normal -0.419489 0.886581 0.194946
    outer loop
      vertex -17.8612 29.0141 11.6176
      vertex -18.1807 28.8122 11.8483
      vertex -17.8436 28.9717 11.8483
    endloop
  endfacet
  facet normal -0.419489 0.886581 0.194946
    outer loop
      vertex -18.1807 28.8122 11.8483
      vertex -17.8612 29.0141 11.6176
      vertex -18.1983 28.8546 11.6176
    endloop
  endfacet
  facet normal -0.462165 0.86525 0.194281
    outer loop
      vertex -18.1983 28.8546 11.6176
      vertex -18.4048 28.7443 11.6176
      vertex -18.1807 28.8122 11.8483
    endloop
  endfacet
  facet normal -0.491732 0.262681 0.83018
    outer loop
      vertex -19.9343 26.6142 12.4276
      vertex -20.0046 26.4826 12.4276
      vertex -19.8239 26.4078 12.5583
    endloop
  endfacet
  facet normal -0.678149 0.205629 0.705571
    outer loop
      vertex -20.2897 25.7944 12.4276
      vertex -20.4962 25.684 12.2613
      vertex -20.333 25.6516 12.4276
    endloop
  endfacet
  facet normal -0.297127 0.243666 0.923224
    outer loop
      vertex -19.1338 27.057 12.6483
      vertex -19.2874 27.2107 12.5583
      vertex -19.1771 27.0042 12.6483
    endloop
  endfacet
  facet normal -0.151571 0.124299 0.9806
    outer loop
      vertex -19.1338 27.057 12.6483
      vertex -19.1771 27.0042 12.6483
      vertex -18.9706 26.8939 12.6942
    endloop
  endfacet
  facet normal -0.0377739 0.382244 0.923289
    outer loop
      vertex -16.3225 28.7474 12.5583
      vertex -16.4328 28.7365 12.5583
      vertex -16.3904 28.5233 12.6483
    endloop
  endfacet
  facet normal 0.970199 -0.144123 -0.194788
    outer loop
      vertex 20.903 -31.0054 1.08238
      vertex 20.8032 -31.3654 0.851659
      vertex 20.858 -30.9965 0.851659
    endloop
  endfacet
  facet normal 0.970199 -0.144123 -0.194788
    outer loop
      vertex 20.8032 -31.3654 0.851659
      vertex 20.903 -31.0054 1.08238
      vertex 20.8482 -31.3743 1.08238
    endloop
  endfacet
  facet normal 0.896328 -0.224516 -0.382346
    outer loop
      vertex 20.8032 -31.3654 0.851659
      vertex 20.6243 -31.7095 0.634324
      vertex 20.7149 -31.3478 0.634324
    endloop
  endfacet
  facet normal 0.896328 -0.224516 -0.382346
    outer loop
      vertex 20.6243 -31.7095 0.634324
      vertex 20.8032 -31.3654 0.851659
      vertex 20.7126 -31.7271 0.851659
    endloop
  endfacet
  facet normal 0.707192 0 -0.707022
    outer loop
      vertex 20.6776 -30.4 0.438728
      vertex 20.5113 24.4 0.272388
      vertex 20.6776 24.4 0.438728
    endloop
  endfacet
  facet normal 0.707192 0 -0.707022
    outer loop
      vertex 20.5113 24.4 0.272388
      vertex 20.6776 -30.4 0.438728
      vertex 20.5113 -30.4 0.272388
    endloop
  endfacet
  facet normal 0.82867 0.0815385 -0.553767
    outer loop
      vertex 20.6593 24.7725 0.438728
      vertex 20.6415 24.9534 0.438728
      vertex 20.7697 24.9789 0.634324
    endloop
  endfacet
  facet normal 0.797039 0.2416 -0.553496
    outer loop
      vertex 20.6243 25.7095 0.634324
      vertex 20.4962 25.684 0.438728
      vertex 20.5641 25.9081 0.634324
    endloop
  endfacet
  facet normal 0.792512 0.475061 -0.382415
    outer loop
      vertex 20.2561 26.8293 0.851659
      vertex 19.9895 27.0991 0.634324
      vertex 20.0644 27.1491 0.851659
    endloop
  endfacet
  facet normal 0.792512 0.475061 -0.382415
    outer loop
      vertex 19.9895 27.0991 0.634324
      vertex 20.2561 26.8293 0.851659
      vertex 20.1812 26.7793 0.634324
    endloop
  endfacet
  facet normal 0.951452 0.238323 0.194783
    outer loop
      vertex 20.7126 25.7271 11.8483
      vertex 20.8482 25.3743 11.6176
      vertex 20.7576 25.736 11.6176
    endloop
  endfacet
  facet normal 0.951452 0.238323 0.194783
    outer loop
      vertex 20.8482 25.3743 11.6176
      vertex 20.7126 25.7271 11.8483
      vertex 20.8032 25.3654 11.8483
    endloop
  endfacet
  facet normal 0.989146 0.146937 0
    outer loop
      vertex 20.903 25.0054 11.6176
      vertex 20.8482 25.3743 1.08238
      vertex 20.8482 25.3743 11.6176
    endloop
  endfacet
  facet normal 0.989146 0.146937 0
    outer loop
      vertex 20.8482 25.3743 1.08238
      vertex 20.903 25.0054 11.6176
      vertex 20.903 25.0054 1.08238
    endloop
  endfacet
  facet normal 0.886584 0.41949 -0.194929
    outer loop
      vertex 20.5641 26.3112 1.08238
      vertex 20.3622 26.6307 0.851659
      vertex 20.4046 26.6483 1.08238
    endloop
  endfacet
  facet normal 0.886584 0.41949 -0.194929
    outer loop
      vertex 20.3622 26.6307 0.851659
      vertex 20.5641 26.3112 1.08238
      vertex 20.5217 26.2936 0.851659
    endloop
  endfacet
  facet normal 0.938794 0.284602 -0.194082
    outer loop
      vertex 20.7126 25.7271 0.851659
      vertex 20.6473 25.9425 0.851659
      vertex 20.7576 25.736 1.08238
    endloop
  endfacet
  facet normal 0.857588 0.514338 0
    outer loop
      vertex 20.2943 26.8548 11.6176
      vertex 20.1025 27.1746 1.08238
      vertex 20.1025 27.1746 11.6176
    endloop
  endfacet
  facet normal 0.857588 0.514338 0
    outer loop
      vertex 20.1025 27.1746 1.08238
      vertex 20.2943 26.8548 11.6176
      vertex 20.2943 26.8548 1.08238
    endloop
  endfacet
  facet normal 0.797044 0.241602 0.553488
    outer loop
      vertex 20.5641 25.9081 12.0657
      vertex 20.4962 25.684 12.2613
      vertex 20.6243 25.7095 12.0657
    endloop
  endfacet
  facet normal 0.787908 0.584094 0.195026
    outer loop
      vertex 19.8422 27.4487 11.8483
      vertex 20.1025 27.1746 11.6176
      vertex 19.8804 27.4742 11.6176
    endloop
  endfacet
  facet normal 0.787835 0.584302 0.194695
    outer loop
      vertex 20.1025 27.1746 11.6176
      vertex 19.8422 27.4487 11.8483
      vertex 20.0644 27.1491 11.8483
    endloop
  endfacet
  facet normal 0.865205 0.462227 -0.194337
    outer loop
      vertex 20.3622 26.6307 0.851659
      vertex 20.2561 26.8293 0.851659
      vertex 20.2943 26.8548 1.08238
    endloop
  endfacet
  facet normal 0.841181 0.504498 -0.194667
    outer loop
      vertex 20.2943 26.8548 1.08238
      vertex 20.0644 27.1491 0.851659
      vertex 20.1025 27.1746 1.08238
    endloop
  endfacet
  facet normal 0.841238 0.504269 -0.195015
    outer loop
      vertex 20.0644 27.1491 0.851659
      vertex 20.2943 26.8548 1.08238
      vertex 20.2561 26.8293 0.851659
    endloop
  endfacet
  facet normal 0.803334 0.595529 0
    outer loop
      vertex 20.1025 27.1746 11.6176
      vertex 19.8804 27.4742 1.08238
      vertex 19.8804 27.4742 11.6176
    endloop
  endfacet
  facet normal 0.803334 0.595529 0
    outer loop
      vertex 19.8804 27.4742 1.08238
      vertex 20.1025 27.1746 11.6176
      vertex 20.1025 27.1746 1.08238
    endloop
  endfacet
  facet normal 0.822909 0.122243 0.554866
    outer loop
      vertex 20.5868 25.3223 12.2613
      vertex 20.7697 24.9789 12.0657
      vertex 20.7149 25.3478 12.0657
    endloop
  endfacet
  facet normal 0.822753 0.121997 0.555153
    outer loop
      vertex 20.7697 24.9789 12.0657
      vertex 20.5868 25.3223 12.2613
      vertex 20.6415 24.9534 12.2613
    endloop
  endfacet
  facet normal 0.714765 0.586428 0.381069
    outer loop
      vertex 19.8422 27.4487 11.8483
      vertex 19.6358 27.559 12.0657
      vertex 19.7674 27.3986 12.0657
    endloop
  endfacet
  facet normal 0.595529 0.803334 -0
    outer loop
      vertex 19.0242 28.3304 1.08238
      vertex 18.7246 28.5525 11.6176
      vertex 19.0242 28.3304 11.6176
    endloop
  endfacet
  facet normal 0.595529 0.803334 0
    outer loop
      vertex 18.7246 28.5525 11.6176
      vertex 19.0242 28.3304 1.08238
      vertex 18.7246 28.5525 1.08238
    endloop
  endfacet
  facet normal 0.758209 0.622411 0.194226
    outer loop
      vertex 19.7319 27.6551 11.6176
      vertex 19.6994 27.6227 11.8483
      vertex 19.8804 27.4742 11.6176
    endloop
  endfacet
  facet normal 0.462225 -0.865202 0.194354
    outer loop
      vertex 18.3793 -34.7061 11.8483
      vertex 18.1807 -34.8122 11.8483
      vertex 18.4048 -34.7443 11.6176
    endloop
  endfacet
  facet normal 0.35553 -0.751876 0.555231
    outer loop
      vertex 17.8092 -34.8885 12.0657
      vertex 18.0963 -34.6083 12.2613
      vertex 17.7592 -34.7677 12.2613
    endloop
  endfacet
  facet normal 0.355789 -0.751953 0.55496
    outer loop
      vertex 18.0963 -34.6083 12.2613
      vertex 17.8092 -34.8885 12.0657
      vertex 18.1463 -34.729 12.0657
    endloop
  endfacet
  facet normal 0.268227 -0.884778 0.38108
    outer loop
      vertex 17.4925 -35.0973 11.8483
      vertex 17.2595 -35.0743 12.0657
      vertex 17.2771 -35.1626 11.8483
    endloop
  endfacet
  facet normal 0.0958824 -0.976258 0.194236
    outer loop
      vertex 16.3225 -35.33 11.8483
      vertex 16.3225 -35.3759 11.6176
      vertex 16.5465 -35.308 11.8483
    endloop
  endfacet
  facet normal 0.09037 -0.920131 0.38104
    outer loop
      vertex 16.5289 -35.2197 12.0657
      vertex 16.3225 -35.33 11.8483
      vertex 16.5465 -35.308 11.8483
    endloop
  endfacet
  facet normal 0.0548209 -0.554747 0.830211
    outer loop
      vertex 16.3225 -34.7474 12.5583
      vertex 16.3225 -34.943 12.4276
      vertex 16.4328 -34.7365 12.5583
    endloop
  endfacet
  facet normal 0.0347175 -0.706681 0.706681
    outer loop
      vertex 15.95 -35.1276 12.2613
      vertex 16.3225 -34.943 12.4276
      vertex 15.95 -34.9613 12.4276
    endloop
  endfacet
  facet normal 0.0347175 -0.706681 0.706681
    outer loop
      vertex 16.3225 -34.943 12.4276
      vertex 15.95 -35.1276 12.2613
      vertex 16.3225 -35.1093 12.2613
    endloop
  endfacet
  facet normal -0.0567962 0.1876 0.980602
    outer loop
      vertex -17.121 28.378 12.6483
      vertex -17.1864 28.3582 12.6483
      vertex -17.076 28.1517 12.6942
    endloop
  endfacet
  facet normal -0.193224 -0.0286509 0.980736
    outer loop
      vertex -20.0733 -30.8404 12.6483
      vertex -19.7923 -31.1643 12.6942
      vertex -19.847 -30.7954 12.6942
    endloop
  endfacet
  facet normal -0.193224 -0.0286509 0.980736
    outer loop
      vertex -19.7923 -31.1643 12.6942
      vertex -20.0733 -30.8404 12.6483
      vertex -20.0186 -31.2093 12.6483
    endloop
  endfacet
  facet normal -0.205629 -0.678149 0.705571
    outer loop
      vertex -17.2016 -34.783 12.4276
      vertex -17.3444 -34.7397 12.4276
      vertex -17.234 -34.9462 12.2613
    endloop
  endfacet
  facet normal -0.0272842 -0.555376 0.831152
    outer loop
      vertex -16.3225 -34.943 12.4276
      vertex -15.95 -34.7657 12.5583
      vertex -16.3225 -34.7474 12.5583
    endloop
  endfacet
  facet normal -0.0272842 -0.555376 0.831152
    outer loop
      vertex -15.95 -34.7657 12.5583
      vertex -16.3225 -34.943 12.4276
      vertex -15.95 -34.9613 12.4276
    endloop
  endfacet
  facet normal -0.0287137 -0.193293 0.980721
    outer loop
      vertex -16.7143 -34.2423 12.6942
      vertex -16.3904 -34.5233 12.6483
      vertex -16.3454 -34.2971 12.6942
    endloop
  endfacet
  facet normal -0.0286509 -0.193224 0.980736
    outer loop
      vertex -16.3904 -34.5233 12.6483
      vertex -16.7143 -34.2423 12.6942
      vertex -16.7593 -34.4686 12.6483
    endloop
  endfacet
  facet normal -0.0567962 -0.1876 0.980602
    outer loop
      vertex -17.076 -34.1517 12.6942
      vertex -17.1864 -34.3582 12.6483
      vertex -17.121 -34.378 12.6483
    endloop
  endfacet
  facet normal -0.0377739 -0.382244 0.923289
    outer loop
      vertex -16.3904 -34.5233 12.6483
      vertex -16.4328 -34.7365 12.5583
      vertex -16.3225 -34.7474 12.5583
    endloop
  endfacet
  facet normal -0.0347175 -0.706681 0.706681
    outer loop
      vertex -16.3225 -35.1093 12.2613
      vertex -15.95 -34.9613 12.4276
      vertex -16.3225 -34.943 12.4276
    endloop
  endfacet
  facet normal -0.0347175 -0.706681 0.706681
    outer loop
      vertex -15.95 -34.9613 12.4276
      vertex -16.3225 -35.1093 12.2613
      vertex -15.95 -35.1276 12.2613
    endloop
  endfacet
  facet normal -0.0924629 -0.172865 0.980596
    outer loop
      vertex -17.8066 -33.8491 12.6942
      vertex -17.9348 -34.0409 12.6483
      vertex -17.8746 -34.0731 12.6483
    endloop
  endfacet
  facet normal -0.167578 0.100421 0.980731
    outer loop
      vertex -19.5909 26.3848 12.6483
      vertex -19.2074 26.5765 12.6942
      vertex -19.3992 26.7047 12.6483
    endloop
  endfacet
  facet normal -0.167578 0.100421 0.980731
    outer loop
      vertex -19.2074 26.5765 12.6942
      vertex -19.5909 26.3848 12.6483
      vertex -19.3991 26.2566 12.6942
    endloop
  endfacet
  facet normal -0.620481 -0.68466 0.382417
    outer loop
      vertex -19.1727 -34.1494 11.8483
      vertex -19.3853 -33.8353 12.0657
      vertex -19.449 -33.899 11.8483
    endloop
  endfacet
  facet normal -0.620691 -0.684619 0.382152
    outer loop
      vertex -19.3853 -33.8353 12.0657
      vertex -19.1727 -34.1494 11.8483
      vertex -19.109 -34.0858 12.0657
    endloop
  endfacet
  facet normal -0.100421 -0.167578 0.980731
    outer loop
      vertex -18.1265 -33.6574 12.6942
      vertex -17.9348 -34.0409 12.6483
      vertex -17.8066 -33.8491 12.6942
    endloop
  endfacet
  facet normal -0.100421 -0.167578 0.980731
    outer loop
      vertex -17.9348 -34.0409 12.6483
      vertex -18.1265 -33.6574 12.6942
      vertex -18.2547 -33.8492 12.6483
    endloop
  endfacet
  facet normal -0.116363 -0.156844 0.980744
    outer loop
      vertex -18.5542 -33.6271 12.6483
      vertex -18.1265 -33.6574 12.6942
      vertex -18.426 -33.4352 12.6942
    endloop
  endfacet
  facet normal -0.116367 -0.15692 0.980732
    outer loop
      vertex -18.1265 -33.6574 12.6942
      vertex -18.5542 -33.6271 12.6483
      vertex -18.2547 -33.8492 12.6483
    endloop
  endfacet
  facet normal 0.172865 -0.0924629 0.980596
    outer loop
      vertex 19.6231 -32.3246 12.6483
      vertex 19.3991 -32.2566 12.6942
      vertex 19.5909 -32.3848 12.6483
    endloop
  endfacet
  facet normal -0.504268 0.841235 0.195033
    outer loop
      vertex -18.4048 28.7443 11.6176
      vertex -18.6991 28.5144 11.8483
      vertex -18.3793 28.7061 11.8483
    endloop
  endfacet
  facet normal -0.504497 0.841179 0.194684
    outer loop
      vertex -18.6991 28.5144 11.8483
      vertex -18.4048 28.7443 11.6176
      vertex -18.7246 28.5525 11.6176
    endloop
  endfacet
  facet normal -0.714765 0.586428 0.381069
    outer loop
      vertex -19.6358 27.559 12.0657
      vertex -19.8422 27.4487 11.8483
      vertex -19.7674 27.3986 12.0657
    endloop
  endfacet
  facet normal -0.228111 0.307708 0.923732
    outer loop
      vertex -18.675 27.8078 12.5583
      vertex -18.2547 27.8492 12.6483
      vertex -18.3754 28.0299 12.5583
    endloop
  endfacet
  facet normal -0.228108 0.307602 0.923768
    outer loop
      vertex -18.2547 27.8492 12.6483
      vertex -18.675 27.8078 12.5583
      vertex -18.5542 27.6271 12.6483
    endloop
  endfacet
  facet normal -0.353709 0.431024 0.830125
    outer loop
      vertex -18.7836 27.9704 12.4276
      vertex -18.899 27.8757 12.4276
      vertex -18.675 27.8078 12.5583
    endloop
  endfacet
  facet normal -0.224794 0.896452 0.381892
    outer loop
      vertex -16.9154 29.2532 11.8483
      vertex -17.2595 29.0743 12.0657
      vertex -16.8978 29.165 12.0657
    endloop
  endfacet
  facet normal -0.224525 0.896367 0.382249
    outer loop
      vertex -17.2595 29.0743 12.0657
      vertex -16.9154 29.2532 11.8483
      vertex -17.2771 29.1626 11.8483
    endloop
  endfacet
  facet normal -0.123834 0.151824 0.98062
    outer loop
      vertex -18.426 27.4352 12.6942
      vertex -18.5542 27.6271 12.6483
      vertex -18.4439 27.4206 12.6942
    endloop
  endfacet
  facet normal -0.44935 0.547949 0.705575
    outer loop
      vertex -18.876 28.1087 12.2613
      vertex -19.0166 27.9934 12.2613
      vertex -18.899 27.8757 12.4276
    endloop
  endfacet
  facet normal -0.475004 0.524135 0.706862
    outer loop
      vertex -19.0166 27.9934 12.2613
      vertex -19.1753 27.6253 12.4276
      vertex -18.899 27.8757 12.4276
    endloop
  endfacet
  facet normal -0.475211 0.524155 0.706708
    outer loop
      vertex -19.1753 27.6253 12.4276
      vertex -19.0166 27.9934 12.2613
      vertex -19.2929 27.7429 12.2613
    endloop
  endfacet
  facet normal -0.163792 0.346171 0.923763
    outer loop
      vertex -17.9578 28.2739 12.5583
      vertex -17.5375 28.2326 12.6483
      vertex -17.6207 28.4334 12.5583
    endloop
  endfacet
  facet normal -0.163792 0.346171 0.923763
    outer loop
      vertex -17.5375 28.2326 12.6483
      vertex -17.9578 28.2739 12.5583
      vertex -17.8746 28.0731 12.6483
    endloop
  endfacet
  facet normal 0.131213 0.144785 0.980724
    outer loop
      vertex 18.607 27.5837 12.6483
      vertex 18.7202 27.1702 12.6942
      vertex 18.8833 27.3333 12.6483
    endloop
  endfacet
  facet normal 0.131213 0.144785 0.980724
    outer loop
      vertex 18.7202 27.1702 12.6942
      vertex 18.607 27.5837 12.6483
      vertex 18.4439 27.4206 12.6942
    endloop
  endfacet
  facet normal -0.884778 0.268227 0.38108
    outer loop
      vertex -20.6473 25.9425 11.8483
      vertex -20.7126 25.7271 11.8483
      vertex -20.6243 25.7095 12.0657
    endloop
  endfacet
  facet normal -0.807002 0.202141 -0.554876
    outer loop
      vertex -20.4962 25.684 0.438728
      vertex -20.7149 25.3478 0.634324
      vertex -20.6243 25.7095 0.634324
    endloop
  endfacet
  facet normal -0.807002 0.202141 -0.554876
    outer loop
      vertex -20.7149 25.3478 0.634324
      vertex -20.4962 25.684 0.438728
      vertex -20.5868 25.3223 0.438728
    endloop
  endfacet
  facet normal -0.920091 0.0903661 -0.381137
    outer loop
      vertex -20.7697 24.9789 0.634324
      vertex -20.88 24.7725 0.851659
      vertex -20.858 24.9965 0.851659
    endloop
  endfacet
  facet normal -0.625018 0.33394 0.705576
    outer loop
      vertex -20.0726 26.7067 12.2613
      vertex -20.1583 26.5463 12.2613
      vertex -20.0046 26.4826 12.4276
    endloop
  endfacet
  facet normal -0.938807 0.284449 0.194242
    outer loop
      vertex -20.6897 25.9601 11.6176
      vertex -20.7576 25.736 11.6176
      vertex -20.6473 25.9425 11.8483
    endloop
  endfacet
  facet normal -0.449665 0.547955 -0.70537
    outer loop
      vertex -18.7836 27.9704 0.272388
      vertex -18.899 27.8757 0.272388
      vertex -18.876 28.1087 0.438728
    endloop
  endfacet
  facet normal -0.586535 0.714685 -0.381053
    outer loop
      vertex -19.109 28.0858 0.634324
      vertex -19.1727 28.1494 0.851659
      vertex -18.9987 28.2922 0.851659
    endloop
  endfacet
  facet normal -0.430729 0.353831 -0.830226
    outer loop
      vertex -19.3578 27.125 0.141695
      vertex -19.4257 27.349 0.272388
      vertex -19.2874 27.2107 0.141695
    endloop
  endfacet
  facet normal -0.431009 0.353696 -0.830139
    outer loop
      vertex -19.3578 27.125 0.141695
      vertex -19.5204 27.2336 0.272388
      vertex -19.4257 27.349 0.272388
    endloop
  endfacet
  facet normal -0.124481 -0.151443 -0.980597
    outer loop
      vertex -18.5542 -33.6271 0.051672
      vertex -18.607 -33.5837 0.051672
      vertex -18.4439 -33.4206 0.00577831
    endloop
  endfacet
  facet normal -0.092756 0.172747 -0.980589
    outer loop
      vertex -17.8066 27.8491 0.00577831
      vertex -17.8746 28.0731 0.051672
      vertex -17.7863 27.86 0.00577831
    endloop
  endfacet
  facet normal -0.328567 0.196894 -0.92373
    outer loop
      vertex -19.7716 26.5056 0.141695
      vertex -19.3992 26.7047 0.051672
      vertex -19.5909 26.3848 0.051672
    endloop
  endfacet
  facet normal -0.328605 0.196978 -0.923698
    outer loop
      vertex -19.3992 26.7047 0.051672
      vertex -19.7716 26.5056 0.141695
      vertex -19.5799 26.8254 0.141695
    endloop
  endfacet
  facet normal -0.307669 0.228158 -0.923734
    outer loop
      vertex -19.3992 26.7047 0.051672
      vertex -19.3578 27.125 0.141695
      vertex -19.1771 27.0042 0.051672
    endloop
  endfacet
  facet normal -0.307775 0.228161 -0.923697
    outer loop
      vertex -19.3578 27.125 0.141695
      vertex -19.3992 26.7047 0.051672
      vertex -19.5799 26.8254 0.141695
    endloop
  endfacet
  facet normal -0.183874 0.0657777 -0.980747
    outer loop
      vertex -19.9082 25.6364 0.051672
      vertex -19.5694 25.8992 0.00577831
      vertex -19.695 25.5481 0.00577831
    endloop
  endfacet
  facet normal -0.183874 0.0657777 -0.980747
    outer loop
      vertex -19.5694 25.8992 0.00577831
      vertex -19.9082 25.6364 0.051672
      vertex -19.7826 25.9875 0.051672
    endloop
  endfacet
  facet normal -0.268227 -0.884778 0.38108
    outer loop
      vertex -17.2595 -35.0743 12.0657
      vertex -17.4925 -35.0973 11.8483
      vertex -17.2771 -35.1626 11.8483
    endloop
  endfacet
  facet normal -0.280138 -0.783093 0.555238
    outer loop
      vertex -17.4581 -35.0141 12.0657
      vertex -17.7592 -34.7677 12.2613
      vertex -17.8092 -34.8885 12.0657
    endloop
  endfacet
  facet normal -0.280397 -0.783193 0.554965
    outer loop
      vertex -17.7592 -34.7677 12.2613
      vertex -17.4581 -35.0141 12.0657
      vertex -17.4081 -34.8934 12.2613
    endloop
  endfacet
  facet normal -0.268201 -0.884797 0.381054
    outer loop
      vertex -17.4581 -35.0141 12.0657
      vertex -17.4925 -35.0973 11.8483
      vertex -17.2595 -35.0743 12.0657
    endloop
  endfacet
  facet normal -0.475082 -0.792547 0.382318
    outer loop
      vertex -18.3793 -34.7061 11.8483
      vertex -18.6491 -34.4395 12.0657
      vertex -18.6991 -34.5144 11.8483
    endloop
  endfacet
  facet normal -0.475082 -0.792547 0.382318
    outer loop
      vertex -18.6491 -34.4395 12.0657
      vertex -18.3793 -34.7061 11.8483
      vertex -18.3293 -34.6312 12.0657
    endloop
  endfacet
  facet normal -0.449611 -0.547889 0.705455
    outer loop
      vertex -18.7836 -33.9704 12.4276
      vertex -18.899 -33.8757 12.4276
      vertex -18.876 -34.1087 12.2613
    endloop
  endfacet
  facet normal -0.284594 -0.938768 0.194217
    outer loop
      vertex -17.2771 -35.1626 11.8483
      vertex -17.4925 -35.0973 11.8483
      vertex -17.2861 -35.2076 11.6176
    endloop
  endfacet
  facet normal -0.684589 -0.620664 -0.382249
    outer loop
      vertex -19.3853 -33.8353 0.634324
      vertex -19.6994 -33.6227 0.851659
      vertex -19.6358 -33.559 0.634324
    endloop
  endfacet
  facet normal -0.684631 -0.620454 -0.382515
    outer loop
      vertex -19.6994 -33.6227 0.851659
      vertex -19.3853 -33.8353 0.634324
      vertex -19.449 -33.899 0.851659
    endloop
  endfacet
  facet normal -0.923955 0 0.382502
    outer loop
      vertex -20.8983 12.9986 11.8483
      vertex -20.8083 24.4 12.0657
      vertex -20.8983 24.4 11.8483
    endloop
  endfacet
  facet normal -0.924073 6.37597e-06 0.382216
    outer loop
      vertex -20.8588 12.8738 11.9438
      vertex -20.8083 24.4 12.0657
      vertex -20.8983 12.9986 11.8483
    endloop
  endfacet
  facet normal -0.923937 2.29496e-06 0.382546
    outer loop
      vertex -20.847 12.8274 11.9723
      vertex -20.8083 24.4 12.0657
      vertex -20.8588 12.8738 11.9438
    endloop
  endfacet
  facet normal -0.923836 0 0.382789
    outer loop
      vertex -20.8083 24.4 12.0657
      vertex -20.847 12.8274 11.9723
      vertex -20.8083 12.6752 12.0657
    endloop
  endfacet
  facet normal -0.923955 0 0.382502
    outer loop
      vertex -20.8083 -30.4 12.0657
      vertex -20.8983 2.96142 11.8483
      vertex -20.8983 -30.4 11.8483
    endloop
  endfacet
  facet normal -0.924075 -2.21446e-06 0.382212
    outer loop
      vertex -20.8983 2.96142 11.8483
      vertex -20.8083 -30.4 12.0657
      vertex -20.8588 3.08617 11.9438
    endloop
  endfacet
  facet normal -0.923937 -7.98804e-07 0.382544
    outer loop
      vertex -20.8588 3.08617 11.9438
      vertex -20.8083 -30.4 12.0657
      vertex -20.847 3.13264 11.9723
    endloop
  endfacet
  facet normal -0.923836 0 0.382789
    outer loop
      vertex -20.847 3.13264 11.9723
      vertex -20.8083 -30.4 12.0657
      vertex -20.8083 3.28479 12.0657
    endloop
  endfacet
  facet normal -0.353709 -0.431024 0.830125
    outer loop
      vertex -18.675 -33.8078 12.5583
      vertex -18.899 -33.8757 12.4276
      vertex -18.7836 -33.9704 12.4276
    endloop
  endfacet
  facet normal -0.595529 -0.803334 0
    outer loop
      vertex -19.0242 -34.3304 1.08238
      vertex -18.7246 -34.5525 11.6176
      vertex -19.0242 -34.3304 11.6176
    endloop
  endfacet
  facet normal -0.595529 -0.803334 -0
    outer loop
      vertex -18.7246 -34.5525 11.6176
      vertex -19.0242 -34.3304 1.08238
      vertex -18.7246 -34.5525 1.08238
    endloop
  endfacet
  facet normal -0.831456 0 -0.555591
    outer loop
      vertex -20.6776 24.4 0.438728
      vertex -20.8083 10.4425 0.634324
      vertex -20.8083 24.4 0.634324
    endloop
  endfacet
  facet normal -0.83137 -2.61266e-06 -0.555719
    outer loop
      vertex -20.6776 24.4 0.438728
      vertex -20.7055 9.74028 0.480536
      vertex -20.8083 10.4425 0.634324
    endloop
  endfacet
  facet normal -0.831793 0 -0.555086
    outer loop
      vertex -20.7055 9.74028 0.480536
      vertex -20.6776 24.4 0.438728
      vertex -20.6776 9.41848 0.438728
    endloop
  endfacet
  facet normal -0.831793 0 -0.555086
    outer loop
      vertex -20.6776 -30.4 0.438728
      vertex -20.7055 6.21972 0.480536
      vertex -20.6776 6.54152 0.438728
    endloop
  endfacet
  facet normal -0.831367 1.05403e-06 -0.555724
    outer loop
      vertex -20.6776 -30.4 0.438728
      vertex -20.8083 5.51746 0.634324
      vertex -20.7055 6.21972 0.480536
    endloop
  endfacet
  facet normal -0.831456 -0 -0.555591
    outer loop
      vertex -20.8083 5.51746 0.634324
      vertex -20.6776 -30.4 0.438728
      vertex -20.8083 -30.4 0.634324
    endloop
  endfacet
  facet normal -0.751876 -0.35553 0.555231
    outer loop
      vertex -20.4385 -32.2592 12.0657
      vertex -20.1583 -32.5463 12.2613
      vertex -20.3177 -32.2092 12.2613
    endloop
  endfacet
  facet normal -0.751953 -0.355789 0.55496
    outer loop
      vertex -20.1583 -32.5463 12.2613
      vertex -20.4385 -32.2592 12.0657
      vertex -20.279 -32.5963 12.0657
    endloop
  endfacet
  facet normal -0.886584 -0.41949 -0.194929
    outer loop
      vertex -20.3622 -32.6307 0.851659
      vertex -20.5641 -32.3112 1.08238
      vertex -20.5217 -32.2936 0.851659
    endloop
  endfacet
  facet normal -0.886584 -0.41949 -0.194929
    outer loop
      vertex -20.5641 -32.3112 1.08238
      vertex -20.3622 -32.6307 0.851659
      vertex -20.4046 -32.6483 1.08238
    endloop
  endfacet
  facet normal -0.976267 0.0959919 0.194132
    outer loop
      vertex -20.903 25.0054 11.6176
      vertex -20.9259 24.7725 11.6176
      vertex -20.858 24.9965 11.8483
    endloop
  endfacet
  facet normal -0.976258 0.0958824 0.194236
    outer loop
      vertex -20.858 24.9965 11.8483
      vertex -20.9259 24.7725 11.6176
      vertex -20.88 24.7725 11.8483
    endloop
  endfacet
  facet normal -0.193224 0.0286509 0.980736
    outer loop
      vertex -20.0733 24.8404 12.6483
      vertex -19.7923 25.1643 12.6942
      vertex -20.0186 25.2093 12.6483
    endloop
  endfacet
  facet normal -0.193224 0.0286509 0.980736
    outer loop
      vertex -19.7923 25.1643 12.6942
      vertex -20.0733 24.8404 12.6483
      vertex -19.847 24.7954 12.6942
    endloop
  endfacet
  facet normal -0.382153 0 0.924099
    outer loop
      vertex -20.2076 4.77392 12.6031
      vertex -20.0983 -30.4 12.6483
      vertex -20.0983 5.05816 12.6483
    endloop
  endfacet
  facet normal -0.382851 -2.53998e-06 0.92381
    outer loop
      vertex -20.3157 4.55519 12.5583
      vertex -20.0983 -30.4 12.6483
      vertex -20.2076 4.77392 12.6031
    endloop
  endfacet
  facet normal -0.382502 0 0.923955
    outer loop
      vertex -20.0983 -30.4 12.6483
      vertex -20.3157 4.55519 12.5583
      vertex -20.3157 -30.4 12.5583
    endloop
  endfacet
  facet normal -0.382153 0 0.924099
    outer loop
      vertex -20.0983 24.4 12.6483
      vertex -20.2076 11.1861 12.6031
      vertex -20.0983 10.9018 12.6483
    endloop
  endfacet
  facet normal -0.382502 0 0.923955
    outer loop
      vertex -20.3157 11.4048 12.5583
      vertex -20.0983 24.4 12.6483
      vertex -20.3157 24.4 12.5583
    endloop
  endfacet
  facet normal -0.382843 6.69169e-06 0.923813
    outer loop
      vertex -20.0983 24.4 12.6483
      vertex -20.3157 11.4048 12.5583
      vertex -20.2076 11.1861 12.6031
    endloop
  endfacet
  facet normal 0.0815385 0.82867 -0.553767
    outer loop
      vertex 16.5034 29.0915 0.438728
      vertex 16.3225 29.1093 0.438728
      vertex 16.5289 29.2197 0.634324
    endloop
  endfacet
  facet normal 0.0698339 0.705465 -0.705296
    outer loop
      vertex 16.471 28.9283 0.272388
      vertex 16.3225 28.943 0.272388
      vertex 16.3225 29.1093 0.438728
    endloop
  endfacet
  facet normal 0.0453429 0.922964 -0.382206
    outer loop
      vertex 16.3225 29.24 0.634324
      vertex 15.95 29.3483 0.851659
      vertex 16.3225 29.33 0.851659
    endloop
  endfacet
  facet normal 0.0453429 0.922964 -0.382206
    outer loop
      vertex 15.95 29.3483 0.851659
      vertex 16.3225 29.24 0.634324
      vertex 15.95 29.2583 0.634324
    endloop
  endfacet
  facet normal 0.554727 0.0548189 -0.830225
    outer loop
      vertex 20.2974 24.7725 0.141695
      vertex 20.2865 24.8828 0.141695
      vertex 20.493 24.7725 0.272388
    endloop
  endfacet
  facet normal 0.822904 0.122242 -0.554874
    outer loop
      vertex 20.7697 24.9789 0.634324
      vertex 20.5868 25.3223 0.438728
      vertex 20.7149 25.3478 0.634324
    endloop
  endfacet
  facet normal 0.822748 0.121996 -0.55516
    outer loop
      vertex 20.5868 25.3223 0.438728
      vertex 20.7697 24.9789 0.634324
      vertex 20.6415 24.9534 0.438728
    endloop
  endfacet
  facet normal 0.705465 0.0698339 -0.705296
    outer loop
      vertex 20.493 24.7725 0.272388
      vertex 20.4783 24.921 0.272388
      vertex 20.6593 24.7725 0.438728
    endloop
  endfacet
  facet normal 0.151804 -0.123817 -0.980625
    outer loop
      vertex 19.1771 -33.0042 0.051672
      vertex 18.9706 -32.8939 0.00577831
      vertex 18.9852 -32.876 0.00577831
    endloop
  endfacet
  facet normal -0.382327 0.0377821 -0.923254
    outer loop
      vertex -20.0733 24.8404 0.051672
      vertex -20.2974 24.7725 0.141695
      vertex -20.2865 24.8828 0.141695
    endloop
  endfacet
  facet normal 0.367811 0.111356 -0.923209
    outer loop
      vertex 19.928 25.571 0.051672
      vertex 19.9082 25.6364 0.051672
      vertex 20.109 25.7195 0.141695
    endloop
  endfacet
  facet normal 0.523543 0.187235 -0.831171
    outer loop
      vertex 19.9834 26.0707 0.141695
      vertex 20.2897 25.7944 0.272388
      vertex 20.109 25.7195 0.141695
    endloop
  endfacet
  facet normal 0.523587 0.187304 -0.831128
    outer loop
      vertex 20.2897 25.7944 0.272388
      vertex 19.9834 26.0707 0.141695
      vertex 20.1641 26.1455 0.272388
    endloop
  endfacet
  facet normal 0.382327 0.0377821 -0.923254
    outer loop
      vertex 20.2974 24.7725 0.141695
      vertex 20.0733 24.8404 0.051672
      vertex 20.2865 24.8828 0.141695
    endloop
  endfacet
  facet normal 0.0187546 0.195219 -0.98058
    outer loop
      vertex 16.3454 28.2971 0.00577831
      vertex 16.3225 28.2993 0.00577831
      vertex 16.3904 28.5233 0.051672
    endloop
  endfacet
  facet normal 0.171898 0.686453 -0.706565
    outer loop
      vertex 16.8398 28.8736 0.272388
      vertex 17.234 28.9461 0.438728
      vertex 17.2016 28.783 0.272388
    endloop
  endfacet
  facet normal 0.17206 0.686152 -0.706817
    outer loop
      vertex 17.234 28.9461 0.438728
      vertex 16.8398 28.8736 0.272388
      vertex 16.8723 29.0368 0.438728
    endloop
  endfacet
  facet normal 0.427714 0.713526 -0.554924
    outer loop
      vertex 18.5765 28.3309 0.438728
      vertex 18.3293 28.6312 0.634324
      vertex 18.6491 28.4395 0.634324
    endloop
  endfacet
  facet normal 0.427714 0.713526 -0.554924
    outer loop
      vertex 18.3293 28.6312 0.634324
      vertex 18.5765 28.3309 0.438728
      vertex 18.2567 28.5226 0.438728
    endloop
  endfacet
  facet normal 0.161748 0.533431 -0.830234
    outer loop
      vertex 17.2695 28.559 0.141695
      vertex 17.2016 28.783 0.272388
      vertex 17.3444 28.7397 0.272388
    endloop
  endfacet
  facet normal 0.7053 -0.0693993 -0.705504
    outer loop
      vertex 20.6415 -30.9534 0.438728
      vertex 20.4783 -30.921 0.272388
      vertex 20.6593 -30.7725 0.438728
    endloop
  endfacet
  facet normal 0.194974 -0.0195826 -0.980613
    outer loop
      vertex 20.0733 -30.8404 0.051672
      vertex 19.847 -30.7954 0.00577831
      vertex 19.8493 -30.7725 0.00577831
    endloop
  endfacet
  facet normal 0.431009 0.353696 -0.830139
    outer loop
      vertex 19.5204 27.2336 0.272388
      vertex 19.3578 27.125 0.141695
      vertex 19.4257 27.349 0.272388
    endloop
  endfacet
  facet normal 0.658835 0.726691 -0.194568
    outer loop
      vertex 19.449 27.899 0.851659
      vertex 19.2051 28.1819 1.08238
      vertex 19.4814 27.9314 1.08238
    endloop
  endfacet
  facet normal 0.65865 0.726777 -0.19487
    outer loop
      vertex 19.2051 28.1819 1.08238
      vertex 19.449 27.899 0.851659
      vertex 19.1727 28.1494 0.851659
    endloop
  endfacet
  facet normal 0.558707 0.61625 -0.555052
    outer loop
      vertex 19.2929 27.7429 0.438728
      vertex 19.109 28.0858 0.634324
      vertex 19.3853 27.8353 0.634324
    endloop
  endfacet
  facet normal 0.558707 0.61625 -0.555052
    outer loop
      vertex 19.109 28.0858 0.634324
      vertex 19.2929 27.7429 0.438728
      vertex 19.0166 27.9934 0.438728
    endloop
  endfacet
  facet normal 0.787911 0.584096 -0.195009
    outer loop
      vertex 20.1025 27.1746 1.08238
      vertex 19.8422 27.4487 0.851659
      vertex 19.8804 27.4742 1.08238
    endloop
  endfacet
  facet normal 0.787838 0.584304 -0.194678
    outer loop
      vertex 19.8422 27.4487 0.851659
      vertex 20.1025 27.1746 1.08238
      vertex 20.0644 27.1491 0.851659
    endloop
  endfacet
  facet normal 0.412026 0.373404 -0.831146
    outer loop
      vertex 19.037 27.487 0.141695
      vertex 19.4257 27.349 0.272388
      vertex 19.2874 27.2107 0.141695
    endloop
  endfacet
  facet normal 0.412026 0.373404 -0.831146
    outer loop
      vertex 19.4257 27.349 0.272388
      vertex 19.037 27.487 0.141695
      vertex 19.1753 27.6253 0.272388
    endloop
  endfacet
  facet normal 0.620454 0.684631 -0.382515
    outer loop
      vertex 19.3853 27.8353 0.634324
      vertex 19.1727 28.1494 0.851659
      vertex 19.449 27.899 0.851659
    endloop
  endfacet
  facet normal 0.620664 0.684589 -0.382249
    outer loop
      vertex 19.1727 28.1494 0.851659
      vertex 19.3853 27.8353 0.634324
      vertex 19.109 28.0858 0.634324
    endloop
  endfacet
  facet normal 0.189458 0.0474561 -0.980741
    outer loop
      vertex 19.7923 25.1643 0.00577831
      vertex 19.928 25.571 0.051672
      vertex 20.0186 25.2093 0.051672
    endloop
  endfacet
  facet normal 0.189458 0.0474561 -0.980741
    outer loop
      vertex 19.928 25.571 0.051672
      vertex 19.7923 25.1643 0.00577831
      vertex 19.7017 25.526 0.00577831
    endloop
  endfacet
  facet normal 0.0548189 0.554727 -0.830225
    outer loop
      vertex 16.4328 28.7365 0.141695
      vertex 16.3225 28.7474 0.141695
      vertex 16.3225 28.943 0.272388
    endloop
  endfacet
  facet normal 0.0347216 0.706765 -0.706595
    outer loop
      vertex 16.3225 28.943 0.272388
      vertex 15.95 29.1276 0.438728
      vertex 16.3225 29.1093 0.438728
    endloop
  endfacet
  facet normal 0.0347216 0.706765 -0.706595
    outer loop
      vertex 15.95 29.1276 0.438728
      vertex 16.3225 28.943 0.272388
      vertex 15.95 28.9613 0.272388
    endloop
  endfacet
  facet normal 0.0187571 -0.195245 0.980575
    outer loop
      vertex 16.3454 -34.2971 12.6942
      vertex 16.3225 -34.2993 12.6942
      vertex 16.3904 -34.5233 12.6483
    endloop
  endfacet
  facet normal 0.0192513 -0.195099 0.980595
    outer loop
      vertex 16.3225 -34.2993 12.6942
      vertex 16.3225 -34.53 12.6483
      vertex 16.3904 -34.5233 12.6483
    endloop
  endfacet
  facet normal 0.0561667 -0.378792 0.923776
    outer loop
      vertex 16.7593 -34.4686 12.6483
      vertex 16.4328 -34.7365 12.5583
      vertex 16.8017 -34.6818 12.5583
    endloop
  endfacet
  facet normal 0.0561667 -0.378792 0.923776
    outer loop
      vertex 16.4328 -34.7365 12.5583
      vertex 16.7593 -34.4686 12.6483
      vertex 16.3904 -34.5233 12.6483
    endloop
  endfacet
  facet normal -0.187564 0.0568634 0.980605
    outer loop
      vertex -19.695 25.5481 12.6942
      vertex -19.9082 25.6364 12.6483
      vertex -19.7017 25.526 12.6942
    endloop
  endfacet
  facet normal 0.0927683 -0.17277 0.980584
    outer loop
      vertex 17.8066 -33.8491 12.6942
      vertex 17.7863 -33.86 12.6942
      vertex 17.8746 -34.0731 12.6483
    endloop
  endfacet
  facet normal 0.435643 -0.815445 0.381136
    outer loop
      vertex 18.3293 -34.6312 12.0657
      vertex 18.1807 -34.8122 11.8483
      vertex 18.3793 -34.7061 11.8483
    endloop
  endfacet
  facet normal 0.228108 -0.307602 0.923768
    outer loop
      vertex 18.2547 -33.8492 12.6483
      vertex 18.675 -33.8078 12.5583
      vertex 18.5542 -33.6271 12.6483
    endloop
  endfacet
  facet normal 0.228111 -0.307708 0.923732
    outer loop
      vertex 18.675 -33.8078 12.5583
      vertex 18.2547 -33.8492 12.6483
      vertex 18.3754 -34.0299 12.5583
    endloop
  endfacet
  facet normal 0.161754 -0.53345 0.830221
    outer loop
      vertex 17.2695 -34.559 12.5583
      vertex 17.2016 -34.783 12.4276
      vertex 17.3444 -34.7397 12.4276
    endloop
  endfacet
  facet normal 0.0815044 -0.828695 0.553734
    outer loop
      vertex 16.3225 -35.1093 12.2613
      vertex 16.3225 -35.24 12.0657
      vertex 16.5289 -35.2197 12.0657
    endloop
  endfacet
  facet normal 0.135121 -0.53944 0.831112
    outer loop
      vertex 16.8017 -34.6818 12.5583
      vertex 17.2016 -34.783 12.4276
      vertex 17.1634 -34.5912 12.5583
    endloop
  endfacet
  facet normal 0.135097 -0.539494 0.83108
    outer loop
      vertex 17.2016 -34.783 12.4276
      vertex 16.8017 -34.6818 12.5583
      vertex 16.8398 -34.8736 12.4276
    endloop
  endfacet
  facet normal -0.156844 0.116363 0.980744
    outer loop
      vertex -19.1771 27.0042 12.6483
      vertex -19.2074 26.5765 12.6942
      vertex -18.9852 26.876 12.6942
    endloop
  endfacet
  facet normal -0.15692 0.116367 0.980732
    outer loop
      vertex -19.2074 26.5765 12.6942
      vertex -19.1771 27.0042 12.6483
      vertex -19.3992 26.7047 12.6483
    endloop
  endfacet
  facet normal 0.938794 -0.284602 -0.194082
    outer loop
      vertex 20.7576 -31.736 1.08238
      vertex 20.6473 -31.9425 0.851659
      vertex 20.7126 -31.7271 0.851659
    endloop
  endfacet
  facet normal 0.0347216 -0.706765 -0.706595
    outer loop
      vertex 15.95 -34.9613 0.272388
      vertex 16.3225 -35.1093 0.438728
      vertex 15.95 -35.1276 0.438728
    endloop
  endfacet
  facet normal 0.0347216 -0.706765 -0.706595
    outer loop
      vertex 16.3225 -35.1093 0.438728
      vertex 15.95 -34.9613 0.272388
      vertex 16.3225 -34.943 0.272388
    endloop
  endfacet
  facet normal 0.41949 -0.886584 -0.194929
    outer loop
      vertex 18.1807 -34.8122 0.851659
      vertex 17.8612 -35.0141 1.08238
      vertex 17.8436 -34.9717 0.851659
    endloop
  endfacet
  facet normal 0.41949 -0.886584 -0.194929
    outer loop
      vertex 17.8612 -35.0141 1.08238
      vertex 18.1807 -34.8122 0.851659
      vertex 18.1983 -34.8546 1.08238
    endloop
  endfacet
  facet normal 0.0548189 -0.554727 -0.830225
    outer loop
      vertex 16.4328 -34.7365 0.141695
      vertex 16.3225 -34.943 0.272388
      vertex 16.3225 -34.7474 0.141695
    endloop
  endfacet
  facet normal -0.0693993 -0.7053 -0.705504
    outer loop
      vertex -16.3225 -35.1093 0.438728
      vertex -16.5034 -35.0915 0.438728
      vertex -16.471 -34.9283 0.272388
    endloop
  endfacet
  facet normal 0.0815385 -0.82867 -0.553767
    outer loop
      vertex 16.5289 -35.2197 0.634324
      vertex 16.3225 -35.1093 0.438728
      vertex 16.5034 -35.0915 0.438728
    endloop
  endfacet
  facet normal 0.976261 -0.0958828 -0.194219
    outer loop
      vertex 20.9259 -30.7725 1.08238
      vertex 20.858 -30.9965 0.851659
      vertex 20.88 -30.7725 0.851659
    endloop
  endfacet
  facet normal 0.976271 -0.0959923 -0.194115
    outer loop
      vertex 20.903 -31.0054 1.08238
      vertex 20.858 -30.9965 0.851659
      vertex 20.9259 -30.7725 1.08238
    endloop
  endfacet
  facet normal 0.1569 0.116352 -0.980737
    outer loop
      vertex 19.2074 26.5765 0.00577831
      vertex 19.1771 27.0042 0.051672
      vertex 19.3992 26.7047 0.051672
    endloop
  endfacet
  facet normal 0.156823 0.116348 -0.98075
    outer loop
      vertex 19.1771 27.0042 0.051672
      vertex 19.2074 26.5765 0.00577831
      vertex 18.9852 26.876 0.00577831
    endloop
  endfacet
  facet normal 0.123817 -0.151804 -0.980625
    outer loop
      vertex 18.5542 -33.6271 0.051672
      vertex 18.426 -33.4352 0.00577831
      vertex 18.4439 -33.4206 0.00577831
    endloop
  endfacet
  facet normal 0.93881 -0.28445 -0.194225
    outer loop
      vertex 20.6897 -31.9601 1.08238
      vertex 20.6473 -31.9425 0.851659
      vertex 20.7576 -31.736 1.08238
    endloop
  endfacet
  facet normal 0.772928 -0.634493 0
    outer loop
      vertex 19.7319 -33.6551 11.6176
      vertex 19.8804 -33.4742 1.08238
      vertex 19.8804 -33.4742 11.6176
    endloop
  endfacet
  facet normal 0.772928 -0.634493 0
    outer loop
      vertex 19.8804 -33.4742 1.08238
      vertex 19.7319 -33.6551 11.6176
      vertex 19.7319 -33.6551 1.08238
    endloop
  endfacet
  facet normal 0.634493 -0.772928 0
    outer loop
      vertex 19.0242 -34.3304 1.08238
      vertex 19.2051 -34.1819 11.6176
      vertex 19.0242 -34.3304 11.6176
    endloop
  endfacet
  facet normal 0.634493 -0.772928 0
    outer loop
      vertex 19.2051 -34.1819 11.6176
      vertex 19.0242 -34.3304 1.08238
      vertex 19.2051 -34.1819 1.08238
    endloop
  endfacet
  facet normal 0.726777 -0.65865 -0.19487
    outer loop
      vertex 19.7319 -33.6551 1.08238
      vertex 19.449 -33.899 0.851659
      vertex 19.6994 -33.6227 0.851659
    endloop
  endfacet
  facet normal 0.726691 -0.658835 -0.194568
    outer loop
      vertex 19.449 -33.899 0.851659
      vertex 19.7319 -33.6551 1.08238
      vertex 19.4814 -33.9314 1.08238
    endloop
  endfacet
  facet normal 0.831456 0 -0.555591
    outer loop
      vertex 20.8083 -30.4 0.634324
      vertex 20.6776 24.4 0.438728
      vertex 20.8083 24.4 0.634324
    endloop
  endfacet
  facet normal 0.831456 0 -0.555591
    outer loop
      vertex 20.6776 24.4 0.438728
      vertex 20.8083 -30.4 0.634324
      vertex 20.6776 -30.4 0.438728
    endloop
  endfacet
  facet normal 0.195073 -0.0192487 -0.9806
    outer loop
      vertex 20.0733 -30.8404 0.051672
      vertex 19.8493 -30.7725 0.00577831
      vertex 20.08 -30.7725 0.051672
    endloop
  endfacet
  facet normal 0.0549157 -0.55476 -0.830196
    outer loop
      vertex 16.471 -34.9283 0.272388
      vertex 16.3225 -34.943 0.272388
      vertex 16.4328 -34.7365 0.141695
    endloop
  endfacet
  facet normal 0.462167 -0.865253 -0.194264
    outer loop
      vertex 18.1983 -34.8546 1.08238
      vertex 18.1807 -34.8122 0.851659
      vertex 18.4048 -34.7443 1.08238
    endloop
  endfacet
  facet normal 0.419489 -0.886581 0.194946
    outer loop
      vertex 17.8612 -35.0141 11.6176
      vertex 18.1807 -34.8122 11.8483
      vertex 17.8436 -34.9717 11.8483
    endloop
  endfacet
  facet normal 0.419489 -0.886581 0.194946
    outer loop
      vertex 18.1807 -34.8122 11.8483
      vertex 17.8612 -35.0141 11.6176
      vertex 18.1983 -34.8546 11.6176
    endloop
  endfacet
  facet normal 0.330369 -0.923507 -0.194916
    outer loop
      vertex 17.8436 -34.9717 0.851659
      vertex 17.5101 -35.1397 1.08238
      vertex 17.4925 -35.0973 0.851659
    endloop
  endfacet
  facet normal 0.330369 -0.923507 -0.194916
    outer loop
      vertex 17.5101 -35.1397 1.08238
      vertex 17.8436 -34.9717 0.851659
      vertex 17.8612 -35.0141 1.08238
    endloop
  endfacet
  facet normal 0.353696 -0.431009 -0.830139
    outer loop
      vertex 18.7836 -33.9704 0.272388
      vertex 18.675 -33.8078 0.141695
      vertex 18.899 -33.8757 0.272388
    endloop
  endfacet
  facet normal 0.504269 -0.841238 -0.195015
    outer loop
      vertex 18.6991 -34.5144 0.851659
      vertex 18.4048 -34.7443 1.08238
      vertex 18.3793 -34.7061 0.851659
    endloop
  endfacet
  facet normal 0.504498 -0.841181 -0.194667
    outer loop
      vertex 18.4048 -34.7443 1.08238
      vertex 18.6991 -34.5144 0.851659
      vertex 18.7246 -34.5525 1.08238
    endloop
  endfacet
  facet normal 0.622303 -0.758268 0.194341
    outer loop
      vertex 19.1727 -34.1494 11.8483
      vertex 18.9987 -34.2922 11.8483
      vertex 19.0242 -34.3304 11.6176
    endloop
  endfacet
  facet normal 0.666106 -0.238288 0.706768
    outer loop
      vertex 20.1641 -32.1455 12.4276
      vertex 20.4434 -31.858 12.2613
      vertex 20.2897 -31.7944 12.4276
    endloop
  endfacet
  facet normal 0.666186 -0.238438 0.706643
    outer loop
      vertex 20.4434 -31.858 12.2613
      vertex 20.1641 -32.1455 12.4276
      vertex 20.3177 -32.2092 12.2613
    endloop
  endfacet
  facet normal 0.792547 -0.475082 0.382318
    outer loop
      vertex 19.9895 -33.0991 12.0657
      vertex 20.2561 -32.8293 11.8483
      vertex 20.1812 -32.7793 12.0657
    endloop
  endfacet
  facet normal 0.792547 -0.475082 0.382318
    outer loop
      vertex 20.2561 -32.8293 11.8483
      vertex 19.9895 -33.0991 12.0657
      vertex 20.0644 -33.1491 11.8483
    endloop
  endfacet
  facet normal 0.815445 -0.435643 0.381136
    outer loop
      vertex 20.3622 -32.6307 11.8483
      vertex 20.1812 -32.7793 12.0657
      vertex 20.2561 -32.8293 11.8483
    endloop
  endfacet
  facet normal 0.622411 -0.758209 0.194226
    outer loop
      vertex 19.1727 -34.1494 11.8483
      vertex 19.0242 -34.3304 11.6176
      vertex 19.2051 -34.1819 11.6176
    endloop
  endfacet
  facet normal 0.714765 -0.586428 0.381069
    outer loop
      vertex 19.7674 -33.3986 12.0657
      vertex 19.6358 -33.559 12.0657
      vertex 19.8422 -33.4487 11.8483
    endloop
  endfacet
  facet normal 0.568047 -0.421436 0.706905
    outer loop
      vertex 19.7425 -32.9341 12.4276
      vertex 19.6587 -33.326 12.2613
      vertex 19.8809 -33.0265 12.2613
    endloop
  endfacet
  facet normal 0.568272 -0.421413 0.706738
    outer loop
      vertex 19.6587 -33.326 12.2613
      vertex 19.7425 -32.9341 12.4276
      vertex 19.5204 -33.2336 12.4276
    endloop
  endfacet
  facet normal 0.714716 -0.58656 0.380956
    outer loop
      vertex 19.8422 -33.4487 11.8483
      vertex 19.6358 -33.559 12.0657
      vertex 19.6994 -33.6227 11.8483
    endloop
  endfacet
  facet normal 0.643853 -0.527996 0.55378
    outer loop
      vertex 19.6587 -33.326 12.2613
      vertex 19.5434 -33.4666 12.2613
      vertex 19.7674 -33.3986 12.0657
    endloop
  endfacet
  facet normal 0.616254 -0.55871 0.555044
    outer loop
      vertex 19.2929 -33.7429 12.2613
      vertex 19.6358 -33.559 12.0657
      vertex 19.5434 -33.4666 12.2613
    endloop
  endfacet
  facet normal 0.616254 -0.55871 0.555044
    outer loop
      vertex 19.6358 -33.559 12.0657
      vertex 19.2929 -33.7429 12.2613
      vertex 19.3853 -33.8353 12.0657
    endloop
  endfacet
  facet normal 0.547889 -0.449611 0.705455
    outer loop
      vertex 19.5204 -33.2336 12.4276
      vertex 19.4257 -33.349 12.4276
      vertex 19.6587 -33.326 12.2613
    endloop
  endfacet
  facet normal 0.491732 -0.262681 0.83018
    outer loop
      vertex 20.0046 -32.4826 12.4276
      vertex 19.8239 -32.4078 12.5583
      vertex 19.9343 -32.6142 12.4276
    endloop
  endfacet
  facet normal 0.373417 -0.412042 0.831132
    outer loop
      vertex 19.037 -33.487 12.5583
      vertex 18.899 -33.8757 12.4276
      vertex 19.1753 -33.6253 12.4276
    endloop
  endfacet
  facet normal 0.373417 -0.412042 0.831132
    outer loop
      vertex 18.899 -33.8757 12.4276
      vertex 19.037 -33.487 12.5583
      vertex 18.7607 -33.7374 12.5583
    endloop
  endfacet
  facet normal 0.53345 -0.161754 0.830221
    outer loop
      vertex 20.333 -31.6516 12.4276
      vertex 20.109 -31.7195 12.5583
      vertex 20.2897 -31.7944 12.4276
    endloop
  endfacet
  facet normal 0.533471 -0.161902 0.830179
    outer loop
      vertex 20.1412 -31.6134 12.5583
      vertex 20.109 -31.7195 12.5583
      vertex 20.333 -31.6516 12.4276
    endloop
  endfacet
  facet normal 0.555376 -0.0272842 0.831152
    outer loop
      vertex 20.3157 -30.4 12.5583
      vertex 20.493 -30.7725 12.4276
      vertex 20.5113 -30.4 12.4276
    endloop
  endfacet
  facet normal 0.555376 -0.0272842 0.831152
    outer loop
      vertex 20.493 -30.7725 12.4276
      vertex 20.3157 -30.4 12.5583
      vertex 20.2974 -30.7725 12.5583
    endloop
  endfacet
  facet normal 0.0286509 0.193224 0.980736
    outer loop
      vertex 16.3904 28.5233 12.6483
      vertex 16.7143 28.2423 12.6942
      vertex 16.7593 28.4686 12.6483
    endloop
  endfacet
  facet normal 0.0287137 0.193293 0.980721
    outer loop
      vertex 16.7143 28.2423 12.6942
      vertex 16.3904 28.5233 12.6483
      vertex 16.3454 28.2971 12.6942
    endloop
  endfacet
  facet normal 0.0568634 0.187564 0.980605
    outer loop
      vertex 17.1864 28.3582 12.6483
      vertex 17.076 28.1517 12.6942
      vertex 17.0981 28.145 12.6942
    endloop
  endfacet
  facet normal 0.131213 -0.144785 0.980724
    outer loop
      vertex 18.7202 -33.1702 12.6942
      vertex 18.607 -33.5837 12.6483
      vertex 18.8833 -33.3333 12.6483
    endloop
  endfacet
  facet normal 0.131213 -0.144785 0.980724
    outer loop
      vertex 18.607 -33.5837 12.6483
      vertex 18.7202 -33.1702 12.6942
      vertex 18.4439 -33.4206 12.6942
    endloop
  endfacet
  facet normal 0.124498 -0.151463 0.980591
    outer loop
      vertex 18.607 -33.5837 12.6483
      vertex 18.4439 -33.4206 12.6942
      vertex 18.5542 -33.6271 12.6483
    endloop
  endfacet
  facet normal 0.307708 -0.228111 0.923732
    outer loop
      vertex 19.3992 -32.7047 12.6483
      vertex 19.3578 -33.125 12.5583
      vertex 19.5799 -32.8254 12.5583
    endloop
  endfacet
  facet normal 0.307602 -0.228108 0.923768
    outer loop
      vertex 19.3578 -33.125 12.5583
      vertex 19.3992 -32.7047 12.6483
      vertex 19.1771 -33.0042 12.6483
    endloop
  endfacet
  facet normal -0.346171 -0.163792 0.923763
    outer loop
      vertex -19.7826 -31.9875 12.6483
      vertex -19.8239 -32.4078 12.5583
      vertex -19.6231 -32.3246 12.6483
    endloop
  endfacet
  facet normal -0.346171 -0.163792 0.923763
    outer loop
      vertex -19.8239 -32.4078 12.5583
      vertex -19.7826 -31.9875 12.6483
      vertex -19.9834 -32.0707 12.5583
    endloop
  endfacet
  facet normal 0.346171 -0.163792 0.923763
    outer loop
      vertex 19.7826 -31.9875 12.6483
      vertex 19.8239 -32.4078 12.5583
      vertex 19.9834 -32.0707 12.5583
    endloop
  endfacet
  facet normal 0.346171 -0.163792 0.923763
    outer loop
      vertex 19.8239 -32.4078 12.5583
      vertex 19.7826 -31.9875 12.6483
      vertex 19.6231 -32.3246 12.6483
    endloop
  endfacet
  facet normal 0.353709 0.431024 0.830125
    outer loop
      vertex 18.7836 27.9704 12.4276
      vertex 18.675 27.8078 12.5583
      vertex 18.899 27.8757 12.4276
    endloop
  endfacet
  facet normal 0.421436 0.568047 0.706905
    outer loop
      vertex 18.4841 28.1925 12.4276
      vertex 18.876 28.1087 12.2613
      vertex 18.5765 28.3309 12.2613
    endloop
  endfacet
  facet normal 0.421413 0.568272 0.706738
    outer loop
      vertex 18.876 28.1087 12.2613
      vertex 18.4841 28.1925 12.4276
      vertex 18.7836 27.9704 12.4276
    endloop
  endfacet
  facet normal 0.283759 0.25716 0.923769
    outer loop
      vertex 18.8833 27.3333 12.6483
      vertex 19.2874 27.2107 12.5583
      vertex 19.037 27.487 12.5583
    endloop
  endfacet
  facet normal 0.283788 0.257289 0.923724
    outer loop
      vertex 19.2874 27.2107 12.5583
      vertex 18.8833 27.3333 12.6483
      vertex 19.1338 27.057 12.6483
    endloop
  endfacet
  facet normal 0.527918 0.643757 0.553967
    outer loop
      vertex 18.9487 28.2174 12.0657
      vertex 18.876 28.1087 12.2613
      vertex 19.0166 27.9934 12.2613
    endloop
  endfacet
  facet normal 0.584094 0.787908 0.195026
    outer loop
      vertex 18.7246 28.5525 11.6176
      vertex 18.9987 28.2922 11.8483
      vertex 19.0242 28.3304 11.6176
    endloop
  endfacet
  facet normal 0.584302 0.787835 0.194695
    outer loop
      vertex 18.9987 28.2922 11.8483
      vertex 18.7246 28.5525 11.6176
      vertex 18.6991 28.5144 11.8483
    endloop
  endfacet
  facet normal 0.363647 0.606648 0.706922
    outer loop
      vertex 18.2567 28.5226 12.2613
      vertex 18.4841 28.1925 12.4276
      vertex 18.5765 28.3309 12.2613
    endloop
  endfacet
  facet normal 0.36374 0.606676 0.70685
    outer loop
      vertex 18.4841 28.1925 12.4276
      vertex 18.2567 28.5226 12.2613
      vertex 18.1642 28.3843 12.4276
    endloop
  endfacet
  facet normal 0.643799 0.528204 0.553646
    outer loop
      vertex 19.6358 27.559 12.0657
      vertex 19.5434 27.4666 12.2613
      vertex 19.7674 27.3986 12.0657
    endloop
  endfacet
  facet normal 0.47692 0.285943 0.831134
    outer loop
      vertex 19.5799 26.8254 12.5583
      vertex 19.9343 26.6142 12.4276
      vertex 19.7425 26.9341 12.4276
    endloop
  endfacet
  facet normal 0.47689 0.285865 0.831178
    outer loop
      vertex 19.9343 26.6142 12.4276
      vertex 19.5799 26.8254 12.5583
      vertex 19.7716 26.5056 12.5583
    endloop
  endfacet
  facet normal 0.758268 0.622303 0.194341
    outer loop
      vertex 19.8804 27.4742 11.6176
      vertex 19.6994 27.6227 11.8483
      vertex 19.8422 27.4487 11.8483
    endloop
  endfacet
  facet normal 0.193224 0.0286509 0.980736
    outer loop
      vertex 19.7923 25.1643 12.6942
      vertex 20.0733 24.8404 12.6483
      vertex 20.0186 25.2093 12.6483
    endloop
  endfacet
  facet normal 0.193224 0.0286509 0.980736
    outer loop
      vertex 20.0733 24.8404 12.6483
      vertex 19.7923 25.1643 12.6942
      vertex 19.847 24.7954 12.6942
    endloop
  endfacet
  facet normal 0.195 0.0195852 0.980608
    outer loop
      vertex 20.0733 24.8404 12.6483
      vertex 19.847 24.7954 12.6942
      vertex 19.8493 24.7725 12.6942
    endloop
  endfacet
  facet normal -0.367568 0.111552 0.923282
    outer loop
      vertex -20.109 25.7195 12.5583
      vertex -20.1412 25.6134 12.5583
      vertex -19.928 25.571 12.6483
    endloop
  endfacet
  facet normal 0.0549177 0.554781 0.830182
    outer loop
      vertex 16.471 28.9283 12.4276
      vertex 16.3225 28.943 12.4276
      vertex 16.4328 28.7365 12.5583
    endloop
  endfacet
  facet normal 0.97964 -0.0481273 0.194909
    outer loop
      vertex 20.88 -30.7725 11.8483
      vertex 20.9442 -30.4 11.6176
      vertex 20.8983 -30.4 11.8483
    endloop
  endfacet
  facet normal 0.97964 -0.0481273 0.194909
    outer loop
      vertex 20.9442 -30.4 11.6176
      vertex 20.88 -30.7725 11.8483
      vertex 20.9259 -30.7725 11.6176
    endloop
  endfacet
  facet normal 0.896367 -0.224525 0.382249
    outer loop
      vertex 20.6243 -31.7095 12.0657
      vertex 20.8032 -31.3654 11.8483
      vertex 20.7149 -31.3478 12.0657
    endloop
  endfacet
  facet normal 0.896367 -0.224525 0.382249
    outer loop
      vertex 20.8032 -31.3654 11.8483
      vertex 20.6243 -31.7095 12.0657
      vertex 20.7126 -31.7271 11.8483
    endloop
  endfacet
  facet normal 0.367568 0.111552 0.923282
    outer loop
      vertex 20.109 25.7195 12.5583
      vertex 19.928 25.571 12.6483
      vertex 20.1412 25.6134 12.5583
    endloop
  endfacet
  facet normal 0.360602 0.128962 0.923761
    outer loop
      vertex 19.7826 25.9875 12.6483
      vertex 20.109 25.7195 12.5583
      vertex 19.9834 26.0707 12.5583
    endloop
  endfacet
  facet normal 0.360637 0.129012 0.923741
    outer loop
      vertex 20.109 25.7195 12.5583
      vertex 19.7826 25.9875 12.6483
      vertex 19.9082 25.6364 12.6483
    endloop
  endfacet
  facet normal 0.502683 0.237846 0.831107
    outer loop
      vertex 20.0046 26.4826 12.4276
      vertex 19.9834 26.0707 12.5583
      vertex 20.1641 26.1455 12.4276
    endloop
  endfacet
  facet normal 0.502683 0.237846 0.831107
    outer loop
      vertex 19.9834 26.0707 12.5583
      vertex 20.0046 26.4826 12.4276
      vertex 19.8239 26.4078 12.5583
    endloop
  endfacet
  facet normal 0.533471 0.161902 0.830179
    outer loop
      vertex 20.333 25.6516 12.4276
      vertex 20.109 25.7195 12.5583
      vertex 20.1412 25.6134 12.5583
    endloop
  endfacet
  facet normal 0.53345 0.161754 0.830221
    outer loop
      vertex 20.2897 25.7944 12.4276
      vertex 20.109 25.7195 12.5583
      vertex 20.333 25.6516 12.4276
    endloop
  endfacet
  facet normal 0.123834 0.151824 0.98062
    outer loop
      vertex 18.5542 27.6271 12.6483
      vertex 18.426 27.4352 12.6942
      vertex 18.4439 27.4206 12.6942
    endloop
  endfacet
  facet normal -0 0.555583 0.831461
    outer loop
      vertex -15.95 28.9613 12.4276
      vertex 15.95 28.7657 12.5583
      vertex 15.95 28.9613 12.4276
    endloop
  endfacet
  facet normal 0 0.555583 0.831461
    outer loop
      vertex 15.95 28.7657 12.5583
      vertex -15.95 28.9613 12.4276
      vertex -15.95 28.7657 12.5583
    endloop
  endfacet
  facet normal 0.081539 0.828675 0.553759
    outer loop
      vertex 16.5289 29.2197 12.0657
      vertex 16.3225 29.1093 12.2613
      vertex 16.5034 29.0915 12.2613
    endloop
  endfacet
  facet normal 0.135097 0.539494 0.83108
    outer loop
      vertex 16.8017 28.6818 12.5583
      vertex 17.2016 28.783 12.4276
      vertex 16.8398 28.8736 12.4276
    endloop
  endfacet
  facet normal 0.135121 0.53944 0.831112
    outer loop
      vertex 17.2016 28.783 12.4276
      vertex 16.8017 28.6818 12.5583
      vertex 17.1634 28.5912 12.5583
    endloop
  endfacet
  facet normal 0.284565 0.938771 0.194245
    outer loop
      vertex 17.5101 29.1397 11.6176
      vertex 17.2861 29.2076 11.6176
      vertex 17.4925 29.0973 11.8483
    endloop
  endfacet
  facet normal 0.330367 0.923503 0.194933
    outer loop
      vertex 17.5101 29.1397 11.6176
      vertex 17.8436 28.9717 11.8483
      vertex 17.8612 29.0141 11.6176
    endloop
  endfacet
  facet normal 0.330367 0.923503 0.194933
    outer loop
      vertex 17.8436 28.9717 11.8483
      vertex 17.5101 29.1397 11.6176
      vertex 17.4925 29.0973 11.8483
    endloop
  endfacet
  facet normal 0.238504 0.951387 0.194881
    outer loop
      vertex 16.9243 29.2983 11.6176
      vertex 17.2771 29.1626 11.8483
      vertex 17.2861 29.2076 11.6176
    endloop
  endfacet
  facet normal 0.238304 0.951376 0.19518
    outer loop
      vertex 17.2771 29.1626 11.8483
      vertex 16.9243 29.2983 11.6176
      vertex 16.9154 29.2532 11.8483
    endloop
  endfacet
  facet normal 0.355789 0.751953 0.55496
    outer loop
      vertex 17.8092 28.8885 12.0657
      vertex 18.0963 28.6083 12.2613
      vertex 18.1463 28.729 12.0657
    endloop
  endfacet
  facet normal 0.35553 0.751876 0.555231
    outer loop
      vertex 18.0963 28.6083 12.2613
      vertex 17.8092 28.8885 12.0657
      vertex 17.7592 28.7677 12.2613
    endloop
  endfacet
  facet normal 0.462225 0.865202 0.194354
    outer loop
      vertex 18.4048 28.7443 11.6176
      vertex 18.1807 28.8122 11.8483
      vertex 18.3793 28.7061 11.8483
    endloop
  endfacet
  facet normal 0.18115 0.338748 0.923274
    outer loop
      vertex 17.9578 28.2739 12.5583
      vertex 17.9348 28.0409 12.6483
      vertex 18.0556 28.2216 12.5583
    endloop
  endfacet
  facet normal 0.0959919 0.976267 0.194132
    outer loop
      vertex 16.5554 29.353 11.6176
      vertex 16.3225 29.3759 11.6176
      vertex 16.5465 29.308 11.8483
    endloop
  endfacet
  facet normal 0.143854 0.970158 -0.19519
    outer loop
      vertex 16.9154 29.2532 0.851659
      vertex 16.5554 29.353 1.08238
      vertex 16.9243 29.2983 1.08238
    endloop
  endfacet
  facet normal 0.144123 0.970199 -0.194788
    outer loop
      vertex 16.5554 29.353 1.08238
      vertex 16.9154 29.2532 0.851659
      vertex 16.5465 29.308 0.851659
    endloop
  endfacet
  facet normal 0.284595 0.938771 -0.1942
    outer loop
      vertex 17.4925 29.0973 0.851659
      vertex 17.2771 29.1626 0.851659
      vertex 17.2861 29.2076 1.08238
    endloop
  endfacet
  facet normal 0.268215 0.88474 -0.381177
    outer loop
      vertex 17.4925 29.0973 0.851659
      vertex 17.2595 29.0743 0.634324
      vertex 17.2771 29.1626 0.851659
    endloop
  endfacet
  facet normal 0.392448 0.734524 -0.553587
    outer loop
      vertex 18.2567 28.5226 0.438728
      vertex 18.0963 28.6083 0.438728
      vertex 18.1463 28.729 0.634324
    endloop
  endfacet
  facet normal 0.462227 0.865205 -0.194337
    outer loop
      vertex 18.3793 28.7061 0.851659
      vertex 18.1807 28.8122 0.851659
      vertex 18.4048 28.7443 1.08238
    endloop
  endfacet
  facet normal 0.504498 0.841181 -0.194667
    outer loop
      vertex 18.6991 28.5144 0.851659
      vertex 18.4048 28.7443 1.08238
      vertex 18.7246 28.5525 1.08238
    endloop
  endfacet
  facet normal 0.504269 0.841238 -0.195015
    outer loop
      vertex 18.4048 28.7443 1.08238
      vertex 18.6991 28.5144 0.851659
      vertex 18.3793 28.7061 0.851659
    endloop
  endfacet
  facet normal -0.193198 -0.0286472 -0.980741
    outer loop
      vertex -20.0733 -30.8404 0.051672
      vertex -19.7923 -31.1643 0.00577831
      vertex -20.0186 -31.2093 0.051672
    endloop
  endfacet
  facet normal -0.193198 -0.0286472 -0.980741
    outer loop
      vertex -19.7923 -31.1643 0.00577831
      vertex -20.0733 -30.8404 0.051672
      vertex -19.847 -30.7954 0.00577831
    endloop
  endfacet
  facet normal -0.371539 0.0930644 -0.923741
    outer loop
      vertex -20.0186 25.2093 0.051672
      vertex -20.1412 25.6134 0.141695
      vertex -19.928 25.571 0.051672
    endloop
  endfacet
  facet normal -0.371539 0.0930644 -0.923741
    outer loop
      vertex -20.1412 25.6134 0.141695
      vertex -20.0186 25.2093 0.051672
      vertex -20.2318 25.2517 0.141695
    endloop
  endfacet
  facet normal -0.0287099 0.193268 -0.980726
    outer loop
      vertex -16.7143 28.2423 0.00577831
      vertex -16.3904 28.5233 0.051672
      vertex -16.3454 28.2971 0.00577831
    endloop
  endfacet
  facet normal -0.0286472 0.193198 -0.980741
    outer loop
      vertex -16.3904 28.5233 0.051672
      vertex -16.7143 28.2423 0.00577831
      vertex -16.7593 28.4686 0.051672
    endloop
  endfacet
  facet normal 0.193198 0.0286472 -0.980741
    outer loop
      vertex 19.7923 25.1643 0.00577831
      vertex 20.0733 24.8404 0.051672
      vertex 19.847 24.7954 0.00577831
    endloop
  endfacet
  facet normal 0.193198 0.0286472 -0.980741
    outer loop
      vertex 20.0733 24.8404 0.051672
      vertex 19.7923 25.1643 0.00577831
      vertex 20.0186 25.2093 0.051672
    endloop
  endfacet
  facet normal -0.555355 0.0272832 -0.831165
    outer loop
      vertex -20.3157 24.4 0.141695
      vertex -20.493 24.7725 0.272388
      vertex -20.2974 24.7725 0.141695
    endloop
  endfacet
  facet normal -0.555355 0.0272832 -0.831165
    outer loop
      vertex -20.493 24.7725 0.272388
      vertex -20.3157 24.4 0.141695
      vertex -20.5113 24.4 0.272388
    endloop
  endfacet
  facet normal -0.195073 -0.0192487 -0.9806
    outer loop
      vertex -20.0733 -30.8404 0.051672
      vertex -20.08 -30.7725 0.051672
      vertex -19.8493 -30.7725 0.00577831
    endloop
  endfacet
  facet normal -0.156823 0.116348 -0.98075
    outer loop
      vertex -19.2074 26.5765 0.00577831
      vertex -19.1771 27.0042 0.051672
      vertex -18.9852 26.876 0.00577831
    endloop
  endfacet
  facet normal -0.1569 0.116352 -0.980737
    outer loop
      vertex -19.1771 27.0042 0.051672
      vertex -19.2074 26.5765 0.00577831
      vertex -19.3992 26.7047 0.051672
    endloop
  endfacet
  facet normal -0.18119 0.338821 -0.923239
    outer loop
      vertex -17.9348 28.0409 0.051672
      vertex -18.0556 28.2216 0.141695
      vertex -17.9578 28.2739 0.141695
    endloop
  endfacet
  facet normal -0.0272832 -0.555355 -0.831165
    outer loop
      vertex -16.3225 -34.943 0.272388
      vertex -15.95 -34.7657 0.141695
      vertex -15.95 -34.9613 0.272388
    endloop
  endfacet
  facet normal -0.0272832 -0.555355 -0.831165
    outer loop
      vertex -15.95 -34.7657 0.141695
      vertex -16.3225 -34.943 0.272388
      vertex -16.3225 -34.7474 0.141695
    endloop
  endfacet
  facet normal -0.135092 -0.539474 -0.831094
    outer loop
      vertex -17.2016 -34.783 0.272388
      vertex -16.8017 -34.6818 0.141695
      vertex -16.8398 -34.8736 0.272388
    endloop
  endfacet
  facet normal -0.135116 -0.53942 -0.831125
    outer loop
      vertex -16.8017 -34.6818 0.141695
      vertex -17.2016 -34.783 0.272388
      vertex -17.1634 -34.5912 0.141695
    endloop
  endfacet
  facet normal -0.0978536 0.995201 0
    outer loop
      vertex -16.3225 29.3759 1.08238
      vertex -16.5554 29.353 11.6176
      vertex -16.3225 29.3759 11.6176
    endloop
  endfacet
  facet normal -0.0978536 0.995201 0
    outer loop
      vertex -16.5554 29.353 11.6176
      vertex -16.3225 29.3759 1.08238
      vertex -16.5554 29.353 1.08238
    endloop
  endfacet
  facet normal -0.0959923 0.976271 -0.194115
    outer loop
      vertex -16.5465 29.308 0.851659
      vertex -16.5554 29.353 1.08238
      vertex -16.3225 29.3759 1.08238
    endloop
  endfacet
  facet normal -0.336829 0.941566 0
    outer loop
      vertex -17.5101 29.1397 1.08238
      vertex -17.8612 29.0141 11.6176
      vertex -17.5101 29.1397 11.6176
    endloop
  endfacet
  facet normal -0.336829 0.941566 0
    outer loop
      vertex -17.8612 29.0141 11.6176
      vertex -17.5101 29.1397 1.08238
      vertex -17.8612 29.0141 1.08238
    endloop
  endfacet
  facet normal -0.514338 0.857588 0
    outer loop
      vertex -18.4048 28.7443 1.08238
      vertex -18.7246 28.5525 11.6176
      vertex -18.4048 28.7443 11.6176
    endloop
  endfacet
  facet normal -0.514338 0.857588 0
    outer loop
      vertex -18.7246 28.5525 11.6176
      vertex -18.4048 28.7443 1.08238
      vertex -18.7246 28.5525 1.08238
    endloop
  endfacet
  facet normal -0.49567 0.668106 -0.554929
    outer loop
      vertex -18.876 28.1087 0.438728
      vertex -18.6491 28.4395 0.634324
      vertex -18.5765 28.3309 0.438728
    endloop
  endfacet
  facet normal -0.495253 0.668067 -0.555348
    outer loop
      vertex -18.6491 28.4395 0.634324
      vertex -18.876 28.1087 0.438728
      vertex -18.9487 28.2174 0.634324
    endloop
  endfacet
  facet normal -0.284566 0.938775 -0.194228
    outer loop
      vertex -17.4925 29.0973 0.851659
      vertex -17.5101 29.1397 1.08238
      vertex -17.2861 29.2076 1.08238
    endloop
  endfacet
  facet normal -0.548015 0.449403 -0.70549
    outer loop
      vertex -19.4257 27.349 0.272388
      vertex -19.6587 27.326 0.438728
      vertex -19.5434 27.4666 0.438728
    endloop
  endfacet
  facet normal -0.446781 0.331209 -0.831076
    outer loop
      vertex -19.5799 26.8254 0.141695
      vertex -19.5204 27.2336 0.272388
      vertex -19.3578 27.125 0.141695
    endloop
  endfacet
  facet normal -0.446636 0.331212 -0.831153
    outer loop
      vertex -19.5204 27.2336 0.272388
      vertex -19.5799 26.8254 0.141695
      vertex -19.7425 26.9341 0.272388
    endloop
  endfacet
  facet normal -0.903923 0.427694 0
    outer loop
      vertex -20.5641 26.3112 1.08238
      vertex -20.4046 26.6483 11.6176
      vertex -20.4046 26.6483 1.08238
    endloop
  endfacet
  facet normal -0.903923 0.427694 0
    outer loop
      vertex -20.4046 26.6483 11.6176
      vertex -20.5641 26.3112 1.08238
      vertex -20.5641 26.3112 11.6176
    endloop
  endfacet
  facet normal -0.475061 0.524198 -0.706777
    outer loop
      vertex -19.1753 27.6253 0.272388
      vertex -19.0166 27.9934 0.438728
      vertex -18.899 27.8757 0.272388
    endloop
  endfacet
  facet normal -0.475268 0.524218 -0.706623
    outer loop
      vertex -19.0166 27.9934 0.438728
      vertex -19.1753 27.6253 0.272388
      vertex -19.2929 27.7429 0.438728
    endloop
  endfacet
  facet normal -0.643795 0.528201 -0.553653
    outer loop
      vertex -19.5434 27.4666 0.438728
      vertex -19.7674 27.3986 0.634324
      vertex -19.6358 27.559 0.634324
    endloop
  endfacet
  facet normal -0.684631 0.620454 -0.382515
    outer loop
      vertex -19.3853 27.8353 0.634324
      vertex -19.6994 27.6227 0.851659
      vertex -19.449 27.899 0.851659
    endloop
  endfacet
  facet normal -0.684589 0.620664 -0.382249
    outer loop
      vertex -19.6994 27.6227 0.851659
      vertex -19.3853 27.8353 0.634324
      vertex -19.6358 27.559 0.634324
    endloop
  endfacet
  facet normal -0.527914 0.643753 -0.553975
    outer loop
      vertex -18.876 28.1087 0.438728
      vertex -19.0166 27.9934 0.438728
      vertex -18.9487 28.2174 0.634324
    endloop
  endfacet
  facet normal -0.920123 0.0904966 -0.38103
    outer loop
      vertex -20.79 24.7725 0.634324
      vertex -20.88 24.7725 0.851659
      vertex -20.7697 24.9789 0.634324
    endloop
  endfacet
  facet normal -0.666186 0.238317 -0.706683
    outer loop
      vertex -20.4434 25.858 0.438728
      vertex -20.1641 26.1455 0.272388
      vertex -20.2897 25.7944 0.272388
    endloop
  endfacet
  facet normal -0.666266 0.238467 -0.706557
    outer loop
      vertex -20.1641 26.1455 0.272388
      vertex -20.4434 25.858 0.438728
      vertex -20.3177 26.2092 0.438728
    endloop
  endfacet
  facet normal -0.678231 0.205654 -0.705485
    outer loop
      vertex -20.333 25.6516 0.272388
      vertex -20.4962 25.684 0.438728
      vertex -20.2897 25.7944 0.272388
    endloop
  endfacet
  facet normal 0.124481 -0.151443 -0.980597
    outer loop
      vertex 18.5542 -33.6271 0.051672
      vertex 18.4439 -33.4206 0.00577831
      vertex 18.607 -33.5837 0.051672
    endloop
  endfacet
  facet normal -0.0835108 0.176609 -0.980732
    outer loop
      vertex -17.8746 28.0731 0.051672
      vertex -17.4492 28.0194 0.00577831
      vertex -17.7863 27.86 0.00577831
    endloop
  endfacet
  facet normal -0.0835231 0.176524 -0.980746
    outer loop
      vertex -17.4492 28.0194 0.00577831
      vertex -17.8746 28.0731 0.051672
      vertex -17.5375 28.2326 0.051672
    endloop
  endfacet
  facet normal -0.0187546 0.195219 -0.98058
    outer loop
      vertex -16.3454 28.2971 0.00577831
      vertex -16.3904 28.5233 0.051672
      vertex -16.3225 28.2993 0.00577831
    endloop
  endfacet
  facet normal -0.0187922 0.382518 -0.923757
    outer loop
      vertex -16.3225 28.7474 0.141695
      vertex -15.95 28.5483 0.051672
      vertex -16.3225 28.53 0.051672
    endloop
  endfacet
  facet normal -0.0187922 0.382518 -0.923757
    outer loop
      vertex -15.95 28.5483 0.051672
      vertex -16.3225 28.7474 0.141695
      vertex -15.95 28.7657 0.141695
    endloop
  endfacet
  facet normal -0.111577 0.367648 -0.923247
    outer loop
      vertex -17.121 28.378 0.051672
      vertex -17.2695 28.559 0.141695
      vertex -17.1634 28.5912 0.141695
    endloop
  endfacet
  facet normal -0.161896 0.533451 -0.830193
    outer loop
      vertex -17.1634 28.5912 0.141695
      vertex -17.2695 28.559 0.141695
      vertex -17.2016 28.783 0.272388
    endloop
  endfacet
  facet normal -0.0377821 0.382327 -0.923254
    outer loop
      vertex -16.3904 28.5233 0.051672
      vertex -16.4328 28.7365 0.141695
      vertex -16.3225 28.7474 0.141695
    endloop
  endfacet
  facet normal -0.20534 0.678363 -0.70545
    outer loop
      vertex -17.3444 28.7397 0.272388
      vertex -17.4081 28.8934 0.438728
      vertex -17.234 28.9461 0.438728
    endloop
  endfacet
  facet normal -0.0698339 0.705465 -0.705296
    outer loop
      vertex -16.3225 28.943 0.272388
      vertex -16.471 28.9283 0.272388
      vertex -16.3225 29.1093 0.438728
    endloop
  endfacet
  facet normal -0.0548189 0.554727 -0.830225
    outer loop
      vertex -16.3225 28.7474 0.141695
      vertex -16.4328 28.7365 0.141695
      vertex -16.3225 28.943 0.272388
    endloop
  endfacet
  facet normal -0.29009 0.956999 0
    outer loop
      vertex -17.2861 29.2076 1.08238
      vertex -17.5101 29.1397 11.6176
      vertex -17.2861 29.2076 11.6176
    endloop
  endfacet
  facet normal -0.29009 0.956999 0
    outer loop
      vertex -17.5101 29.1397 11.6176
      vertex -17.2861 29.2076 1.08238
      vertex -17.5101 29.1397 1.08238
    endloop
  endfacet
  facet normal -0.0408136 0.830768 0.55512
    outer loop
      vertex -15.95 29.2583 12.0657
      vertex -16.3225 29.1093 12.2613
      vertex -15.95 29.1276 12.2613
    endloop
  endfacet
  facet normal -0.0408136 0.830768 0.55512
    outer loop
      vertex -16.3225 29.1093 12.2613
      vertex -15.95 29.2583 12.0657
      vertex -16.3225 29.24 12.0657
    endloop
  endfacet
  facet normal -0.0347175 0.706681 0.706681
    outer loop
      vertex -15.95 29.1276 12.2613
      vertex -16.3225 28.943 12.4276
      vertex -15.95 28.9613 12.4276
    endloop
  endfacet
  facet normal -0.0347175 0.706681 0.706681
    outer loop
      vertex -16.3225 28.943 12.4276
      vertex -15.95 29.1276 12.2613
      vertex -16.3225 29.1093 12.2613
    endloop
  endfacet
  facet normal -0.0815044 0.828695 0.553734
    outer loop
      vertex -16.3225 29.24 12.0657
      vertex -16.5289 29.2197 12.0657
      vertex -16.3225 29.1093 12.2613
    endloop
  endfacet
  facet normal -0.392451 0.734529 0.553579
    outer loop
      vertex -18.1463 28.729 12.0657
      vertex -18.2567 28.5226 12.2613
      vertex -18.0963 28.6083 12.2613
    endloop
  endfacet
  facet normal -0.528396 0.643631 0.553657
    outer loop
      vertex -18.9487 28.2174 12.0657
      vertex -19.109 28.0858 12.0657
      vertex -19.0166 27.9934 12.2613
    endloop
  endfacet
  facet normal -0.427717 0.713531 0.554917
    outer loop
      vertex -18.3293 28.6312 12.0657
      vertex -18.5765 28.3309 12.2613
      vertex -18.2567 28.5226 12.2613
    endloop
  endfacet
  facet normal -0.427717 0.713531 0.554917
    outer loop
      vertex -18.5765 28.3309 12.2613
      vertex -18.3293 28.6312 12.0657
      vertex -18.6491 28.4395 12.0657
    endloop
  endfacet
  facet normal -0.392548 0.734523 0.553518
    outer loop
      vertex -18.1463 28.729 12.0657
      vertex -18.3293 28.6312 12.0657
      vertex -18.2567 28.5226 12.2613
    endloop
  endfacet
  facet normal -0.0835341 0.176548 0.980741
    outer loop
      vertex -17.8746 28.0731 12.6483
      vertex -17.4492 28.0194 12.6942
      vertex -17.5375 28.2326 12.6483
    endloop
  endfacet
  facet normal -0.0835219 0.176632 0.980727
    outer loop
      vertex -17.4492 28.0194 12.6942
      vertex -17.8746 28.0731 12.6483
      vertex -17.7863 27.86 12.6942
    endloop
  endfacet
  facet normal -0.346171 0.163792 0.923763
    outer loop
      vertex -19.8239 26.4078 12.5583
      vertex -19.7826 25.9875 12.6483
      vertex -19.6231 26.3246 12.6483
    endloop
  endfacet
  facet normal -0.346171 0.163792 0.923763
    outer loop
      vertex -19.7826 25.9875 12.6483
      vertex -19.8239 26.4078 12.5583
      vertex -19.9834 26.0707 12.5583
    endloop
  endfacet
  facet normal -0.1876 0.0567962 0.980602
    outer loop
      vertex -19.9082 25.6364 12.6483
      vertex -19.928 25.571 12.6483
      vertex -19.7017 25.526 12.6942
    endloop
  endfacet
  facet normal -0.47692 0.285943 0.831134
    outer loop
      vertex -19.9343 26.6142 12.4276
      vertex -19.5799 26.8254 12.5583
      vertex -19.7425 26.9341 12.4276
    endloop
  endfacet
  facet normal -0.47689 0.285865 0.831178
    outer loop
      vertex -19.5799 26.8254 12.5583
      vertex -19.9343 26.6142 12.4276
      vertex -19.7716 26.5056 12.5583
    endloop
  endfacet
  facet normal -0.307602 0.228108 0.923768
    outer loop
      vertex -19.3578 27.125 12.5583
      vertex -19.3992 26.7047 12.6483
      vertex -19.1771 27.0042 12.6483
    endloop
  endfacet
  facet normal -0.307708 0.228111 0.923732
    outer loop
      vertex -19.3992 26.7047 12.6483
      vertex -19.3578 27.125 12.5583
      vertex -19.5799 26.8254 12.5583
    endloop
  endfacet
  facet normal -0.0568634 0.187564 0.980605
    outer loop
      vertex -17.076 28.1517 12.6942
      vertex -17.1864 28.3582 12.6483
      vertex -17.0981 28.145 12.6942
    endloop
  endfacet
  facet normal -0.0930441 0.371458 0.923776
    outer loop
      vertex -17.1634 28.5912 12.5583
      vertex -16.7593 28.4686 12.6483
      vertex -16.8017 28.6818 12.5583
    endloop
  endfacet
  facet normal -0.0930441 0.371458 0.923776
    outer loop
      vertex -16.7593 28.4686 12.6483
      vertex -17.1634 28.5912 12.5583
      vertex -17.121 28.378 12.6483
    endloop
  endfacet
  facet normal -0.296836 0.243842 0.923271
    outer loop
      vertex -19.2874 27.2107 12.5583
      vertex -19.3578 27.125 12.5583
      vertex -19.1771 27.0042 12.6483
    endloop
  endfacet
  facet normal -0.283759 0.25716 0.923769
    outer loop
      vertex -19.2874 27.2107 12.5583
      vertex -18.8833 27.3333 12.6483
      vertex -19.037 27.487 12.5583
    endloop
  endfacet
  facet normal -0.283788 0.257289 0.923724
    outer loop
      vertex -18.8833 27.3333 12.6483
      vertex -19.2874 27.2107 12.5583
      vertex -19.1338 27.057 12.6483
    endloop
  endfacet
  facet normal -0.195126 -0.00958606 0.980731
    outer loop
      vertex -19.8676 -30.4 12.6942
      vertex -20.08 -30.7725 12.6483
      vertex -19.8493 -30.7725 12.6942
    endloop
  endfacet
  facet normal -0.195126 -0.00958606 0.980731
    outer loop
      vertex -20.08 -30.7725 12.6483
      vertex -19.8676 -30.4 12.6942
      vertex -20.0983 -30.4 12.6483
    endloop
  endfacet
  facet normal 0.181188 -0.338742 0.923269
    outer loop
      vertex 17.9348 -34.0409 12.6483
      vertex 17.8746 -34.0731 12.6483
      vertex 17.9578 -34.2739 12.5583
    endloop
  endfacet
  facet normal -0.0187881 0.382434 0.923792
    outer loop
      vertex -16.3225 28.7474 12.5583
      vertex -15.95 28.5483 12.6483
      vertex -15.95 28.7657 12.5583
    endloop
  endfacet
  facet normal -0.0187881 0.382434 0.923792
    outer loop
      vertex -15.95 28.5483 12.6483
      vertex -16.3225 28.7474 12.5583
      vertex -16.3225 28.53 12.6483
    endloop
  endfacet
  facet normal 0.957035 -0.289972 0
    outer loop
      vertex 20.6897 -31.9601 11.6176
      vertex 20.7576 -31.736 8.70237
      vertex 20.7576 -31.736 11.6176
    endloop
  endfacet
  facet normal 0.957092 -0.289785 1.56652e-05
    outer loop
      vertex 20.7576 -31.736 8.70237
      vertex 20.6897 -31.9601 11.6176
      vertex 20.715 -31.8767 8.6597
    endloop
  endfacet
  facet normal 0.956938 -0.290294 0
    outer loop
      vertex 20.715 -31.8767 8.6597
      vertex 20.6897 -31.9601 11.6176
      vertex 20.6897 -31.9601 8.61514
    endloop
  endfacet
  facet normal 0.957092 -0.289785 -1.56651e-05
    outer loop
      vertex 20.6897 -31.9601 1.08238
      vertex 20.7576 -31.736 3.99763
      vertex 20.715 -31.8767 4.0403
    endloop
  endfacet
  facet normal 0.956938 -0.290294 0
    outer loop
      vertex 20.6897 -31.9601 1.08238
      vertex 20.715 -31.8767 4.0403
      vertex 20.6897 -31.9601 4.08486
    endloop
  endfacet
  facet normal 0.957035 -0.289972 0
    outer loop
      vertex 20.7576 -31.736 3.99763
      vertex 20.6897 -31.9601 1.08238
      vertex 20.7576 -31.736 1.08238
    endloop
  endfacet
  facet normal 0.923507 -0.330369 -0.194916
    outer loop
      vertex 20.6897 -31.9601 1.08238
      vertex 20.5217 -32.2936 0.851659
      vertex 20.6473 -31.9425 0.851659
    endloop
  endfacet
  facet normal 0.923507 -0.330369 -0.194916
    outer loop
      vertex 20.5217 -32.2936 0.851659
      vertex 20.6897 -31.9601 1.08238
      vertex 20.5641 -32.3112 1.08238
    endloop
  endfacet
  facet normal 0.555355 0.0272832 -0.831165
    outer loop
      vertex 20.3157 24.4 0.141695
      vertex 20.493 24.7725 0.272388
      vertex 20.5113 24.4 0.272388
    endloop
  endfacet
  facet normal 0.555355 0.0272832 -0.831165
    outer loop
      vertex 20.493 24.7725 0.272388
      vertex 20.3157 24.4 0.141695
      vertex 20.2974 24.7725 0.141695
    endloop
  endfacet
  facet normal 0.979643 -0.0481274 -0.194892
    outer loop
      vertex 20.9259 -30.7725 1.08238
      vertex 20.8983 -30.4 0.851659
      vertex 20.9442 -30.4 1.08238
    endloop
  endfacet
  facet normal 0.979643 -0.0481274 -0.194892
    outer loop
      vertex 20.8983 -30.4 0.851659
      vertex 20.9259 -30.7725 1.08238
      vertex 20.88 -30.7725 0.851659
    endloop
  endfacet
  facet normal 0.822748 -0.121996 -0.55516
    outer loop
      vertex 20.7697 -30.9789 0.634324
      vertex 20.5868 -31.3223 0.438728
      vertex 20.6415 -30.9534 0.438728
    endloop
  endfacet
  facet normal 0.822904 -0.122242 -0.554874
    outer loop
      vertex 20.5868 -31.3223 0.438728
      vertex 20.7697 -30.9789 0.634324
      vertex 20.7149 -31.3478 0.634324
    endloop
  endfacet
  facet normal 0.678258 0.205816 -0.705412
    outer loop
      vertex 20.4962 25.684 0.438728
      vertex 20.2897 25.7944 0.272388
      vertex 20.4434 25.858 0.438728
    endloop
  endfacet
  facet normal 0.783088 0.280136 -0.555245
    outer loop
      vertex 20.5641 25.9081 0.634324
      vertex 20.3177 26.2092 0.438728
      vertex 20.4385 26.2592 0.634324
    endloop
  endfacet
  facet normal 0.783152 0.280302 -0.555071
    outer loop
      vertex 20.3177 26.2092 0.438728
      vertex 20.5641 25.9081 0.634324
      vertex 20.4434 25.858 0.438728
    endloop
  endfacet
  facet normal 0.870032 0.311239 -0.382328
    outer loop
      vertex 20.6473 25.9425 0.851659
      vertex 20.4385 26.2592 0.634324
      vertex 20.5217 26.2936 0.851659
    endloop
  endfacet
  facet normal 0.870032 0.311239 -0.382328
    outer loop
      vertex 20.4385 26.2592 0.634324
      vertex 20.6473 25.9425 0.851659
      vertex 20.5641 25.9081 0.634324
    endloop
  endfacet
  facet normal 0.796858 0.241805 -0.553668
    outer loop
      vertex 20.4962 25.684 0.438728
      vertex 20.4434 25.858 0.438728
      vertex 20.5641 25.9081 0.634324
    endloop
  endfacet
  facet normal 0.625093 0.33398 -0.70549
    outer loop
      vertex 20.1583 26.5463 0.438728
      vertex 20.0046 26.4826 0.272388
      vertex 20.0726 26.7067 0.438728
    endloop
  endfacet
  facet normal 0.976271 0.0959923 -0.194115
    outer loop
      vertex 20.9259 24.7725 1.08238
      vertex 20.858 24.9965 0.851659
      vertex 20.903 25.0054 1.08238
    endloop
  endfacet
  facet normal 0.896367 0.224525 0.382249
    outer loop
      vertex 20.6243 25.7095 12.0657
      vertex 20.8032 25.3654 11.8483
      vertex 20.7126 25.7271 11.8483
    endloop
  endfacet
  facet normal 0.896367 0.224525 0.382249
    outer loop
      vertex 20.8032 25.3654 11.8483
      vertex 20.6243 25.7095 12.0657
      vertex 20.7149 25.3478 12.0657
    endloop
  endfacet
  facet normal 0.976267 0.0959919 0.194132
    outer loop
      vertex 20.903 25.0054 11.6176
      vertex 20.858 24.9965 11.8483
      vertex 20.9259 24.7725 11.6176
    endloop
  endfacet
  facet normal 0.957035 0.289972 0
    outer loop
      vertex 20.7576 25.736 11.6176
      vertex 20.6897 25.9601 1.08238
      vertex 20.6897 25.9601 11.6176
    endloop
  endfacet
  facet normal 0.957035 0.289972 0
    outer loop
      vertex 20.6897 25.9601 1.08238
      vertex 20.7576 25.736 11.6176
      vertex 20.7576 25.736 1.08238
    endloop
  endfacet
  facet normal 0.923503 0.330367 0.194933
    outer loop
      vertex 20.5217 26.2936 11.8483
      vertex 20.6897 25.9601 11.6176
      vertex 20.5641 26.3112 11.6176
    endloop
  endfacet
  facet normal 0.923503 0.330367 0.194933
    outer loop
      vertex 20.6897 25.9601 11.6176
      vertex 20.5217 26.2936 11.8483
      vertex 20.6473 25.9425 11.8483
    endloop
  endfacet
  facet normal 0.951456 0.238324 -0.194766
    outer loop
      vertex 20.8482 25.3743 1.08238
      vertex 20.7126 25.7271 0.851659
      vertex 20.7576 25.736 1.08238
    endloop
  endfacet
  facet normal 0.951456 0.238324 -0.194766
    outer loop
      vertex 20.7126 25.7271 0.851659
      vertex 20.8482 25.3743 1.08238
      vertex 20.8032 25.3654 0.851659
    endloop
  endfacet
  facet normal 0.970199 0.144123 -0.194788
    outer loop
      vertex 20.903 25.0054 1.08238
      vertex 20.8032 25.3654 0.851659
      vertex 20.8482 25.3743 1.08238
    endloop
  endfacet
  facet normal 0.970199 0.144123 -0.194788
    outer loop
      vertex 20.8032 25.3654 0.851659
      vertex 20.903 25.0054 1.08238
      vertex 20.858 24.9965 0.851659
    endloop
  endfacet
  facet normal 0.742217 0.550469 0.382228
    outer loop
      vertex 19.7674 27.3986 12.0657
      vertex 20.0644 27.1491 11.8483
      vertex 19.8422 27.4487 11.8483
    endloop
  endfacet
  facet normal 0.742222 0.550409 0.382304
    outer loop
      vertex 20.0644 27.1491 11.8483
      vertex 19.7674 27.3986 12.0657
      vertex 19.9895 27.0991 12.0657
    endloop
  endfacet
  facet normal 0.713531 0.427717 0.554917
    outer loop
      vertex 19.8809 27.0265 12.2613
      vertex 20.1812 26.7793 12.0657
      vertex 19.9895 27.0991 12.0657
    endloop
  endfacet
  facet normal 0.713531 0.427717 0.554917
    outer loop
      vertex 20.1812 26.7793 12.0657
      vertex 19.8809 27.0265 12.2613
      vertex 20.0726 26.7067 12.2613
    endloop
  endfacet
  facet normal 0.758212 0.622413 -0.194209
    outer loop
      vertex 19.8804 27.4742 1.08238
      vertex 19.6994 27.6227 0.851659
      vertex 19.7319 27.6551 1.08238
    endloop
  endfacet
  facet normal 0.772928 0.634493 0
    outer loop
      vertex 19.8804 27.4742 11.6176
      vertex 19.7319 27.6551 1.08238
      vertex 19.7319 27.6551 11.6176
    endloop
  endfacet
  facet normal 0.772928 0.634493 0
    outer loop
      vertex 19.7319 27.6551 1.08238
      vertex 19.8804 27.4742 11.6176
      vertex 19.8804 27.4742 1.08238
    endloop
  endfacet
  facet normal 0.726688 0.658833 0.194586
    outer loop
      vertex 19.449 27.899 11.8483
      vertex 19.7319 27.6551 11.6176
      vertex 19.4814 27.9314 11.6176
    endloop
  endfacet
  facet normal 0.726775 0.658648 0.194887
    outer loop
      vertex 19.7319 27.6551 11.6176
      vertex 19.449 27.899 11.8483
      vertex 19.6994 27.6227 11.8483
    endloop
  endfacet
  facet normal 0.714716 0.58656 0.380956
    outer loop
      vertex 19.6994 27.6227 11.8483
      vertex 19.6358 27.559 12.0657
      vertex 19.8422 27.4487 11.8483
    endloop
  endfacet
  facet normal 0.584096 0.787911 -0.195009
    outer loop
      vertex 18.9987 28.2922 0.851659
      vertex 18.7246 28.5525 1.08238
      vertex 19.0242 28.3304 1.08238
    endloop
  endfacet
  facet normal 0.584304 0.787838 -0.194678
    outer loop
      vertex 18.7246 28.5525 1.08238
      vertex 18.9987 28.2922 0.851659
      vertex 18.6991 28.5144 0.851659
    endloop
  endfacet
  facet normal 0.146675 -0.989185 0
    outer loop
      vertex 16.5554 -35.353 1.08238
      vertex 16.9243 -35.2983 11.6176
      vertex 16.5554 -35.353 11.6176
    endloop
  endfacet
  facet normal 0.146675 -0.989185 0
    outer loop
      vertex 16.9243 -35.2983 11.6176
      vertex 16.5554 -35.353 1.08238
      vertex 16.9243 -35.2983 1.08238
    endloop
  endfacet
  facet normal 0.0978536 -0.995201 0
    outer loop
      vertex 16.3225 -35.3759 1.08238
      vertex 16.5554 -35.353 11.6176
      vertex 16.3225 -35.3759 11.6176
    endloop
  endfacet
  facet normal 0.0978536 -0.995201 0
    outer loop
      vertex 16.5554 -35.353 11.6176
      vertex 16.3225 -35.3759 1.08238
      vertex 16.5554 -35.353 1.08238
    endloop
  endfacet
  facet normal 0.504268 -0.841235 0.195033
    outer loop
      vertex 18.4048 -34.7443 11.6176
      vertex 18.6991 -34.5144 11.8483
      vertex 18.3793 -34.7061 11.8483
    endloop
  endfacet
  facet normal 0.504497 -0.841179 0.194684
    outer loop
      vertex 18.6991 -34.5144 11.8483
      vertex 18.4048 -34.7443 11.6176
      vertex 18.7246 -34.5525 11.6176
    endloop
  endfacet
  facet normal 0.243166 -0.969985 0
    outer loop
      vertex 16.9243 -35.2983 1.08238
      vertex 17.2861 -35.2076 11.6176
      vertex 16.9243 -35.2983 11.6176
    endloop
  endfacet
  facet normal 0.243166 -0.969985 0
    outer loop
      vertex 17.2861 -35.2076 11.6176
      vertex 16.9243 -35.2983 1.08238
      vertex 17.2861 -35.2076 1.08238
    endloop
  endfacet
  facet normal 0.224794 -0.896452 0.381892
    outer loop
      vertex 16.9154 -35.2532 11.8483
      vertex 17.2595 -35.0743 12.0657
      vertex 16.8978 -35.165 12.0657
    endloop
  endfacet
  facet normal 0.224525 -0.896367 0.382249
    outer loop
      vertex 17.2595 -35.0743 12.0657
      vertex 16.9154 -35.2532 11.8483
      vertex 17.2771 -35.1626 11.8483
    endloop
  endfacet
  facet normal 0.205667 -0.678156 0.705553
    outer loop
      vertex 17.3444 -34.7397 12.4276
      vertex 17.234 -34.9462 12.2613
      vertex 17.4081 -34.8934 12.2613
    endloop
  endfacet
  facet normal 0.135537 -0.914071 0.382235
    outer loop
      vertex 16.5465 -35.308 11.8483
      vertex 16.8978 -35.165 12.0657
      vertex 16.5289 -35.2197 12.0657
    endloop
  endfacet
  facet normal 0.135801 -0.91418 0.38188
    outer loop
      vertex 16.8978 -35.165 12.0657
      vertex 16.5465 -35.308 11.8483
      vertex 16.9154 -35.2532 11.8483
    endloop
  endfacet
  facet normal 0.0481273 -0.97964 0.194909
    outer loop
      vertex 15.95 -35.3942 11.6176
      vertex 16.3225 -35.33 11.8483
      vertex 15.95 -35.3483 11.8483
    endloop
  endfacet
  facet normal 0.0481273 -0.97964 0.194909
    outer loop
      vertex 16.3225 -35.33 11.8483
      vertex 15.95 -35.3942 11.6176
      vertex 16.3225 -35.3759 11.6176
    endloop
  endfacet
  facet normal -0.554747 -0.0548209 0.830211
    outer loop
      vertex -20.2974 -30.7725 12.5583
      vertex -20.493 -30.7725 12.4276
      vertex -20.2865 -30.8828 12.5583
    endloop
  endfacet
  facet normal 0.237846 0.502683 0.831107
    outer loop
      vertex 17.6207 28.4334 12.5583
      vertex 18.0326 28.4546 12.4276
      vertex 17.6955 28.6141 12.4276
    endloop
  endfacet
  facet normal 0.237846 0.502683 0.831107
    outer loop
      vertex 18.0326 28.4546 12.4276
      vertex 17.6207 28.4334 12.5583
      vertex 17.9578 28.2739 12.5583
    endloop
  endfacet
  facet normal -0.195 -0.0195852 0.980608
    outer loop
      vertex -19.8493 -30.7725 12.6942
      vertex -20.0733 -30.8404 12.6483
      vertex -19.847 -30.7954 12.6942
    endloop
  endfacet
  facet normal -0.195099 -0.0192513 0.980595
    outer loop
      vertex -19.8493 -30.7725 12.6942
      vertex -20.08 -30.7725 12.6483
      vertex -20.0733 -30.8404 12.6483
    endloop
  endfacet
  facet normal -0.183898 -0.0657864 0.980741
    outer loop
      vertex -19.9082 -31.6364 12.6483
      vertex -19.5694 -31.8992 12.6942
      vertex -19.695 -31.5481 12.6942
    endloop
  endfacet
  facet normal -0.183898 -0.0657864 0.980741
    outer loop
      vertex -19.5694 -31.8992 12.6942
      vertex -19.9082 -31.6364 12.6483
      vertex -19.7826 -31.9875 12.6483
    endloop
  endfacet
  facet normal -0.976267 -0.0959919 0.194132
    outer loop
      vertex -20.858 -30.9965 11.8483
      vertex -20.9259 -30.7725 11.6176
      vertex -20.903 -31.0054 11.6176
    endloop
  endfacet
  facet normal 0.151571 -0.124299 0.9806
    outer loop
      vertex 19.1771 -33.0042 12.6483
      vertex 18.9706 -32.8939 12.6942
      vertex 19.1338 -33.057 12.6483
    endloop
  endfacet
  facet normal -0.161902 -0.533471 0.830179
    outer loop
      vertex -17.1634 -34.5912 12.5583
      vertex -17.2695 -34.559 12.5583
      vertex -17.2016 -34.783 12.4276
    endloop
  endfacet
  facet normal -0.0549177 -0.554781 0.830182
    outer loop
      vertex -16.4328 -34.7365 12.5583
      vertex -16.471 -34.9283 12.4276
      vertex -16.3225 -34.943 12.4276
    endloop
  endfacet
  facet normal 0.176548 0.0835341 0.980741
    outer loop
      vertex 19.6231 26.3246 12.6483
      vertex 19.5694 25.8992 12.6942
      vertex 19.7826 25.9875 12.6483
    endloop
  endfacet
  facet normal 0.176632 0.0835219 0.980727
    outer loop
      vertex 19.5694 25.8992 12.6942
      vertex 19.6231 26.3246 12.6483
      vertex 19.41 26.2363 12.6942
    endloop
  endfacet
  facet normal 0.0474624 0.189483 0.980736
    outer loop
      vertex 16.7143 28.2423 12.6942
      vertex 17.121 28.378 12.6483
      vertex 16.7593 28.4686 12.6483
    endloop
  endfacet
  facet normal 0.0474624 0.189483 0.980736
    outer loop
      vertex 17.121 28.378 12.6483
      vertex 16.7143 28.2423 12.6942
      vertex 17.076 28.1517 12.6942
    endloop
  endfacet
  facet normal -0.0568634 -0.187564 0.980605
    outer loop
      vertex -17.0981 -34.145 12.6942
      vertex -17.1864 -34.3582 12.6483
      vertex -17.076 -34.1517 12.6942
    endloop
  endfacet
  facet normal -0.111331 -0.367731 0.923244
    outer loop
      vertex -17.1864 -34.3582 12.6483
      vertex -17.2695 -34.559 12.5583
      vertex -17.121 -34.378 12.6483
    endloop
  endfacet
  facet normal -0.307602 -0.228108 0.923768
    outer loop
      vertex -19.3992 -32.7047 12.6483
      vertex -19.3578 -33.125 12.5583
      vertex -19.1771 -33.0042 12.6483
    endloop
  endfacet
  facet normal -0.307708 -0.228111 0.923732
    outer loop
      vertex -19.3578 -33.125 12.5583
      vertex -19.3992 -32.7047 12.6483
      vertex -19.5799 -32.8254 12.5583
    endloop
  endfacet
  facet normal -0.446798 -0.331221 0.831062
    outer loop
      vertex -19.5799 -32.8254 12.5583
      vertex -19.5204 -33.2336 12.4276
      vertex -19.3578 -33.125 12.5583
    endloop
  endfacet
  facet normal -0.446653 -0.331224 0.831139
    outer loop
      vertex -19.5204 -33.2336 12.4276
      vertex -19.5799 -32.8254 12.5583
      vertex -19.7425 -32.9341 12.4276
    endloop
  endfacet
  facet normal 0.1876 0.0567962 0.980602
    outer loop
      vertex 19.9082 25.6364 12.6483
      vertex 19.7017 25.526 12.6942
      vertex 19.928 25.571 12.6483
    endloop
  endfacet
  facet normal -0.151824 0.123834 0.98062
    outer loop
      vertex -18.9706 26.8939 12.6942
      vertex -19.1771 27.0042 12.6483
      vertex -18.9852 26.876 12.6942
    endloop
  endfacet
  facet normal -0.58656 0.714716 0.380956
    outer loop
      vertex -18.9987 28.2922 11.8483
      vertex -19.1727 28.1494 11.8483
      vertex -19.109 28.0858 12.0657
    endloop
  endfacet
  facet normal -0.622303 0.758268 0.194341
    outer loop
      vertex -19.0242 28.3304 11.6176
      vertex -19.1727 28.1494 11.8483
      vertex -18.9987 28.2922 11.8483
    endloop
  endfacet
  facet normal -0.495673 0.66811 0.554921
    outer loop
      vertex -18.6491 28.4395 12.0657
      vertex -18.876 28.1087 12.2613
      vertex -18.5765 28.3309 12.2613
    endloop
  endfacet
  facet normal -0.495256 0.668071 0.55534
    outer loop
      vertex -18.876 28.1087 12.2613
      vertex -18.6491 28.4395 12.0657
      vertex -18.9487 28.2174 12.0657
    endloop
  endfacet
  facet normal -0.435643 0.815445 0.381136
    outer loop
      vertex -18.1807 28.8122 11.8483
      vertex -18.3793 28.7061 11.8483
      vertex -18.3293 28.6312 12.0657
    endloop
  endfacet
  facet normal -0.462225 0.865202 0.194354
    outer loop
      vertex -18.1807 28.8122 11.8483
      vertex -18.4048 28.7443 11.6176
      vertex -18.3793 28.7061 11.8483
    endloop
  endfacet
  facet normal -0.547949 0.44935 0.705575
    outer loop
      vertex -19.5434 27.4666 12.2613
      vertex -19.6587 27.326 12.2613
      vertex -19.4257 27.349 12.4276
    endloop
  endfacet
  facet normal -0.620691 0.684619 0.382152
    outer loop
      vertex -19.1727 28.1494 11.8483
      vertex -19.3853 27.8353 12.0657
      vertex -19.109 28.0858 12.0657
    endloop
  endfacet
  facet normal -0.620481 0.68466 0.382417
    outer loop
      vertex -19.3853 27.8353 12.0657
      vertex -19.1727 28.1494 11.8483
      vertex -19.449 27.899 11.8483
    endloop
  endfacet
  facet normal -0.111552 0.367568 0.923282
    outer loop
      vertex -17.1634 28.5912 12.5583
      vertex -17.2695 28.559 12.5583
      vertex -17.121 28.378 12.6483
    endloop
  endfacet
  facet normal -0.069391 0.705216 0.705589
    outer loop
      vertex -16.3225 29.1093 12.2613
      vertex -16.5034 29.0915 12.2613
      vertex -16.471 28.9283 12.4276
    endloop
  endfacet
  facet normal -0.161754 0.53345 0.830221
    outer loop
      vertex -17.2016 28.783 12.4276
      vertex -17.3444 28.7397 12.4276
      vertex -17.2695 28.559 12.5583
    endloop
  endfacet
  facet normal -0.237846 0.502683 0.831107
    outer loop
      vertex -18.0326 28.4546 12.4276
      vertex -17.6207 28.4334 12.5583
      vertex -17.6955 28.6141 12.4276
    endloop
  endfacet
  facet normal -0.237846 0.502683 0.831107
    outer loop
      vertex -17.6207 28.4334 12.5583
      vertex -18.0326 28.4546 12.4276
      vertex -17.9578 28.2739 12.5583
    endloop
  endfacet
  facet normal -0.333906 0.625065 0.705549
    outer loop
      vertex -18.0326 28.4546 12.4276
      vertex -18.2567 28.5226 12.2613
      vertex -18.1642 28.3843 12.4276
    endloop
  endfacet
  facet normal -0.0474624 0.189483 0.980736
    outer loop
      vertex -17.121 28.378 12.6483
      vertex -16.7143 28.2423 12.6942
      vertex -16.7593 28.4686 12.6483
    endloop
  endfacet
  facet normal -0.0474624 0.189483 0.980736
    outer loop
      vertex -16.7143 28.2423 12.6942
      vertex -17.121 28.378 12.6483
      vertex -17.076 28.1517 12.6942
    endloop
  endfacet
  facet normal -0.373417 0.412042 0.831132
    outer loop
      vertex -18.899 27.8757 12.4276
      vertex -19.037 27.487 12.5583
      vertex -18.7607 27.7374 12.5583
    endloop
  endfacet
  facet normal -0.373417 0.412042 0.831132
    outer loop
      vertex -19.037 27.487 12.5583
      vertex -18.899 27.8757 12.4276
      vertex -19.1753 27.6253 12.4276
    endloop
  endfacet
  facet normal -0.243905 0.296732 0.923288
    outer loop
      vertex -18.5542 27.6271 12.6483
      vertex -18.7607 27.7374 12.5583
      vertex -18.607 27.5837 12.6483
    endloop
  endfacet
  facet normal -0.243842 0.296836 0.923271
    outer loop
      vertex -18.675 27.8078 12.5583
      vertex -18.7607 27.7374 12.5583
      vertex -18.5542 27.6271 12.6483
    endloop
  endfacet
  facet normal -0.807007 0.202142 0.554868
    outer loop
      vertex -20.7149 25.3478 12.0657
      vertex -20.4962 25.684 12.2613
      vertex -20.6243 25.7095 12.0657
    endloop
  endfacet
  facet normal -0.807007 0.202142 0.554868
    outer loop
      vertex -20.4962 25.684 12.2613
      vertex -20.7149 25.3478 12.0657
      vertex -20.5868 25.3223 12.2613
    endloop
  endfacet
  facet normal -0.951452 0.238323 0.194783
    outer loop
      vertex -20.8482 25.3743 11.6176
      vertex -20.7126 25.7271 11.8483
      vertex -20.7576 25.736 11.6176
    endloop
  endfacet
  facet normal -0.951452 0.238323 0.194783
    outer loop
      vertex -20.7126 25.7271 11.8483
      vertex -20.8482 25.3743 11.6176
      vertex -20.8032 25.3654 11.8483
    endloop
  endfacet
  facet normal -0.606648 0.363647 0.706922
    outer loop
      vertex -20.0726 26.7067 12.2613
      vertex -19.7425 26.9341 12.4276
      vertex -19.8809 27.0265 12.2613
    endloop
  endfacet
  facet normal -0.606676 0.36374 0.70685
    outer loop
      vertex -19.7425 26.9341 12.4276
      vertex -20.0726 26.7067 12.2613
      vertex -19.9343 26.6142 12.4276
    endloop
  endfacet
  facet normal -0.668088 0.495433 0.555162
    outer loop
      vertex -19.9895 27.0991 12.0657
      vertex -19.6587 27.326 12.2613
      vertex -19.7674 27.3986 12.0657
    endloop
  endfacet
  facet normal -0.66811 0.495673 0.554921
    outer loop
      vertex -19.6587 27.326 12.2613
      vertex -19.9895 27.0991 12.0657
      vertex -19.8809 27.0265 12.2613
    endloop
  endfacet
  facet normal -0.449403 0.548015 -0.70549
    outer loop
      vertex -18.899 27.8757 0.272388
      vertex -19.0166 27.9934 0.438728
      vertex -18.876 28.1087 0.438728
    endloop
  endfacet
  facet normal -0.643849 0.527993 -0.553788
    outer loop
      vertex -19.6587 27.326 0.438728
      vertex -19.7674 27.3986 0.634324
      vertex -19.5434 27.4666 0.438728
    endloop
  endfacet
  facet normal -0.56834 0.421463 -0.706653
    outer loop
      vertex -19.7425 26.9341 0.272388
      vertex -19.6587 27.326 0.438728
      vertex -19.5204 27.2336 0.272388
    endloop
  endfacet
  facet normal -0.568115 0.421486 -0.70682
    outer loop
      vertex -19.6587 27.326 0.438728
      vertex -19.7425 26.9341 0.272388
      vertex -19.8809 27.0265 0.438728
    endloop
  endfacet
  facet normal -0.625093 0.33398 -0.70549
    outer loop
      vertex -20.0046 26.4826 0.272388
      vertex -20.1583 26.5463 0.438728
      vertex -20.0726 26.7067 0.438728
    endloop
  endfacet
  facet normal -0.412026 0.373404 -0.831146
    outer loop
      vertex -19.4257 27.349 0.272388
      vertex -19.037 27.487 0.141695
      vertex -19.2874 27.2107 0.141695
    endloop
  endfacet
  facet normal -0.412026 0.373404 -0.831146
    outer loop
      vertex -19.037 27.487 0.141695
      vertex -19.4257 27.349 0.272388
      vertex -19.1753 27.6253 0.272388
    endloop
  endfacet
  facet normal -0.18754 -0.0568559 -0.98061
    outer loop
      vertex -19.695 -31.5481 0.00577831
      vertex -19.9082 -31.6364 0.051672
      vertex -19.7017 -31.526 0.00577831
    endloop
  endfacet
  facet normal 0.128991 0.36068 -0.923727
    outer loop
      vertex 17.5375 28.2326 0.051672
      vertex 17.2695 28.559 0.141695
      vertex 17.6207 28.4334 0.141695
    endloop
  endfacet
  facet normal 0.12904 0.360715 -0.923706
    outer loop
      vertex 17.2695 28.559 0.141695
      vertex 17.5375 28.2326 0.051672
      vertex 17.1864 28.3582 0.051672
    endloop
  endfacet
  facet normal -0.360715 0.12904 -0.923706
    outer loop
      vertex -20.109 25.7195 0.141695
      vertex -19.7826 25.9875 0.051672
      vertex -19.9082 25.6364 0.051672
    endloop
  endfacet
  facet normal -0.36068 0.128991 -0.923727
    outer loop
      vertex -19.7826 25.9875 0.051672
      vertex -20.109 25.7195 0.141695
      vertex -19.9834 26.0707 0.141695
    endloop
  endfacet
  facet normal -0.146675 -0.989185 0
    outer loop
      vertex -16.9243 -35.2983 1.08238
      vertex -16.5554 -35.353 11.6176
      vertex -16.9243 -35.2983 11.6176
    endloop
  endfacet
  facet normal -0.146675 -0.989185 -0
    outer loop
      vertex -16.5554 -35.353 11.6176
      vertex -16.9243 -35.2983 1.08238
      vertex -16.5554 -35.353 1.08238
    endloop
  endfacet
  facet normal -0.302537 -0.639406 0.706845
    outer loop
      vertex -18.0963 -34.6083 12.2613
      vertex -17.6955 -34.6141 12.4276
      vertex -18.0326 -34.4546 12.4276
    endloop
  endfacet
  facet normal -0.302463 -0.63965 0.706657
    outer loop
      vertex -17.6955 -34.6141 12.4276
      vertex -18.0963 -34.6083 12.2613
      vertex -17.7592 -34.7677 12.2613
    endloop
  endfacet
  facet normal -0.241602 -0.797044 0.553488
    outer loop
      vertex -17.234 -34.9462 12.2613
      vertex -17.4581 -35.0141 12.0657
      vertex -17.2595 -35.0743 12.0657
    endloop
  endfacet
  facet normal -0.643799 -0.528204 0.553646
    outer loop
      vertex -19.5434 -33.4666 12.2613
      vertex -19.7674 -33.3986 12.0657
      vertex -19.6358 -33.559 12.0657
    endloop
  endfacet
  facet normal -0.163792 -0.346171 0.923763
    outer loop
      vertex -17.9578 -34.2739 12.5583
      vertex -17.5375 -34.2326 12.6483
      vertex -17.8746 -34.0731 12.6483
    endloop
  endfacet
  facet normal -0.163792 -0.346171 0.923763
    outer loop
      vertex -17.5375 -34.2326 12.6483
      vertex -17.9578 -34.2739 12.5583
      vertex -17.6207 -34.4334 12.5583
    endloop
  endfacet
  facet normal -0.514338 -0.857588 0
    outer loop
      vertex -18.7246 -34.5525 1.08238
      vertex -18.4048 -34.7443 11.6176
      vertex -18.7246 -34.5525 11.6176
    endloop
  endfacet
  facet normal -0.514338 -0.857588 -0
    outer loop
      vertex -18.4048 -34.7443 11.6176
      vertex -18.7246 -34.5525 1.08238
      vertex -18.4048 -34.7443 1.08238
    endloop
  endfacet
  facet normal -0.243166 -0.969985 0
    outer loop
      vertex -17.2861 -35.2076 1.08238
      vertex -16.9243 -35.2983 11.6176
      vertex -17.2861 -35.2076 11.6176
    endloop
  endfacet
  facet normal -0.243166 -0.969985 -0
    outer loop
      vertex -16.9243 -35.2983 11.6176
      vertex -17.2861 -35.2076 1.08238
      vertex -16.9243 -35.2983 1.08238
    endloop
  endfacet
  facet normal -0.419489 -0.886581 0.194946
    outer loop
      vertex -17.8612 -35.0141 11.6176
      vertex -18.1807 -34.8122 11.8483
      vertex -18.1983 -34.8546 11.6176
    endloop
  endfacet
  facet normal -0.419489 -0.886581 0.194946
    outer loop
      vertex -18.1807 -34.8122 11.8483
      vertex -17.8612 -35.0141 11.6176
      vertex -17.8436 -34.9717 11.8483
    endloop
  endfacet
  facet normal -0.336829 -0.941566 0
    outer loop
      vertex -17.8612 -35.0141 1.08238
      vertex -17.5101 -35.1397 11.6176
      vertex -17.8612 -35.0141 11.6176
    endloop
  endfacet
  facet normal -0.336829 -0.941566 -0
    outer loop
      vertex -17.5101 -35.1397 11.6176
      vertex -17.8612 -35.0141 1.08238
      vertex -17.5101 -35.1397 1.08238
    endloop
  endfacet
  facet normal -0.360637 -0.129012 0.923741
    outer loop
      vertex -20.109 -31.7195 12.5583
      vertex -19.7826 -31.9875 12.6483
      vertex -19.9082 -31.6364 12.6483
    endloop
  endfacet
  facet normal -0.360602 -0.128962 0.923761
    outer loop
      vertex -19.7826 -31.9875 12.6483
      vertex -20.109 -31.7195 12.5583
      vertex -19.9834 -32.0707 12.5583
    endloop
  endfacet
  facet normal -0.53345 -0.161754 0.830221
    outer loop
      vertex -20.109 -31.7195 12.5583
      vertex -20.333 -31.6516 12.4276
      vertex -20.2897 -31.7944 12.4276
    endloop
  endfacet
  facet normal -0.622411 -0.758209 0.194226
    outer loop
      vertex -19.1727 -34.1494 11.8483
      vertex -19.2051 -34.1819 11.6176
      vertex -19.0242 -34.3304 11.6176
    endloop
  endfacet
  facet normal -0.504497 -0.841179 0.194684
    outer loop
      vertex -18.4048 -34.7443 11.6176
      vertex -18.6991 -34.5144 11.8483
      vertex -18.7246 -34.5525 11.6176
    endloop
  endfacet
  facet normal -0.504268 -0.841235 0.195033
    outer loop
      vertex -18.6991 -34.5144 11.8483
      vertex -18.4048 -34.7443 11.6176
      vertex -18.3793 -34.7061 11.8483
    endloop
  endfacet
  facet normal -0.923914 0 -0.3826
    outer loop
      vertex -20.8083 24.4 0.634324
      vertex -20.8983 11.0952 0.851659
      vertex -20.8983 24.4 0.851659
    endloop
  endfacet
  facet normal -0.923927 5.68572e-07 -0.38257
    outer loop
      vertex -20.8083 24.4 0.634324
      vertex -20.8268 10.619 0.678982
      vertex -20.8983 11.0952 0.851659
    endloop
  endfacet
  facet normal -0.924729 7.94809e-06 -0.380625
    outer loop
      vertex -20.8083 24.4 0.634324
      vertex -20.8201 10.5547 0.662703
      vertex -20.8268 10.619 0.678982
    endloop
  endfacet
  facet normal -0.923361 0 -0.383934
    outer loop
      vertex -20.8201 10.5547 0.662703
      vertex -20.8083 24.4 0.634324
      vertex -20.8083 10.4425 0.634324
    endloop
  endfacet
  facet normal -0.00185832 -0.245211 -0.969468
    outer loop
      vertex -20.8083 5.51746 0.634324
      vertex -20.8268 5.34104 0.678982
      vertex -20.8201 5.40535 0.662703
    endloop
  endfacet
  facet normal -0.923865 0 -0.38272
    outer loop
      vertex -20.8083 -30.4 0.634324
      vertex -20.8268 5.34104 0.678982
      vertex -20.8083 5.51746 0.634324
    endloop
  endfacet
  facet normal -0.923927 -2.20429e-07 -0.382569
    outer loop
      vertex -20.8083 -30.4 0.634324
      vertex -20.8983 4.86481 0.851659
      vertex -20.8268 5.34104 0.678982
    endloop
  endfacet
  facet normal -0.923914 -0 -0.3826
    outer loop
      vertex -20.8983 4.86481 0.851659
      vertex -20.8083 -30.4 0.634324
      vertex -20.8983 -30.4 0.851659
    endloop
  endfacet
  facet normal -0.528393 -0.643627 -0.553665
    outer loop
      vertex -18.9487 -34.2174 0.634324
      vertex -19.109 -34.0858 0.634324
      vertex -19.0166 -33.9934 0.438728
    endloop
  endfacet
  facet normal -0.671671 -0.740849 0
    outer loop
      vertex -19.4814 -33.9314 1.08238
      vertex -19.2051 -34.1819 11.6176
      vertex -19.4814 -33.9314 11.6176
    endloop
  endfacet
  facet normal -0.671671 -0.740849 -0
    outer loop
      vertex -19.2051 -34.1819 11.6176
      vertex -19.4814 -33.9314 1.08238
      vertex -19.2051 -34.1819 1.08238
    endloop
  endfacet
  facet normal -0.857597 -0.514322 1.86375e-06
    outer loop
      vertex -20.1025 -33.1746 11.6176
      vertex -20.2943 -32.8548 7.91427
      vertex -20.208 -32.9987 7.73892
    endloop
  endfacet
  facet normal -0.857579 -0.514352 -0
    outer loop
      vertex -20.1025 -33.1746 11.6176
      vertex -20.208 -32.9987 7.73892
      vertex -20.1025 -33.1746 7.40974
    endloop
  endfacet
  facet normal -0.857588 -0.514338 0
    outer loop
      vertex -20.2943 -32.8548 7.91427
      vertex -20.1025 -33.1746 11.6176
      vertex -20.2943 -32.8548 11.6176
    endloop
  endfacet
  facet normal -0.857588 -0.514338 0
    outer loop
      vertex -20.1025 -33.1746 1.08238
      vertex -20.2943 -32.8548 4.78573
      vertex -20.2943 -32.8548 1.08238
    endloop
  endfacet
  facet normal -0.857597 -0.514322 -1.86375e-06
    outer loop
      vertex -20.2943 -32.8548 4.78573
      vertex -20.1025 -33.1746 1.08238
      vertex -20.208 -32.9987 4.96107
    endloop
  endfacet
  facet normal -0.857579 -0.514352 0
    outer loop
      vertex -20.208 -32.9987 4.96107
      vertex -20.1025 -33.1746 1.08238
      vertex -20.1025 -33.1746 5.29026
    endloop
  endfacet
  facet normal -0.187564 -0.0568634 0.980605
    outer loop
      vertex -19.7017 -31.526 12.6942
      vertex -19.9082 -31.6364 12.6483
      vertex -19.695 -31.5481 12.6942
    endloop
  endfacet
  facet normal -0.830768 -0.0408136 0.55512
    outer loop
      vertex -20.79 -30.7725 12.0657
      vertex -20.6776 -30.4 12.2613
      vertex -20.8083 -30.4 12.0657
    endloop
  endfacet
  facet normal -0.830768 -0.0408136 0.55512
    outer loop
      vertex -20.6776 -30.4 12.2613
      vertex -20.79 -30.7725 12.0657
      vertex -20.6593 -30.7725 12.2613
    endloop
  endfacet
  facet normal -0.828675 -0.081539 0.553759
    outer loop
      vertex -20.6593 -30.7725 12.2613
      vertex -20.7697 -30.9789 12.0657
      vertex -20.6415 -30.9534 12.2613
    endloop
  endfacet
  facet normal -0.555376 0.0272842 0.831152
    outer loop
      vertex -20.493 24.7725 12.4276
      vertex -20.3157 24.4 12.5583
      vertex -20.2974 24.7725 12.5583
    endloop
  endfacet
  facet normal -0.555376 0.0272842 0.831152
    outer loop
      vertex -20.3157 24.4 12.5583
      vertex -20.493 24.7725 12.4276
      vertex -20.5113 24.4 12.4276
    endloop
  endfacet
  facet normal -0.195 0.0195852 0.980608
    outer loop
      vertex -19.847 24.7954 12.6942
      vertex -20.0733 24.8404 12.6483
      vertex -19.8493 24.7725 12.6942
    endloop
  endfacet
  facet normal -0.371458 0.0930441 0.923776
    outer loop
      vertex -20.1412 25.6134 12.5583
      vertex -20.0186 25.2093 12.6483
      vertex -19.928 25.571 12.6483
    endloop
  endfacet
  facet normal -0.371458 0.0930441 0.923776
    outer loop
      vertex -20.0186 25.2093 12.6483
      vertex -20.1412 25.6134 12.5583
      vertex -20.2318 25.2517 12.5583
    endloop
  endfacet
  facet normal -0.734523 0.392548 0.553518
    outer loop
      vertex -20.1812 26.7793 12.0657
      vertex -20.279 26.5963 12.0657
      vertex -20.0726 26.7067 12.2613
    endloop
  endfacet
  facet normal -0.554781 0.0549177 0.830182
    outer loop
      vertex -20.4783 24.921 12.4276
      vertex -20.493 24.7725 12.4276
      vertex -20.2865 24.8828 12.5583
    endloop
  endfacet
  facet normal -0.38223 0.0377163 0.923297
    outer loop
      vertex -20.0733 24.8404 12.6483
      vertex -20.2974 24.7725 12.5583
      vertex -20.08 24.7725 12.6483
    endloop
  endfacet
  facet normal -0.183898 0.0657864 0.980741
    outer loop
      vertex -19.9082 25.6364 12.6483
      vertex -19.5694 25.8992 12.6942
      vertex -19.7826 25.9875 12.6483
    endloop
  endfacet
  facet normal -0.183898 0.0657864 0.980741
    outer loop
      vertex -19.5694 25.8992 12.6942
      vertex -19.9082 25.6364 12.6483
      vertex -19.695 25.5481 12.6942
    endloop
  endfacet
  facet normal -0.0192513 -0.195099 0.980595
    outer loop
      vertex -16.3225 -34.2993 12.6942
      vertex -16.3904 -34.5233 12.6483
      vertex -16.3225 -34.53 12.6483
    endloop
  endfacet
  facet normal 0.382518 0.0187922 -0.923757
    outer loop
      vertex 20.0983 24.4 0.051672
      vertex 20.2974 24.7725 0.141695
      vertex 20.3157 24.4 0.141695
    endloop
  endfacet
  facet normal 0.382518 0.0187922 -0.923757
    outer loop
      vertex 20.2974 24.7725 0.141695
      vertex 20.0983 24.4 0.051672
      vertex 20.08 24.7725 0.051672
    endloop
  endfacet
  facet normal 0.382327 -0.0377821 -0.923254
    outer loop
      vertex 20.2865 -30.8828 0.141695
      vertex 20.0733 -30.8404 0.051672
      vertex 20.2974 -30.7725 0.141695
    endloop
  endfacet
  facet normal 0.7053 0.0693993 -0.705504
    outer loop
      vertex 20.6593 24.7725 0.438728
      vertex 20.4783 24.921 0.272388
      vertex 20.6415 24.9534 0.438728
    endloop
  endfacet
  facet normal 0.550081 0.0815653 -0.831118
    outer loop
      vertex 20.2318 25.2517 0.141695
      vertex 20.4783 24.921 0.272388
      vertex 20.2865 24.8828 0.141695
    endloop
  endfacet
  facet normal 0.550081 0.0815653 -0.831118
    outer loop
      vertex 20.4783 24.921 0.272388
      vertex 20.2318 25.2517 0.141695
      vertex 20.4236 25.2899 0.272388
    endloop
  endfacet
  facet normal 0.639727 0.302499 -0.706572
    outer loop
      vertex 20.1641 26.1455 0.272388
      vertex 20.1583 26.5463 0.438728
      vertex 20.3177 26.2092 0.438728
    endloop
  endfacet
  facet normal 0.639483 0.302574 -0.70676
    outer loop
      vertex 20.1583 26.5463 0.438728
      vertex 20.1641 26.1455 0.272388
      vertex 20.0046 26.4826 0.272388
    endloop
  endfacet
  facet normal 0.196978 -0.328605 -0.923698
    outer loop
      vertex 18.0556 -34.2216 0.141695
      vertex 18.2547 -33.8492 0.051672
      vertex 18.3754 -34.0299 0.141695
    endloop
  endfacet
  facet normal 0.196894 -0.328567 -0.92373
    outer loop
      vertex 18.2547 -33.8492 0.051672
      vertex 18.0556 -34.2216 0.141695
      vertex 17.9348 -34.0409 0.051672
    endloop
  endfacet
  facet normal 0.20534 0.678363 -0.70545
    outer loop
      vertex 17.3444 28.7397 0.272388
      vertex 17.234 28.9461 0.438728
      vertex 17.4081 28.8934 0.438728
    endloop
  endfacet
  facet normal 0.181227 -0.338816 -0.923234
    outer loop
      vertex 17.9578 -34.2739 0.141695
      vertex 17.8746 -34.0731 0.051672
      vertex 17.9348 -34.0409 0.051672
    endloop
  endfacet
  facet normal 0.449665 0.547955 -0.70537
    outer loop
      vertex 18.899 27.8757 0.272388
      vertex 18.7836 27.9704 0.272388
      vertex 18.876 28.1087 0.438728
    endloop
  endfacet
  facet normal 0.33398 0.625093 -0.70549
    outer loop
      vertex 18.2567 28.5226 0.438728
      vertex 18.0326 28.4546 0.272388
      vertex 18.0963 28.6083 0.438728
    endloop
  endfacet
  facet normal 0.243958 0.296797 -0.923253
    outer loop
      vertex 18.607 27.5837 0.051672
      vertex 18.5542 27.6271 0.051672
      vertex 18.7607 27.7374 0.141695
    endloop
  endfacet
  facet normal -0.193198 0.0286472 -0.980741
    outer loop
      vertex -20.0733 24.8404 0.051672
      vertex -19.7923 25.1643 0.00577831
      vertex -19.847 24.7954 0.00577831
    endloop
  endfacet
  facet normal -0.193198 0.0286472 -0.980741
    outer loop
      vertex -19.7923 25.1643 0.00577831
      vertex -20.0733 24.8404 0.051672
      vertex -20.0186 25.2093 0.051672
    endloop
  endfacet
  facet normal 0.547955 0.449665 -0.70537
    outer loop
      vertex 19.5204 27.2336 0.272388
      vertex 19.4257 27.349 0.272388
      vertex 19.6587 27.326 0.438728
    endloop
  endfacet
  facet normal 0.328567 0.196894 -0.92373
    outer loop
      vertex 19.3992 26.7047 0.051672
      vertex 19.7716 26.5056 0.141695
      vertex 19.5909 26.3848 0.051672
    endloop
  endfacet
  facet normal 0.328605 0.196978 -0.923698
    outer loop
      vertex 19.7716 26.5056 0.141695
      vertex 19.3992 26.7047 0.051672
      vertex 19.5799 26.8254 0.141695
    endloop
  endfacet
  facet normal 0.296901 0.243895 -0.923236
    outer loop
      vertex 19.3578 27.125 0.141695
      vertex 19.1771 27.0042 0.051672
      vertex 19.2874 27.2107 0.141695
    endloop
  endfacet
  facet normal 0.643795 0.528201 -0.553653
    outer loop
      vertex 19.7674 27.3986 0.634324
      vertex 19.5434 27.4666 0.438728
      vertex 19.6358 27.559 0.634324
    endloop
  endfacet
  facet normal 0.61625 0.558707 -0.555052
    outer loop
      vertex 19.6358 27.559 0.634324
      vertex 19.2929 27.7429 0.438728
      vertex 19.3853 27.8353 0.634324
    endloop
  endfacet
  facet normal 0.61625 0.558707 -0.555052
    outer loop
      vertex 19.2929 27.7429 0.438728
      vertex 19.6358 27.559 0.634324
      vertex 19.5434 27.4666 0.438728
    endloop
  endfacet
  facet normal 0.684631 0.620454 -0.382515
    outer loop
      vertex 19.6994 27.6227 0.851659
      vertex 19.3853 27.8353 0.634324
      vertex 19.449 27.899 0.851659
    endloop
  endfacet
  facet normal 0.684589 0.620664 -0.382249
    outer loop
      vertex 19.3853 27.8353 0.634324
      vertex 19.6994 27.6227 0.851659
      vertex 19.6358 27.559 0.634324
    endloop
  endfacet
  facet normal 0.622305 0.758271 -0.194324
    outer loop
      vertex 19.1727 28.1494 0.851659
      vertex 18.9987 28.2922 0.851659
      vertex 19.0242 28.3304 1.08238
    endloop
  endfacet
  facet normal 0.622413 0.758212 -0.194209
    outer loop
      vertex 19.1727 28.1494 0.851659
      vertex 19.0242 28.3304 1.08238
      vertex 19.2051 28.1819 1.08238
    endloop
  endfacet
  facet normal 0.161902 -0.533471 0.830179
    outer loop
      vertex 17.2695 -34.559 12.5583
      vertex 17.1634 -34.5912 12.5583
      vertex 17.2016 -34.783 12.4276
    endloop
  endfacet
  facet normal 0.0815941 -0.550126 0.831086
    outer loop
      vertex 16.8017 -34.6818 12.5583
      vertex 16.471 -34.9283 12.4276
      vertex 16.8398 -34.8736 12.4276
    endloop
  endfacet
  facet normal 0.0815683 -0.550102 0.831105
    outer loop
      vertex 16.471 -34.9283 12.4276
      vertex 16.8017 -34.6818 12.5583
      vertex 16.4328 -34.7365 12.5583
    endloop
  endfacet
  facet normal 0.0567962 -0.1876 0.980602
    outer loop
      vertex 17.1864 -34.3582 12.6483
      vertex 17.076 -34.1517 12.6942
      vertex 17.121 -34.378 12.6483
    endloop
  endfacet
  facet normal 0.449611 -0.547889 0.705455
    outer loop
      vertex 18.899 -33.8757 12.4276
      vertex 18.7836 -33.9704 12.4276
      vertex 18.876 -34.1087 12.2613
    endloop
  endfacet
  facet normal 0.100421 -0.167578 0.980731
    outer loop
      vertex 18.1265 -33.6574 12.6942
      vertex 17.9348 -34.0409 12.6483
      vertex 18.2547 -33.8492 12.6483
    endloop
  endfacet
  facet normal 0.100421 -0.167578 0.980731
    outer loop
      vertex 17.9348 -34.0409 12.6483
      vertex 18.1265 -33.6574 12.6942
      vertex 17.8066 -33.8491 12.6942
    endloop
  endfacet
  facet normal -0.367731 -0.111331 0.923244
    outer loop
      vertex -19.928 -31.571 12.6483
      vertex -20.109 -31.7195 12.5583
      vertex -19.9082 -31.6364 12.6483
    endloop
  endfacet
  facet normal 0.392451 -0.734529 0.553579
    outer loop
      vertex 18.2567 -34.5226 12.2613
      vertex 18.0963 -34.6083 12.2613
      vertex 18.1463 -34.729 12.0657
    endloop
  endfacet
  facet normal 0.262845 -0.491515 0.830256
    outer loop
      vertex 18.0556 -34.2216 12.5583
      vertex 17.9578 -34.2739 12.5583
      vertex 18.1642 -34.3843 12.4276
    endloop
  endfacet
  facet normal 0.161748 -0.533431 -0.830234
    outer loop
      vertex 17.3444 -34.7397 0.272388
      vertex 17.2016 -34.783 0.272388
      vertex 17.2695 -34.559 0.141695
    endloop
  endfacet
  facet normal 0.0408133 -0.830763 -0.555128
    outer loop
      vertex 15.95 -35.1276 0.438728
      vertex 16.3225 -35.24 0.634324
      vertex 15.95 -35.2583 0.634324
    endloop
  endfacet
  facet normal 0.0408133 -0.830763 -0.555128
    outer loop
      vertex 16.3225 -35.24 0.634324
      vertex 15.95 -35.1276 0.438728
      vertex 16.3225 -35.1093 0.438728
    endloop
  endfacet
  facet normal 0.202095 -0.806817 -0.555161
    outer loop
      vertex 17.234 -34.9462 0.438728
      vertex 16.8978 -35.165 0.634324
      vertex 16.8723 -35.0368 0.438728
    endloop
  endfacet
  facet normal 0.202352 -0.806952 -0.554871
    outer loop
      vertex 16.8978 -35.165 0.634324
      vertex 17.234 -34.9462 0.438728
      vertex 17.2595 -35.0743 0.634324
    endloop
  endfacet
  facet normal -0.0904966 -0.920123 -0.38103
    outer loop
      vertex -16.3225 -35.33 0.851659
      vertex -16.5289 -35.2197 0.634324
      vertex -16.3225 -35.24 0.634324
    endloop
  endfacet
  facet normal 0.533431 -0.161748 -0.830234
    outer loop
      vertex 20.2897 -31.7944 0.272388
      vertex 20.109 -31.7195 0.141695
      vertex 20.333 -31.6516 0.272388
    endloop
  endfacet
  facet normal 0.783152 -0.280302 -0.555071
    outer loop
      vertex 20.5641 -31.9081 0.634324
      vertex 20.3177 -32.2092 0.438728
      vertex 20.4434 -31.858 0.438728
    endloop
  endfacet
  facet normal 0.783088 -0.280136 -0.555245
    outer loop
      vertex 20.3177 -32.2092 0.438728
      vertex 20.5641 -31.9081 0.634324
      vertex 20.4385 -32.2592 0.634324
    endloop
  endfacet
  facet normal 0.886584 -0.41949 -0.194929
    outer loop
      vertex 20.5641 -32.3112 1.08238
      vertex 20.3622 -32.6307 0.851659
      vertex 20.5217 -32.2936 0.851659
    endloop
  endfacet
  facet normal 0.886584 -0.41949 -0.194929
    outer loop
      vertex 20.3622 -32.6307 0.851659
      vertex 20.5641 -32.3112 1.08238
      vertex 20.4046 -32.6483 1.08238
    endloop
  endfacet
  facet normal 0.62514 -0.333946 -0.705464
    outer loop
      vertex 20.0726 -32.7067 0.438728
      vertex 19.9343 -32.6142 0.272388
      vertex 20.0046 -32.4826 0.272388
    endloop
  endfacet
  facet normal 0.172843 -0.0924507 -0.980601
    outer loop
      vertex 19.5909 -32.3848 0.051672
      vertex 19.3991 -32.2566 0.00577831
      vertex 19.6231 -32.3246 0.051672
    endloop
  endfacet
  facet normal 0.726775 -0.658648 0.194887
    outer loop
      vertex 19.449 -33.899 11.8483
      vertex 19.7319 -33.6551 11.6176
      vertex 19.6994 -33.6227 11.8483
    endloop
  endfacet
  facet normal 0.726688 -0.658833 0.194586
    outer loop
      vertex 19.7319 -33.6551 11.6176
      vertex 19.449 -33.899 11.8483
      vertex 19.4814 -33.9314 11.6176
    endloop
  endfacet
  facet normal 0.706765 -0.0347216 -0.706595
    outer loop
      vertex 20.6593 -30.7725 0.438728
      vertex 20.5113 -30.4 0.272388
      vertex 20.6776 -30.4 0.438728
    endloop
  endfacet
  facet normal 0.706765 -0.0347216 -0.706595
    outer loop
      vertex 20.5113 -30.4 0.272388
      vertex 20.6593 -30.7725 0.438728
      vertex 20.493 -30.7725 0.272388
    endloop
  endfacet
  facet normal 0.167556 0.100408 -0.980736
    outer loop
      vertex 19.2074 26.5765 0.00577831
      vertex 19.5909 26.3848 0.051672
      vertex 19.3991 26.2566 0.00577831
    endloop
  endfacet
  facet normal 0.167556 0.100408 -0.980736
    outer loop
      vertex 19.5909 26.3848 0.051672
      vertex 19.2074 26.5765 0.00577831
      vertex 19.3992 26.7047 0.051672
    endloop
  endfacet
  facet normal 0.144738 -0.131223 -0.98073
    outer loop
      vertex 18.7202 -33.1702 0.00577831
      vertex 19.1338 -33.057 0.051672
      vertex 18.8833 -33.3333 0.051672
    endloop
  endfacet
  facet normal 0.144721 -0.131155 -0.980742
    outer loop
      vertex 19.1338 -33.057 0.051672
      vertex 18.7202 -33.1702 0.00577831
      vertex 18.9706 -32.8939 0.00577831
    endloop
  endfacet
  facet normal 0.734518 -0.392546 -0.553526
    outer loop
      vertex 20.1812 -32.7793 0.634324
      vertex 20.0726 -32.7067 0.438728
      vertex 20.279 -32.5963 0.634324
    endloop
  endfacet
  facet normal 0.243895 -0.296901 -0.923236
    outer loop
      vertex 18.675 -33.8078 0.141695
      vertex 18.5542 -33.6271 0.051672
      vertex 18.7607 -33.7374 0.141695
    endloop
  endfacet
  facet normal 0.0835108 0.176609 -0.980732
    outer loop
      vertex 17.4492 28.0194 0.00577831
      vertex 17.8746 28.0731 0.051672
      vertex 17.7863 27.86 0.00577831
    endloop
  endfacet
  facet normal 0.0835231 0.176524 -0.980746
    outer loop
      vertex 17.8746 28.0731 0.051672
      vertex 17.4492 28.0194 0.00577831
      vertex 17.5375 28.2326 0.051672
    endloop
  endfacet
  facet normal 0.280395 -0.783188 -0.554973
    outer loop
      vertex 17.7592 -34.7677 0.438728
      vertex 17.4581 -35.0141 0.634324
      vertex 17.4081 -34.8934 0.438728
    endloop
  endfacet
  facet normal 0.280136 -0.783088 -0.555245
    outer loop
      vertex 17.4581 -35.0141 0.634324
      vertex 17.7592 -34.7677 0.438728
      vertex 17.8092 -34.8885 0.634324
    endloop
  endfacet
  facet normal 0 -0.195109 -0.980782
    outer loop
      vertex -15.95 -34.5483 0.051672
      vertex 15.95 -34.3176 0.00577831
      vertex 15.95 -34.5483 0.051672
    endloop
  endfacet
  facet normal -0 -0.195109 -0.980782
    outer loop
      vertex 15.95 -34.3176 0.00577831
      vertex -15.95 -34.5483 0.051672
      vertex -15.95 -34.3176 0.00577831
    endloop
  endfacet
  facet normal -0.33398 -0.625093 -0.70549
    outer loop
      vertex -18.0963 -34.6083 0.438728
      vertex -18.2567 -34.5226 0.438728
      vertex -18.0326 -34.4546 0.272388
    endloop
  endfacet
  facet normal 0.238304 -0.951376 0.19518
    outer loop
      vertex 16.9243 -35.2983 11.6176
      vertex 17.2771 -35.1626 11.8483
      vertex 16.9154 -35.2532 11.8483
    endloop
  endfacet
  facet normal 0.238504 -0.951387 0.194881
    outer loop
      vertex 17.2771 -35.1626 11.8483
      vertex 16.9243 -35.2983 11.6176
      vertex 17.2861 -35.2076 11.6176
    endloop
  endfacet
  facet normal 0.427694 -0.903923 0
    outer loop
      vertex 17.8612 -35.0141 1.08238
      vertex 18.1983 -34.8546 11.6176
      vertex 17.8612 -35.0141 11.6176
    endloop
  endfacet
  facet normal 0.427694 -0.903923 0
    outer loop
      vertex 18.1983 -34.8546 11.6176
      vertex 17.8612 -35.0141 1.08238
      vertex 18.1983 -34.8546 1.08238
    endloop
  endfacet
  facet normal 0.595529 -0.803334 0
    outer loop
      vertex 18.7246 -34.5525 1.08238
      vertex 19.0242 -34.3304 11.6176
      vertex 18.7246 -34.5525 11.6176
    endloop
  endfacet
  facet normal 0.595529 -0.803334 0
    outer loop
      vertex 19.0242 -34.3304 11.6176
      vertex 18.7246 -34.5525 1.08238
      vertex 19.0242 -34.3304 1.08238
    endloop
  endfacet
  facet normal 0.238305 -0.951379 -0.195163
    outer loop
      vertex 17.2771 -35.1626 0.851659
      vertex 16.9243 -35.2983 1.08238
      vertex 16.9154 -35.2532 0.851659
    endloop
  endfacet
  facet normal 0.238505 -0.95139 -0.194864
    outer loop
      vertex 16.9243 -35.2983 1.08238
      vertex 17.2771 -35.1626 0.851659
      vertex 17.2861 -35.2076 1.08238
    endloop
  endfacet
  facet normal 0.658648 -0.726775 0.194887
    outer loop
      vertex 19.2051 -34.1819 11.6176
      vertex 19.449 -33.899 11.8483
      vertex 19.1727 -34.1494 11.8483
    endloop
  endfacet
  facet normal 0.658833 -0.726688 0.194586
    outer loop
      vertex 19.449 -33.899 11.8483
      vertex 19.2051 -34.1819 11.6176
      vertex 19.4814 -33.9314 11.6176
    endloop
  endfacet
  facet normal 0.797044 -0.241602 0.553488
    outer loop
      vertex 20.6243 -31.7095 12.0657
      vertex 20.4962 -31.684 12.2613
      vertex 20.5641 -31.9081 12.0657
    endloop
  endfacet
  facet normal 0.796863 -0.241807 0.55366
    outer loop
      vertex 20.4962 -31.684 12.2613
      vertex 20.4434 -31.858 12.2613
      vertex 20.5641 -31.9081 12.0657
    endloop
  endfacet
  facet normal 0.835294 -0.395222 0.382208
    outer loop
      vertex 20.279 -32.5963 12.0657
      vertex 20.5217 -32.2936 11.8483
      vertex 20.4385 -32.2592 12.0657
    endloop
  endfacet
  facet normal 0.835294 -0.395222 0.382208
    outer loop
      vertex 20.5217 -32.2936 11.8483
      vertex 20.279 -32.5963 12.0657
      vertex 20.3622 -32.6307 11.8483
    endloop
  endfacet
  facet normal 0.783157 -0.280304 0.555063
    outer loop
      vertex 20.3177 -32.2092 12.2613
      vertex 20.5641 -31.9081 12.0657
      vertex 20.4434 -31.858 12.2613
    endloop
  endfacet
  facet normal 0.783093 -0.280138 0.555238
    outer loop
      vertex 20.5641 -31.9081 12.0657
      vertex 20.3177 -32.2092 12.2613
      vertex 20.4385 -32.2592 12.0657
    endloop
  endfacet
  facet normal 0.528396 -0.643631 0.553657
    outer loop
      vertex 19.0166 -33.9934 12.2613
      vertex 18.9487 -34.2174 12.0657
      vertex 19.109 -34.0858 12.0657
    endloop
  endfacet
  facet normal 0.363647 -0.606648 0.706922
    outer loop
      vertex 18.4841 -34.1925 12.4276
      vertex 18.2567 -34.5226 12.2613
      vertex 18.5765 -34.3309 12.2613
    endloop
  endfacet
  facet normal 0.36374 -0.606676 0.70685
    outer loop
      vertex 18.2567 -34.5226 12.2613
      vertex 18.4841 -34.1925 12.4276
      vertex 18.1642 -34.3843 12.4276
    endloop
  endfacet
  facet normal 0.606676 -0.36374 0.70685
    outer loop
      vertex 19.7425 -32.9341 12.4276
      vertex 20.0726 -32.7067 12.2613
      vertex 19.9343 -32.6142 12.4276
    endloop
  endfacet
  facet normal 0.606648 -0.363647 0.706922
    outer loop
      vertex 20.0726 -32.7067 12.2613
      vertex 19.7425 -32.9341 12.4276
      vertex 19.8809 -33.0265 12.2613
    endloop
  endfacet
  facet normal 0.620691 -0.684619 0.382152
    outer loop
      vertex 19.1727 -34.1494 11.8483
      vertex 19.3853 -33.8353 12.0657
      vertex 19.109 -34.0858 12.0657
    endloop
  endfacet
  facet normal 0.620481 -0.68466 0.382417
    outer loop
      vertex 19.3853 -33.8353 12.0657
      vertex 19.1727 -34.1494 11.8483
      vertex 19.449 -33.899 11.8483
    endloop
  endfacet
  facet normal 0.524135 -0.475004 0.706862
    outer loop
      vertex 19.1753 -33.6253 12.4276
      vertex 19.5434 -33.4666 12.2613
      vertex 19.4257 -33.349 12.4276
    endloop
  endfacet
  facet normal 0.524155 -0.475211 0.706708
    outer loop
      vertex 19.5434 -33.4666 12.2613
      vertex 19.1753 -33.6253 12.4276
      vertex 19.2929 -33.7429 12.2613
    endloop
  endfacet
  facet normal 0.430745 -0.353844 0.830212
    outer loop
      vertex 19.3578 -33.125 12.5583
      vertex 19.2874 -33.2107 12.5583
      vertex 19.4257 -33.349 12.4276
    endloop
  endfacet
  facet normal 0.297127 -0.243666 0.923224
    outer loop
      vertex 19.1771 -33.0042 12.6483
      vertex 19.1338 -33.057 12.6483
      vertex 19.2874 -33.2107 12.5583
    endloop
  endfacet
  facet normal -0.176632 -0.0835219 0.980727
    outer loop
      vertex -19.5694 -31.8992 12.6942
      vertex -19.6231 -32.3246 12.6483
      vertex -19.41 -32.2363 12.6942
    endloop
  endfacet
  facet normal -0.176548 -0.0835341 0.980741
    outer loop
      vertex -19.6231 -32.3246 12.6483
      vertex -19.5694 -31.8992 12.6942
      vertex -19.7826 -31.9875 12.6483
    endloop
  endfacet
  facet normal 0.55871 0.616254 0.555044
    outer loop
      vertex 19.109 28.0858 12.0657
      vertex 19.2929 27.7429 12.2613
      vertex 19.3853 27.8353 12.0657
    endloop
  endfacet
  facet normal 0.55871 0.616254 0.555044
    outer loop
      vertex 19.2929 27.7429 12.2613
      vertex 19.109 28.0858 12.0657
      vertex 19.0166 27.9934 12.2613
    endloop
  endfacet
  facet normal 0.528396 0.643631 0.553657
    outer loop
      vertex 19.109 28.0858 12.0657
      vertex 18.9487 28.2174 12.0657
      vertex 19.0166 27.9934 12.2613
    endloop
  endfacet
  facet normal 0.58656 0.714716 0.380956
    outer loop
      vertex 19.1727 28.1494 11.8483
      vertex 18.9987 28.2922 11.8483
      vertex 19.109 28.0858 12.0657
    endloop
  endfacet
  facet normal 0.151824 0.123834 0.98062
    outer loop
      vertex 19.1771 27.0042 12.6483
      vertex 18.9706 26.8939 12.6942
      vertex 18.9852 26.876 12.6942
    endloop
  endfacet
  facet normal 0.431024 0.353709 0.830125
    outer loop
      vertex 19.4257 27.349 12.4276
      vertex 19.3578 27.125 12.5583
      vertex 19.5204 27.2336 12.4276
    endloop
  endfacet
  facet normal 0.353844 0.430745 0.830212
    outer loop
      vertex 18.899 27.8757 12.4276
      vertex 18.675 27.8078 12.5583
      vertex 18.7607 27.7374 12.5583
    endloop
  endfacet
  facet normal 0.228111 0.307708 0.923732
    outer loop
      vertex 18.2547 27.8492 12.6483
      vertex 18.675 27.8078 12.5583
      vertex 18.3754 28.0299 12.5583
    endloop
  endfacet
  facet normal 0.228108 0.307602 0.923768
    outer loop
      vertex 18.675 27.8078 12.5583
      vertex 18.2547 27.8492 12.6483
      vertex 18.5542 27.6271 12.6483
    endloop
  endfacet
  facet normal 0.331224 0.446653 0.831139
    outer loop
      vertex 18.3754 28.0299 12.5583
      vertex 18.7836 27.9704 12.4276
      vertex 18.4841 28.1925 12.4276
    endloop
  endfacet
  facet normal 0.331221 0.446798 0.831062
    outer loop
      vertex 18.7836 27.9704 12.4276
      vertex 18.3754 28.0299 12.5583
      vertex 18.675 27.8078 12.5583
    endloop
  endfacet
  facet normal 0.111331 0.367731 0.923244
    outer loop
      vertex 17.2695 28.559 12.5583
      vertex 17.121 28.378 12.6483
      vertex 17.1864 28.3582 12.6483
    endloop
  endfacet
  facet normal 0.161754 0.53345 0.830221
    outer loop
      vertex 17.3444 28.7397 12.4276
      vertex 17.2016 28.783 12.4276
      vertex 17.2695 28.559 12.5583
    endloop
  endfacet
  facet normal 0.475211 0.524155 0.706708
    outer loop
      vertex 19.0166 27.9934 12.2613
      vertex 19.1753 27.6253 12.4276
      vertex 19.2929 27.7429 12.2613
    endloop
  endfacet
  facet normal 0.475004 0.524135 0.706862
    outer loop
      vertex 19.1753 27.6253 12.4276
      vertex 19.0166 27.9934 12.2613
      vertex 18.899 27.8757 12.4276
    endloop
  endfacet
  facet normal 0.446653 0.331224 0.831139
    outer loop
      vertex 19.5204 27.2336 12.4276
      vertex 19.5799 26.8254 12.5583
      vertex 19.7425 26.9341 12.4276
    endloop
  endfacet
  facet normal 0.446798 0.331221 0.831062
    outer loop
      vertex 19.5799 26.8254 12.5583
      vertex 19.5204 27.2336 12.4276
      vertex 19.3578 27.125 12.5583
    endloop
  endfacet
  facet normal 0.815423 0.435784 0.381022
    outer loop
      vertex 20.3622 26.6307 11.8483
      vertex 20.1812 26.7793 12.0657
      vertex 20.279 26.5963 12.0657
    endloop
  endfacet
  facet normal 0.68466 0.620481 0.382417
    outer loop
      vertex 19.3853 27.8353 12.0657
      vertex 19.6994 27.6227 11.8483
      vertex 19.449 27.899 11.8483
    endloop
  endfacet
  facet normal 0.684619 0.620691 0.382152
    outer loop
      vertex 19.6994 27.6227 11.8483
      vertex 19.3853 27.8353 12.0657
      vertex 19.6358 27.559 12.0657
    endloop
  endfacet
  facet normal 0.547889 0.449611 0.705455
    outer loop
      vertex 19.6587 27.326 12.2613
      vertex 19.4257 27.349 12.4276
      vertex 19.5204 27.2336 12.4276
    endloop
  endfacet
  facet normal 0.568047 0.421436 0.706905
    outer loop
      vertex 19.6587 27.326 12.2613
      vertex 19.7425 26.9341 12.4276
      vertex 19.8809 27.0265 12.2613
    endloop
  endfacet
  facet normal 0.568272 0.421413 0.706738
    outer loop
      vertex 19.7425 26.9341 12.4276
      vertex 19.6587 27.326 12.2613
      vertex 19.5204 27.2336 12.4276
    endloop
  endfacet
  facet normal 0.189483 0.0474624 0.980736
    outer loop
      vertex 19.928 25.571 12.6483
      vertex 19.7923 25.1643 12.6942
      vertex 20.0186 25.2093 12.6483
    endloop
  endfacet
  facet normal 0.189483 0.0474624 0.980736
    outer loop
      vertex 19.7923 25.1643 12.6942
      vertex 19.928 25.571 12.6483
      vertex 19.7017 25.526 12.6942
    endloop
  endfacet
  facet normal 0.412042 0.373417 0.831132
    outer loop
      vertex 19.037 27.487 12.5583
      vertex 19.4257 27.349 12.4276
      vertex 19.1753 27.6253 12.4276
    endloop
  endfacet
  facet normal 0.412042 0.373417 0.831132
    outer loop
      vertex 19.4257 27.349 12.4276
      vertex 19.037 27.487 12.5583
      vertex 19.2874 27.2107 12.5583
    endloop
  endfacet
  facet normal 0.144757 0.13124 0.980725
    outer loop
      vertex 18.7202 27.1702 12.6942
      vertex 19.1338 27.057 12.6483
      vertex 18.8833 27.3333 12.6483
    endloop
  endfacet
  facet normal 0.14474 0.131172 0.980737
    outer loop
      vertex 19.1338 27.057 12.6483
      vertex 18.7202 27.1702 12.6942
      vertex 18.9706 26.8939 12.6942
    endloop
  endfacet
  facet normal 0.183898 0.0657864 0.980741
    outer loop
      vertex 19.5694 25.8992 12.6942
      vertex 19.9082 25.6364 12.6483
      vertex 19.7826 25.9875 12.6483
    endloop
  endfacet
  facet normal 0.183898 0.0657864 0.980741
    outer loop
      vertex 19.9082 25.6364 12.6483
      vertex 19.5694 25.8992 12.6942
      vertex 19.695 25.5481 12.6942
    endloop
  endfacet
  facet normal -0.116367 0.15692 0.980732
    outer loop
      vertex -18.5542 27.6271 12.6483
      vertex -18.1265 27.6574 12.6942
      vertex -18.2547 27.8492 12.6483
    endloop
  endfacet
  facet normal -0.116363 0.156844 0.980744
    outer loop
      vertex -18.1265 27.6574 12.6942
      vertex -18.5542 27.6271 12.6483
      vertex -18.426 27.4352 12.6942
    endloop
  endfacet
  facet normal 0.128962 -0.360602 0.923761
    outer loop
      vertex 17.5375 -34.2326 12.6483
      vertex 17.2695 -34.559 12.5583
      vertex 17.6207 -34.4334 12.5583
    endloop
  endfacet
  facet normal 0.129012 -0.360637 0.923741
    outer loop
      vertex 17.2695 -34.559 12.5583
      vertex 17.5375 -34.2326 12.6483
      vertex 17.1864 -34.3582 12.6483
    endloop
  endfacet
  facet normal 0.0548209 0.554747 0.830211
    outer loop
      vertex 16.3225 28.943 12.4276
      vertex 16.3225 28.7474 12.5583
      vertex 16.4328 28.7365 12.5583
    endloop
  endfacet
  facet normal 0.0567962 0.1876 0.980602
    outer loop
      vertex 17.121 28.378 12.6483
      vertex 17.076 28.1517 12.6942
      vertex 17.1864 28.3582 12.6483
    endloop
  endfacet
  facet normal 0.128962 0.360602 0.923761
    outer loop
      vertex 17.2695 28.559 12.5583
      vertex 17.5375 28.2326 12.6483
      vertex 17.6207 28.4334 12.5583
    endloop
  endfacet
  facet normal 0.129012 0.360637 0.923741
    outer loop
      vertex 17.5375 28.2326 12.6483
      vertex 17.2695 28.559 12.5583
      vertex 17.1864 28.3582 12.6483
    endloop
  endfacet
  facet normal 0.0815941 0.550126 0.831086
    outer loop
      vertex 16.471 28.9283 12.4276
      vertex 16.8017 28.6818 12.5583
      vertex 16.8398 28.8736 12.4276
    endloop
  endfacet
  facet normal 0.0815683 0.550102 0.831105
    outer loop
      vertex 16.8017 28.6818 12.5583
      vertex 16.471 28.9283 12.4276
      vertex 16.4328 28.7365 12.5583
    endloop
  endfacet
  facet normal 0.069391 0.705216 0.705589
    outer loop
      vertex 16.5034 29.0915 12.2613
      vertex 16.3225 29.1093 12.2613
      vertex 16.471 28.9283 12.4276
    endloop
  endfacet
  facet normal 0.678149 0.205629 0.705571
    outer loop
      vertex 20.4962 25.684 12.2613
      vertex 20.2897 25.7944 12.4276
      vertex 20.333 25.6516 12.4276
    endloop
  endfacet
  facet normal 0.678177 0.205792 0.705497
    outer loop
      vertex 20.4434 25.858 12.2613
      vertex 20.2897 25.7944 12.4276
      vertex 20.4962 25.684 12.2613
    endloop
  endfacet
  facet normal 0.338742 0.181188 0.923269
    outer loop
      vertex 19.8239 26.4078 12.5583
      vertex 19.5909 26.3848 12.6483
      vertex 19.6231 26.3246 12.6483
    endloop
  endfacet
  facet normal 0.346171 0.163792 0.923763
    outer loop
      vertex 19.8239 26.4078 12.5583
      vertex 19.7826 25.9875 12.6483
      vertex 19.9834 26.0707 12.5583
    endloop
  endfacet
  facet normal 0.346171 0.163792 0.923763
    outer loop
      vertex 19.7826 25.9875 12.6483
      vertex 19.8239 26.4078 12.5583
      vertex 19.6231 26.3246 12.6483
    endloop
  endfacet
  facet normal -0.0835219 -0.176632 0.980727
    outer loop
      vertex -17.8746 -34.0731 12.6483
      vertex -17.4492 -34.0194 12.6942
      vertex -17.7863 -33.86 12.6942
    endloop
  endfacet
  facet normal -0.0835341 -0.176548 0.980741
    outer loop
      vertex -17.4492 -34.0194 12.6942
      vertex -17.8746 -34.0731 12.6483
      vertex -17.5375 -34.2326 12.6483
    endloop
  endfacet
  facet normal -0.328496 -0.196851 0.923764
    outer loop
      vertex -19.7716 -32.5056 12.5583
      vertex -19.3992 -32.7047 12.6483
      vertex -19.5909 -32.3848 12.6483
    endloop
  endfacet
  facet normal -0.328533 -0.196935 0.923733
    outer loop
      vertex -19.3992 -32.7047 12.6483
      vertex -19.7716 -32.5056 12.5583
      vertex -19.5799 -32.8254 12.5583
    endloop
  endfacet
  facet normal 0.187311 0.523607 0.831114
    outer loop
      vertex 17.3444 28.7397 12.4276
      vertex 17.6207 28.4334 12.5583
      vertex 17.6955 28.6141 12.4276
    endloop
  endfacet
  facet normal 0.187242 0.523563 0.831157
    outer loop
      vertex 17.6207 28.4334 12.5583
      vertex 17.3444 28.7397 12.4276
      vertex 17.2695 28.559 12.5583
    endloop
  endfacet
  facet normal -0 0.195135 0.980776
    outer loop
      vertex -15.95 28.5483 12.6483
      vertex 15.95 28.3176 12.6942
      vertex 15.95 28.5483 12.6483
    endloop
  endfacet
  facet normal 0 0.195135 0.980776
    outer loop
      vertex 15.95 28.3176 12.6942
      vertex -15.95 28.5483 12.6483
      vertex -15.95 28.3176 12.6942
    endloop
  endfacet
  facet normal 0.0408136 0.830768 0.55512
    outer loop
      vertex 16.3225 29.24 12.0657
      vertex 15.95 29.1276 12.2613
      vertex 16.3225 29.1093 12.2613
    endloop
  endfacet
  facet normal 0.0408136 0.830768 0.55512
    outer loop
      vertex 15.95 29.1276 12.2613
      vertex 16.3225 29.24 12.0657
      vertex 15.95 29.2583 12.0657
    endloop
  endfacet
  facet normal 0.268227 0.884778 0.38108
    outer loop
      vertex 17.2771 29.1626 11.8483
      vertex 17.2595 29.0743 12.0657
      vertex 17.4925 29.0973 11.8483
    endloop
  endfacet
  facet normal 0.333906 0.625065 0.705549
    outer loop
      vertex 18.2567 28.5226 12.2613
      vertex 18.0326 28.4546 12.4276
      vertex 18.1642 28.3843 12.4276
    endloop
  endfacet
  facet normal 0.475082 0.792547 0.382318
    outer loop
      vertex 18.3793 28.7061 11.8483
      vertex 18.6491 28.4395 12.0657
      vertex 18.6991 28.5144 11.8483
    endloop
  endfacet
  facet normal 0.475082 0.792547 0.382318
    outer loop
      vertex 18.6491 28.4395 12.0657
      vertex 18.3793 28.7061 11.8483
      vertex 18.3293 28.6312 12.0657
    endloop
  endfacet
  facet normal 0.392548 0.734523 0.553518
    outer loop
      vertex 18.3293 28.6312 12.0657
      vertex 18.1463 28.729 12.0657
      vertex 18.2567 28.5226 12.2613
    endloop
  endfacet
  facet normal 0.33394 0.625018 0.705576
    outer loop
      vertex 18.0963 28.6083 12.2613
      vertex 18.0326 28.4546 12.4276
      vertex 18.2567 28.5226 12.2613
    endloop
  endfacet
  facet normal 0.09037 0.920131 0.38104
    outer loop
      vertex 16.5465 29.308 11.8483
      vertex 16.3225 29.33 11.8483
      vertex 16.5289 29.2197 12.0657
    endloop
  endfacet
  facet normal 0.121997 0.822753 0.555153
    outer loop
      vertex 16.5289 29.2197 12.0657
      vertex 16.8723 29.0368 12.2613
      vertex 16.8978 29.165 12.0657
    endloop
  endfacet
  facet normal 0.121997 0.822753 0.555153
    outer loop
      vertex 16.8723 29.0368 12.2613
      vertex 16.5289 29.2197 12.0657
      vertex 16.5034 29.0915 12.2613
    endloop
  endfacet
  facet normal 0.330369 0.923507 -0.194916
    outer loop
      vertex 17.8436 28.9717 0.851659
      vertex 17.5101 29.1397 1.08238
      vertex 17.8612 29.0141 1.08238
    endloop
  endfacet
  facet normal 0.330369 0.923507 -0.194916
    outer loop
      vertex 17.5101 29.1397 1.08238
      vertex 17.8436 28.9717 0.851659
      vertex 17.4925 29.0973 0.851659
    endloop
  endfacet
  facet normal 0.392546 0.734518 -0.553526
    outer loop
      vertex 18.2567 28.5226 0.438728
      vertex 18.1463 28.729 0.634324
      vertex 18.3293 28.6312 0.634324
    endloop
  endfacet
  facet normal -0.378874 0.056179 -0.923741
    outer loop
      vertex -20.2865 24.8828 0.141695
      vertex -20.0186 25.2093 0.051672
      vertex -20.0733 24.8404 0.051672
    endloop
  endfacet
  facet normal -0.378874 0.056179 -0.923741
    outer loop
      vertex -20.0186 25.2093 0.051672
      vertex -20.2865 24.8828 0.141695
      vertex -20.2318 25.2517 0.141695
    endloop
  endfacet
  facet normal -0.382313 0.0377246 -0.923262
    outer loop
      vertex -20.08 24.7725 0.051672
      vertex -20.2974 24.7725 0.141695
      vertex -20.0733 24.8404 0.051672
    endloop
  endfacet
  facet normal -0.382518 0.0187922 -0.923757
    outer loop
      vertex -20.0983 24.4 0.051672
      vertex -20.2974 24.7725 0.141695
      vertex -20.08 24.7725 0.051672
    endloop
  endfacet
  facet normal -0.382518 0.0187922 -0.923757
    outer loop
      vertex -20.2974 24.7725 0.141695
      vertex -20.0983 24.4 0.051672
      vertex -20.3157 24.4 0.141695
    endloop
  endfacet
  facet normal -0.176609 -0.0835108 -0.980732
    outer loop
      vertex -19.6231 -32.3246 0.051672
      vertex -19.5694 -31.8992 0.00577831
      vertex -19.41 -32.2363 0.00577831
    endloop
  endfacet
  facet normal -0.176524 -0.0835231 -0.980746
    outer loop
      vertex -19.5694 -31.8992 0.00577831
      vertex -19.6231 -32.3246 0.051672
      vertex -19.7826 -31.9875 0.051672
    endloop
  endfacet
  facet normal -0.268215 -0.88474 -0.381177
    outer loop
      vertex -17.2771 -35.1626 0.851659
      vertex -17.4925 -35.0973 0.851659
      vertex -17.2595 -35.0743 0.634324
    endloop
  endfacet
  facet normal -0.224516 -0.896328 -0.382346
    outer loop
      vertex -17.2595 -35.0743 0.634324
      vertex -16.9154 -35.2532 0.851659
      vertex -17.2771 -35.1626 0.851659
    endloop
  endfacet
  facet normal -0.224785 -0.896413 -0.38199
    outer loop
      vertex -16.9154 -35.2532 0.851659
      vertex -17.2595 -35.0743 0.634324
      vertex -16.8978 -35.165 0.634324
    endloop
  endfacet
  facet normal 0.0568559 -0.18754 -0.98061
    outer loop
      vertex 17.1864 -34.3582 0.051672
      vertex 17.076 -34.1517 0.00577831
      vertex 17.0981 -34.145 0.00577831
    endloop
  endfacet
  facet normal -0.243958 -0.296797 -0.923253
    outer loop
      vertex -18.5542 -33.6271 0.051672
      vertex -18.7607 -33.7374 0.141695
      vertex -18.607 -33.5837 0.051672
    endloop
  endfacet
  facet normal -0.0481274 0.979643 -0.194892
    outer loop
      vertex -15.95 29.3483 0.851659
      vertex -16.3225 29.3759 1.08238
      vertex -15.95 29.3942 1.08238
    endloop
  endfacet
  facet normal -0.0481274 0.979643 -0.194892
    outer loop
      vertex -16.3225 29.3759 1.08238
      vertex -15.95 29.3483 0.851659
      vertex -16.3225 29.33 0.851659
    endloop
  endfacet
  facet normal -0.475061 0.792512 -0.382415
    outer loop
      vertex -18.6491 28.4395 0.634324
      vertex -18.3793 28.7061 0.851659
      vertex -18.3293 28.6312 0.634324
    endloop
  endfacet
  facet normal -0.475061 0.792512 -0.382415
    outer loop
      vertex -18.3793 28.7061 0.851659
      vertex -18.6491 28.4395 0.634324
      vertex -18.6991 28.5144 0.851659
    endloop
  endfacet
  facet normal -0.471142 0.882057 0
    outer loop
      vertex -18.1983 28.8546 1.08238
      vertex -18.4048 28.7443 11.6176
      vertex -18.1983 28.8546 11.6176
    endloop
  endfacet
  facet normal -0.471142 0.882057 0
    outer loop
      vertex -18.4048 28.7443 11.6176
      vertex -18.1983 28.8546 1.08238
      vertex -18.4048 28.7443 1.08238
    endloop
  endfacet
  facet normal -0.595529 0.803334 0
    outer loop
      vertex -18.7246 28.5525 1.08238
      vertex -19.0242 28.3304 11.6176
      vertex -18.7246 28.5525 11.6176
    endloop
  endfacet
  facet normal -0.595529 0.803334 0
    outer loop
      vertex -19.0242 28.3304 11.6176
      vertex -18.7246 28.5525 1.08238
      vertex -19.0242 28.3304 1.08238
    endloop
  endfacet
  facet normal -0.392546 0.734518 -0.553526
    outer loop
      vertex -18.2567 28.5226 0.438728
      vertex -18.3293 28.6312 0.634324
      vertex -18.1463 28.729 0.634324
    endloop
  endfacet
  facet normal -0.678258 0.205816 -0.705412
    outer loop
      vertex -20.2897 25.7944 0.272388
      vertex -20.4962 25.684 0.438728
      vertex -20.4434 25.858 0.438728
    endloop
  endfacet
  facet normal -0.533451 0.161896 -0.830193
    outer loop
      vertex -20.1412 25.6134 0.141695
      vertex -20.333 25.6516 0.272388
      vertex -20.109 25.7195 0.141695
    endloop
  endfacet
  facet normal -0.533431 0.161748 -0.830234
    outer loop
      vertex -20.109 25.7195 0.141695
      vertex -20.333 25.6516 0.272388
      vertex -20.2897 25.7944 0.272388
    endloop
  endfacet
  facet normal -0.758271 0.622305 -0.194324
    outer loop
      vertex -19.8422 27.4487 0.851659
      vertex -19.8804 27.4742 1.08238
      vertex -19.6994 27.6227 0.851659
    endloop
  endfacet
  facet normal -0.734518 0.392546 -0.553526
    outer loop
      vertex -20.0726 26.7067 0.438728
      vertex -20.279 26.5963 0.634324
      vertex -20.1812 26.7793 0.634324
    endloop
  endfacet
  facet normal -0.65865 0.726777 -0.19487
    outer loop
      vertex -19.449 27.899 0.851659
      vertex -19.2051 28.1819 1.08238
      vertex -19.1727 28.1494 0.851659
    endloop
  endfacet
  facet normal -0.658835 0.726691 -0.194568
    outer loop
      vertex -19.2051 28.1819 1.08238
      vertex -19.449 27.899 0.851659
      vertex -19.4814 27.9314 1.08238
    endloop
  endfacet
  facet normal -0.330369 0.923507 -0.194916
    outer loop
      vertex -17.8436 28.9717 0.851659
      vertex -17.5101 29.1397 1.08238
      vertex -17.4925 29.0973 0.851659
    endloop
  endfacet
  facet normal -0.330369 0.923507 -0.194916
    outer loop
      vertex -17.5101 29.1397 1.08238
      vertex -17.8436 28.9717 0.851659
      vertex -17.8612 29.0141 1.08238
    endloop
  endfacet
  facet normal -0.584304 0.787838 -0.194678
    outer loop
      vertex -18.9987 28.2922 0.851659
      vertex -18.7246 28.5525 1.08238
      vertex -18.6991 28.5144 0.851659
    endloop
  endfacet
  facet normal -0.584096 0.787911 -0.195009
    outer loop
      vertex -18.7246 28.5525 1.08238
      vertex -18.9987 28.2922 0.851659
      vertex -19.0242 28.3304 1.08238
    endloop
  endfacet
  facet normal -0.331209 0.446781 -0.831076
    outer loop
      vertex -18.7836 27.9704 0.272388
      vertex -18.3754 28.0299 0.141695
      vertex -18.675 27.8078 0.141695
    endloop
  endfacet
  facet normal -0.331212 0.446636 -0.831153
    outer loop
      vertex -18.3754 28.0299 0.141695
      vertex -18.7836 27.9704 0.272388
      vertex -18.4841 28.1925 0.272388
    endloop
  endfacet
  facet normal -0.705465 0.0698339 -0.705296
    outer loop
      vertex -20.493 24.7725 0.272388
      vertex -20.6593 24.7725 0.438728
      vertex -20.4783 24.921 0.272388
    endloop
  endfacet
  facet normal -0.7053 0.0693993 -0.705504
    outer loop
      vertex -20.4783 24.921 0.272388
      vertex -20.6593 24.7725 0.438728
      vertex -20.6415 24.9534 0.438728
    endloop
  endfacet
  facet normal -0.82867 0.0815385 -0.553767
    outer loop
      vertex -20.6593 24.7725 0.438728
      vertex -20.7697 24.9789 0.634324
      vertex -20.6415 24.9534 0.438728
    endloop
  endfacet
  facet normal -0.796858 0.241805 -0.553668
    outer loop
      vertex -20.4962 25.684 0.438728
      vertex -20.5641 25.9081 0.634324
      vertex -20.4434 25.858 0.438728
    endloop
  endfacet
  facet normal -0.970199 0.144123 -0.194788
    outer loop
      vertex -20.8032 25.3654 0.851659
      vertex -20.903 25.0054 1.08238
      vertex -20.8482 25.3743 1.08238
    endloop
  endfacet
  facet normal -0.970199 0.144123 -0.194788
    outer loop
      vertex -20.903 25.0054 1.08238
      vertex -20.8032 25.3654 0.851659
      vertex -20.858 24.9965 0.851659
    endloop
  endfacet
  facet normal 0.0308433 -0.389603 -0.920466
    outer loop
      vertex -20.8983 4.86481 0.851659
      vertex -20.9295 4.49191 1.00845
      vertex -20.9284 4.5057 1.00265
    endloop
  endfacet
  facet normal 0.0555986 0.485169 0.872651
    outer loop
      vertex -20.9295 4.49191 1.00845
      vertex -20.9442 4.36062 1.08238
      vertex -20.9308 4.47999 1.01516
    endloop
  endfacet
  facet normal -0.980771 0 -0.195165
    outer loop
      vertex -20.8983 -30.4 0.851659
      vertex -20.9295 4.49191 1.00845
      vertex -20.8983 4.86481 0.851659
    endloop
  endfacet
  facet normal -0.980799 -6.74564e-07 -0.19502
    outer loop
      vertex -20.8983 -30.4 0.851659
      vertex -20.9442 4.36062 1.08238
      vertex -20.9295 4.49191 1.00845
    endloop
  endfacet
  facet normal -0.98078 -0 -0.195118
    outer loop
      vertex -20.9442 4.36062 1.08238
      vertex -20.8983 -30.4 0.851659
      vertex -20.9442 -30.4 1.08238
    endloop
  endfacet
  facet normal -0.98078 0 -0.195118
    outer loop
      vertex -20.8983 24.4 0.851659
      vertex -20.9442 11.5994 1.08238
      vertex -20.9442 24.4 1.08238
    endloop
  endfacet
  facet normal -0.980706 -6.91726e-06 -0.195487
    outer loop
      vertex -20.8983 24.4 0.851659
      vertex -20.9308 11.48 1.01516
      vertex -20.9442 11.5994 1.08238
    endloop
  endfacet
  facet normal -0.981724 6.1178e-05 -0.190308
    outer loop
      vertex -20.8983 24.4 0.851659
      vertex -20.9295 11.4681 1.00845
      vertex -20.9308 11.48 1.01516
    endloop
  endfacet
  facet normal -0.982439 0.000108085 -0.186582
    outer loop
      vertex -20.8983 24.4 0.851659
      vertex -20.9284 11.4543 1.00265
      vertex -20.9295 11.4681 1.00845
    endloop
  endfacet
  facet normal -0.980703 0 -0.195503
    outer loop
      vertex -20.9284 11.4543 1.00265
      vertex -20.8983 24.4 0.851659
      vertex -20.8983 11.0952 0.851659
    endloop
  endfacet
  facet normal -0.0657777 0.183874 -0.980747
    outer loop
      vertex -17.4492 28.0194 0.00577831
      vertex -17.1864 28.3582 0.051672
      vertex -17.0981 28.145 0.00577831
    endloop
  endfacet
  facet normal -0.0657777 0.183874 -0.980747
    outer loop
      vertex -17.1864 28.3582 0.051672
      vertex -17.4492 28.0194 0.00577831
      vertex -17.5375 28.2326 0.051672
    endloop
  endfacet
  facet normal -0.100408 0.167556 -0.980736
    outer loop
      vertex -18.1265 27.6574 0.00577831
      vertex -17.9348 28.0409 0.051672
      vertex -17.8066 27.8491 0.00577831
    endloop
  endfacet
  facet normal -0.100408 0.167556 -0.980736
    outer loop
      vertex -17.9348 28.0409 0.051672
      vertex -18.1265 27.6574 0.00577831
      vertex -18.2547 27.8492 0.051672
    endloop
  endfacet
  facet normal -0.196894 0.328567 -0.92373
    outer loop
      vertex -18.2547 27.8492 0.051672
      vertex -18.0556 28.2216 0.141695
      vertex -17.9348 28.0409 0.051672
    endloop
  endfacet
  facet normal -0.196978 0.328605 -0.923698
    outer loop
      vertex -18.0556 28.2216 0.141695
      vertex -18.2547 27.8492 0.051672
      vertex -18.3754 28.0299 0.141695
    endloop
  endfacet
  facet normal -0.156823 -0.116348 -0.98075
    outer loop
      vertex -19.1771 -33.0042 0.051672
      vertex -19.2074 -32.5765 0.00577831
      vertex -18.9852 -32.876 0.00577831
    endloop
  endfacet
  facet normal -0.1569 -0.116352 -0.980737
    outer loop
      vertex -19.2074 -32.5765 0.00577831
      vertex -19.1771 -33.0042 0.051672
      vertex -19.3992 -32.7047 0.051672
    endloop
  endfacet
  facet normal -0.0347216 0.706765 -0.706595
    outer loop
      vertex -15.95 28.9613 0.272388
      vertex -16.3225 29.1093 0.438728
      vertex -15.95 29.1276 0.438728
    endloop
  endfacet
  facet normal -0.0347216 0.706765 -0.706595
    outer loop
      vertex -16.3225 29.1093 0.438728
      vertex -15.95 28.9613 0.272388
      vertex -16.3225 28.943 0.272388
    endloop
  endfacet
  facet normal -0.205316 0.678282 0.705535
    outer loop
      vertex -17.234 28.9461 12.2613
      vertex -17.4081 28.8934 12.2613
      vertex -17.3444 28.7397 12.4276
    endloop
  endfacet
  facet normal -0.0815683 0.550102 0.831105
    outer loop
      vertex -16.471 28.9283 12.4276
      vertex -16.8017 28.6818 12.5583
      vertex -16.4328 28.7365 12.5583
    endloop
  endfacet
  facet normal -0.0815941 0.550126 0.831086
    outer loop
      vertex -16.8017 28.6818 12.5583
      vertex -16.471 28.9283 12.4276
      vertex -16.8398 28.8736 12.4276
    endloop
  endfacet
  facet normal -0.0453449 0.923004 0.382108
    outer loop
      vertex -15.95 29.3483 11.8483
      vertex -16.3225 29.24 12.0657
      vertex -15.95 29.2583 12.0657
    endloop
  endfacet
  facet normal -0.0453449 0.923004 0.382108
    outer loop
      vertex -16.3225 29.24 12.0657
      vertex -15.95 29.3483 11.8483
      vertex -16.3225 29.33 11.8483
    endloop
  endfacet
  facet normal -0.36374 0.606676 0.70685
    outer loop
      vertex -18.2567 28.5226 12.2613
      vertex -18.4841 28.1925 12.4276
      vertex -18.1642 28.3843 12.4276
    endloop
  endfacet
  facet normal -0.363647 0.606648 0.706922
    outer loop
      vertex -18.4841 28.1925 12.4276
      vertex -18.2567 28.5226 12.2613
      vertex -18.5765 28.3309 12.2613
    endloop
  endfacet
  facet normal -0.446798 0.331221 0.831062
    outer loop
      vertex -19.5204 27.2336 12.4276
      vertex -19.5799 26.8254 12.5583
      vertex -19.3578 27.125 12.5583
    endloop
  endfacet
  facet normal -0.446653 0.331224 0.831139
    outer loop
      vertex -19.5799 26.8254 12.5583
      vertex -19.5204 27.2336 12.4276
      vertex -19.7425 26.9341 12.4276
    endloop
  endfacet
  facet normal -0.430745 0.353844 0.830212
    outer loop
      vertex -19.2874 27.2107 12.5583
      vertex -19.4257 27.349 12.4276
      vertex -19.3578 27.125 12.5583
    endloop
  endfacet
  facet normal -0.527918 0.643757 0.553967
    outer loop
      vertex -18.9487 28.2174 12.0657
      vertex -19.0166 27.9934 12.2613
      vertex -18.876 28.1087 12.2613
    endloop
  endfacet
  facet normal -0.302463 0.63965 0.706657
    outer loop
      vertex -18.0963 28.6083 12.2613
      vertex -17.6955 28.6141 12.4276
      vertex -17.7592 28.7677 12.2613
    endloop
  endfacet
  facet normal -0.302537 0.639406 0.706845
    outer loop
      vertex -17.6955 28.6141 12.4276
      vertex -18.0963 28.6083 12.2613
      vertex -18.0326 28.4546 12.4276
    endloop
  endfacet
  facet normal -0.338748 0.18115 0.923274
    outer loop
      vertex -19.7716 26.5056 12.5583
      vertex -19.8239 26.4078 12.5583
      vertex -19.5909 26.3848 12.6483
    endloop
  endfacet
  facet normal -0.328533 0.196935 0.923733
    outer loop
      vertex -19.7716 26.5056 12.5583
      vertex -19.3992 26.7047 12.6483
      vertex -19.5799 26.8254 12.5583
    endloop
  endfacet
  facet normal -0.328496 0.196851 0.923764
    outer loop
      vertex -19.3992 26.7047 12.6483
      vertex -19.7716 26.5056 12.5583
      vertex -19.5909 26.3848 12.6483
    endloop
  endfacet
  facet normal -0.796863 0.241807 0.55366
    outer loop
      vertex -20.4434 25.858 12.2613
      vertex -20.5641 25.9081 12.0657
      vertex -20.4962 25.684 12.2613
    endloop
  endfacet
  facet normal 0.98078 0 -0.195118
    outer loop
      vertex 20.9442 -30.4 1.08238
      vertex 20.8983 24.4 0.851659
      vertex 20.9442 24.4 1.08238
    endloop
  endfacet
  facet normal 0.98078 0 -0.195118
    outer loop
      vertex 20.8983 24.4 0.851659
      vertex 20.9442 -30.4 1.08238
      vertex 20.8983 -30.4 0.851659
    endloop
  endfacet
  facet normal 0.922964 0.0453429 -0.382206
    outer loop
      vertex 20.8983 24.4 0.851659
      vertex 20.79 24.7725 0.634324
      vertex 20.88 24.7725 0.851659
    endloop
  endfacet
  facet normal 0.922964 0.0453429 -0.382206
    outer loop
      vertex 20.79 24.7725 0.634324
      vertex 20.8983 24.4 0.851659
      vertex 20.8083 24.4 0.634324
    endloop
  endfacet
  facet normal 0.53942 0.135116 -0.831125
    outer loop
      vertex 20.2318 25.2517 0.141695
      vertex 20.333 25.6516 0.272388
      vertex 20.4236 25.2899 0.272388
    endloop
  endfacet
  facet normal 0.53942 0.135116 -0.831125
    outer loop
      vertex 20.333 25.6516 0.272388
      vertex 20.2318 25.2517 0.141695
      vertex 20.1412 25.6134 0.141695
    endloop
  endfacet
  facet normal 0.884759 0.26819 -0.381152
    outer loop
      vertex 20.6243 25.7095 0.634324
      vertex 20.5641 25.9081 0.634324
      vertex 20.6473 25.9425 0.851659
    endloop
  endfacet
  facet normal 0.713526 0.427714 -0.554924
    outer loop
      vertex 20.1812 26.7793 0.634324
      vertex 19.8809 27.0265 0.438728
      vertex 19.9895 27.0991 0.634324
    endloop
  endfacet
  facet normal 0.713526 0.427714 -0.554924
    outer loop
      vertex 19.8809 27.0265 0.438728
      vertex 20.1812 26.7793 0.634324
      vertex 20.0726 26.7067 0.438728
    endloop
  endfacet
  facet normal 0.815388 0.435765 -0.381119
    outer loop
      vertex 20.279 26.5963 0.634324
      vertex 20.1812 26.7793 0.634324
      vertex 20.3622 26.6307 0.851659
    endloop
  endfacet
  facet normal 0.446636 0.331212 -0.831153
    outer loop
      vertex 19.5799 26.8254 0.141695
      vertex 19.5204 27.2336 0.272388
      vertex 19.7425 26.9341 0.272388
    endloop
  endfacet
  facet normal 0.446781 0.331209 -0.831076
    outer loop
      vertex 19.5204 27.2336 0.272388
      vertex 19.5799 26.8254 0.141695
      vertex 19.3578 27.125 0.141695
    endloop
  endfacet
  facet normal 0.920091 0.0903661 -0.381137
    outer loop
      vertex 20.88 24.7725 0.851659
      vertex 20.7697 24.9789 0.634324
      vertex 20.858 24.9965 0.851659
    endloop
  endfacet
  facet normal 0.976261 0.0958828 -0.194219
    outer loop
      vertex 20.88 24.7725 0.851659
      vertex 20.858 24.9965 0.851659
      vertex 20.9259 24.7725 1.08238
    endloop
  endfacet
  facet normal 0.914033 0.135779 0.382239
    outer loop
      vertex 20.7149 25.3478 12.0657
      vertex 20.858 24.9965 11.8483
      vertex 20.8032 25.3654 11.8483
    endloop
  endfacet
  facet normal 0.914033 0.135779 0.382239
    outer loop
      vertex 20.858 24.9965 11.8483
      vertex 20.7149 25.3478 12.0657
      vertex 20.7697 24.9789 12.0657
    endloop
  endfacet
  facet normal 0.913993 0.135773 -0.382337
    outer loop
      vertex 20.858 24.9965 0.851659
      vertex 20.7149 25.3478 0.634324
      vertex 20.8032 25.3654 0.851659
    endloop
  endfacet
  facet normal 0.913993 0.135773 -0.382337
    outer loop
      vertex 20.7149 25.3478 0.634324
      vertex 20.858 24.9965 0.851659
      vertex 20.7697 24.9789 0.634324
    endloop
  endfacet
  facet normal 0.896328 0.224516 -0.382346
    outer loop
      vertex 20.8032 25.3654 0.851659
      vertex 20.6243 25.7095 0.634324
      vertex 20.7126 25.7271 0.851659
    endloop
  endfacet
  facet normal 0.896328 0.224516 -0.382346
    outer loop
      vertex 20.6243 25.7095 0.634324
      vertex 20.8032 25.3654 0.851659
      vertex 20.7149 25.3478 0.634324
    endloop
  endfacet
  facet normal 0.734523 0.392548 0.553518
    outer loop
      vertex 20.1812 26.7793 12.0657
      vertex 20.0726 26.7067 12.2613
      vertex 20.279 26.5963 12.0657
    endloop
  endfacet
  facet normal 0.87007 0.311253 0.38223
    outer loop
      vertex 20.4385 26.2592 12.0657
      vertex 20.6473 25.9425 11.8483
      vertex 20.5217 26.2936 11.8483
    endloop
  endfacet
  facet normal 0.87007 0.311253 0.38223
    outer loop
      vertex 20.6473 25.9425 11.8483
      vertex 20.4385 26.2592 12.0657
      vertex 20.5641 25.9081 12.0657
    endloop
  endfacet
  facet normal 0.815445 0.435643 0.381136
    outer loop
      vertex 20.2561 26.8293 11.8483
      vertex 20.1812 26.7793 12.0657
      vertex 20.3622 26.6307 11.8483
    endloop
  endfacet
  facet normal 0.144122 -0.970196 0.194805
    outer loop
      vertex 16.5554 -35.353 11.6176
      vertex 16.9154 -35.2532 11.8483
      vertex 16.5465 -35.308 11.8483
    endloop
  endfacet
  facet normal 0.143853 -0.970155 0.195207
    outer loop
      vertex 16.9154 -35.2532 11.8483
      vertex 16.5554 -35.353 11.6176
      vertex 16.9243 -35.2983 11.6176
    endloop
  endfacet
  facet normal 0.0959919 -0.976267 0.194132
    outer loop
      vertex 16.5465 -35.308 11.8483
      vertex 16.3225 -35.3759 11.6176
      vertex 16.5554 -35.353 11.6176
    endloop
  endfacet
  facet normal 0.311253 -0.87007 0.38223
    outer loop
      vertex 17.4925 -35.0973 11.8483
      vertex 17.8092 -34.8885 12.0657
      vertex 17.4581 -35.0141 12.0657
    endloop
  endfacet
  facet normal 0.311253 -0.87007 0.38223
    outer loop
      vertex 17.8092 -34.8885 12.0657
      vertex 17.4925 -35.0973 11.8483
      vertex 17.8436 -34.9717 11.8483
    endloop
  endfacet
  facet normal 0.475082 -0.792547 0.382318
    outer loop
      vertex 18.3793 -34.7061 11.8483
      vertex 18.6491 -34.4395 12.0657
      vertex 18.3293 -34.6312 12.0657
    endloop
  endfacet
  facet normal 0.475082 -0.792547 0.382318
    outer loop
      vertex 18.6491 -34.4395 12.0657
      vertex 18.3793 -34.7061 11.8483
      vertex 18.6991 -34.5144 11.8483
    endloop
  endfacet
  facet normal 0.238498 -0.666163 0.706644
    outer loop
      vertex 17.6955 -34.6141 12.4276
      vertex 17.4081 -34.8934 12.2613
      vertex 17.7592 -34.7677 12.2613
    endloop
  endfacet
  facet normal 0.238264 -0.666038 0.70684
    outer loop
      vertex 17.4081 -34.8934 12.2613
      vertex 17.6955 -34.6141 12.4276
      vertex 17.3444 -34.7397 12.4276
    endloop
  endfacet
  facet normal -0.38223 -0.0377163 0.923297
    outer loop
      vertex -20.08 -30.7725 12.6483
      vertex -20.2974 -30.7725 12.5583
      vertex -20.0733 -30.8404 12.6483
    endloop
  endfacet
  facet normal 0.151824 -0.123834 0.98062
    outer loop
      vertex 18.9852 -32.876 12.6942
      vertex 18.9706 -32.8939 12.6942
      vertex 19.1771 -33.0042 12.6483
    endloop
  endfacet
  facet normal 0.116367 0.15692 0.980732
    outer loop
      vertex 18.1265 27.6574 12.6942
      vertex 18.5542 27.6271 12.6483
      vertex 18.2547 27.8492 12.6483
    endloop
  endfacet
  facet normal 0.116363 0.156844 0.980744
    outer loop
      vertex 18.5542 27.6271 12.6483
      vertex 18.1265 27.6574 12.6942
      vertex 18.426 27.4352 12.6942
    endloop
  endfacet
  facet normal -0.0377163 -0.38223 0.923297
    outer loop
      vertex -16.3225 -34.53 12.6483
      vertex -16.3904 -34.5233 12.6483
      vertex -16.3225 -34.7474 12.5583
    endloop
  endfacet
  facet normal -0.0187881 -0.382434 0.923792
    outer loop
      vertex -16.3225 -34.7474 12.5583
      vertex -15.95 -34.5483 12.6483
      vertex -16.3225 -34.53 12.6483
    endloop
  endfacet
  facet normal -0.0187881 -0.382434 0.923792
    outer loop
      vertex -15.95 -34.5483 12.6483
      vertex -16.3225 -34.7474 12.5583
      vertex -15.95 -34.7657 12.5583
    endloop
  endfacet
  facet normal -0.135121 -0.53944 0.831112
    outer loop
      vertex -17.2016 -34.783 12.4276
      vertex -16.8017 -34.6818 12.5583
      vertex -17.1634 -34.5912 12.5583
    endloop
  endfacet
  facet normal -0.135097 -0.539494 0.83108
    outer loop
      vertex -16.8017 -34.6818 12.5583
      vertex -17.2016 -34.783 12.4276
      vertex -16.8398 -34.8736 12.4276
    endloop
  endfacet
  facet normal -0.0657864 -0.183898 0.980741
    outer loop
      vertex -17.4492 -34.0194 12.6942
      vertex -17.1864 -34.3582 12.6483
      vertex -17.0981 -34.145 12.6942
    endloop
  endfacet
  facet normal -0.0657864 -0.183898 0.980741
    outer loop
      vertex -17.1864 -34.3582 12.6483
      vertex -17.4492 -34.0194 12.6942
      vertex -17.5375 -34.2326 12.6483
    endloop
  endfacet
  facet normal -0.167578 -0.100421 0.980731
    outer loop
      vertex -19.5909 -32.3848 12.6483
      vertex -19.2074 -32.5765 12.6942
      vertex -19.3991 -32.2566 12.6942
    endloop
  endfacet
  facet normal -0.167578 -0.100421 0.980731
    outer loop
      vertex -19.2074 -32.5765 12.6942
      vertex -19.5909 -32.3848 12.6483
      vertex -19.3992 -32.7047 12.6483
    endloop
  endfacet
  facet normal -0.373417 -0.412042 0.831132
    outer loop
      vertex -19.037 -33.487 12.5583
      vertex -18.899 -33.8757 12.4276
      vertex -18.7607 -33.7374 12.5583
    endloop
  endfacet
  facet normal -0.373417 -0.412042 0.831132
    outer loop
      vertex -18.899 -33.8757 12.4276
      vertex -19.037 -33.487 12.5583
      vertex -19.1753 -33.6253 12.4276
    endloop
  endfacet
  facet normal -0.430745 -0.353844 0.830212
    outer loop
      vertex -19.3578 -33.125 12.5583
      vertex -19.4257 -33.349 12.4276
      vertex -19.2874 -33.2107 12.5583
    endloop
  endfacet
  facet normal -0.606676 -0.36374 0.70685
    outer loop
      vertex -20.0726 -32.7067 12.2613
      vertex -19.7425 -32.9341 12.4276
      vertex -19.9343 -32.6142 12.4276
    endloop
  endfacet
  facet normal -0.606648 -0.363647 0.706922
    outer loop
      vertex -19.7425 -32.9341 12.4276
      vertex -20.0726 -32.7067 12.2613
      vertex -19.8809 -33.0265 12.2613
    endloop
  endfacet
  facet normal -0.14474 -0.131172 0.980737
    outer loop
      vertex -19.1338 -33.057 12.6483
      vertex -18.7202 -33.1702 12.6942
      vertex -18.9706 -32.8939 12.6942
    endloop
  endfacet
  facet normal -0.144757 -0.13124 0.980725
    outer loop
      vertex -18.7202 -33.1702 12.6942
      vertex -19.1338 -33.057 12.6483
      vertex -18.8833 -33.3333 12.6483
    endloop
  endfacet
  facet normal -0.0187571 -0.195245 0.980575
    outer loop
      vertex -16.3454 -34.2971 12.6942
      vertex -16.3904 -34.5233 12.6483
      vertex -16.3225 -34.2993 12.6942
    endloop
  endfacet
  facet normal -0.55871 0.616254 0.555044
    outer loop
      vertex -19.109 28.0858 12.0657
      vertex -19.2929 27.7429 12.2613
      vertex -19.0166 27.9934 12.2613
    endloop
  endfacet
  facet normal -0.55871 0.616254 0.555044
    outer loop
      vertex -19.2929 27.7429 12.2613
      vertex -19.109 28.0858 12.0657
      vertex -19.3853 27.8353 12.0657
    endloop
  endfacet
  facet normal -0.0698256 0.705381 0.705381
    outer loop
      vertex -16.3225 29.1093 12.2613
      vertex -16.471 28.9283 12.4276
      vertex -16.3225 28.943 12.4276
    endloop
  endfacet
  facet normal -0.187242 0.523563 0.831157
    outer loop
      vertex -17.3444 28.7397 12.4276
      vertex -17.6207 28.4334 12.5583
      vertex -17.2695 28.559 12.5583
    endloop
  endfacet
  facet normal -0.187311 0.523607 0.831114
    outer loop
      vertex -17.6207 28.4334 12.5583
      vertex -17.3444 28.7397 12.4276
      vertex -17.6955 28.6141 12.4276
    endloop
  endfacet
  facet normal -0.181188 0.338742 0.923269
    outer loop
      vertex -17.8746 28.0731 12.6483
      vertex -17.9578 28.2739 12.5583
      vertex -17.9348 28.0409 12.6483
    endloop
  endfacet
  facet normal -0.18115 0.338748 0.923274
    outer loop
      vertex -17.9578 28.2739 12.5583
      vertex -18.0556 28.2216 12.5583
      vertex -17.9348 28.0409 12.6483
    endloop
  endfacet
  facet normal -0.196851 0.328496 0.923764
    outer loop
      vertex -18.0556 28.2216 12.5583
      vertex -18.2547 27.8492 12.6483
      vertex -17.9348 28.0409 12.6483
    endloop
  endfacet
  facet normal -0.196935 0.328533 0.923733
    outer loop
      vertex -18.2547 27.8492 12.6483
      vertex -18.0556 28.2216 12.5583
      vertex -18.3754 28.0299 12.5583
    endloop
  endfacet
  facet normal -0.353844 0.430745 0.830212
    outer loop
      vertex -18.675 27.8078 12.5583
      vertex -18.899 27.8757 12.4276
      vertex -18.7607 27.7374 12.5583
    endloop
  endfacet
  facet normal -0.421436 0.568047 0.706905
    outer loop
      vertex -18.876 28.1087 12.2613
      vertex -18.4841 28.1925 12.4276
      vertex -18.5765 28.3309 12.2613
    endloop
  endfacet
  facet normal -0.421413 0.568272 0.706738
    outer loop
      vertex -18.4841 28.1925 12.4276
      vertex -18.876 28.1087 12.2613
      vertex -18.7836 27.9704 12.4276
    endloop
  endfacet
  facet normal -0.25716 0.283759 0.923769
    outer loop
      vertex -18.7607 27.7374 12.5583
      vertex -18.8833 27.3333 12.6483
      vertex -18.607 27.5837 12.6483
    endloop
  endfacet
  facet normal -0.25716 0.283759 0.923769
    outer loop
      vertex -18.8833 27.3333 12.6483
      vertex -18.7607 27.7374 12.5583
      vertex -19.037 27.487 12.5583
    endloop
  endfacet
  facet normal -0.896367 0.224525 0.382249
    outer loop
      vertex -20.8032 25.3654 11.8483
      vertex -20.6243 25.7095 12.0657
      vertex -20.7126 25.7271 11.8483
    endloop
  endfacet
  facet normal -0.896367 0.224525 0.382249
    outer loop
      vertex -20.6243 25.7095 12.0657
      vertex -20.8032 25.3654 11.8483
      vertex -20.7149 25.3478 12.0657
    endloop
  endfacet
  facet normal -0.815445 0.435643 0.381136
    outer loop
      vertex -20.2561 26.8293 11.8483
      vertex -20.3622 26.6307 11.8483
      vertex -20.1812 26.7793 12.0657
    endloop
  endfacet
  facet normal -0.797044 0.241602 0.553488
    outer loop
      vertex -20.5641 25.9081 12.0657
      vertex -20.6243 25.7095 12.0657
      vertex -20.4962 25.684 12.2613
    endloop
  endfacet
  facet normal -0.938791 0.284601 0.194099
    outer loop
      vertex -20.6473 25.9425 11.8483
      vertex -20.7576 25.736 11.6176
      vertex -20.7126 25.7271 11.8483
    endloop
  endfacet
  facet normal -0.822909 0.122243 0.554866
    outer loop
      vertex -20.7697 24.9789 12.0657
      vertex -20.5868 25.3223 12.2613
      vertex -20.7149 25.3478 12.0657
    endloop
  endfacet
  facet normal -0.822753 0.121997 0.555153
    outer loop
      vertex -20.5868 25.3223 12.2613
      vertex -20.7697 24.9789 12.0657
      vertex -20.6415 24.9534 12.2613
    endloop
  endfacet
  facet normal -0.803334 0.595529 0
    outer loop
      vertex -20.1025 27.1746 1.08238
      vertex -19.8804 27.4742 11.6176
      vertex -19.8804 27.4742 1.08238
    endloop
  endfacet
  facet normal -0.803334 0.595529 0
    outer loop
      vertex -19.8804 27.4742 11.6176
      vertex -20.1025 27.1746 1.08238
      vertex -20.1025 27.1746 11.6176
    endloop
  endfacet
  facet normal -0.882057 0.471142 0
    outer loop
      vertex -20.4046 26.6483 1.08238
      vertex -20.2943 26.8548 11.6176
      vertex -20.2943 26.8548 1.08238
    endloop
  endfacet
  facet normal -0.882057 0.471142 0
    outer loop
      vertex -20.2943 26.8548 11.6176
      vertex -20.4046 26.6483 1.08238
      vertex -20.4046 26.6483 11.6176
    endloop
  endfacet
  facet normal -0.870032 0.311239 -0.382328
    outer loop
      vertex -20.4385 26.2592 0.634324
      vertex -20.6473 25.9425 0.851659
      vertex -20.5217 26.2936 0.851659
    endloop
  endfacet
  facet normal -0.870032 0.311239 -0.382328
    outer loop
      vertex -20.6473 25.9425 0.851659
      vertex -20.4385 26.2592 0.634324
      vertex -20.5641 25.9081 0.634324
    endloop
  endfacet
  facet normal -0.865202 0.462225 0.194354
    outer loop
      vertex -20.2943 26.8548 11.6176
      vertex -20.3622 26.6307 11.8483
      vertex -20.2561 26.8293 11.8483
    endloop
  endfacet
  facet normal -0.751953 0.355789 0.55496
    outer loop
      vertex -20.4385 26.2592 12.0657
      vertex -20.1583 26.5463 12.2613
      vertex -20.279 26.5963 12.0657
    endloop
  endfacet
  facet normal -0.751876 0.35553 0.555231
    outer loop
      vertex -20.1583 26.5463 12.2613
      vertex -20.4385 26.2592 12.0657
      vertex -20.3177 26.2092 12.2613
    endloop
  endfacet
  facet normal -0.857588 0.514338 0
    outer loop
      vertex -20.2943 26.8548 1.08238
      vertex -20.1025 27.1746 11.6176
      vertex -20.1025 27.1746 1.08238
    endloop
  endfacet
  facet normal -0.857588 0.514338 0
    outer loop
      vertex -20.1025 27.1746 11.6176
      vertex -20.2943 26.8548 1.08238
      vertex -20.2943 26.8548 11.6176
    endloop
  endfacet
  facet normal -0.714716 0.58656 0.380956
    outer loop
      vertex -19.6994 27.6227 11.8483
      vertex -19.8422 27.4487 11.8483
      vertex -19.6358 27.559 12.0657
    endloop
  endfacet
  facet normal -0.421463 0.56834 -0.706653
    outer loop
      vertex -18.876 28.1087 0.438728
      vertex -18.4841 28.1925 0.272388
      vertex -18.7836 27.9704 0.272388
    endloop
  endfacet
  facet normal -0.421486 0.568115 -0.70682
    outer loop
      vertex -18.4841 28.1925 0.272388
      vertex -18.876 28.1087 0.438728
      vertex -18.5765 28.3309 0.438728
    endloop
  endfacet
  facet normal -0.524198 0.475061 -0.706777
    outer loop
      vertex -19.5434 27.4666 0.438728
      vertex -19.1753 27.6253 0.272388
      vertex -19.4257 27.349 0.272388
    endloop
  endfacet
  facet normal -0.524218 0.475268 -0.706623
    outer loop
      vertex -19.1753 27.6253 0.272388
      vertex -19.5434 27.4666 0.438728
      vertex -19.2929 27.7429 0.438728
    endloop
  endfacet
  facet normal -0.476872 0.285855 -0.831192
    outer loop
      vertex -19.9343 26.6142 0.272388
      vertex -19.5799 26.8254 0.141695
      vertex -19.7716 26.5056 0.141695
    endloop
  endfacet
  facet normal -0.476902 0.285933 -0.831148
    outer loop
      vertex -19.5799 26.8254 0.141695
      vertex -19.9343 26.6142 0.272388
      vertex -19.7425 26.9341 0.272388
    endloop
  endfacet
  facet normal -0.491497 0.262835 -0.83027
    outer loop
      vertex -19.8239 26.4078 0.141695
      vertex -19.9343 26.6142 0.272388
      vertex -19.7716 26.5056 0.141695
    endloop
  endfacet
  facet normal -0.547955 0.449665 -0.70537
    outer loop
      vertex -19.5204 27.2336 0.272388
      vertex -19.6587 27.326 0.438728
      vertex -19.4257 27.349 0.272388
    endloop
  endfacet
  facet normal -0.238264 -0.666038 0.70684
    outer loop
      vertex -17.6955 -34.6141 12.4276
      vertex -17.4081 -34.8934 12.2613
      vertex -17.3444 -34.7397 12.4276
    endloop
  endfacet
  facet normal -0.238498 -0.666163 0.706644
    outer loop
      vertex -17.4081 -34.8934 12.2613
      vertex -17.6955 -34.6141 12.4276
      vertex -17.7592 -34.7677 12.2613
    endloop
  endfacet
  facet normal -0.331221 -0.446798 0.831062
    outer loop
      vertex -18.7836 -33.9704 12.4276
      vertex -18.3754 -34.0299 12.5583
      vertex -18.675 -33.8078 12.5583
    endloop
  endfacet
  facet normal -0.331224 -0.446653 0.831139
    outer loop
      vertex -18.3754 -34.0299 12.5583
      vertex -18.7836 -33.9704 12.4276
      vertex -18.4841 -34.1925 12.4276
    endloop
  endfacet
  facet normal -0.181188 -0.338742 0.923269
    outer loop
      vertex -17.9348 -34.0409 12.6483
      vertex -17.9578 -34.2739 12.5583
      vertex -17.8746 -34.0731 12.6483
    endloop
  endfacet
  facet normal -0.462167 -0.865253 -0.194264
    outer loop
      vertex -18.1983 -34.8546 1.08238
      vertex -18.4048 -34.7443 1.08238
      vertex -18.1807 -34.8122 0.851659
    endloop
  endfacet
  facet normal -0.427714 -0.713526 -0.554924
    outer loop
      vertex -18.5765 -34.3309 0.438728
      vertex -18.3293 -34.6312 0.634324
      vertex -18.6491 -34.4395 0.634324
    endloop
  endfacet
  facet normal -0.427714 -0.713526 -0.554924
    outer loop
      vertex -18.3293 -34.6312 0.634324
      vertex -18.5765 -34.3309 0.438728
      vertex -18.2567 -34.5226 0.438728
    endloop
  endfacet
  facet normal -0.555376 -0.0272842 0.831152
    outer loop
      vertex -20.3157 -30.4 12.5583
      vertex -20.493 -30.7725 12.4276
      vertex -20.2974 -30.7725 12.5583
    endloop
  endfacet
  facet normal -0.555376 -0.0272842 0.831152
    outer loop
      vertex -20.493 -30.7725 12.4276
      vertex -20.3157 -30.4 12.5583
      vertex -20.5113 -30.4 12.4276
    endloop
  endfacet
  facet normal -0.707107 0 0.707107
    outer loop
      vertex -20.6776 12.2977 12.2613
      vertex -20.5113 24.4 12.4276
      vertex -20.6776 24.4 12.2613
    endloop
  endfacet
  facet normal -0.707107 3.90213e-17 0.707107
    outer loop
      vertex -20.5744 12.0579 12.3645
      vertex -20.5113 24.4 12.4276
      vertex -20.6776 12.2977 12.2613
    endloop
  endfacet
  facet normal -0.707107 0 0.707107
    outer loop
      vertex -20.5113 24.4 12.4276
      vertex -20.5744 12.0579 12.3645
      vertex -20.5113 11.8749 12.4276
    endloop
  endfacet
  facet normal -0.707107 0 0.707107
    outer loop
      vertex -20.5113 -30.4 12.4276
      vertex -20.6776 3.66234 12.2613
      vertex -20.6776 -30.4 12.2613
    endloop
  endfacet
  facet normal -0.707107 -1.38014e-17 0.707107
    outer loop
      vertex -20.6776 3.66234 12.2613
      vertex -20.5113 -30.4 12.4276
      vertex -20.5744 3.90206 12.3645
    endloop
  endfacet
  facet normal -0.707107 0 0.707107
    outer loop
      vertex -20.5744 3.90206 12.3645
      vertex -20.5113 -30.4 12.4276
      vertex -20.5113 4.08513 12.4276
    endloop
  endfacet
  facet normal -0.462225 -0.865202 0.194354
    outer loop
      vertex -18.3793 -34.7061 11.8483
      vertex -18.4048 -34.7443 11.6176
      vertex -18.1807 -34.8122 11.8483
    endloop
  endfacet
  facet normal -0.707192 0 -0.707022
    outer loop
      vertex -20.5113 24.4 0.272388
      vertex -20.6776 9.41848 0.438728
      vertex -20.6776 24.4 0.438728
    endloop
  endfacet
  facet normal -0.7073 2.39619e-06 -0.706914
    outer loop
      vertex -20.5113 24.4 0.272388
      vertex -20.6325 9.01129 0.393602
      vertex -20.6776 9.41848 0.438728
    endloop
  endfacet
  facet normal -0.707617 7.39265e-06 -0.706596
    outer loop
      vertex -20.5113 24.4 0.272388
      vertex -20.6156 8.85856 0.376676
      vertex -20.6325 9.01129 0.393602
    endloop
  endfacet
  facet normal -0.705772 -1.73472e-05 -0.708439
    outer loop
      vertex -20.5113 24.4 0.272388
      vertex -20.6095 8.69352 0.370603
      vertex -20.6156 8.85856 0.376676
    endloop
  endfacet
  facet normal -0.706597 -7.04983e-06 -0.707616
    outer loop
      vertex -20.5113 24.4 0.272388
      vertex -20.5832 7.98 0.344348
      vertex -20.6095 8.69352 0.370603
    endloop
  endfacet
  facet normal -0.707402 0 -0.706812
    outer loop
      vertex -20.5113 -30.4 0.272388
      vertex -20.5832 7.98 0.344348
      vertex -20.5113 24.4 0.272388
    endloop
  endfacet
  facet normal -0.706545 3.21144e-06 -0.707668
    outer loop
      vertex -20.5113 -30.4 0.272388
      vertex -20.6095 7.26648 0.370603
      vertex -20.5832 7.98 0.344348
    endloop
  endfacet
  facet normal -0.705644 7.9014e-06 -0.708567
    outer loop
      vertex -20.5113 -30.4 0.272388
      vertex -20.6156 7.10144 0.376676
      vertex -20.6095 7.26648 0.370603
    endloop
  endfacet
  facet normal -0.707636 -3.16974e-06 -0.706577
    outer loop
      vertex -20.5113 -30.4 0.272388
      vertex -20.6325 6.94871 0.393602
      vertex -20.6156 7.10144 0.376676
    endloop
  endfacet
  facet normal -0.707306 -1.02739e-06 -0.706908
    outer loop
      vertex -20.5113 -30.4 0.272388
      vertex -20.6776 6.54152 0.438728
      vertex -20.6325 6.94871 0.393602
    endloop
  endfacet
  facet normal -0.707192 -0 -0.707022
    outer loop
      vertex -20.6776 6.54152 0.438728
      vertex -20.5113 -30.4 0.272388
      vertex -20.6776 -30.4 0.438728
    endloop
  endfacet
  facet normal 0.0657777 0.183874 -0.980747
    outer loop
      vertex 17.4492 28.0194 0.00577831
      vertex 17.1864 28.3582 0.051672
      vertex 17.5375 28.2326 0.051672
    endloop
  endfacet
  facet normal 0.0657777 0.183874 -0.980747
    outer loop
      vertex 17.1864 28.3582 0.051672
      vertex 17.4492 28.0194 0.00577831
      vertex 17.0981 28.145 0.00577831
    endloop
  endfacet
  facet normal -0.81541 -0.435624 -0.381233
    outer loop
      vertex -20.2561 -32.8293 0.851659
      vertex -20.3622 -32.6307 0.851659
      vertex -20.1812 -32.7793 0.634324
    endloop
  endfacet
  facet normal -0.243895 -0.296901 -0.923236
    outer loop
      vertex -18.675 -33.8078 0.141695
      vertex -18.7607 -33.7374 0.141695
      vertex -18.5542 -33.6271 0.051672
    endloop
  endfacet
  facet normal -0.435765 -0.815388 -0.381119
    outer loop
      vertex -18.1807 -34.8122 0.851659
      vertex -18.3293 -34.6312 0.634324
      vertex -18.1463 -34.729 0.634324
    endloop
  endfacet
  facet normal -0.495256 -0.668071 0.55534
    outer loop
      vertex -18.6491 -34.4395 12.0657
      vertex -18.876 -34.1087 12.2613
      vertex -18.9487 -34.2174 12.0657
    endloop
  endfacet
  facet normal -0.495673 -0.66811 0.554921
    outer loop
      vertex -18.876 -34.1087 12.2613
      vertex -18.6491 -34.4395 12.0657
      vertex -18.5765 -34.3309 12.2613
    endloop
  endfacet
  facet normal -0.33394 -0.625018 0.705576
    outer loop
      vertex -18.0326 -34.4546 12.4276
      vertex -18.2567 -34.5226 12.2613
      vertex -18.0963 -34.6083 12.2613
    endloop
  endfacet
  facet normal -0.976258 -0.0958824 0.194236
    outer loop
      vertex -20.88 -30.7725 11.8483
      vertex -20.9259 -30.7725 11.6176
      vertex -20.858 -30.9965 11.8483
    endloop
  endfacet
  facet normal -0.66811 -0.495673 0.554921
    outer loop
      vertex -19.9895 -33.0991 12.0657
      vertex -19.6587 -33.326 12.2613
      vertex -19.8809 -33.0265 12.2613
    endloop
  endfacet
  facet normal -0.668088 -0.495433 0.555162
    outer loop
      vertex -19.6587 -33.326 12.2613
      vertex -19.9895 -33.0991 12.0657
      vertex -19.7674 -33.3986 12.0657
    endloop
  endfacet
  facet normal -0.807007 -0.202142 0.554868
    outer loop
      vertex -20.7149 -31.3478 12.0657
      vertex -20.4962 -31.684 12.2613
      vertex -20.5868 -31.3223 12.2613
    endloop
  endfacet
  facet normal -0.807007 -0.202142 0.554868
    outer loop
      vertex -20.4962 -31.684 12.2613
      vertex -20.7149 -31.3478 12.0657
      vertex -20.6243 -31.7095 12.0657
    endloop
  endfacet
  facet normal -0.831461 0 0.555583
    outer loop
      vertex -20.8083 12.6752 12.0657
      vertex -20.6776 24.4 12.2613
      vertex -20.8083 24.4 12.0657
    endloop
  endfacet
  facet normal -0.831461 0 0.555583
    outer loop
      vertex -20.6776 24.4 12.2613
      vertex -20.8083 12.6752 12.0657
      vertex -20.6776 12.2977 12.2613
    endloop
  endfacet
  facet normal -0.831461 0 0.555583
    outer loop
      vertex -20.6776 -30.4 12.2613
      vertex -20.8083 3.28479 12.0657
      vertex -20.8083 -30.4 12.0657
    endloop
  endfacet
  facet normal -0.831461 0 0.555583
    outer loop
      vertex -20.8083 3.28479 12.0657
      vertex -20.6776 -30.4 12.2613
      vertex -20.6776 3.66234 12.2613
    endloop
  endfacet
  facet normal -0.970196 0.144122 0.194805
    outer loop
      vertex -20.903 25.0054 11.6176
      vertex -20.8032 25.3654 11.8483
      vertex -20.8482 25.3743 11.6176
    endloop
  endfacet
  facet normal -0.970196 0.144122 0.194805
    outer loop
      vertex -20.8032 25.3654 11.8483
      vertex -20.903 25.0054 11.6176
      vertex -20.858 24.9965 11.8483
    endloop
  endfacet
  facet normal -0.360602 0.128962 0.923761
    outer loop
      vertex -20.109 25.7195 12.5583
      vertex -19.7826 25.9875 12.6483
      vertex -19.9834 26.0707 12.5583
    endloop
  endfacet
  facet normal -0.360637 0.129012 0.923741
    outer loop
      vertex -19.7826 25.9875 12.6483
      vertex -20.109 25.7195 12.5583
      vertex -19.9082 25.6364 12.6483
    endloop
  endfacet
  facet normal -0.533471 0.161902 0.830179
    outer loop
      vertex -20.109 25.7195 12.5583
      vertex -20.333 25.6516 12.4276
      vertex -20.1412 25.6134 12.5583
    endloop
  endfacet
  facet normal -0.189483 0.0474624 0.980736
    outer loop
      vertex -19.928 25.571 12.6483
      vertex -19.7923 25.1643 12.6942
      vertex -19.7017 25.526 12.6942
    endloop
  endfacet
  facet normal -0.189483 0.0474624 0.980736
    outer loop
      vertex -19.7923 25.1643 12.6942
      vertex -19.928 25.571 12.6483
      vertex -20.0186 25.2093 12.6483
    endloop
  endfacet
  facet normal 0.1951 0.00958479 -0.980736
    outer loop
      vertex 19.8676 24.4 0.00577831
      vertex 20.08 24.7725 0.051672
      vertex 20.0983 24.4 0.051672
    endloop
  endfacet
  facet normal 0.1951 0.00958479 -0.980736
    outer loop
      vertex 20.08 24.7725 0.051672
      vertex 19.8676 24.4 0.00577831
      vertex 19.8493 24.7725 0.00577831
    endloop
  endfacet
  facet normal 0.491714 0.262671 -0.830194
    outer loop
      vertex 20.0046 26.4826 0.272388
      vertex 19.8239 26.4078 0.141695
      vertex 19.9343 26.6142 0.272388
    endloop
  endfacet
  facet normal 0.62514 0.333946 -0.705464
    outer loop
      vertex 20.0046 26.4826 0.272388
      vertex 19.9343 26.6142 0.272388
      vertex 20.0726 26.7067 0.438728
    endloop
  endfacet
  facet normal 0.371539 0.0930644 -0.923741
    outer loop
      vertex 20.0186 25.2093 0.051672
      vertex 20.1412 25.6134 0.141695
      vertex 20.2318 25.2517 0.141695
    endloop
  endfacet
  facet normal 0.371539 0.0930644 -0.923741
    outer loop
      vertex 20.1412 25.6134 0.141695
      vertex 20.0186 25.2093 0.051672
      vertex 19.928 25.571 0.051672
    endloop
  endfacet
  facet normal 0.666186 0.238317 -0.706683
    outer loop
      vertex 20.1641 26.1455 0.272388
      vertex 20.4434 25.858 0.438728
      vertex 20.2897 25.7944 0.272388
    endloop
  endfacet
  facet normal 0.666266 0.238467 -0.706557
    outer loop
      vertex 20.4434 25.858 0.438728
      vertex 20.1641 26.1455 0.272388
      vertex 20.3177 26.2092 0.438728
    endloop
  endfacet
  facet normal 0.131196 0.144766 -0.98073
    outer loop
      vertex 18.7202 27.1702 0.00577831
      vertex 18.607 27.5837 0.051672
      vertex 18.8833 27.3333 0.051672
    endloop
  endfacet
  facet normal 0.131196 0.144766 -0.98073
    outer loop
      vertex 18.607 27.5837 0.051672
      vertex 18.7202 27.1702 0.00577831
      vertex 18.4439 27.4206 0.00577831
    endloop
  endfacet
  facet normal 0.18754 -0.0568559 -0.98061
    outer loop
      vertex 19.9082 -31.6364 0.051672
      vertex 19.695 -31.5481 0.00577831
      vertex 19.7017 -31.526 0.00577831
    endloop
  endfacet
  facet normal 0.378874 0.056179 -0.923741
    outer loop
      vertex 20.0186 25.2093 0.051672
      vertex 20.2865 24.8828 0.141695
      vertex 20.0733 24.8404 0.051672
    endloop
  endfacet
  facet normal 0.378874 0.056179 -0.923741
    outer loop
      vertex 20.2865 24.8828 0.141695
      vertex 20.0186 25.2093 0.051672
      vertex 20.2318 25.2517 0.141695
    endloop
  endfacet
  facet normal 0.0930644 0.371539 -0.923741
    outer loop
      vertex 16.7593 28.4686 0.051672
      vertex 17.1634 28.5912 0.141695
      vertex 17.121 28.378 0.051672
    endloop
  endfacet
  facet normal 0.0930644 0.371539 -0.923741
    outer loop
      vertex 17.1634 28.5912 0.141695
      vertex 16.7593 28.4686 0.051672
      vertex 16.8017 28.6818 0.141695
    endloop
  endfacet
  facet normal 0.205713 0.678426 -0.70528
    outer loop
      vertex 17.3444 28.7397 0.272388
      vertex 17.2016 28.783 0.272388
      vertex 17.234 28.9461 0.438728
    endloop
  endfacet
  facet normal 0.056179 0.378874 -0.923741
    outer loop
      vertex 16.7593 28.4686 0.051672
      vertex 16.4328 28.7365 0.141695
      vertex 16.8017 28.6818 0.141695
    endloop
  endfacet
  facet normal 0.056179 0.378874 -0.923741
    outer loop
      vertex 16.4328 28.7365 0.141695
      vertex 16.7593 28.4686 0.051672
      vertex 16.3904 28.5233 0.051672
    endloop
  endfacet
  facet normal 0.163828 0.346247 -0.923728
    outer loop
      vertex 17.5375 28.2326 0.051672
      vertex 17.9578 28.2739 0.141695
      vertex 17.8746 28.0731 0.051672
    endloop
  endfacet
  facet normal 0.163828 0.346247 -0.923728
    outer loop
      vertex 17.9578 28.2739 0.141695
      vertex 17.5375 28.2326 0.051672
      vertex 17.6207 28.4334 0.141695
    endloop
  endfacet
  facet normal 0.0568559 0.18754 -0.98061
    outer loop
      vertex 17.0981 28.145 0.00577831
      vertex 17.076 28.1517 0.00577831
      vertex 17.1864 28.3582 0.051672
    endloop
  endfacet
  facet normal 0.333946 0.62514 -0.705464
    outer loop
      vertex 18.1642 28.3843 0.272388
      vertex 18.0326 28.4546 0.272388
      vertex 18.2567 28.5226 0.438728
    endloop
  endfacet
  facet normal 0.237837 0.502664 -0.831121
    outer loop
      vertex 17.6207 28.4334 0.141695
      vertex 18.0326 28.4546 0.272388
      vertex 17.9578 28.2739 0.141695
    endloop
  endfacet
  facet normal 0.237837 0.502664 -0.831121
    outer loop
      vertex 18.0326 28.4546 0.272388
      vertex 17.6207 28.4334 0.141695
      vertex 17.6955 28.6141 0.272388
    endloop
  endfacet
  facet normal 0.194974 0.0195826 -0.980613
    outer loop
      vertex 19.8493 24.7725 0.00577831
      vertex 19.847 24.7954 0.00577831
      vertex 20.0733 24.8404 0.051672
    endloop
  endfacet
  facet normal 0.0835231 -0.176524 -0.980746
    outer loop
      vertex 17.4492 -34.0194 0.00577831
      vertex 17.8746 -34.0731 0.051672
      vertex 17.5375 -34.2326 0.051672
    endloop
  endfacet
  facet normal 0.0835108 -0.176609 -0.980732
    outer loop
      vertex 17.8746 -34.0731 0.051672
      vertex 17.4492 -34.0194 0.00577831
      vertex 17.7863 -33.86 0.00577831
    endloop
  endfacet
  facet normal 0.363691 0.606721 -0.706837
    outer loop
      vertex 18.4841 28.1925 0.272388
      vertex 18.2567 28.5226 0.438728
      vertex 18.5765 28.3309 0.438728
    endloop
  endfacet
  facet normal 0.363784 0.606749 -0.706765
    outer loop
      vertex 18.2567 28.5226 0.438728
      vertex 18.4841 28.1925 0.272388
      vertex 18.1642 28.3843 0.272388
    endloop
  endfacet
  facet normal 0.338821 0.18119 -0.923239
    outer loop
      vertex 19.8239 26.4078 0.141695
      vertex 19.5909 26.3848 0.051672
      vertex 19.7716 26.5056 0.141695
    endloop
  endfacet
  facet normal 0.00958479 -0.1951 -0.980736
    outer loop
      vertex 15.95 -34.3176 0.00577831
      vertex 16.3225 -34.53 0.051672
      vertex 15.95 -34.5483 0.051672
    endloop
  endfacet
  facet normal 0.00958479 -0.1951 -0.980736
    outer loop
      vertex 16.3225 -34.53 0.051672
      vertex 15.95 -34.3176 0.00577831
      vertex 16.3225 -34.2993 0.00577831
    endloop
  endfacet
  facet normal 0.0930644 -0.371539 -0.923741
    outer loop
      vertex 16.7593 -34.4686 0.051672
      vertex 17.1634 -34.5912 0.141695
      vertex 16.8017 -34.6818 0.141695
    endloop
  endfacet
  facet normal 0.0930644 -0.371539 -0.923741
    outer loop
      vertex 17.1634 -34.5912 0.141695
      vertex 16.7593 -34.4686 0.051672
      vertex 17.121 -34.378 0.051672
    endloop
  endfacet
  facet normal 0.331209 0.446781 -0.831076
    outer loop
      vertex 18.3754 28.0299 0.141695
      vertex 18.7836 27.9704 0.272388
      vertex 18.675 27.8078 0.141695
    endloop
  endfacet
  facet normal 0.331212 0.446636 -0.831153
    outer loop
      vertex 18.7836 27.9704 0.272388
      vertex 18.3754 28.0299 0.141695
      vertex 18.4841 28.1925 0.272388
    endloop
  endfacet
  facet normal 0.243895 0.296901 -0.923236
    outer loop
      vertex 18.7607 27.7374 0.141695
      vertex 18.5542 27.6271 0.051672
      vertex 18.675 27.8078 0.141695
    endloop
  endfacet
  facet normal 0.121996 0.822748 -0.55516
    outer loop
      vertex 16.8723 29.0368 0.438728
      vertex 16.5289 29.2197 0.634324
      vertex 16.8978 29.165 0.634324
    endloop
  endfacet
  facet normal 0.121996 0.822748 -0.55516
    outer loop
      vertex 16.5289 29.2197 0.634324
      vertex 16.8723 29.0368 0.438728
      vertex 16.5034 29.0915 0.438728
    endloop
  endfacet
  facet normal 0.0693993 0.7053 -0.705504
    outer loop
      vertex 16.471 28.9283 0.272388
      vertex 16.3225 29.1093 0.438728
      vertex 16.5034 29.0915 0.438728
    endloop
  endfacet
  facet normal 0.241602 -0.797044 0.553488
    outer loop
      vertex 17.4581 -35.0141 12.0657
      vertex 17.234 -34.9462 12.2613
      vertex 17.2595 -35.0743 12.0657
    endloop
  endfacet
  facet normal 0.421413 -0.568272 0.706738
    outer loop
      vertex 18.4841 -34.1925 12.4276
      vertex 18.876 -34.1087 12.2613
      vertex 18.7836 -33.9704 12.4276
    endloop
  endfacet
  facet normal 0.421436 -0.568047 0.706905
    outer loop
      vertex 18.876 -34.1087 12.2613
      vertex 18.4841 -34.1925 12.4276
      vertex 18.5765 -34.3309 12.2613
    endloop
  endfacet
  facet normal 0.331221 -0.446798 0.831062
    outer loop
      vertex 18.3754 -34.0299 12.5583
      vertex 18.7836 -33.9704 12.4276
      vertex 18.675 -33.8078 12.5583
    endloop
  endfacet
  facet normal 0.331224 -0.446653 0.831139
    outer loop
      vertex 18.7836 -33.9704 12.4276
      vertex 18.3754 -34.0299 12.5583
      vertex 18.4841 -34.1925 12.4276
    endloop
  endfacet
  facet normal 0.527918 -0.643757 0.553967
    outer loop
      vertex 19.0166 -33.9934 12.2613
      vertex 18.876 -34.1087 12.2613
      vertex 18.9487 -34.2174 12.0657
    endloop
  endfacet
  facet normal 0.44935 -0.547949 0.705575
    outer loop
      vertex 18.899 -33.8757 12.4276
      vertex 18.876 -34.1087 12.2613
      vertex 19.0166 -33.9934 12.2613
    endloop
  endfacet
  facet normal 0.280397 -0.783193 0.554965
    outer loop
      vertex 17.4581 -35.0141 12.0657
      vertex 17.7592 -34.7677 12.2613
      vertex 17.4081 -34.8934 12.2613
    endloop
  endfacet
  facet normal 0.280138 -0.783093 0.555238
    outer loop
      vertex 17.7592 -34.7677 12.2613
      vertex 17.4581 -35.0141 12.0657
      vertex 17.8092 -34.8885 12.0657
    endloop
  endfacet
  facet normal 0.0835219 -0.176632 0.980727
    outer loop
      vertex 17.4492 -34.0194 12.6942
      vertex 17.8746 -34.0731 12.6483
      vertex 17.7863 -33.86 12.6942
    endloop
  endfacet
  facet normal 0.0835341 -0.176548 0.980741
    outer loop
      vertex 17.8746 -34.0731 12.6483
      vertex 17.4492 -34.0194 12.6942
      vertex 17.5375 -34.2326 12.6483
    endloop
  endfacet
  facet normal 0.187311 -0.523607 0.831114
    outer loop
      vertex 17.6207 -34.4334 12.5583
      vertex 17.3444 -34.7397 12.4276
      vertex 17.6955 -34.6141 12.4276
    endloop
  endfacet
  facet normal 0.187242 -0.523563 0.831157
    outer loop
      vertex 17.3444 -34.7397 12.4276
      vertex 17.6207 -34.4334 12.5583
      vertex 17.2695 -34.559 12.5583
    endloop
  endfacet
  facet normal 0 -0.707192 -0.707022
    outer loop
      vertex -15.95 -34.9613 0.272388
      vertex 15.95 -35.1276 0.438728
      vertex -15.95 -35.1276 0.438728
    endloop
  endfacet
  facet normal 0 -0.707192 -0.707022
    outer loop
      vertex 15.95 -35.1276 0.438728
      vertex -15.95 -34.9613 0.272388
      vertex 15.95 -34.9613 0.272388
    endloop
  endfacet
  facet normal 0.0959923 -0.976271 -0.194115
    outer loop
      vertex 16.5554 -35.353 1.08238
      vertex 16.3225 -35.3759 1.08238
      vertex 16.5465 -35.308 0.851659
    endloop
  endfacet
  facet normal 0.0904966 -0.920123 -0.38103
    outer loop
      vertex 16.5289 -35.2197 0.634324
      vertex 16.3225 -35.33 0.851659
      vertex 16.3225 -35.24 0.634324
    endloop
  endfacet
  facet normal 0.144123 -0.970199 -0.194788
    outer loop
      vertex 16.9154 -35.2532 0.851659
      vertex 16.5554 -35.353 1.08238
      vertex 16.5465 -35.308 0.851659
    endloop
  endfacet
  facet normal 0.143854 -0.970158 -0.19519
    outer loop
      vertex 16.5554 -35.353 1.08238
      vertex 16.9154 -35.2532 0.851659
      vertex 16.9243 -35.2983 1.08238
    endloop
  endfacet
  facet normal 0.0567887 -0.187575 -0.980607
    outer loop
      vertex 17.121 -34.378 0.051672
      vertex 17.076 -34.1517 0.00577831
      vertex 17.1864 -34.3582 0.051672
    endloop
  endfacet
  facet normal 0.0377246 -0.382313 -0.923262
    outer loop
      vertex 16.3904 -34.5233 0.051672
      vertex 16.3225 -34.7474 0.141695
      vertex 16.3225 -34.53 0.051672
    endloop
  endfacet
  facet normal 0 -0.831456 -0.555591
    outer loop
      vertex -15.95 -35.1276 0.438728
      vertex 15.95 -35.2583 0.634324
      vertex -15.95 -35.2583 0.634324
    endloop
  endfacet
  facet normal 0 -0.831456 -0.555591
    outer loop
      vertex 15.95 -35.2583 0.634324
      vertex -15.95 -35.1276 0.438728
      vertex 15.95 -35.1276 0.438728
    endloop
  endfacet
  facet normal 0.167556 -0.100408 -0.980736
    outer loop
      vertex 19.2074 -32.5765 0.00577831
      vertex 19.5909 -32.3848 0.051672
      vertex 19.3992 -32.7047 0.051672
    endloop
  endfacet
  facet normal 0.167556 -0.100408 -0.980736
    outer loop
      vertex 19.5909 -32.3848 0.051672
      vertex 19.2074 -32.5765 0.00577831
      vertex 19.3991 -32.2566 0.00577831
    endloop
  endfacet
  facet normal 0.491714 -0.262671 -0.830194
    outer loop
      vertex 19.9343 -32.6142 0.272388
      vertex 19.8239 -32.4078 0.141695
      vertex 20.0046 -32.4826 0.272388
    endloop
  endfacet
  facet normal 0.870032 -0.311239 -0.382328
    outer loop
      vertex 20.6473 -31.9425 0.851659
      vertex 20.4385 -32.2592 0.634324
      vertex 20.5641 -31.9081 0.634324
    endloop
  endfacet
  facet normal 0.870032 -0.311239 -0.382328
    outer loop
      vertex 20.4385 -32.2592 0.634324
      vertex 20.6473 -31.9425 0.851659
      vertex 20.5217 -32.2936 0.851659
    endloop
  endfacet
  facet normal 0.714685 -0.586535 -0.381053
    outer loop
      vertex 19.6994 -33.6227 0.851659
      vertex 19.6358 -33.559 0.634324
      vertex 19.8422 -33.4487 0.851659
    endloop
  endfacet
  facet normal 0.941547 -0.33688 6.76925e-06
    outer loop
      vertex 20.5641 -32.3112 1.08238
      vertex 20.6897 -31.9601 4.08486
      vertex 20.5649 -32.3089 4.27133
    endloop
  endfacet
  facet normal 0.944497 -0.328521 0
    outer loop
      vertex 20.5641 -32.3112 1.08238
      vertex 20.5649 -32.3089 4.27133
      vertex 20.5641 -32.3112 4.27319
    endloop
  endfacet
  facet normal 0.941566 -0.336829 0
    outer loop
      vertex 20.6897 -31.9601 4.08486
      vertex 20.5641 -32.3112 1.08238
      vertex 20.6897 -31.9601 1.08238
    endloop
  endfacet
  facet normal 0.941566 -0.336829 0
    outer loop
      vertex 20.5641 -32.3112 11.6176
      vertex 20.6897 -31.9601 8.61514
      vertex 20.6897 -31.9601 11.6176
    endloop
  endfacet
  facet normal 0.941547 -0.33688 -6.76929e-06
    outer loop
      vertex 20.6897 -31.9601 8.61514
      vertex 20.5641 -32.3112 11.6176
      vertex 20.5649 -32.3089 8.42867
    endloop
  endfacet
  facet normal 0.944497 -0.328521 0
    outer loop
      vertex 20.5649 -32.3089 8.42867
      vertex 20.5641 -32.3112 11.6176
      vertex 20.5641 -32.3112 8.42681
    endloop
  endfacet
  facet normal 0.684619 -0.620691 0.382152
    outer loop
      vertex 19.3853 -33.8353 12.0657
      vertex 19.6994 -33.6227 11.8483
      vertex 19.6358 -33.559 12.0657
    endloop
  endfacet
  facet normal 0.68466 -0.620481 0.382417
    outer loop
      vertex 19.6994 -33.6227 11.8483
      vertex 19.3853 -33.8353 12.0657
      vertex 19.449 -33.899 11.8483
    endloop
  endfacet
  facet normal 0.922964 -0.0453429 -0.382206
    outer loop
      vertex 20.88 -30.7725 0.851659
      vertex 20.8083 -30.4 0.634324
      vertex 20.8983 -30.4 0.851659
    endloop
  endfacet
  facet normal 0.922964 -0.0453429 -0.382206
    outer loop
      vertex 20.8083 -30.4 0.634324
      vertex 20.88 -30.7725 0.851659
      vertex 20.79 -30.7725 0.634324
    endloop
  endfacet
  facet normal 0.382585 0 -0.92392
    outer loop
      vertex 20.0983 -30.4 0.051672
      vertex 20.3157 24.4 0.141695
      vertex 20.3157 -30.4 0.141695
    endloop
  endfacet
  facet normal 0.382585 0 -0.92392
    outer loop
      vertex 20.3157 24.4 0.141695
      vertex 20.0983 -30.4 0.051672
      vertex 20.0983 24.4 0.051672
    endloop
  endfacet
  facet normal 0.183874 0.0657777 -0.980747
    outer loop
      vertex 19.5694 25.8992 0.00577831
      vertex 19.9082 25.6364 0.051672
      vertex 19.695 25.5481 0.00577831
    endloop
  endfacet
  facet normal 0.183874 0.0657777 -0.980747
    outer loop
      vertex 19.9082 25.6364 0.051672
      vertex 19.5694 25.8992 0.00577831
      vertex 19.7826 25.9875 0.051672
    endloop
  endfacet
  facet normal -0.194974 0.0195826 -0.980613
    outer loop
      vertex -19.8493 24.7725 0.00577831
      vertex -20.0733 24.8404 0.051672
      vertex -19.847 24.7954 0.00577831
    endloop
  endfacet
  facet normal 0.243958 -0.296797 -0.923253
    outer loop
      vertex 18.7607 -33.7374 0.141695
      vertex 18.5542 -33.6271 0.051672
      vertex 18.607 -33.5837 0.051672
    endloop
  endfacet
  facet normal 0.0272832 -0.555355 -0.831165
    outer loop
      vertex 15.95 -34.7657 0.141695
      vertex 16.3225 -34.943 0.272388
      vertex 15.95 -34.9613 0.272388
    endloop
  endfacet
  facet normal 0.0272832 -0.555355 -0.831165
    outer loop
      vertex 16.3225 -34.943 0.272388
      vertex 15.95 -34.7657 0.141695
      vertex 16.3225 -34.7474 0.141695
    endloop
  endfacet
  facet normal 0.0192487 -0.195073 -0.9806
    outer loop
      vertex 16.3904 -34.5233 0.051672
      vertex 16.3225 -34.53 0.051672
      vertex 16.3225 -34.2993 0.00577831
    endloop
  endfacet
  facet normal 0.0187922 -0.382518 -0.923757
    outer loop
      vertex 15.95 -34.5483 0.051672
      vertex 16.3225 -34.7474 0.141695
      vertex 15.95 -34.7657 0.141695
    endloop
  endfacet
  facet normal 0.0187922 -0.382518 -0.923757
    outer loop
      vertex 16.3225 -34.7474 0.141695
      vertex 15.95 -34.5483 0.051672
      vertex 16.3225 -34.53 0.051672
    endloop
  endfacet
  facet normal 0.330367 -0.923503 0.194933
    outer loop
      vertex 17.5101 -35.1397 11.6176
      vertex 17.8436 -34.9717 11.8483
      vertex 17.4925 -35.0973 11.8483
    endloop
  endfacet
  facet normal 0.330367 -0.923503 0.194933
    outer loop
      vertex 17.8436 -34.9717 11.8483
      vertex 17.5101 -35.1397 11.6176
      vertex 17.8612 -35.0141 11.6176
    endloop
  endfacet
  facet normal 0.29009 -0.956999 0
    outer loop
      vertex 17.2861 -35.2076 1.08238
      vertex 17.5101 -35.1397 11.6176
      vertex 17.2861 -35.2076 11.6176
    endloop
  endfacet
  facet normal 0.29009 -0.956999 0
    outer loop
      vertex 17.5101 -35.1397 11.6176
      vertex 17.2861 -35.2076 1.08238
      vertex 17.5101 -35.1397 1.08238
    endloop
  endfacet
  facet normal 0.61625 -0.558707 -0.555052
    outer loop
      vertex 19.6358 -33.559 0.634324
      vertex 19.2929 -33.7429 0.438728
      vertex 19.5434 -33.4666 0.438728
    endloop
  endfacet
  facet normal 0.61625 -0.558707 -0.555052
    outer loop
      vertex 19.2929 -33.7429 0.438728
      vertex 19.6358 -33.559 0.634324
      vertex 19.3853 -33.8353 0.634324
    endloop
  endfacet
  facet normal 0.205692 -0.678237 -0.705468
    outer loop
      vertex 17.4081 -34.8934 0.438728
      vertex 17.234 -34.9462 0.438728
      vertex 17.3444 -34.7397 0.272388
    endloop
  endfacet
  facet normal 0.395205 -0.835258 -0.382306
    outer loop
      vertex 18.1463 -34.729 0.634324
      vertex 17.8436 -34.9717 0.851659
      vertex 17.8092 -34.8885 0.634324
    endloop
  endfacet
  facet normal 0.395205 -0.835258 -0.382306
    outer loop
      vertex 17.8436 -34.9717 0.851659
      vertex 18.1463 -34.729 0.634324
      vertex 18.1807 -34.8122 0.851659
    endloop
  endfacet
  facet normal 0.865202 -0.462225 0.194354
    outer loop
      vertex 20.3622 -32.6307 11.8483
      vertex 20.2561 -32.8293 11.8483
      vertex 20.2943 -32.8548 11.6176
    endloop
  endfacet
  facet normal 0.86525 -0.462165 0.194281
    outer loop
      vertex 20.3622 -32.6307 11.8483
      vertex 20.2943 -32.8548 11.6176
      vertex 20.4046 -32.6483 11.6176
    endloop
  endfacet
  facet normal 0.751876 -0.35553 0.555231
    outer loop
      vertex 20.1583 -32.5463 12.2613
      vertex 20.4385 -32.2592 12.0657
      vertex 20.3177 -32.2092 12.2613
    endloop
  endfacet
  facet normal 0.751953 -0.355789 0.55496
    outer loop
      vertex 20.4385 -32.2592 12.0657
      vertex 20.1583 -32.5463 12.2613
      vertex 20.279 -32.5963 12.0657
    endloop
  endfacet
  facet normal 0.734523 -0.392548 0.553518
    outer loop
      vertex 20.279 -32.5963 12.0657
      vertex 20.0726 -32.7067 12.2613
      vertex 20.1812 -32.7793 12.0657
    endloop
  endfacet
  facet normal 0.734529 -0.392451 0.553579
    outer loop
      vertex 20.1583 -32.5463 12.2613
      vertex 20.0726 -32.7067 12.2613
      vertex 20.279 -32.5963 12.0657
    endloop
  endfacet
  facet normal 0.742222 -0.550409 0.382304
    outer loop
      vertex 19.7674 -33.3986 12.0657
      vertex 20.0644 -33.1491 11.8483
      vertex 19.9895 -33.0991 12.0657
    endloop
  endfacet
  facet normal 0.742217 -0.550469 0.382228
    outer loop
      vertex 20.0644 -33.1491 11.8483
      vertex 19.7674 -33.3986 12.0657
      vertex 19.8422 -33.4487 11.8483
    endloop
  endfacet
  facet normal -0.283788 -0.257289 0.923724
    outer loop
      vertex -19.2874 -33.2107 12.5583
      vertex -18.8833 -33.3333 12.6483
      vertex -19.1338 -33.057 12.6483
    endloop
  endfacet
  facet normal -0.283759 -0.25716 0.923769
    outer loop
      vertex -18.8833 -33.3333 12.6483
      vertex -19.2874 -33.2107 12.5583
      vertex -19.037 -33.487 12.5583
    endloop
  endfacet
  facet normal 0.495256 0.668071 0.55534
    outer loop
      vertex 18.6491 28.4395 12.0657
      vertex 18.876 28.1087 12.2613
      vertex 18.9487 28.2174 12.0657
    endloop
  endfacet
  facet normal 0.495673 0.66811 0.554921
    outer loop
      vertex 18.876 28.1087 12.2613
      vertex 18.6491 28.4395 12.0657
      vertex 18.5765 28.3309 12.2613
    endloop
  endfacet
  facet normal 0.622303 0.758268 0.194341
    outer loop
      vertex 19.0242 28.3304 11.6176
      vertex 18.9987 28.2922 11.8483
      vertex 19.1727 28.1494 11.8483
    endloop
  endfacet
  facet normal 0.285943 0.47692 0.831134
    outer loop
      vertex 18.1642 28.3843 12.4276
      vertex 18.3754 28.0299 12.5583
      vertex 18.4841 28.1925 12.4276
    endloop
  endfacet
  facet normal 0.285865 0.47689 0.831178
    outer loop
      vertex 18.3754 28.0299 12.5583
      vertex 18.1642 28.3843 12.4276
      vertex 18.0556 28.2216 12.5583
    endloop
  endfacet
  facet normal 0.0927683 0.17277 0.980584
    outer loop
      vertex 17.8746 28.0731 12.6483
      vertex 17.7863 27.86 12.6942
      vertex 17.8066 27.8491 12.6942
    endloop
  endfacet
  facet normal 0.297127 0.243666 0.923224
    outer loop
      vertex 19.2874 27.2107 12.5583
      vertex 19.1338 27.057 12.6483
      vertex 19.1771 27.0042 12.6483
    endloop
  endfacet
  facet normal 0.15692 0.116367 0.980732
    outer loop
      vertex 19.1771 27.0042 12.6483
      vertex 19.2074 26.5765 12.6942
      vertex 19.3992 26.7047 12.6483
    endloop
  endfacet
  facet normal 0.156844 0.116363 0.980744
    outer loop
      vertex 19.2074 26.5765 12.6942
      vertex 19.1771 27.0042 12.6483
      vertex 18.9852 26.876 12.6942
    endloop
  endfacet
  facet normal 0.0561667 0.378792 0.923776
    outer loop
      vertex 16.4328 28.7365 12.5583
      vertex 16.7593 28.4686 12.6483
      vertex 16.8017 28.6818 12.5583
    endloop
  endfacet
  facet normal 0.0561667 0.378792 0.923776
    outer loop
      vertex 16.7593 28.4686 12.6483
      vertex 16.4328 28.7365 12.5583
      vertex 16.3904 28.5233 12.6483
    endloop
  endfacet
  facet normal 0.0657864 0.183898 0.980741
    outer loop
      vertex 17.1864 28.3582 12.6483
      vertex 17.4492 28.0194 12.6942
      vertex 17.5375 28.2326 12.6483
    endloop
  endfacet
  facet normal 0.0657864 0.183898 0.980741
    outer loop
      vertex 17.4492 28.0194 12.6942
      vertex 17.1864 28.3582 12.6483
      vertex 17.0981 28.145 12.6942
    endloop
  endfacet
  facet normal 0.241547 0.796865 0.55377
    outer loop
      vertex 17.2595 29.0743 12.0657
      vertex 17.234 28.9461 12.2613
      vertex 17.4581 29.0141 12.0657
    endloop
  endfacet
  facet normal 0.523607 0.187311 0.831114
    outer loop
      vertex 19.9834 26.0707 12.5583
      vertex 20.2897 25.7944 12.4276
      vertex 20.1641 26.1455 12.4276
    endloop
  endfacet
  facet normal 0.523563 0.187242 0.831157
    outer loop
      vertex 20.2897 25.7944 12.4276
      vertex 19.9834 26.0707 12.5583
      vertex 20.109 25.7195 12.5583
    endloop
  endfacet
  facet normal 0.224525 0.896367 0.382249
    outer loop
      vertex 16.9154 29.2532 11.8483
      vertex 17.2595 29.0743 12.0657
      vertex 17.2771 29.1626 11.8483
    endloop
  endfacet
  facet normal 0.224794 0.896452 0.381892
    outer loop
      vertex 17.2595 29.0743 12.0657
      vertex 16.9154 29.2532 11.8483
      vertex 16.8978 29.165 12.0657
    endloop
  endfacet
  facet normal 0.241282 0.7971 0.553548
    outer loop
      vertex 17.4581 29.0141 12.0657
      vertex 17.234 28.9461 12.2613
      vertex 17.4081 28.8934 12.2613
    endloop
  endfacet
  facet normal 0.238498 0.666163 0.706644
    outer loop
      vertex 17.4081 28.8934 12.2613
      vertex 17.6955 28.6141 12.4276
      vertex 17.7592 28.7677 12.2613
    endloop
  endfacet
  facet normal 0.238264 0.666038 0.70684
    outer loop
      vertex 17.6955 28.6141 12.4276
      vertex 17.4081 28.8934 12.2613
      vertex 17.3444 28.7397 12.4276
    endloop
  endfacet
  facet normal 0.302463 0.63965 0.706657
    outer loop
      vertex 17.6955 28.6141 12.4276
      vertex 18.0963 28.6083 12.2613
      vertex 17.7592 28.7677 12.2613
    endloop
  endfacet
  facet normal 0.302537 0.639406 0.706845
    outer loop
      vertex 18.0963 28.6083 12.2613
      vertex 17.6955 28.6141 12.4276
      vertex 18.0326 28.4546 12.4276
    endloop
  endfacet
  facet normal -0.554727 0.0548189 -0.830225
    outer loop
      vertex -20.2974 24.7725 0.141695
      vertex -20.493 24.7725 0.272388
      vertex -20.2865 24.8828 0.141695
    endloop
  endfacet
  facet normal -0.10379 -0.699776 -0.706783
    outer loop
      vertex -16.5034 -35.0915 0.438728
      vertex -16.8398 -34.8736 0.272388
      vertex -16.471 -34.9283 0.272388
    endloop
  endfacet
  facet normal -0.103758 -0.69975 -0.706813
    outer loop
      vertex -16.8398 -34.8736 0.272388
      vertex -16.5034 -35.0915 0.438728
      vertex -16.8723 -35.0368 0.438728
    endloop
  endfacet
  facet normal -0.0815385 -0.82867 -0.553767
    outer loop
      vertex -16.3225 -35.1093 0.438728
      vertex -16.5289 -35.2197 0.634324
      vertex -16.5034 -35.0915 0.438728
    endloop
  endfacet
  facet normal -0.0815039 -0.82869 -0.553742
    outer loop
      vertex -16.3225 -35.24 0.634324
      vertex -16.5289 -35.2197 0.634324
      vertex -16.3225 -35.1093 0.438728
    endloop
  endfacet
  facet normal -0.0549157 -0.55476 -0.830196
    outer loop
      vertex -16.3225 -34.943 0.272388
      vertex -16.471 -34.9283 0.272388
      vertex -16.4328 -34.7365 0.141695
    endloop
  endfacet
  facet normal -0.135795 -0.91414 -0.381978
    outer loop
      vertex -16.8978 -35.165 0.634324
      vertex -16.5465 -35.308 0.851659
      vertex -16.9154 -35.2532 0.851659
    endloop
  endfacet
  facet normal -0.135531 -0.914031 -0.382333
    outer loop
      vertex -16.5465 -35.308 0.851659
      vertex -16.8978 -35.165 0.634324
      vertex -16.5289 -35.2197 0.634324
    endloop
  endfacet
  facet normal -0.228161 -0.307775 -0.923697
    outer loop
      vertex -18.675 -33.8078 0.141695
      vertex -18.2547 -33.8492 0.051672
      vertex -18.3754 -34.0299 0.141695
    endloop
  endfacet
  facet normal -0.228158 -0.307669 -0.923734
    outer loop
      vertex -18.2547 -33.8492 0.051672
      vertex -18.675 -33.8078 0.141695
      vertex -18.5542 -33.6271 0.051672
    endloop
  endfacet
  facet normal -0.12904 -0.360715 -0.923706
    outer loop
      vertex -17.2695 -34.559 0.141695
      vertex -17.5375 -34.2326 0.051672
      vertex -17.1864 -34.3582 0.051672
    endloop
  endfacet
  facet normal -0.128991 -0.36068 -0.923727
    outer loop
      vertex -17.5375 -34.2326 0.051672
      vertex -17.2695 -34.559 0.141695
      vertex -17.6207 -34.4334 0.141695
    endloop
  endfacet
  facet normal -0.187235 0.523543 -0.831171
    outer loop
      vertex -17.6207 28.4334 0.141695
      vertex -17.3444 28.7397 0.272388
      vertex -17.2695 28.559 0.141695
    endloop
  endfacet
  facet normal -0.187304 0.523587 -0.831128
    outer loop
      vertex -17.3444 28.7397 0.272388
      vertex -17.6207 28.4334 0.141695
      vertex -17.6955 28.6141 0.272388
    endloop
  endfacet
  facet normal -0.238292 0.666119 -0.706755
    outer loop
      vertex -17.6955 28.6141 0.272388
      vertex -17.4081 28.8934 0.438728
      vertex -17.3444 28.7397 0.272388
    endloop
  endfacet
  facet normal -0.238527 0.666243 -0.706559
    outer loop
      vertex -17.4081 28.8934 0.438728
      vertex -17.6955 28.6141 0.272388
      vertex -17.7592 28.7677 0.438728
    endloop
  endfacet
  facet normal -0.427714 0.713526 -0.554924
    outer loop
      vertex -18.5765 28.3309 0.438728
      vertex -18.3293 28.6312 0.634324
      vertex -18.2567 28.5226 0.438728
    endloop
  endfacet
  facet normal -0.427714 0.713526 -0.554924
    outer loop
      vertex -18.3293 28.6312 0.634324
      vertex -18.5765 28.3309 0.438728
      vertex -18.6491 28.4395 0.634324
    endloop
  endfacet
  facet normal -0.24128 0.797095 -0.553556
    outer loop
      vertex -17.4081 28.8934 0.438728
      vertex -17.4581 29.0141 0.634324
      vertex -17.234 28.9461 0.438728
    endloop
  endfacet
  facet normal -0.53942 0.135116 -0.831125
    outer loop
      vertex -20.2318 25.2517 0.141695
      vertex -20.333 25.6516 0.272388
      vertex -20.1412 25.6134 0.141695
    endloop
  endfacet
  facet normal -0.53942 0.135116 -0.831125
    outer loop
      vertex -20.333 25.6516 0.272388
      vertex -20.2318 25.2517 0.141695
      vertex -20.4236 25.2899 0.272388
    endloop
  endfacet
  facet normal -0.979643 0.0481274 -0.194892
    outer loop
      vertex -20.8983 24.4 0.851659
      vertex -20.9259 24.7725 1.08238
      vertex -20.88 24.7725 0.851659
    endloop
  endfacet
  facet normal -0.979643 0.0481274 -0.194892
    outer loop
      vertex -20.9259 24.7725 1.08238
      vertex -20.8983 24.4 0.851659
      vertex -20.9442 24.4 1.08238
    endloop
  endfacet
  facet normal -0.734524 0.392448 -0.553587
    outer loop
      vertex -20.1583 26.5463 0.438728
      vertex -20.279 26.5963 0.634324
      vertex -20.0726 26.7067 0.438728
    endloop
  endfacet
  facet normal -0.639483 0.302574 -0.70676
    outer loop
      vertex -20.1641 26.1455 0.272388
      vertex -20.1583 26.5463 0.438728
      vertex -20.0046 26.4826 0.272388
    endloop
  endfacet
  facet normal -0.639727 0.302499 -0.706572
    outer loop
      vertex -20.1583 26.5463 0.438728
      vertex -20.1641 26.1455 0.272388
      vertex -20.3177 26.2092 0.438728
    endloop
  endfacet
  facet normal -0.970032 0.242977 0
    outer loop
      vertex -20.8482 25.3743 1.08238
      vertex -20.7576 25.736 11.6176
      vertex -20.7576 25.736 1.08238
    endloop
  endfacet
  facet normal -0.970032 0.242977 0
    outer loop
      vertex -20.7576 25.736 11.6176
      vertex -20.8482 25.3743 1.08238
      vertex -20.8482 25.3743 11.6176
    endloop
  endfacet
  facet normal -0.923507 0.330369 -0.194916
    outer loop
      vertex -20.5217 26.2936 0.851659
      vertex -20.6897 25.9601 1.08238
      vertex -20.5641 26.3112 1.08238
    endloop
  endfacet
  facet normal -0.923507 0.330369 -0.194916
    outer loop
      vertex -20.6897 25.9601 1.08238
      vertex -20.5217 26.2936 0.851659
      vertex -20.6473 25.9425 0.851659
    endloop
  endfacet
  facet normal -0.586684 0.714631 -0.380926
    outer loop
      vertex -18.9487 28.2174 0.634324
      vertex -19.109 28.0858 0.634324
      vertex -18.9987 28.2922 0.851659
    endloop
  endfacet
  facet normal -0.462227 0.865205 -0.194337
    outer loop
      vertex -18.3793 28.7061 0.851659
      vertex -18.4048 28.7443 1.08238
      vertex -18.1807 28.8122 0.851659
    endloop
  endfacet
  facet normal -0.262835 0.491497 -0.83027
    outer loop
      vertex -18.0556 28.2216 0.141695
      vertex -18.1642 28.3843 0.272388
      vertex -17.9578 28.2739 0.141695
    endloop
  endfacet
  facet normal -0.706765 0.0347216 -0.706595
    outer loop
      vertex -20.5113 24.4 0.272388
      vertex -20.6593 24.7725 0.438728
      vertex -20.493 24.7725 0.272388
    endloop
  endfacet
  facet normal -0.706765 0.0347216 -0.706595
    outer loop
      vertex -20.6593 24.7725 0.438728
      vertex -20.5113 24.4 0.272388
      vertex -20.6776 24.4 0.438728
    endloop
  endfacet
  facet normal -0.951456 0.238324 -0.194766
    outer loop
      vertex -20.7126 25.7271 0.851659
      vertex -20.8482 25.3743 1.08238
      vertex -20.7576 25.736 1.08238
    endloop
  endfacet
  facet normal -0.951456 0.238324 -0.194766
    outer loop
      vertex -20.8482 25.3743 1.08238
      vertex -20.7126 25.7271 0.851659
      vertex -20.8032 25.3654 0.851659
    endloop
  endfacet
  facet normal -0.995201 0.0978536 0
    outer loop
      vertex -20.9259 24.7725 1.08238
      vertex -20.903 25.0054 11.6176
      vertex -20.903 25.0054 1.08238
    endloop
  endfacet
  facet normal -0.995201 0.0978536 0
    outer loop
      vertex -20.903 25.0054 11.6176
      vertex -20.9259 24.7725 1.08238
      vertex -20.9259 24.7725 11.6176
    endloop
  endfacet
  facet normal -0.181227 0.338816 -0.923234
    outer loop
      vertex -17.9348 28.0409 0.051672
      vertex -17.9578 28.2739 0.141695
      vertex -17.8746 28.0731 0.051672
    endloop
  endfacet
  facet normal -0.163828 0.346247 -0.923728
    outer loop
      vertex -17.9578 28.2739 0.141695
      vertex -17.5375 28.2326 0.051672
      vertex -17.8746 28.0731 0.051672
    endloop
  endfacet
  facet normal -0.163828 0.346247 -0.923728
    outer loop
      vertex -17.5375 28.2326 0.051672
      vertex -17.9578 28.2739 0.141695
      vertex -17.6207 28.4334 0.141695
    endloop
  endfacet
  facet normal -0.10379 0.699776 -0.706783
    outer loop
      vertex -16.8398 28.8736 0.272388
      vertex -16.5034 29.0915 0.438728
      vertex -16.471 28.9283 0.272388
    endloop
  endfacet
  facet normal -0.103758 0.69975 -0.706813
    outer loop
      vertex -16.5034 29.0915 0.438728
      vertex -16.8398 28.8736 0.272388
      vertex -16.8723 29.0368 0.438728
    endloop
  endfacet
  facet normal -0.241547 0.796865 0.55377
    outer loop
      vertex -17.2595 29.0743 12.0657
      vertex -17.4581 29.0141 12.0657
      vertex -17.234 28.9461 12.2613
    endloop
  endfacet
  facet normal -0.268227 0.884778 0.38108
    outer loop
      vertex -17.2771 29.1626 11.8483
      vertex -17.4925 29.0973 11.8483
      vertex -17.2595 29.0743 12.0657
    endloop
  endfacet
  facet normal -0.311253 0.87007 0.38223
    outer loop
      vertex -17.4925 29.0973 11.8483
      vertex -17.8092 28.8885 12.0657
      vertex -17.4581 29.0141 12.0657
    endloop
  endfacet
  facet normal -0.311253 0.87007 0.38223
    outer loop
      vertex -17.8092 28.8885 12.0657
      vertex -17.4925 29.0973 11.8483
      vertex -17.8436 28.9717 11.8483
    endloop
  endfacet
  facet normal -0.241282 0.7971 0.553548
    outer loop
      vertex -17.234 28.9461 12.2613
      vertex -17.4581 29.0141 12.0657
      vertex -17.4081 28.8934 12.2613
    endloop
  endfacet
  facet normal -0.431024 0.353709 0.830125
    outer loop
      vertex -19.4257 27.349 12.4276
      vertex -19.5204 27.2336 12.4276
      vertex -19.3578 27.125 12.5583
    endloop
  endfacet
  facet normal -0.547889 0.449611 0.705455
    outer loop
      vertex -19.4257 27.349 12.4276
      vertex -19.6587 27.326 12.2613
      vertex -19.5204 27.2336 12.4276
    endloop
  endfacet
  facet normal -0.55029 0.742309 0.382307
    outer loop
      vertex -18.6991 28.5144 11.8483
      vertex -18.9487 28.2174 12.0657
      vertex -18.6491 28.4395 12.0657
    endloop
  endfacet
  facet normal -0.550522 0.742289 0.382012
    outer loop
      vertex -18.9487 28.2174 12.0657
      vertex -18.6991 28.5144 11.8483
      vertex -18.9987 28.2922 11.8483
    endloop
  endfacet
  facet normal -0.586709 0.714662 0.380829
    outer loop
      vertex -18.9987 28.2922 11.8483
      vertex -19.109 28.0858 12.0657
      vertex -18.9487 28.2174 12.0657
    endloop
  endfacet
  facet normal -0.625065 0.333906 0.705549
    outer loop
      vertex -19.9343 26.6142 12.4276
      vertex -20.0726 26.7067 12.2613
      vertex -20.0046 26.4826 12.4276
    endloop
  endfacet
  facet normal -0.568272 0.421413 0.706738
    outer loop
      vertex -19.6587 27.326 12.2613
      vertex -19.7425 26.9341 12.4276
      vertex -19.5204 27.2336 12.4276
    endloop
  endfacet
  facet normal -0.568047 0.421436 0.706905
    outer loop
      vertex -19.7425 26.9341 12.4276
      vertex -19.6587 27.326 12.2613
      vertex -19.8809 27.0265 12.2613
    endloop
  endfacet
  facet normal 0.998775 -0.0494749 0
    outer loop
      vertex 20.9442 -30.4 11.6176
      vertex 20.9426 -30.4323 8.80196
      vertex 20.9442 -30.4 8.79217
    endloop
  endfacet
  facet normal 0.998795 -0.0490683 0
    outer loop
      vertex 20.9259 -30.7725 8.83547
      vertex 20.9442 -30.4 11.6176
      vertex 20.9259 -30.7725 11.6176
    endloop
  endfacet
  facet normal 0.998797 -0.0490302 -5.11396e-06
    outer loop
      vertex 20.9442 -30.4 11.6176
      vertex 20.9259 -30.7725 8.83547
      vertex 20.9426 -30.4323 8.80196
    endloop
  endfacet
  facet normal 0.998775 -0.0494749 0
    outer loop
      vertex 20.9426 -30.4323 3.89804
      vertex 20.9442 -30.4 1.08238
      vertex 20.9442 -30.4 3.90783
    endloop
  endfacet
  facet normal 0.998797 -0.0490302 5.11392e-06
    outer loop
      vertex 20.9259 -30.7725 3.86453
      vertex 20.9442 -30.4 1.08238
      vertex 20.9426 -30.4323 3.89804
    endloop
  endfacet
  facet normal 0.998795 -0.0490683 0
    outer loop
      vertex 20.9442 -30.4 1.08238
      vertex 20.9259 -30.7725 3.86453
      vertex 20.9259 -30.7725 1.08238
    endloop
  endfacet
  facet normal 0.706765 0.0347216 -0.706595
    outer loop
      vertex 20.6776 24.4 0.438728
      vertex 20.493 24.7725 0.272388
      vertex 20.6593 24.7725 0.438728
    endloop
  endfacet
  facet normal 0.706765 0.0347216 -0.706595
    outer loop
      vertex 20.493 24.7725 0.272388
      vertex 20.6776 24.4 0.438728
      vertex 20.5113 24.4 0.272388
    endloop
  endfacet
  facet normal 0.533451 0.161896 -0.830193
    outer loop
      vertex 20.1412 25.6134 0.141695
      vertex 20.109 25.7195 0.141695
      vertex 20.333 25.6516 0.272388
    endloop
  endfacet
  facet normal 0.548015 0.449403 -0.70549
    outer loop
      vertex 19.6587 27.326 0.438728
      vertex 19.4257 27.349 0.272388
      vertex 19.5434 27.4666 0.438728
    endloop
  endfacet
  facet normal 0.734518 0.392546 -0.553526
    outer loop
      vertex 20.279 26.5963 0.634324
      vertex 20.0726 26.7067 0.438728
      vertex 20.1812 26.7793 0.634324
    endloop
  endfacet
  facet normal 0.734524 0.392448 -0.553587
    outer loop
      vertex 20.1583 26.5463 0.438728
      vertex 20.0726 26.7067 0.438728
      vertex 20.279 26.5963 0.634324
    endloop
  endfacet
  facet normal 0.830763 0.0408133 -0.555128
    outer loop
      vertex 20.8083 24.4 0.634324
      vertex 20.6593 24.7725 0.438728
      vertex 20.79 24.7725 0.634324
    endloop
  endfacet
  facet normal 0.830763 0.0408133 -0.555128
    outer loop
      vertex 20.6593 24.7725 0.438728
      vertex 20.8083 24.4 0.634324
      vertex 20.6776 24.4 0.438728
    endloop
  endfacet
  facet normal 0.82869 0.0815039 -0.553742
    outer loop
      vertex 20.79 24.7725 0.634324
      vertex 20.6593 24.7725 0.438728
      vertex 20.7697 24.9789 0.634324
    endloop
  endfacet
  facet normal 0.938807 0.284449 0.194242
    outer loop
      vertex 20.6897 25.9601 11.6176
      vertex 20.6473 25.9425 11.8483
      vertex 20.7576 25.736 11.6176
    endloop
  endfacet
  facet normal 0.941566 0.336829 0
    outer loop
      vertex 20.6897 25.9601 11.6176
      vertex 20.5641 26.3112 1.08238
      vertex 20.5641 26.3112 11.6176
    endloop
  endfacet
  facet normal 0.941566 0.336829 0
    outer loop
      vertex 20.5641 26.3112 1.08238
      vertex 20.6897 25.9601 11.6176
      vertex 20.6897 25.9601 1.08238
    endloop
  endfacet
  facet normal 0.606648 0.363647 0.706922
    outer loop
      vertex 19.7425 26.9341 12.4276
      vertex 20.0726 26.7067 12.2613
      vertex 19.8809 27.0265 12.2613
    endloop
  endfacet
  facet normal 0.606676 0.36374 0.70685
    outer loop
      vertex 20.0726 26.7067 12.2613
      vertex 19.7425 26.9341 12.4276
      vertex 19.9343 26.6142 12.4276
    endloop
  endfacet
  facet normal 0.625065 0.333906 0.705549
    outer loop
      vertex 20.0726 26.7067 12.2613
      vertex 19.9343 26.6142 12.4276
      vertex 20.0046 26.4826 12.4276
    endloop
  endfacet
  facet normal 0.903923 0.427694 0
    outer loop
      vertex 20.5641 26.3112 11.6176
      vertex 20.4046 26.6483 1.08238
      vertex 20.4046 26.6483 11.6176
    endloop
  endfacet
  facet normal 0.903923 0.427694 0
    outer loop
      vertex 20.4046 26.6483 1.08238
      vertex 20.5641 26.3112 11.6176
      vertex 20.5641 26.3112 1.08238
    endloop
  endfacet
  facet normal 0.841179 0.504497 0.194684
    outer loop
      vertex 20.0644 27.1491 11.8483
      vertex 20.2943 26.8548 11.6176
      vertex 20.1025 27.1746 11.6176
    endloop
  endfacet
  facet normal 0.841235 0.504268 0.195033
    outer loop
      vertex 20.2943 26.8548 11.6176
      vertex 20.0644 27.1491 11.8483
      vertex 20.2561 26.8293 11.8483
    endloop
  endfacet
  facet normal 0.792547 0.475082 0.382318
    outer loop
      vertex 19.9895 27.0991 12.0657
      vertex 20.2561 26.8293 11.8483
      vertex 20.0644 27.1491 11.8483
    endloop
  endfacet
  facet normal 0.792547 0.475082 0.382318
    outer loop
      vertex 20.2561 26.8293 11.8483
      vertex 19.9895 27.0991 12.0657
      vertex 20.1812 26.7793 12.0657
    endloop
  endfacet
  facet normal 0.462227 -0.865205 -0.194337
    outer loop
      vertex 18.4048 -34.7443 1.08238
      vertex 18.1807 -34.8122 0.851659
      vertex 18.3793 -34.7061 0.851659
    endloop
  endfacet
  facet normal 0.514338 -0.857588 0
    outer loop
      vertex 18.4048 -34.7443 1.08238
      vertex 18.7246 -34.5525 11.6176
      vertex 18.4048 -34.7443 11.6176
    endloop
  endfacet
  facet normal 0.514338 -0.857588 0
    outer loop
      vertex 18.7246 -34.5525 11.6176
      vertex 18.4048 -34.7443 1.08238
      vertex 18.7246 -34.5525 1.08238
    endloop
  endfacet
  facet normal 0.205629 -0.678149 0.705571
    outer loop
      vertex 17.3444 -34.7397 12.4276
      vertex 17.2016 -34.783 12.4276
      vertex 17.234 -34.9462 12.2613
    endloop
  endfacet
  facet normal 0.268201 -0.884797 0.381054
    outer loop
      vertex 17.4581 -35.0141 12.0657
      vertex 17.2595 -35.0743 12.0657
      vertex 17.4925 -35.0973 11.8483
    endloop
  endfacet
  facet normal 0.435784 -0.815423 0.381022
    outer loop
      vertex 18.3293 -34.6312 12.0657
      vertex 18.1463 -34.729 12.0657
      vertex 18.1807 -34.8122 11.8483
    endloop
  endfacet
  facet normal -0.371458 -0.0930441 0.923776
    outer loop
      vertex -20.0186 -31.2093 12.6483
      vertex -20.1412 -31.6134 12.5583
      vertex -19.928 -31.571 12.6483
    endloop
  endfacet
  facet normal -0.371458 -0.0930441 0.923776
    outer loop
      vertex -20.1412 -31.6134 12.5583
      vertex -20.0186 -31.2093 12.6483
      vertex -20.2318 -31.2517 12.5583
    endloop
  endfacet
  facet normal -0.382244 -0.0377739 0.923289
    outer loop
      vertex -20.0733 -30.8404 12.6483
      vertex -20.2974 -30.7725 12.5583
      vertex -20.2865 -30.8828 12.5583
    endloop
  endfacet
  facet normal -0.0561667 -0.378792 0.923776
    outer loop
      vertex -16.7593 -34.4686 12.6483
      vertex -16.4328 -34.7365 12.5583
      vertex -16.3904 -34.5233 12.6483
    endloop
  endfacet
  facet normal -0.0561667 -0.378792 0.923776
    outer loop
      vertex -16.4328 -34.7365 12.5583
      vertex -16.7593 -34.4686 12.6483
      vertex -16.8017 -34.6818 12.5583
    endloop
  endfacet
  facet normal -0.243905 -0.296732 0.923288
    outer loop
      vertex -18.607 -33.5837 12.6483
      vertex -18.7607 -33.7374 12.5583
      vertex -18.5542 -33.6271 12.6483
    endloop
  endfacet
  facet normal -0 0 1
    outer loop
      vertex -19.8676 5.55789 12.6942
      vertex -18.35 -11.7 12.6942
      vertex -18.35 6.945 12.6942
    endloop
  endfacet
  facet normal 0 0 1
    outer loop
      vertex -18.35 -11.7 12.6942
      vertex -19.8676 -30.4 12.6942
      vertex -18.426 -33.4352 12.6942
    endloop
  endfacet
  facet normal 0 0 1
    outer loop
      vertex -18.426 -33.4352 12.6942
      vertex -19.8676 -30.4 12.6942
      vertex -18.4439 -33.4206 12.6942
    endloop
  endfacet
  facet normal 0 0 1
    outer loop
      vertex -18.4439 -33.4206 12.6942
      vertex -19.8676 -30.4 12.6942
      vertex -18.7202 -33.1702 12.6942
    endloop
  endfacet
  facet normal 0 0 1
    outer loop
      vertex -18.7202 -33.1702 12.6942
      vertex -19.8676 -30.4 12.6942
      vertex -18.9706 -32.8939 12.6942
    endloop
  endfacet
  facet normal 0 0 1
    outer loop
      vertex -18.9706 -32.8939 12.6942
      vertex -19.8676 -30.4 12.6942
      vertex -18.9852 -32.876 12.6942
    endloop
  endfacet
  facet normal 0 0 1
    outer loop
      vertex -19.4795 6.46763 12.6942
      vertex -18.35 6.945 12.6942
      vertex -19.36 6.945 12.6942
    endloop
  endfacet
  facet normal 0 0 1
    outer loop
      vertex -19.518 6.37424 12.6942
      vertex -18.35 6.945 12.6942
      vertex -19.4795 6.46763 12.6942
    endloop
  endfacet
  facet normal 0 0 1
    outer loop
      vertex -18.9852 -32.876 12.6942
      vertex -19.8676 -30.4 12.6942
      vertex -19.2074 -32.5765 12.6942
    endloop
  endfacet
  facet normal 0 0 1
    outer loop
      vertex -19.2074 -32.5765 12.6942
      vertex -19.8676 -30.4 12.6942
      vertex -19.3991 -32.2566 12.6942
    endloop
  endfacet
  facet normal 0 0 1
    outer loop
      vertex -19.8199 5.64209 12.6942
      vertex -18.35 6.945 12.6942
      vertex -19.518 6.37424 12.6942
    endloop
  endfacet
  facet normal 0 0 1
    outer loop
      vertex -19.3991 -32.2566 12.6942
      vertex -19.8676 -30.4 12.6942
      vertex -19.41 -32.2363 12.6942
    endloop
  endfacet
  facet normal 0 0 1
    outer loop
      vertex -19.41 -32.2363 12.6942
      vertex -19.8676 -30.4 12.6942
      vertex -19.5694 -31.8992 12.6942
    endloop
  endfacet
  facet normal 0 0 1
    outer loop
      vertex -19.5694 -31.8992 12.6942
      vertex -19.8676 -30.4 12.6942
      vertex -19.695 -31.5481 12.6942
    endloop
  endfacet
  facet normal 0 0 1
    outer loop
      vertex -19.695 -31.5481 12.6942
      vertex -19.8676 -30.4 12.6942
      vertex -19.7017 -31.526 12.6942
    endloop
  endfacet
  facet normal 0 0 1
    outer loop
      vertex -19.8676 5.55789 12.6942
      vertex -18.35 6.945 12.6942
      vertex -19.8199 5.64209 12.6942
    endloop
  endfacet
  facet normal 0 0 1
    outer loop
      vertex -19.7017 -31.526 12.6942
      vertex -19.8676 -30.4 12.6942
      vertex -19.7923 -31.1643 12.6942
    endloop
  endfacet
  facet normal 0 0 1
    outer loop
      vertex -19.7923 -31.1643 12.6942
      vertex -19.8676 -30.4 12.6942
      vertex -19.847 -30.7954 12.6942
    endloop
  endfacet
  facet normal 0 0 1
    outer loop
      vertex -18.35 -11.7 12.6942
      vertex -19.8676 5.55789 12.6942
      vertex -19.8676 -30.4 12.6942
    endloop
  endfacet
  facet normal 0 0 1
    outer loop
      vertex -19.847 -30.7954 12.6942
      vertex -19.8676 -30.4 12.6942
      vertex -19.8493 -30.7725 12.6942
    endloop
  endfacet
  facet normal 0 0 1
    outer loop
      vertex -10.5424 -21.2136 12.6942
      vertex -14.5426 -24.6765 12.6942
      vertex -14.5 -25 12.6942
    endloop
  endfacet
  facet normal 0 0 1
    outer loop
      vertex -13.2225 -20.2546 12.6942
      vertex -14.6675 -24.375 12.6942
      vertex -14.5426 -24.6765 12.6942
    endloop
  endfacet
  facet normal 0 0 1
    outer loop
      vertex -15.75 -23.75 12.6942
      vertex -14.039 -19.7652 12.6942
      vertex -14.8036 -19.1982 12.6942
    endloop
  endfacet
  facet normal 0 0 1
    outer loop
      vertex -13.2225 -20.2546 12.6942
      vertex -14.8661 -24.1161 12.6942
      vertex -14.6675 -24.375 12.6942
    endloop
  endfacet
  facet normal 0 0 1
    outer loop
      vertex -13.2225 -20.2546 12.6942
      vertex -15.125 -23.9175 12.6942
      vertex -14.8661 -24.1161 12.6942
    endloop
  endfacet
  facet normal 0 0 1
    outer loop
      vertex -13.2225 -20.2546 12.6942
      vertex -15.4265 -23.7926 12.6942
      vertex -15.125 -23.9175 12.6942
    endloop
  endfacet
  facet normal 0 0 1
    outer loop
      vertex -16.0735 -23.7926 12.6942
      vertex -14.8036 -19.1982 12.6942
      vertex -15.5089 -18.5589 12.6942
    endloop
  endfacet
  facet normal 0 0 1
    outer loop
      vertex -14.039 -19.7652 12.6942
      vertex -15.75 -23.75 12.6942
      vertex -15.4265 -23.7926 12.6942
    endloop
  endfacet
  facet normal 0 0 1
    outer loop
      vertex -14.8036 -19.1982 12.6942
      vertex -16.0735 -23.7926 12.6942
      vertex -15.75 -23.75 12.6942
    endloop
  endfacet
  facet normal 0 0 1
    outer loop
      vertex -16.375 -23.9175 12.6942
      vertex -15.5089 -18.5589 12.6942
      vertex -16.1482 -17.8536 12.6942
    endloop
  endfacet
  facet normal 0 0 1
    outer loop
      vertex -15.5089 -18.5589 12.6942
      vertex -16.375 -23.9175 12.6942
      vertex -16.0735 -23.7926 12.6942
    endloop
  endfacet
  facet normal 0 0 1
    outer loop
      vertex -16.1482 -17.8536 12.6942
      vertex -16.6339 -24.1161 12.6942
      vertex -16.375 -23.9175 12.6942
    endloop
  endfacet
  facet normal 0 0 1
    outer loop
      vertex -16.7152 -17.089 12.6942
      vertex -16.6339 -24.1161 12.6942
      vertex -16.1482 -17.8536 12.6942
    endloop
  endfacet
  facet normal 0 0 1
    outer loop
      vertex -16.7152 -17.089 12.6942
      vertex -16.8325 -24.375 12.6942
      vertex -16.6339 -24.1161 12.6942
    endloop
  endfacet
  facet normal 0 0 1
    outer loop
      vertex -17.2046 -16.2725 12.6942
      vertex -16.8325 -24.375 12.6942
      vertex -16.7152 -17.089 12.6942
    endloop
  endfacet
  facet normal 0 0 1
    outer loop
      vertex -16.8325 -24.375 12.6942
      vertex -17.2046 -16.2725 12.6942
      vertex -16.9574 -24.6765 12.6942
    endloop
  endfacet
  facet normal 0 0 1
    outer loop
      vertex -15.75 -26.25 12.6942
      vertex -17.0981 -34.145 12.6942
      vertex -17.076 -34.1517 12.6942
    endloop
  endfacet
  facet normal 0 0 1
    outer loop
      vertex -17.6116 -15.412 12.6942
      vertex -16.9574 -24.6765 12.6942
      vertex -17.2046 -16.2725 12.6942
    endloop
  endfacet
  facet normal 0 0 1
    outer loop
      vertex -17.9323 -14.5157 12.6942
      vertex -16.9574 -24.6765 12.6942
      vertex -17.6116 -15.412 12.6942
    endloop
  endfacet
  facet normal 0 0 1
    outer loop
      vertex -16.9574 -25.3235 12.6942
      vertex -18.426 -33.4352 12.6942
      vertex -17.0981 -34.145 12.6942
    endloop
  endfacet
  facet normal 0 0 1
    outer loop
      vertex -16.9574 -24.6765 12.6942
      vertex -17.9323 -14.5157 12.6942
      vertex -17 -25 12.6942
    endloop
  endfacet
  facet normal 0 0 1
    outer loop
      vertex -17.0981 -34.145 12.6942
      vertex -18.426 -33.4352 12.6942
      vertex -17.4492 -34.0194 12.6942
    endloop
  endfacet
  facet normal 0 0 1
    outer loop
      vertex -17.4492 -34.0194 12.6942
      vertex -18.426 -33.4352 12.6942
      vertex -17.7863 -33.86 12.6942
    endloop
  endfacet
  facet normal 0 0 1
    outer loop
      vertex -17 -25 12.6942
      vertex -17.9323 -14.5157 12.6942
      vertex -18.426 -33.4352 12.6942
    endloop
  endfacet
  facet normal 0 0 1
    outer loop
      vertex -17.7863 -33.86 12.6942
      vertex -18.426 -33.4352 12.6942
      vertex -17.8066 -33.8491 12.6942
    endloop
  endfacet
  facet normal 0 0 1
    outer loop
      vertex -18.426 -33.4352 12.6942
      vertex -17.9323 -14.5157 12.6942
      vertex -18.1636 -13.5924 12.6942
    endloop
  endfacet
  facet normal 0 0 1
    outer loop
      vertex -18.426 -33.4352 12.6942
      vertex -18.1636 -13.5924 12.6942
      vertex -18.3033 -12.6508 12.6942
    endloop
  endfacet
  facet normal 0 0 1
    outer loop
      vertex -18.426 -33.4352 12.6942
      vertex -18.3033 -12.6508 12.6942
      vertex -18.35 -11.7 12.6942
    endloop
  endfacet
  facet normal 0 0 1
    outer loop
      vertex -17.8066 -33.8491 12.6942
      vertex -18.426 -33.4352 12.6942
      vertex -18.1265 -33.6574 12.6942
    endloop
  endfacet
  facet normal -0 0 1
    outer loop
      vertex -14.8661 24.1161 12.6942
      vertex -12.362 20.6616 12.6942
      vertex -14.6675 24.375 12.6942
    endloop
  endfacet
  facet normal 0 0 1
    outer loop
      vertex -12.362 20.6616 12.6942
      vertex -14.8661 24.1161 12.6942
      vertex -13.2225 20.2546 12.6942
    endloop
  endfacet
  facet normal -0 0 1
    outer loop
      vertex -15.125 23.9175 12.6942
      vertex -13.2225 20.2546 12.6942
      vertex -14.8661 24.1161 12.6942
    endloop
  endfacet
  facet normal -0 0 1
    outer loop
      vertex -15.4265 23.7926 12.6942
      vertex -13.2225 20.2546 12.6942
      vertex -15.125 23.9175 12.6942
    endloop
  endfacet
  facet normal 0 0 1
    outer loop
      vertex -13.2225 20.2546 12.6942
      vertex -15.4265 23.7926 12.6942
      vertex -14.039 19.7652 12.6942
    endloop
  endfacet
  facet normal -0 0 1
    outer loop
      vertex -15.75 23.75 12.6942
      vertex -14.039 19.7652 12.6942
      vertex -15.4265 23.7926 12.6942
    endloop
  endfacet
  facet normal 0 0 1
    outer loop
      vertex -14.039 19.7652 12.6942
      vertex -15.75 23.75 12.6942
      vertex -14.8036 19.1982 12.6942
    endloop
  endfacet
  facet normal 0 0 1
    outer loop
      vertex -16.0735 23.7926 12.6942
      vertex -14.8036 19.1982 12.6942
      vertex -15.75 23.75 12.6942
    endloop
  endfacet
  facet normal 0 0 1
    outer loop
      vertex -14.8036 19.1982 12.6942
      vertex -16.0735 23.7926 12.6942
      vertex -15.5089 18.5589 12.6942
    endloop
  endfacet
  facet normal 0 0 1
    outer loop
      vertex -16.375 23.9175 12.6942
      vertex -15.5089 18.5589 12.6942
      vertex -16.0735 23.7926 12.6942
    endloop
  endfacet
  facet normal 0 0 1
    outer loop
      vertex -19.8676 24.4 12.6942
      vertex -15.5089 18.5589 12.6942
      vertex -16.375 23.9175 12.6942
    endloop
  endfacet
  facet normal 0 0 1
    outer loop
      vertex -19.8676 24.4 12.6942
      vertex -16.375 23.9175 12.6942
      vertex -16.6339 24.1161 12.6942
    endloop
  endfacet
  facet normal 0 0 1
    outer loop
      vertex -15.5089 18.5589 12.6942
      vertex -19.8676 24.4 12.6942
      vertex -16.1482 17.8536 12.6942
    endloop
  endfacet
  facet normal 0 0 1
    outer loop
      vertex -19.8676 24.4 12.6942
      vertex -16.6339 24.1161 12.6942
      vertex -16.8325 24.375 12.6942
    endloop
  endfacet
  facet normal -0 0 1
    outer loop
      vertex -19.8676 24.4 12.6942
      vertex -16.8325 24.375 12.6942
      vertex -16.9574 24.6765 12.6942
    endloop
  endfacet
  facet normal -0 0 1
    outer loop
      vertex -19.8493 24.7725 12.6942
      vertex -16.9574 24.6765 12.6942
      vertex -17 25 12.6942
    endloop
  endfacet
  facet normal -0 0 1
    outer loop
      vertex -17.8066 27.8491 12.6942
      vertex -16.6339 25.8839 12.6942
      vertex -17.7863 27.86 12.6942
    endloop
  endfacet
  facet normal 0 0 1
    outer loop
      vertex -16.1482 17.8536 12.6942
      vertex -19.8676 24.4 12.6942
      vertex -16.7152 17.089 12.6942
    endloop
  endfacet
  facet normal -0 0 1
    outer loop
      vertex -18.1265 27.6574 12.6942
      vertex -16.6339 25.8839 12.6942
      vertex -17.8066 27.8491 12.6942
    endloop
  endfacet
  facet normal -0 0 1
    outer loop
      vertex -18.426 27.4352 12.6942
      vertex -16.6339 25.8839 12.6942
      vertex -18.1265 27.6574 12.6942
    endloop
  endfacet
  facet normal 0 0 1
    outer loop
      vertex -16.7152 17.089 12.6942
      vertex -19.8676 24.4 12.6942
      vertex -17.2046 16.2725 12.6942
    endloop
  endfacet
  facet normal -0 0 1
    outer loop
      vertex -18.4439 27.4206 12.6942
      vertex -16.6339 25.8839 12.6942
      vertex -18.426 27.4352 12.6942
    endloop
  endfacet
  facet normal 0 0 1
    outer loop
      vertex -16.6339 25.8839 12.6942
      vertex -18.4439 27.4206 12.6942
      vertex -16.8325 25.625 12.6942
    endloop
  endfacet
  facet normal 0 0 1
    outer loop
      vertex -17.2046 16.2725 12.6942
      vertex -19.8676 24.4 12.6942
      vertex -17.6116 15.412 12.6942
    endloop
  endfacet
  facet normal -0 0 1
    outer loop
      vertex -18.7202 27.1702 12.6942
      vertex -16.8325 25.625 12.6942
      vertex -18.4439 27.4206 12.6942
    endloop
  endfacet
  facet normal 0 0 1
    outer loop
      vertex -17.6116 15.412 12.6942
      vertex -19.8676 24.4 12.6942
      vertex -17.9323 14.5157 12.6942
    endloop
  endfacet
  facet normal 0 0 1
    outer loop
      vertex -19.8676 10.4021 12.6942
      vertex -17.9323 14.5157 12.6942
      vertex -19.8676 24.4 12.6942
    endloop
  endfacet
  facet normal 0 0 1
    outer loop
      vertex -17.9323 14.5157 12.6942
      vertex -19.8676 10.4021 12.6942
      vertex -18.1636 13.5924 12.6942
    endloop
  endfacet
  facet normal -0 0 1
    outer loop
      vertex -18.9706 26.8939 12.6942
      vertex -16.8325 25.625 12.6942
      vertex -18.7202 27.1702 12.6942
    endloop
  endfacet
  facet normal 0 0 1
    outer loop
      vertex -18.1636 13.5924 12.6942
      vertex -19.8676 10.4021 12.6942
      vertex -18.3033 12.6508 12.6942
    endloop
  endfacet
  facet normal -0 0 1
    outer loop
      vertex -18.9852 26.876 12.6942
      vertex -16.8325 25.625 12.6942
      vertex -18.9706 26.8939 12.6942
    endloop
  endfacet
  facet normal 0 0 1
    outer loop
      vertex -16.8325 25.625 12.6942
      vertex -18.9852 26.876 12.6942
      vertex -16.9574 25.3235 12.6942
    endloop
  endfacet
  facet normal -0 0 1
    outer loop
      vertex -19.2074 26.5765 12.6942
      vertex -16.9574 25.3235 12.6942
      vertex -18.9852 26.876 12.6942
    endloop
  endfacet
  facet normal -0 0 1
    outer loop
      vertex -19.3991 26.2566 12.6942
      vertex -16.9574 25.3235 12.6942
      vertex -19.2074 26.5765 12.6942
    endloop
  endfacet
  facet normal -0 0 1
    outer loop
      vertex -19.41 26.2363 12.6942
      vertex -16.9574 25.3235 12.6942
      vertex -19.3991 26.2566 12.6942
    endloop
  endfacet
  facet normal 0 0 1
    outer loop
      vertex -18.3033 12.6508 12.6942
      vertex -19.8676 10.4021 12.6942
      vertex -18.35 11.7 12.6942
    endloop
  endfacet
  facet normal -0 0 1
    outer loop
      vertex -19.5694 25.8992 12.6942
      vertex -16.9574 25.3235 12.6942
      vertex -19.41 26.2363 12.6942
    endloop
  endfacet
  facet normal 0 0 1
    outer loop
      vertex -16.9574 25.3235 12.6942
      vertex -19.5694 25.8992 12.6942
      vertex -17 25 12.6942
    endloop
  endfacet
  facet normal 0 0 1
    outer loop
      vertex -18.35 9.015 12.6942
      vertex -19.4795 9.49236 12.6942
      vertex -19.36 9.015 12.6942
    endloop
  endfacet
  facet normal 0 -0 1
    outer loop
      vertex -19.8199 10.3179 12.6942
      vertex -18.35 11.7 12.6942
      vertex -19.8676 10.4021 12.6942
    endloop
  endfacet
  facet normal -0 0 1
    outer loop
      vertex -19.695 25.5481 12.6942
      vertex -17 25 12.6942
      vertex -19.5694 25.8992 12.6942
    endloop
  endfacet
  facet normal -0 0 1
    outer loop
      vertex -19.7017 25.526 12.6942
      vertex -17 25 12.6942
      vertex -19.695 25.5481 12.6942
    endloop
  endfacet
  facet normal -0 0 1
    outer loop
      vertex -19.7923 25.1643 12.6942
      vertex -17 25 12.6942
      vertex -19.7017 25.526 12.6942
    endloop
  endfacet
  facet normal 0 0 1
    outer loop
      vertex -19.847 24.7954 12.6942
      vertex -17 25 12.6942
      vertex -19.7923 25.1643 12.6942
    endloop
  endfacet
  facet normal 0 0 1
    outer loop
      vertex -18.35 9.015 12.6942
      vertex -19.518 9.58576 12.6942
      vertex -19.4795 9.49236 12.6942
    endloop
  endfacet
  facet normal 0 0 1
    outer loop
      vertex -19.8493 24.7725 12.6942
      vertex -17 25 12.6942
      vertex -19.847 24.7954 12.6942
    endloop
  endfacet
  facet normal 0 0 1
    outer loop
      vertex -16.9574 24.6765 12.6942
      vertex -19.8493 24.7725 12.6942
      vertex -19.8676 24.4 12.6942
    endloop
  endfacet
  facet normal 0 0 1
    outer loop
      vertex -18.35 11.7 12.6942
      vertex -19.518 9.58576 12.6942
      vertex -18.35 9.015 12.6942
    endloop
  endfacet
  facet normal 0 -0 1
    outer loop
      vertex -19.518 9.58576 12.6942
      vertex -18.35 11.7 12.6942
      vertex -19.8199 10.3179 12.6942
    endloop
  endfacet
  facet normal 0 0 1
    outer loop
      vertex 19.5694 25.8992 12.6942
      vertex 16.9574 25.3235 12.6942
      vertex 17 25 12.6942
    endloop
  endfacet
  facet normal 0 0 1
    outer loop
      vertex 17.0981 28.145 12.6942
      vertex 16.8325 25.625 12.6942
      vertex 16.9574 25.3235 12.6942
    endloop
  endfacet
  facet normal 0 0 1
    outer loop
      vertex 16.375 26.0825 12.6942
      vertex 17.076 28.1517 12.6942
      vertex 16.7143 28.2423 12.6942
    endloop
  endfacet
  facet normal 0 0 1
    outer loop
      vertex 17.0981 28.145 12.6942
      vertex 16.6339 25.8839 12.6942
      vertex 16.8325 25.625 12.6942
    endloop
  endfacet
  facet normal 0 0 1
    outer loop
      vertex 17.0981 28.145 12.6942
      vertex 16.375 26.0825 12.6942
      vertex 16.6339 25.8839 12.6942
    endloop
  endfacet
  facet normal 0 0 1
    outer loop
      vertex 16.0735 26.2074 12.6942
      vertex 16.7143 28.2423 12.6942
      vertex 16.3454 28.2971 12.6942
    endloop
  endfacet
  facet normal 0 0 1
    outer loop
      vertex 16.0735 26.2074 12.6942
      vertex 16.3454 28.2971 12.6942
      vertex 16.3225 28.2993 12.6942
    endloop
  endfacet
  facet normal 0 0 1
    outer loop
      vertex 16.7143 28.2423 12.6942
      vertex 16.0735 26.2074 12.6942
      vertex 16.375 26.0825 12.6942
    endloop
  endfacet
  facet normal 0 0 1
    outer loop
      vertex 15.95 28.3176 12.6942
      vertex 16.0735 26.2074 12.6942
      vertex 16.3225 28.2993 12.6942
    endloop
  endfacet
  facet normal 0 0 1
    outer loop
      vertex 15.95 28.3176 12.6942
      vertex 15.75 26.25 12.6942
      vertex 16.0735 26.2074 12.6942
    endloop
  endfacet
  facet normal 0 0 1
    outer loop
      vertex 15.95 28.3176 12.6942
      vertex 15.4265 26.2074 12.6942
      vertex 15.75 26.25 12.6942
    endloop
  endfacet
  facet normal 0 0 1
    outer loop
      vertex 15.95 28.3176 12.6942
      vertex 15.125 26.0825 12.6942
      vertex 15.4265 26.2074 12.6942
    endloop
  endfacet
  facet normal 0 0 1
    outer loop
      vertex 15.95 28.3176 12.6942
      vertex 14.8661 25.8839 12.6942
      vertex 15.125 26.0825 12.6942
    endloop
  endfacet
  facet normal 0 0 1
    outer loop
      vertex 15.95 28.3176 12.6942
      vertex 14.6675 25.625 12.6942
      vertex 14.8661 25.8839 12.6942
    endloop
  endfacet
  facet normal 0 0 1
    outer loop
      vertex 15.4265 23.7926 12.6942
      vertex 13.2225 20.2546 12.6942
      vertex 14.039 19.7652 12.6942
    endloop
  endfacet
  facet normal 0 0 1
    outer loop
      vertex 9.60075 21.3533 12.6942
      vertex 14.5 25 12.6942
      vertex 14.5426 25.3235 12.6942
    endloop
  endfacet
  facet normal 0 0 1
    outer loop
      vertex 14.5426 24.6765 12.6942
      vertex 12.362 20.6616 12.6942
      vertex 13.2225 20.2546 12.6942
    endloop
  endfacet
  facet normal 0 0 1
    outer loop
      vertex 8.64999 21.4 12.6942
      vertex 14.5426 25.3235 12.6942
      vertex 14.6675 25.625 12.6942
    endloop
  endfacet
  facet normal 0 0 1
    outer loop
      vertex 14.5426 24.6765 12.6942
      vertex 11.4658 20.9823 12.6942
      vertex 12.362 20.6616 12.6942
    endloop
  endfacet
  facet normal 0 0 1
    outer loop
      vertex 8.64999 21.4 12.6942
      vertex 14.6675 25.625 12.6942
      vertex 15.95 28.3176 12.6942
    endloop
  endfacet
  facet normal 0 0 1
    outer loop
      vertex 14.5426 24.6765 12.6942
      vertex 10.5424 21.2136 12.6942
      vertex 11.4658 20.9823 12.6942
    endloop
  endfacet
  facet normal 0 0 1
    outer loop
      vertex 14.5 25 12.6942
      vertex 9.60075 21.3533 12.6942
      vertex 10.5424 21.2136 12.6942
    endloop
  endfacet
  facet normal 0 0 1
    outer loop
      vertex 14.5426 25.3235 12.6942
      vertex 8.64999 21.4 12.6942
      vertex 9.60075 21.3533 12.6942
    endloop
  endfacet
  facet normal 0 0 1
    outer loop
      vertex 15.95 28.3176 12.6942
      vertex -8.64999 21.4 12.6942
      vertex 8.64999 21.4 12.6942
    endloop
  endfacet
  facet normal -0 0 1
    outer loop
      vertex -15.95 28.3176 12.6942
      vertex -8.64999 21.4 12.6942
      vertex 15.95 28.3176 12.6942
    endloop
  endfacet
  facet normal -0 -0 1
    outer loop
      vertex -14.6675 25.625 12.6942
      vertex -8.64999 21.4 12.6942
      vertex -15.95 28.3176 12.6942
    endloop
  endfacet
  facet normal -0 -0 1
    outer loop
      vertex -14.5426 25.3235 12.6942
      vertex -8.64999 21.4 12.6942
      vertex -14.6675 25.625 12.6942
    endloop
  endfacet
  facet normal 0 0 1
    outer loop
      vertex -11.4658 20.9823 12.6942
      vertex -14.6675 24.375 12.6942
      vertex -12.362 20.6616 12.6942
    endloop
  endfacet
  facet normal -0 0 1
    outer loop
      vertex -14.6675 24.375 12.6942
      vertex -11.4658 20.9823 12.6942
      vertex -14.5426 24.6765 12.6942
    endloop
  endfacet
  facet normal 0 0 1
    outer loop
      vertex -10.5424 21.2136 12.6942
      vertex -14.5426 24.6765 12.6942
      vertex -11.4658 20.9823 12.6942
    endloop
  endfacet
  facet normal -0 -0 1
    outer loop
      vertex -14.5 25 12.6942
      vertex -9.60075 21.3533 12.6942
      vertex -14.5426 25.3235 12.6942
    endloop
  endfacet
  facet normal -0 0 1
    outer loop
      vertex -14.5426 24.6765 12.6942
      vertex -10.5424 21.2136 12.6942
      vertex -14.5 25 12.6942
    endloop
  endfacet
  facet normal 0 0 1
    outer loop
      vertex -9.60075 21.3533 12.6942
      vertex -14.5 25 12.6942
      vertex -10.5424 21.2136 12.6942
    endloop
  endfacet
  facet normal 0 0 1
    outer loop
      vertex -8.64999 21.4 12.6942
      vertex -14.5426 25.3235 12.6942
      vertex -9.60075 21.3533 12.6942
    endloop
  endfacet
  facet normal 0 0 1
    outer loop
      vertex -14.6675 25.625 12.6942
      vertex -15.95 28.3176 12.6942
      vertex -14.8661 25.8839 12.6942
    endloop
  endfacet
  facet normal 0 0 1
    outer loop
      vertex -14.8661 25.8839 12.6942
      vertex -15.95 28.3176 12.6942
      vertex -15.125 26.0825 12.6942
    endloop
  endfacet
  facet normal 0 0 1
    outer loop
      vertex -15.125 26.0825 12.6942
      vertex -15.95 28.3176 12.6942
      vertex -15.4265 26.2074 12.6942
    endloop
  endfacet
  facet normal 0 0 1
    outer loop
      vertex -15.4265 26.2074 12.6942
      vertex -15.95 28.3176 12.6942
      vertex -15.75 26.25 12.6942
    endloop
  endfacet
  facet normal 0 0 1
    outer loop
      vertex -15.95 28.3176 12.6942
      vertex -16.0735 26.2074 12.6942
      vertex -15.75 26.25 12.6942
    endloop
  endfacet
  facet normal -0 0 1
    outer loop
      vertex -16.3225 28.2993 12.6942
      vertex -16.0735 26.2074 12.6942
      vertex -15.95 28.3176 12.6942
    endloop
  endfacet
  facet normal -0 0 1
    outer loop
      vertex -16.3454 28.2971 12.6942
      vertex -16.0735 26.2074 12.6942
      vertex -16.3225 28.2993 12.6942
    endloop
  endfacet
  facet normal -0 0 1
    outer loop
      vertex -16.7143 28.2423 12.6942
      vertex -16.0735 26.2074 12.6942
      vertex -16.3454 28.2971 12.6942
    endloop
  endfacet
  facet normal 0 0 1
    outer loop
      vertex -16.0735 26.2074 12.6942
      vertex -16.7143 28.2423 12.6942
      vertex -16.375 26.0825 12.6942
    endloop
  endfacet
  facet normal -0 0 1
    outer loop
      vertex -17.076 28.1517 12.6942
      vertex -16.375 26.0825 12.6942
      vertex -16.7143 28.2423 12.6942
    endloop
  endfacet
  facet normal -0 0 1
    outer loop
      vertex -17.0981 28.145 12.6942
      vertex -16.375 26.0825 12.6942
      vertex -17.076 28.1517 12.6942
    endloop
  endfacet
  facet normal -0 0 1
    outer loop
      vertex -17.4492 28.0194 12.6942
      vertex -16.375 26.0825 12.6942
      vertex -17.0981 28.145 12.6942
    endloop
  endfacet
  facet normal -0 0 1
    outer loop
      vertex -17.7863 27.86 12.6942
      vertex -16.375 26.0825 12.6942
      vertex -17.4492 28.0194 12.6942
    endloop
  endfacet
  facet normal 0 0 1
    outer loop
      vertex -16.375 26.0825 12.6942
      vertex -17.7863 27.86 12.6942
      vertex -16.6339 25.8839 12.6942
    endloop
  endfacet
  facet normal -0 0 1
    outer loop
      vertex 16.9574 24.6765 12.6942
      vertex 19.8676 24.4 12.6942
      vertex 19.8493 24.7725 12.6942
    endloop
  endfacet
  facet normal 0 0 1
    outer loop
      vertex 19.8676 24.4 12.6942
      vertex 18.35 -11.7 12.6942
      vertex 19.8676 -30.4 12.6942
    endloop
  endfacet
  facet normal 0 0 1
    outer loop
      vertex 16.9574 24.6765 12.6942
      vertex 19.8493 24.7725 12.6942
      vertex 19.847 24.7954 12.6942
    endloop
  endfacet
  facet normal -0 0 1
    outer loop
      vertex 18.3033 -12.6508 12.6942
      vertex 19.8676 -30.4 12.6942
      vertex 18.35 -11.7 12.6942
    endloop
  endfacet
  facet normal -0 0 1
    outer loop
      vertex 17 25 12.6942
      vertex 19.847 24.7954 12.6942
      vertex 19.7923 25.1643 12.6942
    endloop
  endfacet
  facet normal -0 0 1
    outer loop
      vertex 18.1636 -13.5924 12.6942
      vertex 19.8676 -30.4 12.6942
      vertex 18.3033 -12.6508 12.6942
    endloop
  endfacet
  facet normal 0 0 1
    outer loop
      vertex 17 25 12.6942
      vertex 19.7923 25.1643 12.6942
      vertex 19.7017 25.526 12.6942
    endloop
  endfacet
  facet normal -0 0 1
    outer loop
      vertex 17.9323 -14.5157 12.6942
      vertex 19.8676 -30.4 12.6942
      vertex 18.1636 -13.5924 12.6942
    endloop
  endfacet
  facet normal 0 0 1
    outer loop
      vertex 17 25 12.6942
      vertex 19.7017 25.526 12.6942
      vertex 19.695 25.5481 12.6942
    endloop
  endfacet
  facet normal -0 0 1
    outer loop
      vertex 17.6116 -15.412 12.6942
      vertex 19.8676 -30.4 12.6942
      vertex 17.9323 -14.5157 12.6942
    endloop
  endfacet
  facet normal 0 0 1
    outer loop
      vertex 17 25 12.6942
      vertex 19.695 25.5481 12.6942
      vertex 19.5694 25.8992 12.6942
    endloop
  endfacet
  facet normal -0 0 1
    outer loop
      vertex 16.9574 -24.6765 12.6942
      vertex 19.8676 -30.4 12.6942
      vertex 17.6116 -15.412 12.6942
    endloop
  endfacet
  facet normal 0 0 1
    outer loop
      vertex 16.9574 25.3235 12.6942
      vertex 19.5694 25.8992 12.6942
      vertex 19.41 26.2363 12.6942
    endloop
  endfacet
  facet normal -0 -0 1
    outer loop
      vertex 17 -25 12.6942
      vertex 19.8676 -30.4 12.6942
      vertex 16.9574 -24.6765 12.6942
    endloop
  endfacet
  facet normal 0 0 1
    outer loop
      vertex 16.9574 25.3235 12.6942
      vertex 19.41 26.2363 12.6942
      vertex 19.3991 26.2566 12.6942
    endloop
  endfacet
  facet normal -0 0 1
    outer loop
      vertex 16.9574 -25.3235 12.6942
      vertex 19.8676 -30.4 12.6942
      vertex 17 -25 12.6942
    endloop
  endfacet
  facet normal 0 0 1
    outer loop
      vertex 16.9574 25.3235 12.6942
      vertex 19.3991 26.2566 12.6942
      vertex 19.2074 26.5765 12.6942
    endloop
  endfacet
  facet normal -0 0 1
    outer loop
      vertex 16.6339 -25.8839 12.6942
      vertex 19.8676 -30.4 12.6942
      vertex 16.8325 -25.625 12.6942
    endloop
  endfacet
  facet normal 0 0 1
    outer loop
      vertex 16.9574 25.3235 12.6942
      vertex 19.2074 26.5765 12.6942
      vertex 18.9852 26.876 12.6942
    endloop
  endfacet
  facet normal -0 0 1
    outer loop
      vertex 16.375 -26.0825 12.6942
      vertex 19.8676 -30.4 12.6942
      vertex 16.6339 -25.8839 12.6942
    endloop
  endfacet
  facet normal 0 0 1
    outer loop
      vertex 16.9574 25.3235 12.6942
      vertex 18.9852 26.876 12.6942
      vertex 18.9706 26.8939 12.6942
    endloop
  endfacet
  facet normal -0 0 1
    outer loop
      vertex 16.0735 -26.2074 12.6942
      vertex 19.8676 -30.4 12.6942
      vertex 16.375 -26.0825 12.6942
    endloop
  endfacet
  facet normal 0 0 1
    outer loop
      vertex 16.9574 25.3235 12.6942
      vertex 18.9706 26.8939 12.6942
      vertex 18.7202 27.1702 12.6942
    endloop
  endfacet
  facet normal 0 0 1
    outer loop
      vertex 19.8676 24.4 12.6942
      vertex 18.35 11.7 12.6942
      vertex 18.35 -11.7 12.6942
    endloop
  endfacet
  facet normal 0 0 1
    outer loop
      vertex 16.9574 25.3235 12.6942
      vertex 18.7202 27.1702 12.6942
      vertex 18.4439 27.4206 12.6942
    endloop
  endfacet
  facet normal -0 0 1
    outer loop
      vertex 15.75 -26.25 12.6942
      vertex 19.8676 -30.4 12.6942
      vertex 16.0735 -26.2074 12.6942
    endloop
  endfacet
  facet normal 0 0 1
    outer loop
      vertex 16.9574 25.3235 12.6942
      vertex 18.4439 27.4206 12.6942
      vertex 18.426 27.4352 12.6942
    endloop
  endfacet
  facet normal 0 0 1
    outer loop
      vertex 19.8676 -30.4 12.6942
      vertex 15.75 -26.25 12.6942
      vertex 19.8493 -30.7725 12.6942
    endloop
  endfacet
  facet normal 0 0 1
    outer loop
      vertex 19.847 -30.7954 12.6942
      vertex 15.75 -26.25 12.6942
      vertex 19.7923 -31.1643 12.6942
    endloop
  endfacet
  facet normal 0 0 1
    outer loop
      vertex 19.8676 24.4 12.6942
      vertex 18.3033 12.6508 12.6942
      vertex 18.35 11.7 12.6942
    endloop
  endfacet
  facet normal 0 0 1
    outer loop
      vertex 19.8676 24.4 12.6942
      vertex 18.1636 13.5924 12.6942
      vertex 18.3033 12.6508 12.6942
    endloop
  endfacet
  facet normal 0 0 1
    outer loop
      vertex 16.9574 25.3235 12.6942
      vertex 18.426 27.4352 12.6942
      vertex 18.1265 27.6574 12.6942
    endloop
  endfacet
  facet normal 0 0 1
    outer loop
      vertex 19.8676 24.4 12.6942
      vertex 17.9323 14.5157 12.6942
      vertex 18.1636 13.5924 12.6942
    endloop
  endfacet
  facet normal 0 0 1
    outer loop
      vertex 16.9574 25.3235 12.6942
      vertex 18.1265 27.6574 12.6942
      vertex 17.8066 27.8491 12.6942
    endloop
  endfacet
  facet normal 0 0 1
    outer loop
      vertex 16.9574 25.3235 12.6942
      vertex 17.8066 27.8491 12.6942
      vertex 17.7863 27.86 12.6942
    endloop
  endfacet
  facet normal 0 0 1
    outer loop
      vertex 19.8676 24.4 12.6942
      vertex 17.6116 15.412 12.6942
      vertex 17.9323 14.5157 12.6942
    endloop
  endfacet
  facet normal 0 0 1
    outer loop
      vertex 16.9574 25.3235 12.6942
      vertex 17.7863 27.86 12.6942
      vertex 17.4492 28.0194 12.6942
    endloop
  endfacet
  facet normal 0 0 1
    outer loop
      vertex 19.847 24.7954 12.6942
      vertex 17 25 12.6942
      vertex 16.9574 24.6765 12.6942
    endloop
  endfacet
  facet normal 0 0 1
    outer loop
      vertex 16.9574 25.3235 12.6942
      vertex 17.4492 28.0194 12.6942
      vertex 17.0981 28.145 12.6942
    endloop
  endfacet
  facet normal 0 0 1
    outer loop
      vertex 16.375 26.0825 12.6942
      vertex 17.0981 28.145 12.6942
      vertex 17.076 28.1517 12.6942
    endloop
  endfacet
  facet normal 0 0 1
    outer loop
      vertex 19.8676 24.4 12.6942
      vertex 16.9574 24.6765 12.6942
      vertex 16.8325 24.375 12.6942
    endloop
  endfacet
  facet normal 0 0 1
    outer loop
      vertex 19.8676 24.4 12.6942
      vertex 17.2046 16.2725 12.6942
      vertex 17.6116 15.412 12.6942
    endloop
  endfacet
  facet normal 0 0 1
    outer loop
      vertex 19.8676 24.4 12.6942
      vertex 16.8325 24.375 12.6942
      vertex 16.6339 24.1161 12.6942
    endloop
  endfacet
  facet normal 0 0 1
    outer loop
      vertex 19.8676 24.4 12.6942
      vertex 16.7152 17.089 12.6942
      vertex 17.2046 16.2725 12.6942
    endloop
  endfacet
  facet normal 0 0 1
    outer loop
      vertex 16.375 23.9175 12.6942
      vertex 19.8676 24.4 12.6942
      vertex 16.6339 24.1161 12.6942
    endloop
  endfacet
  facet normal 0 0 1
    outer loop
      vertex 15.5089 18.5589 12.6942
      vertex 19.8676 24.4 12.6942
      vertex 16.375 23.9175 12.6942
    endloop
  endfacet
  facet normal 0 0 1
    outer loop
      vertex 19.8676 24.4 12.6942
      vertex 16.1482 17.8536 12.6942
      vertex 16.7152 17.089 12.6942
    endloop
  endfacet
  facet normal 0 0 1
    outer loop
      vertex 15.5089 18.5589 12.6942
      vertex 16.375 23.9175 12.6942
      vertex 16.0735 23.7926 12.6942
    endloop
  endfacet
  facet normal 0 0 1
    outer loop
      vertex 14.8036 19.1982 12.6942
      vertex 16.0735 23.7926 12.6942
      vertex 15.75 23.75 12.6942
    endloop
  endfacet
  facet normal 0 0 1
    outer loop
      vertex 19.8676 24.4 12.6942
      vertex 15.5089 18.5589 12.6942
      vertex 16.1482 17.8536 12.6942
    endloop
  endfacet
  facet normal 0 0 1
    outer loop
      vertex 14.039 19.7652 12.6942
      vertex 15.75 23.75 12.6942
      vertex 15.4265 23.7926 12.6942
    endloop
  endfacet
  facet normal 0 0 1
    outer loop
      vertex 13.2225 20.2546 12.6942
      vertex 15.4265 23.7926 12.6942
      vertex 15.125 23.9175 12.6942
    endloop
  endfacet
  facet normal 0 0 1
    outer loop
      vertex 13.2225 20.2546 12.6942
      vertex 15.125 23.9175 12.6942
      vertex 14.8661 24.1161 12.6942
    endloop
  endfacet
  facet normal 0 0 1
    outer loop
      vertex 16.0735 23.7926 12.6942
      vertex 14.8036 19.1982 12.6942
      vertex 15.5089 18.5589 12.6942
    endloop
  endfacet
  facet normal 0 0 1
    outer loop
      vertex 13.2225 20.2546 12.6942
      vertex 14.8661 24.1161 12.6942
      vertex 14.6675 24.375 12.6942
    endloop
  endfacet
  facet normal 0 0 1
    outer loop
      vertex 13.2225 20.2546 12.6942
      vertex 14.6675 24.375 12.6942
      vertex 14.5426 24.6765 12.6942
    endloop
  endfacet
  facet normal 0 0 1
    outer loop
      vertex 10.5424 21.2136 12.6942
      vertex 14.5426 24.6765 12.6942
      vertex 14.5 25 12.6942
    endloop
  endfacet
  facet normal 0 0 1
    outer loop
      vertex 15.75 23.75 12.6942
      vertex 14.039 19.7652 12.6942
      vertex 14.8036 19.1982 12.6942
    endloop
  endfacet
  facet normal 0 0 1
    outer loop
      vertex 19.7923 -31.1643 12.6942
      vertex 15.75 -26.25 12.6942
      vertex 19.7017 -31.526 12.6942
    endloop
  endfacet
  facet normal 0 0 1
    outer loop
      vertex 19.7017 -31.526 12.6942
      vertex 15.75 -26.25 12.6942
      vertex 19.695 -31.5481 12.6942
    endloop
  endfacet
  facet normal 0 0 1
    outer loop
      vertex 19.5694 -31.8992 12.6942
      vertex 15.75 -26.25 12.6942
      vertex 19.41 -32.2363 12.6942
    endloop
  endfacet
  facet normal 0 0 1
    outer loop
      vertex 19.41 -32.2363 12.6942
      vertex 15.75 -26.25 12.6942
      vertex 19.3991 -32.2566 12.6942
    endloop
  endfacet
  facet normal 0 0 1
    outer loop
      vertex 19.695 -31.5481 12.6942
      vertex 15.75 -26.25 12.6942
      vertex 19.5694 -31.8992 12.6942
    endloop
  endfacet
  facet normal 0 0 1
    outer loop
      vertex 19.3991 -32.2566 12.6942
      vertex 15.75 -26.25 12.6942
      vertex 19.2074 -32.5765 12.6942
    endloop
  endfacet
  facet normal 0 0 1
    outer loop
      vertex 19.2074 -32.5765 12.6942
      vertex 15.75 -26.25 12.6942
      vertex 18.9852 -32.876 12.6942
    endloop
  endfacet
  facet normal -0 0 1
    outer loop
      vertex 16.8325 -25.625 12.6942
      vertex 19.8676 -30.4 12.6942
      vertex 16.9574 -25.3235 12.6942
    endloop
  endfacet
  facet normal 0 0 1
    outer loop
      vertex 18.9852 -32.876 12.6942
      vertex 15.75 -26.25 12.6942
      vertex 18.9706 -32.8939 12.6942
    endloop
  endfacet
  facet normal 0 0 1
    outer loop
      vertex 16.9574 -24.6765 12.6942
      vertex 17.6116 -15.412 12.6942
      vertex 17.2046 -16.2725 12.6942
    endloop
  endfacet
  facet normal 0 0 1
    outer loop
      vertex 18.9706 -32.8939 12.6942
      vertex 15.75 -26.25 12.6942
      vertex 18.7202 -33.1702 12.6942
    endloop
  endfacet
  facet normal 0 0 1
    outer loop
      vertex 18.7202 -33.1702 12.6942
      vertex 15.75 -26.25 12.6942
      vertex 18.4439 -33.4206 12.6942
    endloop
  endfacet
  facet normal 0 0 1
    outer loop
      vertex 18.4439 -33.4206 12.6942
      vertex 15.75 -26.25 12.6942
      vertex 18.426 -33.4352 12.6942
    endloop
  endfacet
  facet normal 0 0 1
    outer loop
      vertex 19.8493 -30.7725 12.6942
      vertex 15.75 -26.25 12.6942
      vertex 19.847 -30.7954 12.6942
    endloop
  endfacet
  facet normal 0 0 1
    outer loop
      vertex 17.2046 -16.2725 12.6942
      vertex 16.8325 -24.375 12.6942
      vertex 16.9574 -24.6765 12.6942
    endloop
  endfacet
  facet normal -0 0 1
    outer loop
      vertex 16.7152 -17.089 12.6942
      vertex 16.8325 -24.375 12.6942
      vertex 17.2046 -16.2725 12.6942
    endloop
  endfacet
  facet normal 0 0 1
    outer loop
      vertex 16.7152 -17.089 12.6942
      vertex 16.6339 -24.1161 12.6942
      vertex 16.8325 -24.375 12.6942
    endloop
  endfacet
  facet normal -0 0 1
    outer loop
      vertex 16.1482 -17.8536 12.6942
      vertex 16.6339 -24.1161 12.6942
      vertex 16.7152 -17.089 12.6942
    endloop
  endfacet
  facet normal 0 0 1
    outer loop
      vertex 16.6339 -24.1161 12.6942
      vertex 16.1482 -17.8536 12.6942
      vertex 16.375 -23.9175 12.6942
    endloop
  endfacet
  facet normal -0 0 1
    outer loop
      vertex 15.5089 -18.5589 12.6942
      vertex 16.375 -23.9175 12.6942
      vertex 16.1482 -17.8536 12.6942
    endloop
  endfacet
  facet normal 0 0 1
    outer loop
      vertex 16.375 -23.9175 12.6942
      vertex 15.5089 -18.5589 12.6942
      vertex 16.0735 -23.7926 12.6942
    endloop
  endfacet
  facet normal -0 0 1
    outer loop
      vertex 14.8036 -19.1982 12.6942
      vertex 16.0735 -23.7926 12.6942
      vertex 15.5089 -18.5589 12.6942
    endloop
  endfacet
  facet normal 0 0 1
    outer loop
      vertex 16.0735 -23.7926 12.6942
      vertex 14.8036 -19.1982 12.6942
      vertex 15.75 -23.75 12.6942
    endloop
  endfacet
  facet normal -0 0 1
    outer loop
      vertex 14.039 -19.7652 12.6942
      vertex 15.75 -23.75 12.6942
      vertex 14.8036 -19.1982 12.6942
    endloop
  endfacet
  facet normal 0 0 1
    outer loop
      vertex 15.75 -23.75 12.6942
      vertex 14.039 -19.7652 12.6942
      vertex 15.4265 -23.7926 12.6942
    endloop
  endfacet
  facet normal -0 0 1
    outer loop
      vertex 13.2225 -20.2546 12.6942
      vertex 15.4265 -23.7926 12.6942
      vertex 14.039 -19.7652 12.6942
    endloop
  endfacet
  facet normal 0 0 1
    outer loop
      vertex 15.4265 -23.7926 12.6942
      vertex 13.2225 -20.2546 12.6942
      vertex 15.125 -23.9175 12.6942
    endloop
  endfacet
  facet normal 0 0 1
    outer loop
      vertex 15.125 -23.9175 12.6942
      vertex 13.2225 -20.2546 12.6942
      vertex 14.8661 -24.1161 12.6942
    endloop
  endfacet
  facet normal -0 0 1
    outer loop
      vertex 12.362 -20.6616 12.6942
      vertex 14.8661 -24.1161 12.6942
      vertex 13.2225 -20.2546 12.6942
    endloop
  endfacet
  facet normal 0 0 1
    outer loop
      vertex 14.8661 -24.1161 12.6942
      vertex 12.362 -20.6616 12.6942
      vertex 14.6675 -24.375 12.6942
    endloop
  endfacet
  facet normal 0 0 1
    outer loop
      vertex 18.426 -33.4352 12.6942
      vertex 15.75 -26.25 12.6942
      vertex 18.1265 -33.6574 12.6942
    endloop
  endfacet
  facet normal 0 0 1
    outer loop
      vertex 18.1265 -33.6574 12.6942
      vertex 15.75 -26.25 12.6942
      vertex 17.8066 -33.8491 12.6942
    endloop
  endfacet
  facet normal 0 0 1
    outer loop
      vertex 17.8066 -33.8491 12.6942
      vertex 15.75 -26.25 12.6942
      vertex 17.7863 -33.86 12.6942
    endloop
  endfacet
  facet normal 0 0 1
    outer loop
      vertex 17.7863 -33.86 12.6942
      vertex 15.75 -26.25 12.6942
      vertex 17.4492 -34.0194 12.6942
    endloop
  endfacet
  facet normal 0 0 1
    outer loop
      vertex 17.4492 -34.0194 12.6942
      vertex 15.75 -26.25 12.6942
      vertex 17.0981 -34.145 12.6942
    endloop
  endfacet
  facet normal 0 0 1
    outer loop
      vertex 17.0981 -34.145 12.6942
      vertex 15.75 -26.25 12.6942
      vertex 17.076 -34.1517 12.6942
    endloop
  endfacet
  facet normal 0 0 1
    outer loop
      vertex 17.076 -34.1517 12.6942
      vertex 15.75 -26.25 12.6942
      vertex 16.7143 -34.2423 12.6942
    endloop
  endfacet
  facet normal 0 0 1
    outer loop
      vertex 16.7143 -34.2423 12.6942
      vertex 15.75 -26.25 12.6942
      vertex 16.3454 -34.2971 12.6942
    endloop
  endfacet
  facet normal 0 0 1
    outer loop
      vertex 16.3454 -34.2971 12.6942
      vertex 15.75 -26.25 12.6942
      vertex 16.3225 -34.2993 12.6942
    endloop
  endfacet
  facet normal 0 0 1
    outer loop
      vertex 16.3225 -34.2993 12.6942
      vertex 15.75 -26.25 12.6942
      vertex 15.95 -34.3176 12.6942
    endloop
  endfacet
  facet normal 0 0 1
    outer loop
      vertex 15.4265 -26.2074 12.6942
      vertex 15.95 -34.3176 12.6942
      vertex 15.75 -26.25 12.6942
    endloop
  endfacet
  facet normal 0 0 1
    outer loop
      vertex 15.125 -26.0825 12.6942
      vertex 15.95 -34.3176 12.6942
      vertex 15.4265 -26.2074 12.6942
    endloop
  endfacet
  facet normal 0 0 1
    outer loop
      vertex 14.8661 -25.8839 12.6942
      vertex 15.95 -34.3176 12.6942
      vertex 15.125 -26.0825 12.6942
    endloop
  endfacet
  facet normal 0 0 1
    outer loop
      vertex 14.6675 -25.625 12.6942
      vertex 15.95 -34.3176 12.6942
      vertex 14.8661 -25.8839 12.6942
    endloop
  endfacet
  facet normal 0 0 1
    outer loop
      vertex 8.64999 -21.4 12.6942
      vertex 14.6675 -25.625 12.6942
      vertex 14.5426 -25.3235 12.6942
    endloop
  endfacet
  facet normal -0 0 1
    outer loop
      vertex 11.4658 -20.9823 12.6942
      vertex 14.6675 -24.375 12.6942
      vertex 12.362 -20.6616 12.6942
    endloop
  endfacet
  facet normal 0 0 1
    outer loop
      vertex 14.6675 -24.375 12.6942
      vertex 11.4658 -20.9823 12.6942
      vertex 14.5426 -24.6765 12.6942
    endloop
  endfacet
  facet normal -0 0 1
    outer loop
      vertex 10.5424 -21.2136 12.6942
      vertex 14.5426 -24.6765 12.6942
      vertex 11.4658 -20.9823 12.6942
    endloop
  endfacet
  facet normal 0 0 1
    outer loop
      vertex 14.5426 -24.6765 12.6942
      vertex 10.5424 -21.2136 12.6942
      vertex 14.5 -25 12.6942
    endloop
  endfacet
  facet normal -0 0 1
    outer loop
      vertex 9.60075 -21.3533 12.6942
      vertex 14.5 -25 12.6942
      vertex 10.5424 -21.2136 12.6942
    endloop
  endfacet
  facet normal 0 0 1
    outer loop
      vertex 14.5 -25 12.6942
      vertex 9.60075 -21.3533 12.6942
      vertex 14.5426 -25.3235 12.6942
    endloop
  endfacet
  facet normal -0 0 1
    outer loop
      vertex 8.64999 -21.4 12.6942
      vertex 14.5426 -25.3235 12.6942
      vertex 9.60075 -21.3533 12.6942
    endloop
  endfacet
  facet normal 0 0 1
    outer loop
      vertex 14.6675 -25.625 12.6942
      vertex 8.64999 -21.4 12.6942
      vertex 15.95 -34.3176 12.6942
    endloop
  endfacet
  facet normal -0 0 1
    outer loop
      vertex -8.64999 -21.4 12.6942
      vertex 15.95 -34.3176 12.6942
      vertex 8.64999 -21.4 12.6942
    endloop
  endfacet
  facet normal 0 0 1
    outer loop
      vertex -14.5426 -25.3235 12.6942
      vertex -8.64999 -21.4 12.6942
      vertex -9.60075 -21.3533 12.6942
    endloop
  endfacet
  facet normal 0 0 1
    outer loop
      vertex -14.5 -25 12.6942
      vertex -9.60075 -21.3533 12.6942
      vertex -10.5424 -21.2136 12.6942
    endloop
  endfacet
  facet normal 0 0 1
    outer loop
      vertex -14.5426 -24.6765 12.6942
      vertex -10.5424 -21.2136 12.6942
      vertex -11.4658 -20.9823 12.6942
    endloop
  endfacet
  facet normal 0 0 1
    outer loop
      vertex -14.5426 -24.6765 12.6942
      vertex -11.4658 -20.9823 12.6942
      vertex -12.362 -20.6616 12.6942
    endloop
  endfacet
  facet normal 0 0 1
    outer loop
      vertex -14.5426 -24.6765 12.6942
      vertex -12.362 -20.6616 12.6942
      vertex -13.2225 -20.2546 12.6942
    endloop
  endfacet
  facet normal 0 0 1
    outer loop
      vertex -15.4265 -23.7926 12.6942
      vertex -13.2225 -20.2546 12.6942
      vertex -14.039 -19.7652 12.6942
    endloop
  endfacet
  facet normal 0 0 1
    outer loop
      vertex -9.60075 -21.3533 12.6942
      vertex -14.5 -25 12.6942
      vertex -14.5426 -25.3235 12.6942
    endloop
  endfacet
  facet normal 0 0 1
    outer loop
      vertex -8.64999 -21.4 12.6942
      vertex -14.5426 -25.3235 12.6942
      vertex -14.6675 -25.625 12.6942
    endloop
  endfacet
  facet normal 0 0 1
    outer loop
      vertex -8.64999 -21.4 12.6942
      vertex -14.6675 -25.625 12.6942
      vertex -15.95 -34.3176 12.6942
    endloop
  endfacet
  facet normal 0 0 1
    outer loop
      vertex -15.95 -34.3176 12.6942
      vertex -14.6675 -25.625 12.6942
      vertex -14.8661 -25.8839 12.6942
    endloop
  endfacet
  facet normal 0 0 1
    outer loop
      vertex -15.95 -34.3176 12.6942
      vertex -14.8661 -25.8839 12.6942
      vertex -15.125 -26.0825 12.6942
    endloop
  endfacet
  facet normal 0 0 1
    outer loop
      vertex -15.95 -34.3176 12.6942
      vertex -15.125 -26.0825 12.6942
      vertex -15.4265 -26.2074 12.6942
    endloop
  endfacet
  facet normal 0 0 1
    outer loop
      vertex -15.95 -34.3176 12.6942
      vertex -15.4265 -26.2074 12.6942
      vertex -15.75 -26.25 12.6942
    endloop
  endfacet
  facet normal 0 0 1
    outer loop
      vertex -8.64999 -21.4 12.6942
      vertex -15.95 -34.3176 12.6942
      vertex 15.95 -34.3176 12.6942
    endloop
  endfacet
  facet normal 0 0 1
    outer loop
      vertex -17.0981 -34.145 12.6942
      vertex -15.75 -26.25 12.6942
      vertex -16.0735 -26.2074 12.6942
    endloop
  endfacet
  facet normal 0 0 1
    outer loop
      vertex -15.75 -26.25 12.6942
      vertex -16.3225 -34.2993 12.6942
      vertex -15.95 -34.3176 12.6942
    endloop
  endfacet
  facet normal 0 0 1
    outer loop
      vertex -15.75 -26.25 12.6942
      vertex -16.3454 -34.2971 12.6942
      vertex -16.3225 -34.2993 12.6942
    endloop
  endfacet
  facet normal 0 0 1
    outer loop
      vertex -17.0981 -34.145 12.6942
      vertex -16.0735 -26.2074 12.6942
      vertex -16.375 -26.0825 12.6942
    endloop
  endfacet
  facet normal 0 0 1
    outer loop
      vertex -17.0981 -34.145 12.6942
      vertex -16.375 -26.0825 12.6942
      vertex -16.6339 -25.8839 12.6942
    endloop
  endfacet
  facet normal 0 0 1
    outer loop
      vertex -15.75 -26.25 12.6942
      vertex -17.076 -34.1517 12.6942
      vertex -16.3454 -34.2971 12.6942
    endloop
  endfacet
  facet normal 0 0 1
    outer loop
      vertex -17.0981 -34.145 12.6942
      vertex -16.6339 -25.8839 12.6942
      vertex -16.8325 -25.625 12.6942
    endloop
  endfacet
  facet normal 0 0 1
    outer loop
      vertex -17.0981 -34.145 12.6942
      vertex -16.8325 -25.625 12.6942
      vertex -16.9574 -25.3235 12.6942
    endloop
  endfacet
  facet normal 0 0 1
    outer loop
      vertex -18.426 -33.4352 12.6942
      vertex -16.9574 -25.3235 12.6942
      vertex -17 -25 12.6942
    endloop
  endfacet
  facet normal 0 0 1
    outer loop
      vertex -16.3454 -34.2971 12.6942
      vertex -17.076 -34.1517 12.6942
      vertex -16.7143 -34.2423 12.6942
    endloop
  endfacet
  facet normal -0.338742 -0.181188 0.923269
    outer loop
      vertex -19.6231 -32.3246 12.6483
      vertex -19.8239 -32.4078 12.5583
      vertex -19.5909 -32.3848 12.6483
    endloop
  endfacet
  facet normal -0.228108 -0.307602 0.923768
    outer loop
      vertex -18.675 -33.8078 12.5583
      vertex -18.2547 -33.8492 12.6483
      vertex -18.5542 -33.6271 12.6483
    endloop
  endfacet
  facet normal -0.228111 -0.307708 0.923732
    outer loop
      vertex -18.2547 -33.8492 12.6483
      vertex -18.675 -33.8078 12.5583
      vertex -18.3754 -34.0299 12.5583
    endloop
  endfacet
  facet normal -0.123834 -0.151824 0.98062
    outer loop
      vertex -18.4439 -33.4206 12.6942
      vertex -18.5542 -33.6271 12.6483
      vertex -18.426 -33.4352 12.6942
    endloop
  endfacet
  facet normal -0.586709 -0.714662 0.380829
    outer loop
      vertex -18.9487 -34.2174 12.0657
      vertex -19.109 -34.0858 12.0657
      vertex -18.9987 -34.2922 11.8483
    endloop
  endfacet
  facet normal -0.151824 -0.123834 0.98062
    outer loop
      vertex -18.9852 -32.876 12.6942
      vertex -19.1771 -33.0042 12.6483
      vertex -18.9706 -32.8939 12.6942
    endloop
  endfacet
  facet normal -0.568272 -0.421413 0.706738
    outer loop
      vertex -19.7425 -32.9341 12.4276
      vertex -19.6587 -33.326 12.2613
      vertex -19.5204 -33.2336 12.4276
    endloop
  endfacet
  facet normal -0.568047 -0.421436 0.706905
    outer loop
      vertex -19.6587 -33.326 12.2613
      vertex -19.7425 -32.9341 12.4276
      vertex -19.8809 -33.0265 12.2613
    endloop
  endfacet
  facet normal -0.431024 -0.353709 0.830125
    outer loop
      vertex -19.3578 -33.125 12.5583
      vertex -19.5204 -33.2336 12.4276
      vertex -19.4257 -33.349 12.4276
    endloop
  endfacet
  facet normal -0.296836 -0.243842 0.923271
    outer loop
      vertex -19.1771 -33.0042 12.6483
      vertex -19.3578 -33.125 12.5583
      vertex -19.2874 -33.2107 12.5583
    endloop
  endfacet
  facet normal -0.643799 0.528204 0.553646
    outer loop
      vertex -19.6358 27.559 12.0657
      vertex -19.7674 27.3986 12.0657
      vertex -19.5434 27.4666 12.2613
    endloop
  endfacet
  facet normal -0.643853 0.527996 0.55378
    outer loop
      vertex -19.5434 27.4666 12.2613
      vertex -19.7674 27.3986 12.0657
      vertex -19.6587 27.326 12.2613
    endloop
  endfacet
  facet normal -0.0548209 0.554747 0.830211
    outer loop
      vertex -16.3225 28.943 12.4276
      vertex -16.4328 28.7365 12.5583
      vertex -16.3225 28.7474 12.5583
    endloop
  endfacet
  facet normal -0.0272842 0.555376 0.831152
    outer loop
      vertex -16.3225 28.943 12.4276
      vertex -15.95 28.7657 12.5583
      vertex -15.95 28.9613 12.4276
    endloop
  endfacet
  facet normal -0.0272842 0.555376 0.831152
    outer loop
      vertex -15.95 28.7657 12.5583
      vertex -16.3225 28.943 12.4276
      vertex -16.3225 28.7474 12.5583
    endloop
  endfacet
  facet normal -0.161902 0.533471 0.830179
    outer loop
      vertex -17.2016 28.783 12.4276
      vertex -17.2695 28.559 12.5583
      vertex -17.1634 28.5912 12.5583
    endloop
  endfacet
  facet normal -0.238264 0.666038 0.70684
    outer loop
      vertex -17.4081 28.8934 12.2613
      vertex -17.6955 28.6141 12.4276
      vertex -17.3444 28.7397 12.4276
    endloop
  endfacet
  facet normal -0.238498 0.666163 0.706644
    outer loop
      vertex -17.6955 28.6141 12.4276
      vertex -17.4081 28.8934 12.2613
      vertex -17.7592 28.7677 12.2613
    endloop
  endfacet
  facet normal -0.0657864 0.183898 0.980741
    outer loop
      vertex -17.1864 28.3582 12.6483
      vertex -17.4492 28.0194 12.6942
      vertex -17.0981 28.145 12.6942
    endloop
  endfacet
  facet normal -0.0657864 0.183898 0.980741
    outer loop
      vertex -17.4492 28.0194 12.6942
      vertex -17.1864 28.3582 12.6483
      vertex -17.5375 28.2326 12.6483
    endloop
  endfacet
  facet normal -0.262845 0.491515 0.830256
    outer loop
      vertex -17.9578 28.2739 12.5583
      vertex -18.1642 28.3843 12.4276
      vertex -18.0556 28.2216 12.5583
    endloop
  endfacet
  facet normal -0.285865 0.47689 0.831178
    outer loop
      vertex -18.1642 28.3843 12.4276
      vertex -18.3754 28.0299 12.5583
      vertex -18.0556 28.2216 12.5583
    endloop
  endfacet
  facet normal -0.285943 0.47692 0.831134
    outer loop
      vertex -18.3754 28.0299 12.5583
      vertex -18.1642 28.3843 12.4276
      vertex -18.4841 28.1925 12.4276
    endloop
  endfacet
  facet normal -0.331224 0.446653 0.831139
    outer loop
      vertex -18.7836 27.9704 12.4276
      vertex -18.3754 28.0299 12.5583
      vertex -18.4841 28.1925 12.4276
    endloop
  endfacet
  facet normal -0.331221 0.446798 0.831062
    outer loop
      vertex -18.3754 28.0299 12.5583
      vertex -18.7836 27.9704 12.4276
      vertex -18.675 27.8078 12.5583
    endloop
  endfacet
  facet normal -0.523607 0.187311 0.831114
    outer loop
      vertex -20.2897 25.7944 12.4276
      vertex -19.9834 26.0707 12.5583
      vertex -20.1641 26.1455 12.4276
    endloop
  endfacet
  facet normal -0.523563 0.187242 0.831157
    outer loop
      vertex -19.9834 26.0707 12.5583
      vertex -20.2897 25.7944 12.4276
      vertex -20.109 25.7195 12.5583
    endloop
  endfacet
  facet normal -0.550102 0.0815683 0.831105
    outer loop
      vertex -20.4783 24.921 12.4276
      vertex -20.2318 25.2517 12.5583
      vertex -20.4236 25.2899 12.4276
    endloop
  endfacet
  facet normal -0.550102 0.0815683 0.831105
    outer loop
      vertex -20.2318 25.2517 12.5583
      vertex -20.4783 24.921 12.4276
      vertex -20.2865 24.8828 12.5583
    endloop
  endfacet
  facet normal -0.678177 0.205792 0.705497
    outer loop
      vertex -20.4434 25.858 12.2613
      vertex -20.4962 25.684 12.2613
      vertex -20.2897 25.7944 12.4276
    endloop
  endfacet
  facet normal -0.87007 0.311253 0.38223
    outer loop
      vertex -20.6473 25.9425 11.8483
      vertex -20.4385 26.2592 12.0657
      vertex -20.5217 26.2936 11.8483
    endloop
  endfacet
  facet normal -0.87007 0.311253 0.38223
    outer loop
      vertex -20.4385 26.2592 12.0657
      vertex -20.6473 25.9425 11.8483
      vertex -20.5641 25.9081 12.0657
    endloop
  endfacet
  facet normal -0.639406 0.302537 0.706845
    outer loop
      vertex -20.1583 26.5463 12.2613
      vertex -20.1641 26.1455 12.4276
      vertex -20.0046 26.4826 12.4276
    endloop
  endfacet
  facet normal -0.63965 0.302463 0.706657
    outer loop
      vertex -20.1641 26.1455 12.4276
      vertex -20.1583 26.5463 12.2613
      vertex -20.3177 26.2092 12.2613
    endloop
  endfacet
  facet normal -0.923503 0.330367 0.194933
    outer loop
      vertex -20.6897 25.9601 11.6176
      vertex -20.5217 26.2936 11.8483
      vertex -20.5641 26.3112 11.6176
    endloop
  endfacet
  facet normal -0.923503 0.330367 0.194933
    outer loop
      vertex -20.5217 26.2936 11.8483
      vertex -20.6897 25.9601 11.6176
      vertex -20.6473 25.9425 11.8483
    endloop
  endfacet
  facet normal -0.792512 0.475061 -0.382415
    outer loop
      vertex -19.9895 27.0991 0.634324
      vertex -20.2561 26.8293 0.851659
      vertex -20.0644 27.1491 0.851659
    endloop
  endfacet
  facet normal -0.792512 0.475061 -0.382415
    outer loop
      vertex -20.2561 26.8293 0.851659
      vertex -19.9895 27.0991 0.634324
      vertex -20.1812 26.7793 0.634324
    endloop
  endfacet
  facet normal -0.865253 0.462167 -0.194264
    outer loop
      vertex -20.3622 26.6307 0.851659
      vertex -20.4046 26.6483 1.08238
      vertex -20.2943 26.8548 1.08238
    endloop
  endfacet
  facet normal -0.886581 0.419489 0.194946
    outer loop
      vertex -20.5641 26.3112 11.6176
      vertex -20.3622 26.6307 11.8483
      vertex -20.4046 26.6483 11.6176
    endloop
  endfacet
  facet normal -0.886581 0.419489 0.194946
    outer loop
      vertex -20.3622 26.6307 11.8483
      vertex -20.5641 26.3112 11.6176
      vertex -20.5217 26.2936 11.8483
    endloop
  endfacet
  facet normal -0.726688 0.658833 0.194586
    outer loop
      vertex -19.7319 27.6551 11.6176
      vertex -19.449 27.899 11.8483
      vertex -19.4814 27.9314 11.6176
    endloop
  endfacet
  facet normal -0.726775 0.658648 0.194887
    outer loop
      vertex -19.449 27.899 11.8483
      vertex -19.7319 27.6551 11.6176
      vertex -19.6994 27.6227 11.8483
    endloop
  endfacet
  facet normal -0.62514 0.333946 -0.705464
    outer loop
      vertex -20.0046 26.4826 0.272388
      vertex -20.0726 26.7067 0.438728
      vertex -19.9343 26.6142 0.272388
    endloop
  endfacet
  facet normal -0.491714 0.262671 -0.830194
    outer loop
      vertex -19.8239 26.4078 0.141695
      vertex -20.0046 26.4826 0.272388
      vertex -19.9343 26.6142 0.272388
    endloop
  endfacet
  facet normal -0.338821 0.18119 -0.923239
    outer loop
      vertex -19.5909 26.3848 0.051672
      vertex -19.8239 26.4078 0.141695
      vertex -19.7716 26.5056 0.141695
    endloop
  endfacet
  facet normal -0.668084 0.49543 -0.555169
    outer loop
      vertex -19.6587 27.326 0.438728
      vertex -19.9895 27.0991 0.634324
      vertex -19.7674 27.3986 0.634324
    endloop
  endfacet
  facet normal -0.668106 0.49567 -0.554929
    outer loop
      vertex -19.9895 27.0991 0.634324
      vertex -19.6587 27.326 0.438728
      vertex -19.8809 27.0265 0.438728
    endloop
  endfacet
  facet normal -0.187242 -0.523563 0.831157
    outer loop
      vertex -17.6207 -34.4334 12.5583
      vertex -17.3444 -34.7397 12.4276
      vertex -17.2695 -34.559 12.5583
    endloop
  endfacet
  facet normal -0.187311 -0.523607 0.831114
    outer loop
      vertex -17.3444 -34.7397 12.4276
      vertex -17.6207 -34.4334 12.5583
      vertex -17.6955 -34.6141 12.4276
    endloop
  endfacet
  facet normal -0.241697 -0.79696 0.553568
    outer loop
      vertex -17.4081 -34.8934 12.2613
      vertex -17.4581 -35.0141 12.0657
      vertex -17.234 -34.9462 12.2613
    endloop
  endfacet
  facet normal -0.205667 -0.678156 0.705553
    outer loop
      vertex -17.3444 -34.7397 12.4276
      vertex -17.4081 -34.8934 12.2613
      vertex -17.234 -34.9462 12.2613
    endloop
  endfacet
  facet normal -0.237846 -0.502683 0.831107
    outer loop
      vertex -18.0326 -34.4546 12.4276
      vertex -17.6207 -34.4334 12.5583
      vertex -17.9578 -34.2739 12.5583
    endloop
  endfacet
  facet normal -0.237846 -0.502683 0.831107
    outer loop
      vertex -17.6207 -34.4334 12.5583
      vertex -18.0326 -34.4546 12.4276
      vertex -17.6955 -34.6141 12.4276
    endloop
  endfacet
  facet normal -0.705216 0.069391 0.705589
    outer loop
      vertex -20.6415 24.9534 12.2613
      vertex -20.6593 24.7725 12.2613
      vertex -20.4783 24.921 12.4276
    endloop
  endfacet
  facet normal -0.828675 0.081539 0.553759
    outer loop
      vertex -20.6415 24.9534 12.2613
      vertex -20.7697 24.9789 12.0657
      vertex -20.6593 24.7725 12.2613
    endloop
  endfacet
  facet normal -0.395222 -0.835294 0.382208
    outer loop
      vertex -17.8436 -34.9717 11.8483
      vertex -18.1463 -34.729 12.0657
      vertex -18.1807 -34.8122 11.8483
    endloop
  endfacet
  facet normal -0.395222 -0.835294 0.382208
    outer loop
      vertex -18.1463 -34.729 12.0657
      vertex -17.8436 -34.9717 11.8483
      vertex -17.8092 -34.8885 12.0657
    endloop
  endfacet
  facet normal -0.435784 -0.815423 0.381022
    outer loop
      vertex -18.1463 -34.729 12.0657
      vertex -18.3293 -34.6312 12.0657
      vertex -18.1807 -34.8122 11.8483
    endloop
  endfacet
  facet normal -0.382585 0 -0.92392
    outer loop
      vertex -20.3157 -30.4 0.141695
      vertex -20.0983 24.4 0.051672
      vertex -20.0983 -30.4 0.051672
    endloop
  endfacet
  facet normal -0.382585 0 -0.92392
    outer loop
      vertex -20.0983 24.4 0.051672
      vertex -20.3157 -30.4 0.141695
      vertex -20.3157 24.4 0.141695
    endloop
  endfacet
  facet normal -0.382518 -0.0187922 -0.923757
    outer loop
      vertex -20.2974 -30.7725 0.141695
      vertex -20.0983 -30.4 0.051672
      vertex -20.08 -30.7725 0.051672
    endloop
  endfacet
  facet normal -0.382518 -0.0187922 -0.923757
    outer loop
      vertex -20.0983 -30.4 0.051672
      vertex -20.2974 -30.7725 0.141695
      vertex -20.3157 -30.4 0.141695
    endloop
  endfacet
  facet normal -0.970483 -0.241168 0
    outer loop
      vertex -20.8399 -31.4077 8.80196
      vertex -20.8482 -31.3743 11.6176
      vertex -20.8482 -31.3743 8.80525
    endloop
  endfacet
  facet normal -0.969986 -0.243161 -0
    outer loop
      vertex -20.7576 -31.736 11.6176
      vertex -20.8399 -31.4077 8.80196
      vertex -20.7576 -31.736 8.70237
    endloop
  endfacet
  facet normal -0.970032 -0.242977 2.27931e-05
    outer loop
      vertex -20.8399 -31.4077 8.80196
      vertex -20.7576 -31.736 11.6176
      vertex -20.8482 -31.3743 11.6176
    endloop
  endfacet
  facet normal -0.970483 -0.241168 0
    outer loop
      vertex -20.8482 -31.3743 1.08238
      vertex -20.8399 -31.4077 3.89804
      vertex -20.8482 -31.3743 3.89475
    endloop
  endfacet
  facet normal -0.970032 -0.242977 -2.27929e-05
    outer loop
      vertex -20.7576 -31.736 1.08238
      vertex -20.8399 -31.4077 3.89804
      vertex -20.8482 -31.3743 1.08238
    endloop
  endfacet
  facet normal -0.969986 -0.243161 0
    outer loop
      vertex -20.8399 -31.4077 3.89804
      vertex -20.7576 -31.736 1.08238
      vertex -20.7576 -31.736 3.99763
    endloop
  endfacet
  facet normal -0.658833 -0.726688 0.194586
    outer loop
      vertex -19.2051 -34.1819 11.6176
      vertex -19.449 -33.899 11.8483
      vertex -19.4814 -33.9314 11.6176
    endloop
  endfacet
  facet normal -0.658648 -0.726775 0.194887
    outer loop
      vertex -19.449 -33.899 11.8483
      vertex -19.2051 -34.1819 11.6176
      vertex -19.1727 -34.1494 11.8483
    endloop
  endfacet
  facet normal -0.923507 -0.330369 -0.194916
    outer loop
      vertex -20.5217 -32.2936 0.851659
      vertex -20.6897 -31.9601 1.08238
      vertex -20.6473 -31.9425 0.851659
    endloop
  endfacet
  facet normal -0.923507 -0.330369 -0.194916
    outer loop
      vertex -20.6897 -31.9601 1.08238
      vertex -20.5217 -32.2936 0.851659
      vertex -20.5641 -32.3112 1.08238
    endloop
  endfacet
  facet normal -0.830763 -0.0408133 -0.555128
    outer loop
      vertex -20.6593 -30.7725 0.438728
      vertex -20.8083 -30.4 0.634324
      vertex -20.6776 -30.4 0.438728
    endloop
  endfacet
  facet normal -0.830763 -0.0408133 -0.555128
    outer loop
      vertex -20.8083 -30.4 0.634324
      vertex -20.6593 -30.7725 0.438728
      vertex -20.79 -30.7725 0.634324
    endloop
  endfacet
  facet normal -0.475061 -0.792512 -0.382415
    outer loop
      vertex -18.6491 -34.4395 0.634324
      vertex -18.3793 -34.7061 0.851659
      vertex -18.6991 -34.5144 0.851659
    endloop
  endfacet
  facet normal -0.475061 -0.792512 -0.382415
    outer loop
      vertex -18.3793 -34.7061 0.851659
      vertex -18.6491 -34.4395 0.634324
      vertex -18.3293 -34.6312 0.634324
    endloop
  endfacet
  facet normal -0.26819 -0.884759 -0.381152
    outer loop
      vertex -17.2595 -35.0743 0.634324
      vertex -17.4925 -35.0973 0.851659
      vertex -17.4581 -35.0141 0.634324
    endloop
  endfacet
  facet normal -0.547889 -0.449611 0.705455
    outer loop
      vertex -19.5204 -33.2336 12.4276
      vertex -19.6587 -33.326 12.2613
      vertex -19.4257 -33.349 12.4276
    endloop
  endfacet
  facet normal -0.47689 -0.285865 0.831178
    outer loop
      vertex -19.9343 -32.6142 12.4276
      vertex -19.5799 -32.8254 12.5583
      vertex -19.7716 -32.5056 12.5583
    endloop
  endfacet
  facet normal -0.47692 -0.285943 0.831134
    outer loop
      vertex -19.5799 -32.8254 12.5583
      vertex -19.9343 -32.6142 12.4276
      vertex -19.7425 -32.9341 12.4276
    endloop
  endfacet
  facet normal -0.338748 -0.18115 0.923274
    outer loop
      vertex -19.5909 -32.3848 12.6483
      vertex -19.8239 -32.4078 12.5583
      vertex -19.7716 -32.5056 12.5583
    endloop
  endfacet
  facet normal -0.957035 -0.289972 0
    outer loop
      vertex -20.6897 -31.9601 1.08238
      vertex -20.7576 -31.736 3.99763
      vertex -20.7576 -31.736 1.08238
    endloop
  endfacet
  facet normal -0.957092 -0.289785 -1.56651e-05
    outer loop
      vertex -20.7576 -31.736 3.99763
      vertex -20.6897 -31.9601 1.08238
      vertex -20.715 -31.8767 4.0403
    endloop
  endfacet
  facet normal -0.956938 -0.290294 0
    outer loop
      vertex -20.715 -31.8767 4.0403
      vertex -20.6897 -31.9601 1.08238
      vertex -20.6897 -31.9601 4.08486
    endloop
  endfacet
  facet normal -0.957092 -0.289785 1.56652e-05
    outer loop
      vertex -20.6897 -31.9601 11.6176
      vertex -20.7576 -31.736 8.70237
      vertex -20.715 -31.8767 8.6597
    endloop
  endfacet
  facet normal -0.956938 -0.290294 -0
    outer loop
      vertex -20.6897 -31.9601 11.6176
      vertex -20.715 -31.8767 8.6597
      vertex -20.6897 -31.9601 8.61514
    endloop
  endfacet
  facet normal -0.957035 -0.289972 0
    outer loop
      vertex -20.7576 -31.736 8.70237
      vertex -20.6897 -31.9601 11.6176
      vertex -20.7576 -31.736 11.6176
    endloop
  endfacet
  facet normal -0.58656 -0.714716 0.380956
    outer loop
      vertex -19.109 -34.0858 12.0657
      vertex -19.1727 -34.1494 11.8483
      vertex -18.9987 -34.2922 11.8483
    endloop
  endfacet
  facet normal -0.714716 -0.58656 0.380956
    outer loop
      vertex -19.6358 -33.559 12.0657
      vertex -19.8422 -33.4487 11.8483
      vertex -19.6994 -33.6227 11.8483
    endloop
  endfacet
  facet normal -0.639406 -0.302537 0.706845
    outer loop
      vertex -20.1641 -32.1455 12.4276
      vertex -20.1583 -32.5463 12.2613
      vertex -20.0046 -32.4826 12.4276
    endloop
  endfacet
  facet normal -0.63965 -0.302463 0.706657
    outer loop
      vertex -20.1583 -32.5463 12.2613
      vertex -20.1641 -32.1455 12.4276
      vertex -20.3177 -32.2092 12.2613
    endloop
  endfacet
  facet normal -0.998775 -0.0494749 0
    outer loop
      vertex -20.9442 -30.4 1.08238
      vertex -20.9426 -30.4323 3.89804
      vertex -20.9442 -30.4 3.90783
    endloop
  endfacet
  facet normal -0.998795 -0.0490683 -0
    outer loop
      vertex -20.9259 -30.7725 3.86453
      vertex -20.9442 -30.4 1.08238
      vertex -20.9259 -30.7725 1.08238
    endloop
  endfacet
  facet normal -0.998797 -0.0490302 5.11392e-06
    outer loop
      vertex -20.9442 -30.4 1.08238
      vertex -20.9259 -30.7725 3.86453
      vertex -20.9426 -30.4323 3.89804
    endloop
  endfacet
  facet normal -0.998775 -0.0494749 0
    outer loop
      vertex -20.9426 -30.4323 8.80196
      vertex -20.9442 -30.4 11.6176
      vertex -20.9442 -30.4 8.79217
    endloop
  endfacet
  facet normal -0.998797 -0.0490302 -5.11396e-06
    outer loop
      vertex -20.9259 -30.7725 8.83547
      vertex -20.9442 -30.4 11.6176
      vertex -20.9426 -30.4323 8.80196
    endloop
  endfacet
  facet normal -0.998795 -0.0490683 0
    outer loop
      vertex -20.9442 -30.4 11.6176
      vertex -20.9259 -30.7725 8.83547
      vertex -20.9259 -30.7725 11.6176
    endloop
  endfacet
  facet normal -0.884778 -0.268227 0.38108
    outer loop
      vertex -20.6243 -31.7095 12.0657
      vertex -20.7126 -31.7271 11.8483
      vertex -20.6473 -31.9425 11.8483
    endloop
  endfacet
  facet normal -0.783157 -0.280304 0.555063
    outer loop
      vertex -20.5641 -31.9081 12.0657
      vertex -20.3177 -32.2092 12.2613
      vertex -20.4434 -31.858 12.2613
    endloop
  endfacet
  facet normal -0.783093 -0.280138 0.555238
    outer loop
      vertex -20.3177 -32.2092 12.2613
      vertex -20.5641 -31.9081 12.0657
      vertex -20.4385 -32.2592 12.0657
    endloop
  endfacet
  facet normal -0.706681 -0.0347175 0.706681
    outer loop
      vertex -20.6593 -30.7725 12.2613
      vertex -20.5113 -30.4 12.4276
      vertex -20.6776 -30.4 12.2613
    endloop
  endfacet
  facet normal -0.706681 -0.0347175 0.706681
    outer loop
      vertex -20.5113 -30.4 12.4276
      vertex -20.6593 -30.7725 12.2613
      vertex -20.493 -30.7725 12.4276
    endloop
  endfacet
  facet normal -0.920163 -0.0905005 0.380932
    outer loop
      vertex -20.79 -30.7725 12.0657
      vertex -20.88 -30.7725 11.8483
      vertex -20.7697 -30.9789 12.0657
    endloop
  endfacet
  facet normal -0.920131 -0.09037 0.38104
    outer loop
      vertex -20.7697 -30.9789 12.0657
      vertex -20.88 -30.7725 11.8483
      vertex -20.858 -30.9965 11.8483
    endloop
  endfacet
  facet normal -0.176632 0.0835219 0.980727
    outer loop
      vertex -19.6231 26.3246 12.6483
      vertex -19.5694 25.8992 12.6942
      vertex -19.41 26.2363 12.6942
    endloop
  endfacet
  facet normal -0.176548 0.0835341 0.980741
    outer loop
      vertex -19.5694 25.8992 12.6942
      vertex -19.6231 26.3246 12.6483
      vertex -19.7826 25.9875 12.6483
    endloop
  endfacet
  facet normal -0.382434 0.0187881 0.923792
    outer loop
      vertex -20.2974 24.7725 12.5583
      vertex -20.0983 24.4 12.6483
      vertex -20.08 24.7725 12.6483
    endloop
  endfacet
  facet normal -0.382434 0.0187881 0.923792
    outer loop
      vertex -20.0983 24.4 12.6483
      vertex -20.2974 24.7725 12.5583
      vertex -20.3157 24.4 12.5583
    endloop
  endfacet
  facet normal -0.378792 0.0561667 0.923776
    outer loop
      vertex -20.2865 24.8828 12.5583
      vertex -20.0186 25.2093 12.6483
      vertex -20.2318 25.2517 12.5583
    endloop
  endfacet
  facet normal -0.378792 0.0561667 0.923776
    outer loop
      vertex -20.0186 25.2093 12.6483
      vertex -20.2865 24.8828 12.5583
      vertex -20.0733 24.8404 12.6483
    endloop
  endfacet
  facet normal 0.502664 0.237837 -0.831121
    outer loop
      vertex 19.9834 26.0707 0.141695
      vertex 20.0046 26.4826 0.272388
      vertex 20.1641 26.1455 0.272388
    endloop
  endfacet
  facet normal 0.502664 0.237837 -0.831121
    outer loop
      vertex 20.0046 26.4826 0.272388
      vertex 19.9834 26.0707 0.141695
      vertex 19.8239 26.4078 0.141695
    endloop
  endfacet
  facet normal 0.678231 0.205654 -0.705485
    outer loop
      vertex 20.333 25.6516 0.272388
      vertex 20.2897 25.7944 0.272388
      vertex 20.4962 25.684 0.438728
    endloop
  endfacet
  facet normal 0.686243 0.171893 -0.70677
    outer loop
      vertex 20.4236 25.2899 0.272388
      vertex 20.4962 25.684 0.438728
      vertex 20.5868 25.3223 0.438728
    endloop
  endfacet
  facet normal 0.686243 0.171893 -0.70677
    outer loop
      vertex 20.4962 25.684 0.438728
      vertex 20.4236 25.2899 0.272388
      vertex 20.333 25.6516 0.272388
    endloop
  endfacet
  facet normal 0.172843 0.0924507 -0.980601
    outer loop
      vertex 19.6231 26.3246 0.051672
      vertex 19.3991 26.2566 0.00577831
      vertex 19.5909 26.3848 0.051672
    endloop
  endfacet
  facet normal 0.382313 0.0377246 -0.923262
    outer loop
      vertex 20.08 24.7725 0.051672
      vertex 20.0733 24.8404 0.051672
      vertex 20.2974 24.7725 0.141695
    endloop
  endfacet
  facet normal 0.195073 0.0192487 -0.9806
    outer loop
      vertex 20.08 24.7725 0.051672
      vertex 19.8493 24.7725 0.00577831
      vertex 20.0733 24.8404 0.051672
    endloop
  endfacet
  facet normal 0.135116 0.53942 -0.831125
    outer loop
      vertex 16.8017 28.6818 0.141695
      vertex 17.2016 28.783 0.272388
      vertex 17.1634 28.5912 0.141695
    endloop
  endfacet
  facet normal 0.135092 0.539474 -0.831094
    outer loop
      vertex 17.2016 28.783 0.272388
      vertex 16.8017 28.6818 0.141695
      vertex 16.8398 28.8736 0.272388
    endloop
  endfacet
  facet normal 0.0377821 -0.382327 -0.923254
    outer loop
      vertex 16.4328 -34.7365 0.141695
      vertex 16.3225 -34.7474 0.141695
      vertex 16.3904 -34.5233 0.051672
    endloop
  endfacet
  facet normal 0.0377246 0.382313 -0.923262
    outer loop
      vertex 16.3904 28.5233 0.051672
      vertex 16.3225 28.53 0.051672
      vertex 16.3225 28.7474 0.141695
    endloop
  endfacet
  facet normal 0.0377821 0.382327 -0.923254
    outer loop
      vertex 16.3904 28.5233 0.051672
      vertex 16.3225 28.7474 0.141695
      vertex 16.4328 28.7365 0.141695
    endloop
  endfacet
  facet normal 0.495253 0.668067 -0.555348
    outer loop
      vertex 18.876 28.1087 0.438728
      vertex 18.6491 28.4395 0.634324
      vertex 18.9487 28.2174 0.634324
    endloop
  endfacet
  facet normal 0.49567 0.668106 -0.554929
    outer loop
      vertex 18.6491 28.4395 0.634324
      vertex 18.876 28.1087 0.438728
      vertex 18.5765 28.3309 0.438728
    endloop
  endfacet
  facet normal 0.527914 0.643753 -0.553975
    outer loop
      vertex 19.0166 27.9934 0.438728
      vertex 18.876 28.1087 0.438728
      vertex 18.9487 28.2174 0.634324
    endloop
  endfacet
  facet normal 0.528393 0.643627 -0.553665
    outer loop
      vertex 19.0166 27.9934 0.438728
      vertex 18.9487 28.2174 0.634324
      vertex 19.109 28.0858 0.634324
    endloop
  endfacet
  facet normal 0.421463 0.56834 -0.706653
    outer loop
      vertex 18.4841 28.1925 0.272388
      vertex 18.876 28.1087 0.438728
      vertex 18.7836 27.9704 0.272388
    endloop
  endfacet
  facet normal 0.421486 0.568115 -0.70682
    outer loop
      vertex 18.876 28.1087 0.438728
      vertex 18.4841 28.1925 0.272388
      vertex 18.5765 28.3309 0.438728
    endloop
  endfacet
  facet normal 0.475268 0.524218 -0.706623
    outer loop
      vertex 19.1753 27.6253 0.272388
      vertex 19.0166 27.9934 0.438728
      vertex 19.2929 27.7429 0.438728
    endloop
  endfacet
  facet normal 0.475061 0.524198 -0.706777
    outer loop
      vertex 19.0166 27.9934 0.438728
      vertex 19.1753 27.6253 0.272388
      vertex 18.899 27.8757 0.272388
    endloop
  endfacet
  facet normal 0.430729 0.353831 -0.830226
    outer loop
      vertex 19.3578 27.125 0.141695
      vertex 19.2874 27.2107 0.141695
      vertex 19.4257 27.349 0.272388
    endloop
  endfacet
  facet normal 0.346247 0.163828 -0.923728
    outer loop
      vertex 19.7826 25.9875 0.051672
      vertex 19.8239 26.4078 0.141695
      vertex 19.9834 26.0707 0.141695
    endloop
  endfacet
  facet normal 0.346247 0.163828 -0.923728
    outer loop
      vertex 19.8239 26.4078 0.141695
      vertex 19.7826 25.9875 0.051672
      vertex 19.6231 26.3246 0.051672
    endloop
  endfacet
  facet normal -0.367648 -0.111577 -0.923247
    outer loop
      vertex -20.109 -31.7195 0.141695
      vertex -20.1412 -31.6134 0.141695
      vertex -19.928 -31.571 0.051672
    endloop
  endfacet
  facet normal 0.491497 0.262835 -0.83027
    outer loop
      vertex 19.8239 26.4078 0.141695
      vertex 19.7716 26.5056 0.141695
      vertex 19.9343 26.6142 0.272388
    endloop
  endfacet
  facet normal 0.100408 0.167556 -0.980736
    outer loop
      vertex 18.1265 27.6574 0.00577831
      vertex 17.9348 28.0409 0.051672
      vertex 18.2547 27.8492 0.051672
    endloop
  endfacet
  facet normal 0.100408 0.167556 -0.980736
    outer loop
      vertex 17.9348 28.0409 0.051672
      vertex 18.1265 27.6574 0.00577831
      vertex 17.8066 27.8491 0.00577831
    endloop
  endfacet
  facet normal 0.0924507 0.172843 -0.980601
    outer loop
      vertex 17.9348 28.0409 0.051672
      vertex 17.8066 27.8491 0.00577831
      vertex 17.8746 28.0731 0.051672
    endloop
  endfacet
  facet normal 0.124481 0.151443 -0.980597
    outer loop
      vertex 18.607 27.5837 0.051672
      vertex 18.4439 27.4206 0.00577831
      vertex 18.5542 27.6271 0.051672
    endloop
  endfacet
  facet normal 0.524198 0.475061 -0.706777
    outer loop
      vertex 19.1753 27.6253 0.272388
      vertex 19.5434 27.4666 0.438728
      vertex 19.4257 27.349 0.272388
    endloop
  endfacet
  facet normal 0.524218 0.475268 -0.706623
    outer loop
      vertex 19.5434 27.4666 0.438728
      vertex 19.1753 27.6253 0.272388
      vertex 19.2929 27.7429 0.438728
    endloop
  endfacet
  facet normal 0.714734 0.586402 -0.381167
    outer loop
      vertex 19.7674 27.3986 0.634324
      vertex 19.6358 27.559 0.634324
      vertex 19.8422 27.4487 0.851659
    endloop
  endfacet
  facet normal 0.0815911 0.550106 -0.8311
    outer loop
      vertex 16.8017 28.6818 0.141695
      vertex 16.471 28.9283 0.272388
      vertex 16.8398 28.8736 0.272388
    endloop
  endfacet
  facet normal 0.0815653 0.550081 -0.831118
    outer loop
      vertex 16.471 28.9283 0.272388
      vertex 16.8017 28.6818 0.141695
      vertex 16.4328 28.7365 0.141695
    endloop
  endfacet
  facet normal 0.171827 -0.68617 0.706856
    outer loop
      vertex 16.8398 -34.8736 12.4276
      vertex 17.234 -34.9462 12.2613
      vertex 17.2016 -34.783 12.4276
    endloop
  endfacet
  facet normal 0.171859 -0.68611 0.706907
    outer loop
      vertex 17.234 -34.9462 12.2613
      vertex 16.8398 -34.8736 12.4276
      vertex 16.8723 -35.0368 12.2613
    endloop
  endfacet
  facet normal 0.202096 -0.806822 0.555154
    outer loop
      vertex 16.8978 -35.165 12.0657
      vertex 17.234 -34.9462 12.2613
      vertex 16.8723 -35.0368 12.2613
    endloop
  endfacet
  facet normal 0.202353 -0.806957 0.554863
    outer loop
      vertex 17.234 -34.9462 12.2613
      vertex 16.8978 -35.165 12.0657
      vertex 17.2595 -35.0743 12.0657
    endloop
  endfacet
  facet normal 0.285943 -0.47692 0.831134
    outer loop
      vertex 18.3754 -34.0299 12.5583
      vertex 18.1642 -34.3843 12.4276
      vertex 18.4841 -34.1925 12.4276
    endloop
  endfacet
  facet normal 0.285865 -0.47689 0.831178
    outer loop
      vertex 18.1642 -34.3843 12.4276
      vertex 18.3754 -34.0299 12.5583
      vertex 18.0556 -34.2216 12.5583
    endloop
  endfacet
  facet normal 0.0924629 -0.172865 0.980596
    outer loop
      vertex 17.9348 -34.0409 12.6483
      vertex 17.8066 -33.8491 12.6942
      vertex 17.8746 -34.0731 12.6483
    endloop
  endfacet
  facet normal 0.0657864 -0.183898 0.980741
    outer loop
      vertex 17.4492 -34.0194 12.6942
      vertex 17.1864 -34.3582 12.6483
      vertex 17.5375 -34.2326 12.6483
    endloop
  endfacet
  facet normal 0.0657864 -0.183898 0.980741
    outer loop
      vertex 17.1864 -34.3582 12.6483
      vertex 17.4492 -34.0194 12.6942
      vertex 17.0981 -34.145 12.6942
    endloop
  endfacet
  facet normal 0.111552 -0.367568 0.923282
    outer loop
      vertex 17.2695 -34.559 12.5583
      vertex 17.121 -34.378 12.6483
      vertex 17.1634 -34.5912 12.5583
    endloop
  endfacet
  facet normal 0.0930441 -0.371458 0.923776
    outer loop
      vertex 16.7593 -34.4686 12.6483
      vertex 17.1634 -34.5912 12.5583
      vertex 17.121 -34.378 12.6483
    endloop
  endfacet
  facet normal 0.0930441 -0.371458 0.923776
    outer loop
      vertex 17.1634 -34.5912 12.5583
      vertex 16.7593 -34.4686 12.6483
      vertex 16.8017 -34.6818 12.5583
    endloop
  endfacet
  facet normal 0.284566 -0.938775 -0.194228
    outer loop
      vertex 17.5101 -35.1397 1.08238
      vertex 17.2861 -35.2076 1.08238
      vertex 17.4925 -35.0973 0.851659
    endloop
  endfacet
  facet normal 0.241696 -0.796955 -0.553576
    outer loop
      vertex 17.4581 -35.0141 0.634324
      vertex 17.234 -34.9462 0.438728
      vertex 17.4081 -34.8934 0.438728
    endloop
  endfacet
  facet normal 0.135092 -0.539474 -0.831094
    outer loop
      vertex 16.8017 -34.6818 0.141695
      vertex 17.2016 -34.783 0.272388
      vertex 16.8398 -34.8736 0.272388
    endloop
  endfacet
  facet normal 0.135116 -0.53942 -0.831125
    outer loop
      vertex 17.2016 -34.783 0.272388
      vertex 16.8017 -34.6818 0.141695
      vertex 17.1634 -34.5912 0.141695
    endloop
  endfacet
  facet normal 0.0187546 -0.195219 -0.98058
    outer loop
      vertex 16.3904 -34.5233 0.051672
      vertex 16.3225 -34.2993 0.00577831
      vertex 16.3454 -34.2971 0.00577831
    endloop
  endfacet
  facet normal -0.2416 -0.797039 -0.553496
    outer loop
      vertex -17.2595 -35.0743 0.634324
      vertex -17.4581 -35.0141 0.634324
      vertex -17.234 -34.9462 0.438728
    endloop
  endfacet
  facet normal -0.284595 -0.938771 -0.1942
    outer loop
      vertex -17.2861 -35.2076 1.08238
      vertex -17.4925 -35.0973 0.851659
      vertex -17.2771 -35.1626 0.851659
    endloop
  endfacet
  facet normal -0.311239 -0.870032 -0.382328
    outer loop
      vertex -17.8092 -34.8885 0.634324
      vertex -17.4925 -35.0973 0.851659
      vertex -17.8436 -34.9717 0.851659
    endloop
  endfacet
  facet normal -0.311239 -0.870032 -0.382328
    outer loop
      vertex -17.4925 -35.0973 0.851659
      vertex -17.8092 -34.8885 0.634324
      vertex -17.4581 -35.0141 0.634324
    endloop
  endfacet
  facet normal -0.0815653 -0.550081 -0.831118
    outer loop
      vertex -16.471 -34.9283 0.272388
      vertex -16.8017 -34.6818 0.141695
      vertex -16.4328 -34.7365 0.141695
    endloop
  endfacet
  facet normal -0.0815911 -0.550106 -0.8311
    outer loop
      vertex -16.8017 -34.6818 0.141695
      vertex -16.471 -34.9283 0.272388
      vertex -16.8398 -34.8736 0.272388
    endloop
  endfacet
  facet normal -0.0453429 -0.922964 -0.382206
    outer loop
      vertex -16.3225 -35.24 0.634324
      vertex -15.95 -35.3483 0.851659
      vertex -16.3225 -35.33 0.851659
    endloop
  endfacet
  facet normal -0.0453429 -0.922964 -0.382206
    outer loop
      vertex -15.95 -35.3483 0.851659
      vertex -16.3225 -35.24 0.634324
      vertex -15.95 -35.2583 0.634324
    endloop
  endfacet
  facet normal 0.116352 -0.1569 -0.980737
    outer loop
      vertex 18.1265 -33.6574 0.00577831
      vertex 18.5542 -33.6271 0.051672
      vertex 18.2547 -33.8492 0.051672
    endloop
  endfacet
  facet normal 0.116348 -0.156823 -0.98075
    outer loop
      vertex 18.5542 -33.6271 0.051672
      vertex 18.1265 -33.6574 0.00577831
      vertex 18.426 -33.4352 0.00577831
    endloop
  endfacet
  facet normal 0.751871 -0.355527 -0.555238
    outer loop
      vertex 20.4385 -32.2592 0.634324
      vertex 20.1583 -32.5463 0.438728
      vertex 20.3177 -32.2092 0.438728
    endloop
  endfacet
  facet normal 0.751948 -0.355787 -0.554968
    outer loop
      vertex 20.1583 -32.5463 0.438728
      vertex 20.4385 -32.2592 0.634324
      vertex 20.279 -32.5963 0.634324
    endloop
  endfacet
  facet normal 0.796858 -0.241805 -0.553668
    outer loop
      vertex 20.5641 -31.9081 0.634324
      vertex 20.4434 -31.858 0.438728
      vertex 20.4962 -31.684 0.438728
    endloop
  endfacet
  facet normal 0.678231 -0.205654 -0.705485
    outer loop
      vertex 20.4962 -31.684 0.438728
      vertex 20.2897 -31.7944 0.272388
      vertex 20.333 -31.6516 0.272388
    endloop
  endfacet
  facet normal 0.803334 -0.595529 0
    outer loop
      vertex 19.8804 -33.4742 11.6176
      vertex 20.1025 -33.1746 7.40974
      vertex 20.1025 -33.1746 11.6176
    endloop
  endfacet
  facet normal 0.803622 -0.59514 4.29156e-05
    outer loop
      vertex 20.1025 -33.1746 7.40974
      vertex 19.8804 -33.4742 11.6176
      vertex 20.0617 -33.2297 7.30671
    endloop
  endfacet
  facet normal 0.8033 -0.595575 4.67788e-06
    outer loop
      vertex 20.0617 -33.2297 7.30671
      vertex 19.8804 -33.4742 11.6176
      vertex 19.9562 -33.372 6.83773
    endloop
  endfacet
  facet normal 0.8032 -0.595709 2.30078e-07
    outer loop
      vertex 19.9562 -33.372 6.83773
      vertex 19.8804 -33.4742 11.6176
      vertex 19.9206 -33.42 6.35
    endloop
  endfacet
  facet normal 0.803622 -0.59514 -4.29154e-05
    outer loop
      vertex 19.8804 -33.4742 1.08238
      vertex 20.1025 -33.1746 5.29026
      vertex 20.0617 -33.2297 5.39329
    endloop
  endfacet
  facet normal 0.8033 -0.595575 -4.67786e-06
    outer loop
      vertex 19.8804 -33.4742 1.08238
      vertex 20.0617 -33.2297 5.39329
      vertex 19.9562 -33.372 5.86227
    endloop
  endfacet
  facet normal 0.8032 -0.595709 -2.30077e-07
    outer loop
      vertex 19.8804 -33.4742 1.08238
      vertex 19.9562 -33.372 5.86227
      vertex 19.9206 -33.42 6.35
    endloop
  endfacet
  facet normal 0.803334 -0.595529 0
    outer loop
      vertex 20.1025 -33.1746 5.29026
      vertex 19.8804 -33.4742 1.08238
      vertex 20.1025 -33.1746 1.08238
    endloop
  endfacet
  facet normal 0.80319 -0.595724 0
    outer loop
      vertex 19.8804 -33.4742 1.08238
      vertex 19.9206 -33.42 6.35
      vertex 19.8804 -33.4742 11.6176
    endloop
  endfacet
  facet normal 0.841238 -0.504269 -0.195015
    outer loop
      vertex 20.2943 -32.8548 1.08238
      vertex 20.0644 -33.1491 0.851659
      vertex 20.2561 -32.8293 0.851659
    endloop
  endfacet
  facet normal 0.841181 -0.504498 -0.194667
    outer loop
      vertex 20.0644 -33.1491 0.851659
      vertex 20.2943 -32.8548 1.08238
      vertex 20.1025 -33.1746 1.08238
    endloop
  endfacet
  facet normal 0.502664 -0.237837 -0.831121
    outer loop
      vertex 20.0046 -32.4826 0.272388
      vertex 19.9834 -32.0707 0.141695
      vertex 20.1641 -32.1455 0.272388
    endloop
  endfacet
  facet normal 0.502664 -0.237837 -0.831121
    outer loop
      vertex 19.9834 -32.0707 0.141695
      vertex 20.0046 -32.4826 0.272388
      vertex 19.8239 -32.4078 0.141695
    endloop
  endfacet
  facet normal 0.82867 -0.0815385 -0.553767
    outer loop
      vertex 20.7697 -30.9789 0.634324
      vertex 20.6415 -30.9534 0.438728
      vertex 20.6593 -30.7725 0.438728
    endloop
  endfacet
  facet normal 0.807002 -0.202141 -0.554876
    outer loop
      vertex 20.7149 -31.3478 0.634324
      vertex 20.4962 -31.684 0.438728
      vertex 20.5868 -31.3223 0.438728
    endloop
  endfacet
  facet normal 0.807002 -0.202141 -0.554876
    outer loop
      vertex 20.4962 -31.684 0.438728
      vertex 20.7149 -31.3478 0.634324
      vertex 20.6243 -31.7095 0.634324
    endloop
  endfacet
  facet normal 0.555355 -0.0272832 -0.831165
    outer loop
      vertex 20.493 -30.7725 0.272388
      vertex 20.3157 -30.4 0.141695
      vertex 20.5113 -30.4 0.272388
    endloop
  endfacet
  facet normal 0.555355 -0.0272832 -0.831165
    outer loop
      vertex 20.3157 -30.4 0.141695
      vertex 20.493 -30.7725 0.272388
      vertex 20.2974 -30.7725 0.141695
    endloop
  endfacet
  facet normal 0.550266 -0.742277 -0.382404
    outer loop
      vertex 18.9487 -34.2174 0.634324
      vertex 18.6991 -34.5144 0.851659
      vertex 18.6491 -34.4395 0.634324
    endloop
  endfacet
  facet normal 0.550498 -0.742256 -0.382109
    outer loop
      vertex 18.6991 -34.5144 0.851659
      vertex 18.9487 -34.2174 0.634324
      vertex 18.9987 -34.2922 0.851659
    endloop
  endfacet
  facet normal 0.446636 -0.331212 -0.831153
    outer loop
      vertex 19.5204 -33.2336 0.272388
      vertex 19.5799 -32.8254 0.141695
      vertex 19.7425 -32.9341 0.272388
    endloop
  endfacet
  facet normal 0.446781 -0.331209 -0.831076
    outer loop
      vertex 19.5799 -32.8254 0.141695
      vertex 19.5204 -33.2336 0.272388
      vertex 19.3578 -33.125 0.141695
    endloop
  endfacet
  facet normal 0.331212 -0.446636 -0.831153
    outer loop
      vertex 18.3754 -34.0299 0.141695
      vertex 18.7836 -33.9704 0.272388
      vertex 18.4841 -34.1925 0.272388
    endloop
  endfacet
  facet normal 0.331209 -0.446781 -0.831076
    outer loop
      vertex 18.7836 -33.9704 0.272388
      vertex 18.3754 -34.0299 0.141695
      vertex 18.675 -33.8078 0.141695
    endloop
  endfacet
  facet normal 0.353831 -0.430729 -0.830226
    outer loop
      vertex 18.899 -33.8757 0.272388
      vertex 18.675 -33.8078 0.141695
      vertex 18.7607 -33.7374 0.141695
    endloop
  endfacet
  facet normal -0.167556 -0.100408 -0.980736
    outer loop
      vertex -19.5909 -32.3848 0.051672
      vertex -19.2074 -32.5765 0.00577831
      vertex -19.3992 -32.7047 0.051672
    endloop
  endfacet
  facet normal -0.167556 -0.100408 -0.980736
    outer loop
      vertex -19.2074 -32.5765 0.00577831
      vertex -19.5909 -32.3848 0.051672
      vertex -19.3991 -32.2566 0.00577831
    endloop
  endfacet
  facet normal -0.144738 -0.131223 -0.98073
    outer loop
      vertex -19.1338 -33.057 0.051672
      vertex -18.7202 -33.1702 0.00577831
      vertex -18.8833 -33.3333 0.051672
    endloop
  endfacet
  facet normal -0.144721 -0.131155 -0.980742
    outer loop
      vertex -18.7202 -33.1702 0.00577831
      vertex -19.1338 -33.057 0.051672
      vertex -18.9706 -32.8939 0.00577831
    endloop
  endfacet
  facet normal -0.0377821 -0.382327 -0.923254
    outer loop
      vertex -16.3225 -34.7474 0.141695
      vertex -16.4328 -34.7365 0.141695
      vertex -16.3904 -34.5233 0.051672
    endloop
  endfacet
  facet normal -0.056179 -0.378874 -0.923741
    outer loop
      vertex -16.4328 -34.7365 0.141695
      vertex -16.7593 -34.4686 0.051672
      vertex -16.3904 -34.5233 0.051672
    endloop
  endfacet
  facet normal -0.056179 -0.378874 -0.923741
    outer loop
      vertex -16.7593 -34.4686 0.051672
      vertex -16.4328 -34.7365 0.141695
      vertex -16.8017 -34.6818 0.141695
    endloop
  endfacet
  facet normal 0.187304 -0.523587 -0.831128
    outer loop
      vertex 17.3444 -34.7397 0.272388
      vertex 17.6207 -34.4334 0.141695
      vertex 17.6955 -34.6141 0.272388
    endloop
  endfacet
  facet normal 0.187235 -0.523543 -0.831171
    outer loop
      vertex 17.6207 -34.4334 0.141695
      vertex 17.3444 -34.7397 0.272388
      vertex 17.2695 -34.559 0.141695
    endloop
  endfacet
  facet normal 0.163828 -0.346247 -0.923728
    outer loop
      vertex 17.5375 -34.2326 0.051672
      vertex 17.9578 -34.2739 0.141695
      vertex 17.6207 -34.4334 0.141695
    endloop
  endfacet
  facet normal 0.163828 -0.346247 -0.923728
    outer loop
      vertex 17.9578 -34.2739 0.141695
      vertex 17.5375 -34.2326 0.051672
      vertex 17.8746 -34.0731 0.051672
    endloop
  endfacet
  facet normal 0.285933 -0.476902 -0.831148
    outer loop
      vertex 18.1642 -34.3843 0.272388
      vertex 18.3754 -34.0299 0.141695
      vertex 18.4841 -34.1925 0.272388
    endloop
  endfacet
  facet normal 0.285855 -0.476872 -0.831192
    outer loop
      vertex 18.3754 -34.0299 0.141695
      vertex 18.1642 -34.3843 0.272388
      vertex 18.0556 -34.2216 0.141695
    endloop
  endfacet
  facet normal -0.092756 -0.172747 -0.980589
    outer loop
      vertex -17.7863 -33.86 0.00577831
      vertex -17.8746 -34.0731 0.051672
      vertex -17.8066 -33.8491 0.00577831
    endloop
  endfacet
  facet normal 0.100408 -0.167556 -0.980736
    outer loop
      vertex 17.9348 -34.0409 0.051672
      vertex 18.1265 -33.6574 0.00577831
      vertex 18.2547 -33.8492 0.051672
    endloop
  endfacet
  facet normal 0.100408 -0.167556 -0.980736
    outer loop
      vertex 18.1265 -33.6574 0.00577831
      vertex 17.9348 -34.0409 0.051672
      vertex 17.8066 -33.8491 0.00577831
    endloop
  endfacet
  facet normal 0 -0.555562 -0.831475
    outer loop
      vertex -15.95 -34.9613 0.272388
      vertex 15.95 -34.7657 0.141695
      vertex 15.95 -34.9613 0.272388
    endloop
  endfacet
  facet normal -0 -0.555562 -0.831475
    outer loop
      vertex 15.95 -34.7657 0.141695
      vertex -15.95 -34.9613 0.272388
      vertex -15.95 -34.7657 0.141695
    endloop
  endfacet
  facet normal 0.435624 -0.81541 -0.381233
    outer loop
      vertex 18.3793 -34.7061 0.851659
      vertex 18.1807 -34.8122 0.851659
      vertex 18.3293 -34.6312 0.634324
    endloop
  endfacet
  facet normal 0.427714 -0.713526 -0.554924
    outer loop
      vertex 18.5765 -34.3309 0.438728
      vertex 18.3293 -34.6312 0.634324
      vertex 18.2567 -34.5226 0.438728
    endloop
  endfacet
  facet normal 0.427714 -0.713526 -0.554924
    outer loop
      vertex 18.3293 -34.6312 0.634324
      vertex 18.5765 -34.3309 0.438728
      vertex 18.6491 -34.4395 0.634324
    endloop
  endfacet
  facet normal 0.333946 -0.62514 -0.705464
    outer loop
      vertex 18.2567 -34.5226 0.438728
      vertex 18.0326 -34.4546 0.272388
      vertex 18.1642 -34.3843 0.272388
    endloop
  endfacet
  facet normal 0.449611 0.547889 0.705455
    outer loop
      vertex 18.876 28.1087 12.2613
      vertex 18.7836 27.9704 12.4276
      vertex 18.899 27.8757 12.4276
    endloop
  endfacet
  facet normal 0.462165 0.86525 0.194281
    outer loop
      vertex 18.1983 28.8546 11.6176
      vertex 18.1807 28.8122 11.8483
      vertex 18.4048 28.7443 11.6176
    endloop
  endfacet
  facet normal 0.262845 0.491515 0.830256
    outer loop
      vertex 18.1642 28.3843 12.4276
      vertex 17.9578 28.2739 12.5583
      vertex 18.0556 28.2216 12.5583
    endloop
  endfacet
  facet normal 0.196935 0.328533 0.923733
    outer loop
      vertex 18.0556 28.2216 12.5583
      vertex 18.2547 27.8492 12.6483
      vertex 18.3754 28.0299 12.5583
    endloop
  endfacet
  facet normal 0.196851 0.328496 0.923764
    outer loop
      vertex 18.2547 27.8492 12.6483
      vertex 18.0556 28.2216 12.5583
      vertex 17.9348 28.0409 12.6483
    endloop
  endfacet
  facet normal 0.243842 0.296836 0.923271
    outer loop
      vertex 18.675 27.8078 12.5583
      vertex 18.5542 27.6271 12.6483
      vertex 18.7607 27.7374 12.5583
    endloop
  endfacet
  facet normal 0.243905 0.296732 0.923288
    outer loop
      vertex 18.7607 27.7374 12.5583
      vertex 18.5542 27.6271 12.6483
      vertex 18.607 27.5837 12.6483
    endloop
  endfacet
  facet normal 0.296836 0.243842 0.923271
    outer loop
      vertex 19.2874 27.2107 12.5583
      vertex 19.1771 27.0042 12.6483
      vertex 19.3578 27.125 12.5583
    endloop
  endfacet
  facet normal 0.430745 0.353844 0.830212
    outer loop
      vertex 19.4257 27.349 12.4276
      vertex 19.2874 27.2107 12.5583
      vertex 19.3578 27.125 12.5583
    endloop
  endfacet
  facet normal 0.0377739 0.382244 0.923289
    outer loop
      vertex 16.4328 28.7365 12.5583
      vertex 16.3225 28.7474 12.5583
      vertex 16.3904 28.5233 12.6483
    endloop
  endfacet
  facet normal 0.0187571 0.195245 0.980575
    outer loop
      vertex 16.3904 28.5233 12.6483
      vertex 16.3225 28.2993 12.6942
      vertex 16.3454 28.2971 12.6942
    endloop
  endfacet
  facet normal 0.280138 0.783093 0.555238
    outer loop
      vertex 17.4581 29.0141 12.0657
      vertex 17.7592 28.7677 12.2613
      vertex 17.8092 28.8885 12.0657
    endloop
  endfacet
  facet normal 0.280397 0.783193 0.554965
    outer loop
      vertex 17.7592 28.7677 12.2613
      vertex 17.4581 29.0141 12.0657
      vertex 17.4081 28.8934 12.2613
    endloop
  endfacet
  facet normal 0.202307 0.806773 0.555149
    outer loop
      vertex 16.8978 29.165 12.0657
      vertex 17.234 28.9461 12.2613
      vertex 17.2595 29.0743 12.0657
    endloop
  endfacet
  facet normal 0.202307 0.806773 0.555149
    outer loop
      vertex 17.234 28.9461 12.2613
      vertex 16.8978 29.165 12.0657
      vertex 16.8723 29.0368 12.2613
    endloop
  endfacet
  facet normal 0.262671 0.491714 -0.830194
    outer loop
      vertex 18.1642 28.3843 0.272388
      vertex 17.9578 28.2739 0.141695
      vertex 18.0326 28.4546 0.272388
    endloop
  endfacet
  facet normal 0.187304 0.523587 -0.831128
    outer loop
      vertex 17.6207 28.4334 0.141695
      vertex 17.3444 28.7397 0.272388
      vertex 17.6955 28.6141 0.272388
    endloop
  endfacet
  facet normal 0.187235 0.523543 -0.831171
    outer loop
      vertex 17.3444 28.7397 0.272388
      vertex 17.6207 28.4334 0.141695
      vertex 17.2695 28.559 0.141695
    endloop
  endfacet
  facet normal -0.1951 0.00958479 -0.980736
    outer loop
      vertex -19.8676 24.4 0.00577831
      vertex -20.08 24.7725 0.051672
      vertex -19.8493 24.7725 0.00577831
    endloop
  endfacet
  facet normal -0.1951 0.00958479 -0.980736
    outer loop
      vertex -20.08 24.7725 0.051672
      vertex -19.8676 24.4 0.00577831
      vertex -20.0983 24.4 0.051672
    endloop
  endfacet
  facet normal -0.550081 0.0815653 -0.831118
    outer loop
      vertex -20.4783 24.921 0.272388
      vertex -20.2318 25.2517 0.141695
      vertex -20.2865 24.8828 0.141695
    endloop
  endfacet
  facet normal -0.550081 0.0815653 -0.831118
    outer loop
      vertex -20.2318 25.2517 0.141695
      vertex -20.4783 24.921 0.272388
      vertex -20.4236 25.2899 0.272388
    endloop
  endfacet
  facet normal -0.161896 -0.533451 -0.830193
    outer loop
      vertex -17.2016 -34.783 0.272388
      vertex -17.2695 -34.559 0.141695
      vertex -17.1634 -34.5912 0.141695
    endloop
  endfacet
  facet normal -0.0287099 -0.193268 -0.980726
    outer loop
      vertex -16.3904 -34.5233 0.051672
      vertex -16.7143 -34.2423 0.00577831
      vertex -16.3454 -34.2971 0.00577831
    endloop
  endfacet
  facet normal -0.0286472 -0.193198 -0.980741
    outer loop
      vertex -16.7143 -34.2423 0.00577831
      vertex -16.3904 -34.5233 0.051672
      vertex -16.7593 -34.4686 0.051672
    endloop
  endfacet
  facet normal -0.0187922 -0.382518 -0.923757
    outer loop
      vertex -16.3225 -34.7474 0.141695
      vertex -15.95 -34.5483 0.051672
      vertex -15.95 -34.7657 0.141695
    endloop
  endfacet
  facet normal -0.0187922 -0.382518 -0.923757
    outer loop
      vertex -15.95 -34.5483 0.051672
      vertex -16.3225 -34.7474 0.141695
      vertex -16.3225 -34.53 0.051672
    endloop
  endfacet
  facet normal -0.0835231 -0.176524 -0.980746
    outer loop
      vertex -17.8746 -34.0731 0.051672
      vertex -17.4492 -34.0194 0.00577831
      vertex -17.5375 -34.2326 0.051672
    endloop
  endfacet
  facet normal -0.0835108 -0.176609 -0.980732
    outer loop
      vertex -17.4492 -34.0194 0.00577831
      vertex -17.8746 -34.0731 0.051672
      vertex -17.7863 -33.86 0.00577831
    endloop
  endfacet
  facet normal -0.00958479 -0.1951 -0.980736
    outer loop
      vertex -16.3225 -34.53 0.051672
      vertex -15.95 -34.3176 0.00577831
      vertex -15.95 -34.5483 0.051672
    endloop
  endfacet
  facet normal -0.00958479 -0.1951 -0.980736
    outer loop
      vertex -15.95 -34.3176 0.00577831
      vertex -16.3225 -34.53 0.051672
      vertex -16.3225 -34.2993 0.00577831
    endloop
  endfacet
  facet normal 0.116348 0.156823 -0.98075
    outer loop
      vertex 18.1265 27.6574 0.00577831
      vertex 18.5542 27.6271 0.051672
      vertex 18.426 27.4352 0.00577831
    endloop
  endfacet
  facet normal 0.116352 0.1569 -0.980737
    outer loop
      vertex 18.5542 27.6271 0.051672
      vertex 18.1265 27.6574 0.00577831
      vertex 18.2547 27.8492 0.051672
    endloop
  endfacet
  facet normal -0.123817 -0.151804 -0.980625
    outer loop
      vertex -18.426 -33.4352 0.00577831
      vertex -18.5542 -33.6271 0.051672
      vertex -18.4439 -33.4206 0.00577831
    endloop
  endfacet
  facet normal -0.392448 -0.734524 -0.553587
    outer loop
      vertex -18.1463 -34.729 0.634324
      vertex -18.2567 -34.5226 0.438728
      vertex -18.0963 -34.6083 0.438728
    endloop
  endfacet
  facet normal 0.176524 0.0835231 -0.980746
    outer loop
      vertex 19.5694 25.8992 0.00577831
      vertex 19.6231 26.3246 0.051672
      vertex 19.7826 25.9875 0.051672
    endloop
  endfacet
  facet normal 0.176609 0.0835108 -0.980732
    outer loop
      vertex 19.6231 26.3246 0.051672
      vertex 19.5694 25.8992 0.00577831
      vertex 19.41 26.2363 0.00577831
    endloop
  endfacet
  facet normal -0.0930644 -0.371539 -0.923741
    outer loop
      vertex -17.1634 -34.5912 0.141695
      vertex -16.7593 -34.4686 0.051672
      vertex -16.8017 -34.6818 0.141695
    endloop
  endfacet
  facet normal -0.0930644 -0.371539 -0.923741
    outer loop
      vertex -16.7593 -34.4686 0.051672
      vertex -17.1634 -34.5912 0.141695
      vertex -17.121 -34.378 0.051672
    endloop
  endfacet
  facet normal -0.111577 -0.367648 -0.923247
    outer loop
      vertex -17.1634 -34.5912 0.141695
      vertex -17.2695 -34.559 0.141695
      vertex -17.121 -34.378 0.051672
    endloop
  endfacet
  facet normal -0.363784 -0.606749 -0.706765
    outer loop
      vertex -18.2567 -34.5226 0.438728
      vertex -18.4841 -34.1925 0.272388
      vertex -18.1642 -34.3843 0.272388
    endloop
  endfacet
  facet normal -0.363691 -0.606721 -0.706837
    outer loop
      vertex -18.4841 -34.1925 0.272388
      vertex -18.2567 -34.5226 0.438728
      vertex -18.5765 -34.3309 0.438728
    endloop
  endfacet
  facet normal -0.205713 0.678426 -0.70528
    outer loop
      vertex -17.2016 28.783 0.272388
      vertex -17.3444 28.7397 0.272388
      vertex -17.234 28.9461 0.438728
    endloop
  endfacet
  facet normal -0.302574 0.639483 -0.70676
    outer loop
      vertex -18.0963 28.6083 0.438728
      vertex -17.6955 28.6141 0.272388
      vertex -18.0326 28.4546 0.272388
    endloop
  endfacet
  facet normal -0.302499 0.639727 -0.706572
    outer loop
      vertex -17.6955 28.6141 0.272388
      vertex -18.0963 28.6083 0.438728
      vertex -17.7592 28.7677 0.438728
    endloop
  endfacet
  facet normal -0.268215 0.88474 -0.381177
    outer loop
      vertex -17.2595 29.0743 0.634324
      vertex -17.4925 29.0973 0.851659
      vertex -17.2771 29.1626 0.851659
    endloop
  endfacet
  facet normal -0.504269 0.841238 -0.195015
    outer loop
      vertex -18.6991 28.5144 0.851659
      vertex -18.4048 28.7443 1.08238
      vertex -18.3793 28.7061 0.851659
    endloop
  endfacet
  facet normal -0.504498 0.841181 -0.194667
    outer loop
      vertex -18.4048 28.7443 1.08238
      vertex -18.6991 28.5144 0.851659
      vertex -18.7246 28.5525 1.08238
    endloop
  endfacet
  facet normal -0.238305 0.951379 -0.195163
    outer loop
      vertex -17.2771 29.1626 0.851659
      vertex -16.9243 29.2983 1.08238
      vertex -16.9154 29.2532 0.851659
    endloop
  endfacet
  facet normal -0.238505 0.95139 -0.194864
    outer loop
      vertex -16.9243 29.2983 1.08238
      vertex -17.2771 29.1626 0.851659
      vertex -17.2861 29.2076 1.08238
    endloop
  endfacet
  facet normal -0.783088 0.280136 -0.555245
    outer loop
      vertex -20.3177 26.2092 0.438728
      vertex -20.5641 25.9081 0.634324
      vertex -20.4385 26.2592 0.634324
    endloop
  endfacet
  facet normal -0.783152 0.280302 -0.555071
    outer loop
      vertex -20.5641 25.9081 0.634324
      vertex -20.3177 26.2092 0.438728
      vertex -20.4434 25.858 0.438728
    endloop
  endfacet
  facet normal -0.523543 0.187235 -0.831171
    outer loop
      vertex -20.2897 25.7944 0.272388
      vertex -19.9834 26.0707 0.141695
      vertex -20.109 25.7195 0.141695
    endloop
  endfacet
  facet normal -0.523587 0.187304 -0.831128
    outer loop
      vertex -19.9834 26.0707 0.141695
      vertex -20.2897 25.7944 0.272388
      vertex -20.1641 26.1455 0.272388
    endloop
  endfacet
  facet normal -0.686243 0.171893 -0.70677
    outer loop
      vertex -20.4236 25.2899 0.272388
      vertex -20.4962 25.684 0.438728
      vertex -20.333 25.6516 0.272388
    endloop
  endfacet
  facet normal -0.686243 0.171893 -0.70677
    outer loop
      vertex -20.4962 25.684 0.438728
      vertex -20.4236 25.2899 0.272388
      vertex -20.5868 25.3223 0.438728
    endloop
  endfacet
  facet normal -0.93881 0.28445 -0.194225
    outer loop
      vertex -20.6473 25.9425 0.851659
      vertex -20.7576 25.736 1.08238
      vertex -20.6897 25.9601 1.08238
    endloop
  endfacet
  facet normal -0.822904 0.122242 -0.554874
    outer loop
      vertex -20.5868 25.3223 0.438728
      vertex -20.7697 24.9789 0.634324
      vertex -20.7149 25.3478 0.634324
    endloop
  endfacet
  facet normal -0.822748 0.121996 -0.55516
    outer loop
      vertex -20.7697 24.9789 0.634324
      vertex -20.5868 25.3223 0.438728
      vertex -20.6415 24.9534 0.438728
    endloop
  endfacet
  facet normal -0.558707 0.61625 -0.555052
    outer loop
      vertex -19.2929 27.7429 0.438728
      vertex -19.109 28.0858 0.634324
      vertex -19.0166 27.9934 0.438728
    endloop
  endfacet
  facet normal -0.558707 0.61625 -0.555052
    outer loop
      vertex -19.109 28.0858 0.634324
      vertex -19.2929 27.7429 0.438728
      vertex -19.3853 27.8353 0.634324
    endloop
  endfacet
  facet normal -0.82869 0.0815039 -0.553742
    outer loop
      vertex -20.6593 24.7725 0.438728
      vertex -20.79 24.7725 0.634324
      vertex -20.7697 24.9789 0.634324
    endloop
  endfacet
  facet normal -0.998795 0.0490683 0
    outer loop
      vertex -20.9442 24.4 1.08238
      vertex -20.9259 24.7725 11.6176
      vertex -20.9259 24.7725 1.08238
    endloop
  endfacet
  facet normal -0.998795 0.0490683 0
    outer loop
      vertex -20.9259 24.7725 11.6176
      vertex -20.9442 24.4 1.08238
      vertex -20.9442 24.4 11.6176
    endloop
  endfacet
  facet normal -0.957035 0.289972 0
    outer loop
      vertex -20.7576 25.736 1.08238
      vertex -20.6897 25.9601 11.6176
      vertex -20.6897 25.9601 1.08238
    endloop
  endfacet
  facet normal -0.957035 0.289972 0
    outer loop
      vertex -20.6897 25.9601 11.6176
      vertex -20.7576 25.736 1.08238
      vertex -20.7576 25.736 11.6176
    endloop
  endfacet
  facet normal -0.135537 0.914071 0.382235
    outer loop
      vertex -16.5465 29.308 11.8483
      vertex -16.8978 29.165 12.0657
      vertex -16.5289 29.2197 12.0657
    endloop
  endfacet
  facet normal -0.135801 0.91418 0.38188
    outer loop
      vertex -16.8978 29.165 12.0657
      vertex -16.5465 29.308 11.8483
      vertex -16.9154 29.2532 11.8483
    endloop
  endfacet
  facet normal -0.734529 0.392451 0.553579
    outer loop
      vertex -20.0726 26.7067 12.2613
      vertex -20.279 26.5963 12.0657
      vertex -20.1583 26.5463 12.2613
    endloop
  endfacet
  facet normal 0.951456 -0.238324 -0.194766
    outer loop
      vertex 20.8482 -31.3743 1.08238
      vertex 20.7126 -31.7271 0.851659
      vertex 20.8032 -31.3654 0.851659
    endloop
  endfacet
  facet normal 0.951456 -0.238324 -0.194766
    outer loop
      vertex 20.7126 -31.7271 0.851659
      vertex 20.8482 -31.3743 1.08238
      vertex 20.7576 -31.736 1.08238
    endloop
  endfacet
  facet normal 0.913993 -0.135773 -0.382337
    outer loop
      vertex 20.858 -30.9965 0.851659
      vertex 20.7149 -31.3478 0.634324
      vertex 20.7697 -30.9789 0.634324
    endloop
  endfacet
  facet normal 0.913993 -0.135773 -0.382337
    outer loop
      vertex 20.7149 -31.3478 0.634324
      vertex 20.858 -30.9965 0.851659
      vertex 20.8032 -31.3654 0.851659
    endloop
  endfacet
  facet normal 0.568115 0.421486 -0.70682
    outer loop
      vertex 19.7425 26.9341 0.272388
      vertex 19.6587 27.326 0.438728
      vertex 19.8809 27.0265 0.438728
    endloop
  endfacet
  facet normal 0.56834 0.421463 -0.706653
    outer loop
      vertex 19.6587 27.326 0.438728
      vertex 19.7425 26.9341 0.272388
      vertex 19.5204 27.2336 0.272388
    endloop
  endfacet
  facet normal 0.938791 0.284601 0.194099
    outer loop
      vertex 20.7576 25.736 11.6176
      vertex 20.6473 25.9425 11.8483
      vertex 20.7126 25.7271 11.8483
    endloop
  endfacet
  facet normal 0.884778 0.268227 0.38108
    outer loop
      vertex 20.6473 25.9425 11.8483
      vertex 20.6243 25.7095 12.0657
      vertex 20.7126 25.7271 11.8483
    endloop
  endfacet
  facet normal 0.666186 0.238438 0.706643
    outer loop
      vertex 20.1641 26.1455 12.4276
      vertex 20.4434 25.858 12.2613
      vertex 20.3177 26.2092 12.2613
    endloop
  endfacet
  facet normal 0.666106 0.238288 0.706768
    outer loop
      vertex 20.4434 25.858 12.2613
      vertex 20.1641 26.1455 12.4276
      vertex 20.2897 25.7944 12.4276
    endloop
  endfacet
  facet normal 0.886581 0.419489 0.194946
    outer loop
      vertex 20.3622 26.6307 11.8483
      vertex 20.5641 26.3112 11.6176
      vertex 20.4046 26.6483 11.6176
    endloop
  endfacet
  facet normal 0.886581 0.419489 0.194946
    outer loop
      vertex 20.5641 26.3112 11.6176
      vertex 20.3622 26.6307 11.8483
      vertex 20.5217 26.2936 11.8483
    endloop
  endfacet
  facet normal 0.427717 -0.713531 0.554917
    outer loop
      vertex 18.3293 -34.6312 12.0657
      vertex 18.5765 -34.3309 12.2613
      vertex 18.2567 -34.5226 12.2613
    endloop
  endfacet
  facet normal 0.427717 -0.713531 0.554917
    outer loop
      vertex 18.5765 -34.3309 12.2613
      vertex 18.3293 -34.6312 12.0657
      vertex 18.6491 -34.4395 12.0657
    endloop
  endfacet
  facet normal 0.392548 -0.734523 0.553518
    outer loop
      vertex 18.2567 -34.5226 12.2613
      vertex 18.1463 -34.729 12.0657
      vertex 18.3293 -34.6312 12.0657
    endloop
  endfacet
  facet normal -0.53944 -0.135121 0.831112
    outer loop
      vertex -20.2318 -31.2517 12.5583
      vertex -20.333 -31.6516 12.4276
      vertex -20.1412 -31.6134 12.5583
    endloop
  endfacet
  facet normal -0.53944 -0.135121 0.831112
    outer loop
      vertex -20.333 -31.6516 12.4276
      vertex -20.2318 -31.2517 12.5583
      vertex -20.4236 -31.2899 12.4276
    endloop
  endfacet
  facet normal -0.297127 -0.243666 0.923224
    outer loop
      vertex -19.1771 -33.0042 12.6483
      vertex -19.2874 -33.2107 12.5583
      vertex -19.1338 -33.057 12.6483
    endloop
  endfacet
  facet normal 0.124498 0.151463 0.980591
    outer loop
      vertex 18.5542 27.6271 12.6483
      vertex 18.4439 27.4206 12.6942
      vertex 18.607 27.5837 12.6483
    endloop
  endfacet
  facet normal -0.528396 -0.643631 0.553657
    outer loop
      vertex -19.0166 -33.9934 12.2613
      vertex -19.109 -34.0858 12.0657
      vertex -18.9487 -34.2174 12.0657
    endloop
  endfacet
  facet normal -0.124498 -0.151463 0.980591
    outer loop
      vertex -18.4439 -33.4206 12.6942
      vertex -18.607 -33.5837 12.6483
      vertex -18.5542 -33.6271 12.6483
    endloop
  endfacet
  facet normal -0.243842 -0.296836 0.923271
    outer loop
      vertex -18.5542 -33.6271 12.6483
      vertex -18.7607 -33.7374 12.5583
      vertex -18.675 -33.8078 12.5583
    endloop
  endfacet
  facet normal -0.196851 -0.328496 0.923764
    outer loop
      vertex -18.2547 -33.8492 12.6483
      vertex -18.0556 -34.2216 12.5583
      vertex -17.9348 -34.0409 12.6483
    endloop
  endfacet
  facet normal -0.196935 -0.328533 0.923733
    outer loop
      vertex -18.0556 -34.2216 12.5583
      vertex -18.2547 -33.8492 12.6483
      vertex -18.3754 -34.0299 12.5583
    endloop
  endfacet
  facet normal -0.427717 -0.713531 0.554917
    outer loop
      vertex -18.3293 -34.6312 12.0657
      vertex -18.5765 -34.3309 12.2613
      vertex -18.6491 -34.4395 12.0657
    endloop
  endfacet
  facet normal -0.427717 -0.713531 0.554917
    outer loop
      vertex -18.5765 -34.3309 12.2613
      vertex -18.3293 -34.6312 12.0657
      vertex -18.2567 -34.5226 12.2613
    endloop
  endfacet
  facet normal -0.353844 -0.430745 0.830212
    outer loop
      vertex -18.7607 -33.7374 12.5583
      vertex -18.899 -33.8757 12.4276
      vertex -18.675 -33.8078 12.5583
    endloop
  endfacet
  facet normal -0.202307 0.806773 0.555149
    outer loop
      vertex -16.8978 29.165 12.0657
      vertex -17.234 28.9461 12.2613
      vertex -16.8723 29.0368 12.2613
    endloop
  endfacet
  facet normal -0.202307 0.806773 0.555149
    outer loop
      vertex -17.234 28.9461 12.2613
      vertex -16.8978 29.165 12.0657
      vertex -17.2595 29.0743 12.0657
    endloop
  endfacet
  facet normal -0.280397 0.783193 0.554965
    outer loop
      vertex -17.4581 29.0141 12.0657
      vertex -17.7592 28.7677 12.2613
      vertex -17.4081 28.8934 12.2613
    endloop
  endfacet
  facet normal -0.280138 0.783093 0.555238
    outer loop
      vertex -17.7592 28.7677 12.2613
      vertex -17.4581 29.0141 12.0657
      vertex -17.8092 28.8885 12.0657
    endloop
  endfacet
  facet normal -0.100421 0.167578 0.980731
    outer loop
      vertex -17.9348 28.0409 12.6483
      vertex -18.1265 27.6574 12.6942
      vertex -17.8066 27.8491 12.6942
    endloop
  endfacet
  facet normal -0.100421 0.167578 0.980731
    outer loop
      vertex -18.1265 27.6574 12.6942
      vertex -17.9348 28.0409 12.6483
      vertex -18.2547 27.8492 12.6483
    endloop
  endfacet
  facet normal -0.68616 0.171872 0.706855
    outer loop
      vertex -20.4962 25.684 12.2613
      vertex -20.4236 25.2899 12.4276
      vertex -20.333 25.6516 12.4276
    endloop
  endfacet
  facet normal -0.68616 0.171872 0.706855
    outer loop
      vertex -20.4236 25.2899 12.4276
      vertex -20.4962 25.684 12.2613
      vertex -20.5868 25.3223 12.2613
    endloop
  endfacet
  facet normal -0.53944 0.135121 0.831112
    outer loop
      vertex -20.333 25.6516 12.4276
      vertex -20.2318 25.2517 12.5583
      vertex -20.1412 25.6134 12.5583
    endloop
  endfacet
  facet normal -0.53944 0.135121 0.831112
    outer loop
      vertex -20.2318 25.2517 12.5583
      vertex -20.333 25.6516 12.4276
      vertex -20.4236 25.2899 12.4276
    endloop
  endfacet
  facet normal -0.783093 0.280138 0.555238
    outer loop
      vertex -20.5641 25.9081 12.0657
      vertex -20.3177 26.2092 12.2613
      vertex -20.4385 26.2592 12.0657
    endloop
  endfacet
  facet normal -0.783157 0.280304 0.555063
    outer loop
      vertex -20.3177 26.2092 12.2613
      vertex -20.5641 25.9081 12.0657
      vertex -20.4434 25.858 12.2613
    endloop
  endfacet
  facet normal -0.772928 0.634493 0
    outer loop
      vertex -19.8804 27.4742 1.08238
      vertex -19.7319 27.6551 11.6176
      vertex -19.7319 27.6551 1.08238
    endloop
  endfacet
  facet normal -0.772928 0.634493 0
    outer loop
      vertex -19.7319 27.6551 11.6176
      vertex -19.8804 27.4742 1.08238
      vertex -19.8804 27.4742 11.6176
    endloop
  endfacet
  facet normal -0.758212 0.622413 -0.194209
    outer loop
      vertex -19.6994 27.6227 0.851659
      vertex -19.8804 27.4742 1.08238
      vertex -19.7319 27.6551 1.08238
    endloop
  endfacet
  facet normal -0.726691 0.658835 -0.194568
    outer loop
      vertex -19.449 27.899 0.851659
      vertex -19.7319 27.6551 1.08238
      vertex -19.4814 27.9314 1.08238
    endloop
  endfacet
  facet normal -0.726777 0.65865 -0.19487
    outer loop
      vertex -19.7319 27.6551 1.08238
      vertex -19.449 27.899 0.851659
      vertex -19.6994 27.6227 0.851659
    endloop
  endfacet
  facet normal -0.758268 0.622303 0.194341
    outer loop
      vertex -19.6994 27.6227 11.8483
      vertex -19.8804 27.4742 11.6176
      vertex -19.8422 27.4487 11.8483
    endloop
  endfacet
  facet normal -0.758209 0.622411 0.194226
    outer loop
      vertex -19.7319 27.6551 11.6176
      vertex -19.8804 27.4742 11.6176
      vertex -19.6994 27.6227 11.8483
    endloop
  endfacet
  facet normal -0.841181 0.504498 -0.194667
    outer loop
      vertex -20.0644 27.1491 0.851659
      vertex -20.2943 26.8548 1.08238
      vertex -20.1025 27.1746 1.08238
    endloop
  endfacet
  facet normal -0.841238 0.504269 -0.195015
    outer loop
      vertex -20.2943 26.8548 1.08238
      vertex -20.0644 27.1491 0.851659
      vertex -20.2561 26.8293 0.851659
    endloop
  endfacet
  facet normal -0.81541 0.435624 -0.381233
    outer loop
      vertex -20.1812 26.7793 0.634324
      vertex -20.3622 26.6307 0.851659
      vertex -20.2561 26.8293 0.851659
    endloop
  endfacet
  facet normal -0.815388 0.435765 -0.381119
    outer loop
      vertex -20.279 26.5963 0.634324
      vertex -20.3622 26.6307 0.851659
      vertex -20.1812 26.7793 0.634324
    endloop
  endfacet
  facet normal -0.706681 0.0347175 0.706681
    outer loop
      vertex -20.6776 24.4 12.2613
      vertex -20.493 24.7725 12.4276
      vertex -20.6593 24.7725 12.2613
    endloop
  endfacet
  facet normal -0.706681 0.0347175 0.706681
    outer loop
      vertex -20.493 24.7725 12.4276
      vertex -20.6776 24.4 12.2613
      vertex -20.5113 24.4 12.4276
    endloop
  endfacet
  facet normal -0.421486 -0.568115 -0.70682
    outer loop
      vertex -18.876 -34.1087 0.438728
      vertex -18.4841 -34.1925 0.272388
      vertex -18.5765 -34.3309 0.438728
    endloop
  endfacet
  facet normal -0.421463 -0.56834 -0.706653
    outer loop
      vertex -18.4841 -34.1925 0.272388
      vertex -18.876 -34.1087 0.438728
      vertex -18.7836 -33.9704 0.272388
    endloop
  endfacet
  facet normal -0.194974 -0.0195826 -0.980613
    outer loop
      vertex -19.847 -30.7954 0.00577831
      vertex -20.0733 -30.8404 0.051672
      vertex -19.8493 -30.7725 0.00577831
    endloop
  endfacet
  facet normal -0.527914 -0.643753 -0.553975
    outer loop
      vertex -18.9487 -34.2174 0.634324
      vertex -19.0166 -33.9934 0.438728
      vertex -18.876 -34.1087 0.438728
    endloop
  endfacet
  facet normal -0.678177 -0.205792 0.705497
    outer loop
      vertex -20.2897 -31.7944 12.4276
      vertex -20.4962 -31.684 12.2613
      vertex -20.4434 -31.858 12.2613
    endloop
  endfacet
  facet normal -0.976271 -0.0959923 -0.194115
    outer loop
      vertex -20.903 -31.0054 1.08238
      vertex -20.9259 -30.7725 1.08238
      vertex -20.858 -30.9965 0.851659
    endloop
  endfacet
  facet normal -0.533451 -0.161896 -0.830193
    outer loop
      vertex -20.109 -31.7195 0.141695
      vertex -20.333 -31.6516 0.272388
      vertex -20.1412 -31.6134 0.141695
    endloop
  endfacet
  facet normal -0.758209 -0.622411 0.194226
    outer loop
      vertex -19.6994 -33.6227 11.8483
      vertex -19.8804 -33.4742 11.6176
      vertex -19.7319 -33.6551 11.6176
    endloop
  endfacet
  facet normal -0.882044 -0.471166 -1.84206e-06
    outer loop
      vertex -20.2943 -32.8548 11.6176
      vertex -20.4046 -32.6483 8.15015
      vertex -20.3835 -32.6878 8.11777
    endloop
  endfacet
  facet normal -0.88206 -0.471136 -0
    outer loop
      vertex -20.2943 -32.8548 11.6176
      vertex -20.3835 -32.6878 8.11777
      vertex -20.2943 -32.8548 7.91427
    endloop
  endfacet
  facet normal -0.882057 -0.471142 0
    outer loop
      vertex -20.4046 -32.6483 8.15015
      vertex -20.2943 -32.8548 11.6176
      vertex -20.4046 -32.6483 11.6176
    endloop
  endfacet
  facet normal -0.882057 -0.471142 0
    outer loop
      vertex -20.2943 -32.8548 1.08238
      vertex -20.4046 -32.6483 4.54985
      vertex -20.4046 -32.6483 1.08238
    endloop
  endfacet
  facet normal -0.882044 -0.471166 1.84205e-06
    outer loop
      vertex -20.4046 -32.6483 4.54985
      vertex -20.2943 -32.8548 1.08238
      vertex -20.3835 -32.6878 4.58223
    endloop
  endfacet
  facet normal -0.88206 -0.471136 0
    outer loop
      vertex -20.3835 -32.6878 4.58223
      vertex -20.2943 -32.8548 1.08238
      vertex -20.2943 -32.8548 4.78573
    endloop
  endfacet
  facet normal -0.886581 -0.419489 0.194946
    outer loop
      vertex -20.5641 -32.3112 11.6176
      vertex -20.3622 -32.6307 11.8483
      vertex -20.5217 -32.2936 11.8483
    endloop
  endfacet
  facet normal -0.886581 -0.419489 0.194946
    outer loop
      vertex -20.3622 -32.6307 11.8483
      vertex -20.5641 -32.3112 11.6176
      vertex -20.4046 -32.6483 11.6176
    endloop
  endfacet
  facet normal -0.435624 -0.81541 -0.381233
    outer loop
      vertex -18.1807 -34.8122 0.851659
      vertex -18.3793 -34.7061 0.851659
      vertex -18.3293 -34.6312 0.634324
    endloop
  endfacet
  facet normal -0.392546 -0.734518 -0.553526
    outer loop
      vertex -18.1463 -34.729 0.634324
      vertex -18.3293 -34.6312 0.634324
      vertex -18.2567 -34.5226 0.438728
    endloop
  endfacet
  facet normal -0.713531 -0.427717 0.554917
    outer loop
      vertex -20.1812 -32.7793 12.0657
      vertex -19.8809 -33.0265 12.2613
      vertex -20.0726 -32.7067 12.2613
    endloop
  endfacet
  facet normal -0.713531 -0.427717 0.554917
    outer loop
      vertex -19.8809 -33.0265 12.2613
      vertex -20.1812 -32.7793 12.0657
      vertex -19.9895 -33.0991 12.0657
    endloop
  endfacet
  facet normal -0.643853 -0.527996 0.55378
    outer loop
      vertex -19.6587 -33.326 12.2613
      vertex -19.7674 -33.3986 12.0657
      vertex -19.5434 -33.4666 12.2613
    endloop
  endfacet
  facet normal -0.172865 -0.0924629 0.980596
    outer loop
      vertex -19.3991 -32.2566 12.6942
      vertex -19.6231 -32.3246 12.6483
      vertex -19.5909 -32.3848 12.6483
    endloop
  endfacet
  facet normal -0.491732 -0.262681 0.83018
    outer loop
      vertex -19.8239 -32.4078 12.5583
      vertex -20.0046 -32.4826 12.4276
      vertex -19.9343 -32.6142 12.4276
    endloop
  endfacet
  facet normal -0.742222 -0.550409 0.382304
    outer loop
      vertex -20.0644 -33.1491 11.8483
      vertex -19.7674 -33.3986 12.0657
      vertex -19.9895 -33.0991 12.0657
    endloop
  endfacet
  facet normal -0.742217 -0.550469 0.382228
    outer loop
      vertex -19.7674 -33.3986 12.0657
      vertex -20.0644 -33.1491 11.8483
      vertex -19.8422 -33.4487 11.8483
    endloop
  endfacet
  facet normal -0.758268 -0.622303 0.194341
    outer loop
      vertex -19.8422 -33.4487 11.8483
      vertex -19.8804 -33.4742 11.6176
      vertex -19.6994 -33.6227 11.8483
    endloop
  endfacet
  facet normal -0.616254 -0.55871 0.555044
    outer loop
      vertex -19.6358 -33.559 12.0657
      vertex -19.2929 -33.7429 12.2613
      vertex -19.5434 -33.4666 12.2613
    endloop
  endfacet
  facet normal -0.616254 -0.55871 0.555044
    outer loop
      vertex -19.2929 -33.7429 12.2613
      vertex -19.6358 -33.559 12.0657
      vertex -19.3853 -33.8353 12.0657
    endloop
  endfacet
  facet normal -0.524135 -0.475004 0.706862
    outer loop
      vertex -19.5434 -33.4666 12.2613
      vertex -19.1753 -33.6253 12.4276
      vertex -19.4257 -33.349 12.4276
    endloop
  endfacet
  facet normal -0.524155 -0.475211 0.706708
    outer loop
      vertex -19.1753 -33.6253 12.4276
      vertex -19.5434 -33.4666 12.2613
      vertex -19.2929 -33.7429 12.2613
    endloop
  endfacet
  facet normal -0.622303 -0.758268 0.194341
    outer loop
      vertex -18.9987 -34.2922 11.8483
      vertex -19.1727 -34.1494 11.8483
      vertex -19.0242 -34.3304 11.6176
    endloop
  endfacet
  facet normal -0.584094 -0.787908 0.195026
    outer loop
      vertex -18.7246 -34.5525 11.6176
      vertex -18.9987 -34.2922 11.8483
      vertex -19.0242 -34.3304 11.6176
    endloop
  endfacet
  facet normal -0.584302 -0.787835 0.194695
    outer loop
      vertex -18.9987 -34.2922 11.8483
      vertex -18.7246 -34.5525 11.6176
      vertex -18.6991 -34.5144 11.8483
    endloop
  endfacet
  facet normal -0.970196 -0.144122 0.194805
    outer loop
      vertex -20.903 -31.0054 11.6176
      vertex -20.8032 -31.3654 11.8483
      vertex -20.858 -30.9965 11.8483
    endloop
  endfacet
  facet normal -0.970196 -0.144122 0.194805
    outer loop
      vertex -20.8032 -31.3654 11.8483
      vertex -20.903 -31.0054 11.6176
      vertex -20.8482 -31.3743 11.6176
    endloop
  endfacet
  facet normal -0.822753 -0.121997 0.555153
    outer loop
      vertex -20.7697 -30.9789 12.0657
      vertex -20.5868 -31.3223 12.2613
      vertex -20.6415 -30.9534 12.2613
    endloop
  endfacet
  facet normal -0.822909 -0.122243 0.554866
    outer loop
      vertex -20.5868 -31.3223 12.2613
      vertex -20.7697 -30.9789 12.0657
      vertex -20.7149 -31.3478 12.0657
    endloop
  endfacet
  facet normal -0.938791 -0.284601 0.194099
    outer loop
      vertex -20.7126 -31.7271 11.8483
      vertex -20.7576 -31.736 11.6176
      vertex -20.6473 -31.9425 11.8483
    endloop
  endfacet
  facet normal -0.828695 -0.0815044 0.553734
    outer loop
      vertex -20.6593 -30.7725 12.2613
      vertex -20.79 -30.7725 12.0657
      vertex -20.7697 -30.9789 12.0657
    endloop
  endfacet
  facet normal 0.28385 0.257345 -0.92369
    outer loop
      vertex 18.8833 27.3333 0.051672
      vertex 19.2874 27.2107 0.141695
      vertex 19.1338 27.057 0.051672
    endloop
  endfacet
  facet normal 0.283821 0.257216 -0.923735
    outer loop
      vertex 19.2874 27.2107 0.141695
      vertex 18.8833 27.3333 0.051672
      vertex 19.037 27.487 0.141695
    endloop
  endfacet
  facet normal 0.338816 -0.181227 -0.923234
    outer loop
      vertex 19.8239 -32.4078 0.141695
      vertex 19.5909 -32.3848 0.051672
      vertex 19.6231 -32.3246 0.051672
    endloop
  endfacet
  facet normal 0.338821 -0.18119 -0.923239
    outer loop
      vertex 19.7716 -32.5056 0.141695
      vertex 19.5909 -32.3848 0.051672
      vertex 19.8239 -32.4078 0.141695
    endloop
  endfacet
  facet normal 0.238527 0.666243 -0.706559
    outer loop
      vertex 17.6955 28.6141 0.272388
      vertex 17.4081 28.8934 0.438728
      vertex 17.7592 28.7677 0.438728
    endloop
  endfacet
  facet normal 0.238292 0.666119 -0.706755
    outer loop
      vertex 17.4081 28.8934 0.438728
      vertex 17.6955 28.6141 0.272388
      vertex 17.3444 28.7397 0.272388
    endloop
  endfacet
  facet normal 0.228158 0.307669 -0.923734
    outer loop
      vertex 18.2547 27.8492 0.051672
      vertex 18.675 27.8078 0.141695
      vertex 18.5542 27.6271 0.051672
    endloop
  endfacet
  facet normal 0.228161 0.307775 -0.923697
    outer loop
      vertex 18.675 27.8078 0.141695
      vertex 18.2547 27.8492 0.051672
      vertex 18.3754 28.0299 0.141695
    endloop
  endfacet
  facet normal 0.262835 0.491497 -0.83027
    outer loop
      vertex 18.0556 28.2216 0.141695
      vertex 17.9578 28.2739 0.141695
      vertex 18.1642 28.3843 0.272388
    endloop
  endfacet
  facet normal 0.297191 0.243719 -0.923189
    outer loop
      vertex 19.1771 27.0042 0.051672
      vertex 19.1338 27.057 0.051672
      vertex 19.2874 27.2107 0.141695
    endloop
  endfacet
  facet normal 0.338816 0.181227 -0.923234
    outer loop
      vertex 19.6231 26.3246 0.051672
      vertex 19.5909 26.3848 0.051672
      vertex 19.8239 26.4078 0.141695
    endloop
  endfacet
  facet normal 0.151551 -0.124283 -0.980605
    outer loop
      vertex 19.1338 -33.057 0.051672
      vertex 18.9706 -32.8939 0.00577831
      vertex 19.1771 -33.0042 0.051672
    endloop
  endfacet
  facet normal 0.144721 0.131155 -0.980742
    outer loop
      vertex 18.7202 27.1702 0.00577831
      vertex 19.1338 27.057 0.051672
      vertex 18.9706 26.8939 0.00577831
    endloop
  endfacet
  facet normal 0.144738 0.131223 -0.98073
    outer loop
      vertex 19.1338 27.057 0.051672
      vertex 18.7202 27.1702 0.00577831
      vertex 18.8833 27.3333 0.051672
    endloop
  endfacet
  facet normal 0.123817 0.151804 -0.980625
    outer loop
      vertex 18.4439 27.4206 0.00577831
      vertex 18.426 27.4352 0.00577831
      vertex 18.5542 27.6271 0.051672
    endloop
  endfacet
  facet normal -0.100408 -0.167556 -0.980736
    outer loop
      vertex -17.9348 -34.0409 0.051672
      vertex -18.1265 -33.6574 0.00577831
      vertex -17.8066 -33.8491 0.00577831
    endloop
  endfacet
  facet normal -0.100408 -0.167556 -0.980736
    outer loop
      vertex -18.1265 -33.6574 0.00577831
      vertex -17.9348 -34.0409 0.051672
      vertex -18.2547 -33.8492 0.051672
    endloop
  endfacet
  facet normal 0.307775 0.228161 -0.923697
    outer loop
      vertex 19.3992 26.7047 0.051672
      vertex 19.3578 27.125 0.141695
      vertex 19.5799 26.8254 0.141695
    endloop
  endfacet
  facet normal 0.307669 0.228158 -0.923734
    outer loop
      vertex 19.3578 27.125 0.141695
      vertex 19.3992 26.7047 0.051672
      vertex 19.1771 27.0042 0.051672
    endloop
  endfacet
  facet normal 0.668084 0.49543 -0.555169
    outer loop
      vertex 19.9895 27.0991 0.634324
      vertex 19.6587 27.326 0.438728
      vertex 19.7674 27.3986 0.634324
    endloop
  endfacet
  facet normal 0.668106 0.49567 -0.554929
    outer loop
      vertex 19.6587 27.326 0.438728
      vertex 19.9895 27.0991 0.634324
      vertex 19.8809 27.0265 0.438728
    endloop
  endfacet
  facet normal 0.643849 0.527993 -0.553788
    outer loop
      vertex 19.6587 27.326 0.438728
      vertex 19.5434 27.4666 0.438728
      vertex 19.7674 27.3986 0.634324
    endloop
  endfacet
  facet normal 0.237846 -0.502683 0.831107
    outer loop
      vertex 17.6207 -34.4334 12.5583
      vertex 18.0326 -34.4546 12.4276
      vertex 17.9578 -34.2739 12.5583
    endloop
  endfacet
  facet normal 0.237846 -0.502683 0.831107
    outer loop
      vertex 18.0326 -34.4546 12.4276
      vertex 17.6207 -34.4334 12.5583
      vertex 17.6955 -34.6141 12.4276
    endloop
  endfacet
  facet normal 0.135531 -0.914031 -0.382333
    outer loop
      vertex 16.8978 -35.165 0.634324
      vertex 16.5465 -35.308 0.851659
      vertex 16.5289 -35.2197 0.634324
    endloop
  endfacet
  facet normal 0.135795 -0.91414 -0.381978
    outer loop
      vertex 16.5465 -35.308 0.851659
      vertex 16.8978 -35.165 0.634324
      vertex 16.9154 -35.2532 0.851659
    endloop
  endfacet
  facet normal 0.224785 -0.896413 -0.38199
    outer loop
      vertex 17.2595 -35.0743 0.634324
      vertex 16.9154 -35.2532 0.851659
      vertex 16.8978 -35.165 0.634324
    endloop
  endfacet
  facet normal 0.224516 -0.896328 -0.382346
    outer loop
      vertex 16.9154 -35.2532 0.851659
      vertex 17.2595 -35.0743 0.634324
      vertex 17.2771 -35.1626 0.851659
    endloop
  endfacet
  facet normal 0.26819 -0.884759 -0.381152
    outer loop
      vertex 17.4925 -35.0973 0.851659
      vertex 17.2595 -35.0743 0.634324
      vertex 17.4581 -35.0141 0.634324
    endloop
  endfacet
  facet normal 0.0815039 -0.82869 -0.553742
    outer loop
      vertex 16.5289 -35.2197 0.634324
      vertex 16.3225 -35.24 0.634324
      vertex 16.3225 -35.1093 0.438728
    endloop
  endfacet
  facet normal 0.103758 -0.69975 -0.706813
    outer loop
      vertex 16.5034 -35.0915 0.438728
      vertex 16.8398 -34.8736 0.272388
      vertex 16.8723 -35.0368 0.438728
    endloop
  endfacet
  facet normal 0.10379 -0.699776 -0.706783
    outer loop
      vertex 16.8398 -34.8736 0.272388
      vertex 16.5034 -35.0915 0.438728
      vertex 16.471 -34.9283 0.272388
    endloop
  endfacet
  facet normal 0.0815911 -0.550106 -0.8311
    outer loop
      vertex 16.471 -34.9283 0.272388
      vertex 16.8017 -34.6818 0.141695
      vertex 16.8398 -34.8736 0.272388
    endloop
  endfacet
  facet normal 0.0815653 -0.550081 -0.831118
    outer loop
      vertex 16.8017 -34.6818 0.141695
      vertex 16.471 -34.9283 0.272388
      vertex 16.4328 -34.7365 0.141695
    endloop
  endfacet
  facet normal 0.205654 -0.678231 -0.705485
    outer loop
      vertex 17.234 -34.9462 0.438728
      vertex 17.2016 -34.783 0.272388
      vertex 17.3444 -34.7397 0.272388
    endloop
  endfacet
  facet normal 0.056179 -0.378874 -0.923741
    outer loop
      vertex 16.4328 -34.7365 0.141695
      vertex 16.7593 -34.4686 0.051672
      vertex 16.8017 -34.6818 0.141695
    endloop
  endfacet
  facet normal 0.056179 -0.378874 -0.923741
    outer loop
      vertex 16.7593 -34.4686 0.051672
      vertex 16.4328 -34.7365 0.141695
      vertex 16.3904 -34.5233 0.051672
    endloop
  endfacet
  facet normal -0.395205 -0.835258 -0.382306
    outer loop
      vertex -18.1463 -34.729 0.634324
      vertex -17.8436 -34.9717 0.851659
      vertex -18.1807 -34.8122 0.851659
    endloop
  endfacet
  facet normal -0.395205 -0.835258 -0.382306
    outer loop
      vertex -17.8436 -34.9717 0.851659
      vertex -18.1463 -34.729 0.634324
      vertex -17.8092 -34.8885 0.634324
    endloop
  endfacet
  facet normal -0.121996 -0.822748 -0.55516
    outer loop
      vertex -16.8723 -35.0368 0.438728
      vertex -16.5289 -35.2197 0.634324
      vertex -16.8978 -35.165 0.634324
    endloop
  endfacet
  facet normal -0.121996 -0.822748 -0.55516
    outer loop
      vertex -16.5289 -35.2197 0.634324
      vertex -16.8723 -35.0368 0.438728
      vertex -16.5034 -35.0915 0.438728
    endloop
  endfacet
  facet normal -0.284566 -0.938775 -0.194228
    outer loop
      vertex -17.2861 -35.2076 1.08238
      vertex -17.5101 -35.1397 1.08238
      vertex -17.4925 -35.0973 0.851659
    endloop
  endfacet
  facet normal -0.330369 -0.923507 -0.194916
    outer loop
      vertex -17.8436 -34.9717 0.851659
      vertex -17.5101 -35.1397 1.08238
      vertex -17.8612 -35.0141 1.08238
    endloop
  endfacet
  facet normal -0.330369 -0.923507 -0.194916
    outer loop
      vertex -17.5101 -35.1397 1.08238
      vertex -17.8436 -34.9717 0.851659
      vertex -17.4925 -35.0973 0.851659
    endloop
  endfacet
  facet normal -0.0698339 -0.705465 -0.705296
    outer loop
      vertex -16.3225 -35.1093 0.438728
      vertex -16.471 -34.9283 0.272388
      vertex -16.3225 -34.943 0.272388
    endloop
  endfacet
  facet normal -0.0347216 -0.706765 -0.706595
    outer loop
      vertex -16.3225 -34.943 0.272388
      vertex -15.95 -35.1276 0.438728
      vertex -16.3225 -35.1093 0.438728
    endloop
  endfacet
  facet normal -0.0347216 -0.706765 -0.706595
    outer loop
      vertex -15.95 -35.1276 0.438728
      vertex -16.3225 -34.943 0.272388
      vertex -15.95 -34.9613 0.272388
    endloop
  endfacet
  facet normal 0.491497 -0.262835 -0.83027
    outer loop
      vertex 19.9343 -32.6142 0.272388
      vertex 19.7716 -32.5056 0.141695
      vertex 19.8239 -32.4078 0.141695
    endloop
  endfacet
  facet normal -0.0568559 -0.18754 -0.98061
    outer loop
      vertex -17.076 -34.1517 0.00577831
      vertex -17.1864 -34.3582 0.051672
      vertex -17.0981 -34.145 0.00577831
    endloop
  endfacet
  facet normal 0.884759 -0.26819 -0.381152
    outer loop
      vertex 20.6473 -31.9425 0.851659
      vertex 20.5641 -31.9081 0.634324
      vertex 20.6243 -31.7095 0.634324
    endloop
  endfacet
  facet normal 0.734524 -0.392448 -0.553587
    outer loop
      vertex 20.279 -32.5963 0.634324
      vertex 20.0726 -32.7067 0.438728
      vertex 20.1583 -32.5463 0.438728
    endloop
  endfacet
  facet normal 0.625093 -0.33398 -0.70549
    outer loop
      vertex 20.0726 -32.7067 0.438728
      vertex 20.0046 -32.4826 0.272388
      vertex 20.1583 -32.5463 0.438728
    endloop
  endfacet
  facet normal 0.81541 -0.435624 -0.381233
    outer loop
      vertex 20.2561 -32.8293 0.851659
      vertex 20.1812 -32.7793 0.634324
      vertex 20.3622 -32.6307 0.851659
    endloop
  endfacet
  facet normal 0.865253 -0.462167 -0.194264
    outer loop
      vertex 20.4046 -32.6483 1.08238
      vertex 20.2943 -32.8548 1.08238
      vertex 20.3622 -32.6307 0.851659
    endloop
  endfacet
  facet normal 0.882044 -0.471166 1.84205e-06
    outer loop
      vertex 20.2943 -32.8548 1.08238
      vertex 20.4046 -32.6483 4.54985
      vertex 20.3835 -32.6878 4.58223
    endloop
  endfacet
  facet normal 0.88206 -0.471136 0
    outer loop
      vertex 20.2943 -32.8548 1.08238
      vertex 20.3835 -32.6878 4.58223
      vertex 20.2943 -32.8548 4.78573
    endloop
  endfacet
  facet normal 0.882057 -0.471142 0
    outer loop
      vertex 20.4046 -32.6483 4.54985
      vertex 20.2943 -32.8548 1.08238
      vertex 20.4046 -32.6483 1.08238
    endloop
  endfacet
  facet normal 0.882057 -0.471142 0
    outer loop
      vertex 20.2943 -32.8548 11.6176
      vertex 20.4046 -32.6483 8.15015
      vertex 20.4046 -32.6483 11.6176
    endloop
  endfacet
  facet normal 0.882044 -0.471166 -1.84206e-06
    outer loop
      vertex 20.4046 -32.6483 8.15015
      vertex 20.2943 -32.8548 11.6176
      vertex 20.3835 -32.6878 8.11777
    endloop
  endfacet
  facet normal 0.88206 -0.471136 0
    outer loop
      vertex 20.3835 -32.6878 8.11777
      vertex 20.2943 -32.8548 11.6176
      vertex 20.2943 -32.8548 7.91427
    endloop
  endfacet
  facet normal 0.705465 -0.0698339 -0.705296
    outer loop
      vertex 20.6593 -30.7725 0.438728
      vertex 20.4783 -30.921 0.272388
      vertex 20.493 -30.7725 0.272388
    endloop
  endfacet
  facet normal 0.797039 -0.2416 -0.553496
    outer loop
      vertex 20.5641 -31.9081 0.634324
      vertex 20.4962 -31.684 0.438728
      vertex 20.6243 -31.7095 0.634324
    endloop
  endfacet
  facet normal 0.523587 -0.187304 -0.831128
    outer loop
      vertex 19.9834 -32.0707 0.141695
      vertex 20.2897 -31.7944 0.272388
      vertex 20.1641 -32.1455 0.272388
    endloop
  endfacet
  facet normal 0.523543 -0.187235 -0.831171
    outer loop
      vertex 20.2897 -31.7944 0.272388
      vertex 19.9834 -32.0707 0.141695
      vertex 20.109 -31.7195 0.141695
    endloop
  endfacet
  facet normal -0.189458 -0.0474561 -0.980741
    outer loop
      vertex -19.928 -31.571 0.051672
      vertex -19.7923 -31.1643 0.00577831
      vertex -19.7017 -31.526 0.00577831
    endloop
  endfacet
  facet normal -0.189458 -0.0474561 -0.980741
    outer loop
      vertex -19.7923 -31.1643 0.00577831
      vertex -19.928 -31.571 0.051672
      vertex -20.0186 -31.2093 0.051672
    endloop
  endfacet
  facet normal 0.302499 -0.639727 -0.706572
    outer loop
      vertex 17.6955 -34.6141 0.272388
      vertex 18.0963 -34.6083 0.438728
      vertex 17.7592 -34.7677 0.438728
    endloop
  endfacet
  facet normal 0.302574 -0.639483 -0.70676
    outer loop
      vertex 18.0963 -34.6083 0.438728
      vertex 17.6955 -34.6141 0.272388
      vertex 18.0326 -34.4546 0.272388
    endloop
  endfacet
  facet normal 0.131196 -0.144766 -0.98073
    outer loop
      vertex 18.607 -33.5837 0.051672
      vertex 18.7202 -33.1702 0.00577831
      vertex 18.8833 -33.3333 0.051672
    endloop
  endfacet
  facet normal 0.131196 -0.144766 -0.98073
    outer loop
      vertex 18.7202 -33.1702 0.00577831
      vertex 18.607 -33.5837 0.051672
      vertex 18.4439 -33.4206 0.00577831
    endloop
  endfacet
  facet normal 0.622305 -0.758271 -0.194324
    outer loop
      vertex 19.0242 -34.3304 1.08238
      vertex 18.9987 -34.2922 0.851659
      vertex 19.1727 -34.1494 0.851659
    endloop
  endfacet
  facet normal 0.792512 -0.475061 -0.382415
    outer loop
      vertex 20.2561 -32.8293 0.851659
      vertex 19.9895 -33.0991 0.634324
      vertex 20.1812 -32.7793 0.634324
    endloop
  endfacet
  facet normal 0.792512 -0.475061 -0.382415
    outer loop
      vertex 19.9895 -33.0991 0.634324
      vertex 20.2561 -32.8293 0.851659
      vertex 20.0644 -33.1491 0.851659
    endloop
  endfacet
  facet normal 0.363691 -0.606721 -0.706837
    outer loop
      vertex 18.2567 -34.5226 0.438728
      vertex 18.4841 -34.1925 0.272388
      vertex 18.5765 -34.3309 0.438728
    endloop
  endfacet
  facet normal 0.363784 -0.606749 -0.706765
    outer loop
      vertex 18.4841 -34.1925 0.272388
      vertex 18.2567 -34.5226 0.438728
      vertex 18.1642 -34.3843 0.272388
    endloop
  endfacet
  facet normal 0.283821 -0.257216 -0.923735
    outer loop
      vertex 18.8833 -33.3333 0.051672
      vertex 19.2874 -33.2107 0.141695
      vertex 19.037 -33.487 0.141695
    endloop
  endfacet
  facet normal 0.28385 -0.257345 -0.92369
    outer loop
      vertex 19.2874 -33.2107 0.141695
      vertex 18.8833 -33.3333 0.051672
      vertex 19.1338 -33.057 0.051672
    endloop
  endfacet
  facet normal 0.547955 -0.449665 -0.70537
    outer loop
      vertex 19.6587 -33.326 0.438728
      vertex 19.4257 -33.349 0.272388
      vertex 19.5204 -33.2336 0.272388
    endloop
  endfacet
  facet normal 0.0286472 -0.193198 -0.980741
    outer loop
      vertex 16.3904 -34.5233 0.051672
      vertex 16.7143 -34.2423 0.00577831
      vertex 16.7593 -34.4686 0.051672
    endloop
  endfacet
  facet normal 0.0287099 -0.193268 -0.980726
    outer loop
      vertex 16.7143 -34.2423 0.00577831
      vertex 16.3904 -34.5233 0.051672
      vertex 16.3454 -34.2971 0.00577831
    endloop
  endfacet
  facet normal 0.238527 -0.666243 -0.706559
    outer loop
      vertex 17.4081 -34.8934 0.438728
      vertex 17.6955 -34.6141 0.272388
      vertex 17.7592 -34.7677 0.438728
    endloop
  endfacet
  facet normal 0.238292 -0.666119 -0.706755
    outer loop
      vertex 17.6955 -34.6141 0.272388
      vertex 17.4081 -34.8934 0.438728
      vertex 17.3444 -34.7397 0.272388
    endloop
  endfacet
  facet normal 0.111356 -0.367811 -0.923209
    outer loop
      vertex 17.2695 -34.559 0.141695
      vertex 17.121 -34.378 0.051672
      vertex 17.1864 -34.3582 0.051672
    endloop
  endfacet
  facet normal 0.128991 -0.36068 -0.923727
    outer loop
      vertex 17.2695 -34.559 0.141695
      vertex 17.5375 -34.2326 0.051672
      vertex 17.6207 -34.4334 0.141695
    endloop
  endfacet
  facet normal 0.12904 -0.360715 -0.923706
    outer loop
      vertex 17.5375 -34.2326 0.051672
      vertex 17.2695 -34.559 0.141695
      vertex 17.1864 -34.3582 0.051672
    endloop
  endfacet
  facet normal 0.18119 -0.338821 -0.923239
    outer loop
      vertex 17.9578 -34.2739 0.141695
      vertex 17.9348 -34.0409 0.051672
      vertex 18.0556 -34.2216 0.141695
    endloop
  endfacet
  facet normal 0.262835 -0.491497 -0.83027
    outer loop
      vertex 18.1642 -34.3843 0.272388
      vertex 17.9578 -34.2739 0.141695
      vertex 18.0556 -34.2216 0.141695
    endloop
  endfacet
  facet normal 0.0924507 -0.172843 -0.980601
    outer loop
      vertex 17.8746 -34.0731 0.051672
      vertex 17.8066 -33.8491 0.00577831
      vertex 17.9348 -34.0409 0.051672
    endloop
  endfacet
  facet normal -0.0474561 -0.189458 -0.980741
    outer loop
      vertex -17.121 -34.378 0.051672
      vertex -16.7143 -34.2423 0.00577831
      vertex -16.7593 -34.4686 0.051672
    endloop
  endfacet
  facet normal -0.0474561 -0.189458 -0.980741
    outer loop
      vertex -16.7143 -34.2423 0.00577831
      vertex -17.121 -34.378 0.051672
      vertex -17.076 -34.1517 0.00577831
    endloop
  endfacet
  facet normal 0.311239 -0.870032 -0.382328
    outer loop
      vertex 17.8092 -34.8885 0.634324
      vertex 17.4925 -35.0973 0.851659
      vertex 17.4581 -35.0141 0.634324
    endloop
  endfacet
  facet normal 0.311239 -0.870032 -0.382328
    outer loop
      vertex 17.4925 -35.0973 0.851659
      vertex 17.8092 -34.8885 0.634324
      vertex 17.8436 -34.9717 0.851659
    endloop
  endfacet
  facet normal 0.237837 -0.502664 -0.831121
    outer loop
      vertex 17.6207 -34.4334 0.141695
      vertex 18.0326 -34.4546 0.272388
      vertex 17.6955 -34.6141 0.272388
    endloop
  endfacet
  facet normal 0.237837 -0.502664 -0.831121
    outer loop
      vertex 18.0326 -34.4546 0.272388
      vertex 17.6207 -34.4334 0.141695
      vertex 17.9578 -34.2739 0.141695
    endloop
  endfacet
  facet normal 0.262671 -0.491714 -0.830194
    outer loop
      vertex 18.0326 -34.4546 0.272388
      vertex 17.9578 -34.2739 0.141695
      vertex 18.1642 -34.3843 0.272388
    endloop
  endfacet
  facet normal 0.435643 0.815445 0.381136
    outer loop
      vertex 18.3793 28.7061 11.8483
      vertex 18.1807 28.8122 11.8483
      vertex 18.3293 28.6312 12.0657
    endloop
  endfacet
  facet normal 0.392451 0.734529 0.553579
    outer loop
      vertex 18.1463 28.729 12.0657
      vertex 18.0963 28.6083 12.2613
      vertex 18.2567 28.5226 12.2613
    endloop
  endfacet
  facet normal 0.262681 0.491732 0.83018
    outer loop
      vertex 18.0326 28.4546 12.4276
      vertex 17.9578 28.2739 12.5583
      vertex 18.1642 28.3843 12.4276
    endloop
  endfacet
  facet normal 0.373417 0.412042 0.831132
    outer loop
      vertex 18.899 27.8757 12.4276
      vertex 19.037 27.487 12.5583
      vertex 19.1753 27.6253 12.4276
    endloop
  endfacet
  facet normal 0.373417 0.412042 0.831132
    outer loop
      vertex 19.037 27.487 12.5583
      vertex 18.899 27.8757 12.4276
      vertex 18.7607 27.7374 12.5583
    endloop
  endfacet
  facet normal 0.0187881 0.382434 0.923792
    outer loop
      vertex 15.95 28.5483 12.6483
      vertex 16.3225 28.7474 12.5583
      vertex 15.95 28.7657 12.5583
    endloop
  endfacet
  facet normal 0.0187881 0.382434 0.923792
    outer loop
      vertex 16.3225 28.7474 12.5583
      vertex 15.95 28.5483 12.6483
      vertex 16.3225 28.53 12.6483
    endloop
  endfacet
  facet normal 0.00958606 0.195126 0.980731
    outer loop
      vertex 15.95 28.3176 12.6942
      vertex 16.3225 28.53 12.6483
      vertex 15.95 28.5483 12.6483
    endloop
  endfacet
  facet normal 0.00958606 0.195126 0.980731
    outer loop
      vertex 16.3225 28.53 12.6483
      vertex 15.95 28.3176 12.6942
      vertex 16.3225 28.2993 12.6942
    endloop
  endfacet
  facet normal 0.0698256 0.705381 0.705381
    outer loop
      vertex 16.3225 29.1093 12.2613
      vertex 16.3225 28.943 12.4276
      vertex 16.471 28.9283 12.4276
    endloop
  endfacet
  facet normal -0.333946 -0.62514 -0.705464
    outer loop
      vertex -18.0326 -34.4546 0.272388
      vertex -18.2567 -34.5226 0.438728
      vertex -18.1642 -34.3843 0.272388
    endloop
  endfacet
  facet normal -0.237837 -0.502664 -0.831121
    outer loop
      vertex -18.0326 -34.4546 0.272388
      vertex -17.6207 -34.4334 0.141695
      vertex -17.6955 -34.6141 0.272388
    endloop
  endfacet
  facet normal -0.237837 -0.502664 -0.831121
    outer loop
      vertex -17.6207 -34.4334 0.141695
      vertex -18.0326 -34.4546 0.272388
      vertex -17.9578 -34.2739 0.141695
    endloop
  endfacet
  facet normal 0.36068 -0.128991 -0.923727
    outer loop
      vertex 19.7826 -31.9875 0.051672
      vertex 20.109 -31.7195 0.141695
      vertex 19.9834 -32.0707 0.141695
    endloop
  endfacet
  facet normal 0.360715 -0.12904 -0.923706
    outer loop
      vertex 20.109 -31.7195 0.141695
      vertex 19.7826 -31.9875 0.051672
      vertex 19.9082 -31.6364 0.051672
    endloop
  endfacet
  facet normal -0.163828 -0.346247 -0.923728
    outer loop
      vertex -17.9578 -34.2739 0.141695
      vertex -17.5375 -34.2326 0.051672
      vertex -17.6207 -34.4334 0.141695
    endloop
  endfacet
  facet normal -0.163828 -0.346247 -0.923728
    outer loop
      vertex -17.5375 -34.2326 0.051672
      vertex -17.9578 -34.2739 0.141695
      vertex -17.8746 -34.0731 0.051672
    endloop
  endfacet
  facet normal -0.0657777 -0.183874 -0.980747
    outer loop
      vertex -17.1864 -34.3582 0.051672
      vertex -17.4492 -34.0194 0.00577831
      vertex -17.0981 -34.145 0.00577831
    endloop
  endfacet
  facet normal -0.0657777 -0.183874 -0.980747
    outer loop
      vertex -17.4492 -34.0194 0.00577831
      vertex -17.1864 -34.3582 0.051672
      vertex -17.5375 -34.2326 0.051672
    endloop
  endfacet
  facet normal -0.196894 -0.328567 -0.92373
    outer loop
      vertex -18.0556 -34.2216 0.141695
      vertex -18.2547 -33.8492 0.051672
      vertex -17.9348 -34.0409 0.051672
    endloop
  endfacet
  facet normal -0.196978 -0.328605 -0.923698
    outer loop
      vertex -18.2547 -33.8492 0.051672
      vertex -18.0556 -34.2216 0.141695
      vertex -18.3754 -34.0299 0.141695
    endloop
  endfacet
  facet normal -0.187575 -0.0567887 -0.980607
    outer loop
      vertex -19.9082 -31.6364 0.051672
      vertex -19.928 -31.571 0.051672
      vertex -19.7017 -31.526 0.00577831
    endloop
  endfacet
  facet normal 0.092756 -0.172747 -0.980589
    outer loop
      vertex 17.8746 -34.0731 0.051672
      vertex 17.7863 -33.86 0.00577831
      vertex 17.8066 -33.8491 0.00577831
    endloop
  endfacet
  facet normal -0.0567887 -0.187575 -0.980607
    outer loop
      vertex -17.121 -34.378 0.051672
      vertex -17.1864 -34.3582 0.051672
      vertex -17.076 -34.1517 0.00577831
    endloop
  endfacet
  facet normal -0.111356 -0.367811 -0.923209
    outer loop
      vertex -17.121 -34.378 0.051672
      vertex -17.2695 -34.559 0.141695
      vertex -17.1864 -34.3582 0.051672
    endloop
  endfacet
  facet normal -0.285855 -0.476872 -0.831192
    outer loop
      vertex -18.1642 -34.3843 0.272388
      vertex -18.3754 -34.0299 0.141695
      vertex -18.0556 -34.2216 0.141695
    endloop
  endfacet
  facet normal -0.285933 -0.476902 -0.831148
    outer loop
      vertex -18.3754 -34.0299 0.141695
      vertex -18.1642 -34.3843 0.272388
      vertex -18.4841 -34.1925 0.272388
    endloop
  endfacet
  facet normal -0.161748 0.533431 -0.830234
    outer loop
      vertex -17.2695 28.559 0.141695
      vertex -17.3444 28.7397 0.272388
      vertex -17.2016 28.783 0.272388
    endloop
  endfacet
  facet normal -0.462167 0.865253 -0.194264
    outer loop
      vertex -18.1807 28.8122 0.851659
      vertex -18.4048 28.7443 1.08238
      vertex -18.1983 28.8546 1.08238
    endloop
  endfacet
  facet normal -0.224785 0.896413 -0.38199
    outer loop
      vertex -17.2595 29.0743 0.634324
      vertex -16.9154 29.2532 0.851659
      vertex -16.8978 29.165 0.634324
    endloop
  endfacet
  facet normal -0.224516 0.896328 -0.382346
    outer loop
      vertex -16.9154 29.2532 0.851659
      vertex -17.2595 29.0743 0.634324
      vertex -17.2771 29.1626 0.851659
    endloop
  endfacet
  facet normal -0.121996 0.822748 -0.55516
    outer loop
      vertex -16.8723 29.0368 0.438728
      vertex -16.5289 29.2197 0.634324
      vertex -16.5034 29.0915 0.438728
    endloop
  endfacet
  facet normal -0.121996 0.822748 -0.55516
    outer loop
      vertex -16.5289 29.2197 0.634324
      vertex -16.8723 29.0368 0.438728
      vertex -16.8978 29.165 0.634324
    endloop
  endfacet
  facet normal -0.896328 0.224516 -0.382346
    outer loop
      vertex -20.6243 25.7095 0.634324
      vertex -20.8032 25.3654 0.851659
      vertex -20.7126 25.7271 0.851659
    endloop
  endfacet
  facet normal -0.896328 0.224516 -0.382346
    outer loop
      vertex -20.8032 25.3654 0.851659
      vertex -20.6243 25.7095 0.634324
      vertex -20.7149 25.3478 0.634324
    endloop
  endfacet
  facet normal -0.884759 0.26819 -0.381152
    outer loop
      vertex -20.6243 25.7095 0.634324
      vertex -20.6473 25.9425 0.851659
      vertex -20.5641 25.9081 0.634324
    endloop
  endfacet
  facet normal -0.913993 0.135773 -0.382337
    outer loop
      vertex -20.7149 25.3478 0.634324
      vertex -20.858 24.9965 0.851659
      vertex -20.8032 25.3654 0.851659
    endloop
  endfacet
  facet normal -0.913993 0.135773 -0.382337
    outer loop
      vertex -20.858 24.9965 0.851659
      vertex -20.7149 25.3478 0.634324
      vertex -20.7697 24.9789 0.634324
    endloop
  endfacet
  facet normal -0.713531 0.427717 0.554917
    outer loop
      vertex -20.1812 26.7793 12.0657
      vertex -19.8809 27.0265 12.2613
      vertex -19.9895 27.0991 12.0657
    endloop
  endfacet
  facet normal -0.713531 0.427717 0.554917
    outer loop
      vertex -19.8809 27.0265 12.2613
      vertex -20.1812 26.7793 12.0657
      vertex -20.0726 26.7067 12.2613
    endloop
  endfacet
  facet normal 0.734529 0.392451 0.553579
    outer loop
      vertex 20.279 26.5963 12.0657
      vertex 20.0726 26.7067 12.2613
      vertex 20.1583 26.5463 12.2613
    endloop
  endfacet
  facet normal 0.625018 0.33394 0.705576
    outer loop
      vertex 20.0726 26.7067 12.2613
      vertex 20.0046 26.4826 12.4276
      vertex 20.1583 26.5463 12.2613
    endloop
  endfacet
  facet normal 0.33394 -0.625018 0.705576
    outer loop
      vertex 18.2567 -34.5226 12.2613
      vertex 18.0326 -34.4546 12.4276
      vertex 18.0963 -34.6083 12.2613
    endloop
  endfacet
  facet normal 0.333906 -0.625065 0.705549
    outer loop
      vertex 18.1642 -34.3843 12.4276
      vertex 18.0326 -34.4546 12.4276
      vertex 18.2567 -34.5226 12.2613
    endloop
  endfacet
  facet normal 0.302537 -0.639406 0.706845
    outer loop
      vertex 17.6955 -34.6141 12.4276
      vertex 18.0963 -34.6083 12.2613
      vertex 18.0326 -34.4546 12.4276
    endloop
  endfacet
  facet normal 0.302463 -0.63965 0.706657
    outer loop
      vertex 18.0963 -34.6083 12.2613
      vertex 17.6955 -34.6141 12.4276
      vertex 17.7592 -34.7677 12.2613
    endloop
  endfacet
  facet normal 0.395222 -0.835294 0.382208
    outer loop
      vertex 17.8436 -34.9717 11.8483
      vertex 18.1463 -34.729 12.0657
      vertex 17.8092 -34.8885 12.0657
    endloop
  endfacet
  facet normal 0.395222 -0.835294 0.382208
    outer loop
      vertex 18.1463 -34.729 12.0657
      vertex 17.8436 -34.9717 11.8483
      vertex 18.1807 -34.8122 11.8483
    endloop
  endfacet
  facet normal -0.554781 -0.0549177 0.830182
    outer loop
      vertex -20.2865 -30.8828 12.5583
      vertex -20.493 -30.7725 12.4276
      vertex -20.4783 -30.921 12.4276
    endloop
  endfacet
  facet normal -0.523563 -0.187242 0.831157
    outer loop
      vertex -20.2897 -31.7944 12.4276
      vertex -19.9834 -32.0707 12.5583
      vertex -20.109 -31.7195 12.5583
    endloop
  endfacet
  facet normal -0.523607 -0.187311 0.831114
    outer loop
      vertex -19.9834 -32.0707 12.5583
      vertex -20.2897 -31.7944 12.4276
      vertex -20.1641 -32.1455 12.4276
    endloop
  endfacet
  facet normal -0.189483 -0.0474624 0.980736
    outer loop
      vertex -19.7923 -31.1643 12.6942
      vertex -19.928 -31.571 12.6483
      vertex -19.7017 -31.526 12.6942
    endloop
  endfacet
  facet normal -0.189483 -0.0474624 0.980736
    outer loop
      vertex -19.928 -31.571 12.6483
      vertex -19.7923 -31.1643 12.6942
      vertex -20.0186 -31.2093 12.6483
    endloop
  endfacet
  facet normal -0.378792 -0.0561667 0.923776
    outer loop
      vertex -20.2865 -30.8828 12.5583
      vertex -20.0186 -31.2093 12.6483
      vertex -20.0733 -30.8404 12.6483
    endloop
  endfacet
  facet normal -0.378792 -0.0561667 0.923776
    outer loop
      vertex -20.0186 -31.2093 12.6483
      vertex -20.2865 -30.8828 12.5583
      vertex -20.2318 -31.2517 12.5583
    endloop
  endfacet
  facet normal -0.17277 -0.0927683 0.980584
    outer loop
      vertex -19.41 -32.2363 12.6942
      vertex -19.6231 -32.3246 12.6483
      vertex -19.3991 -32.2566 12.6942
    endloop
  endfacet
  facet normal -0.156844 -0.116363 0.980744
    outer loop
      vertex -19.2074 -32.5765 12.6942
      vertex -19.1771 -33.0042 12.6483
      vertex -18.9852 -32.876 12.6942
    endloop
  endfacet
  facet normal -0.15692 -0.116367 0.980732
    outer loop
      vertex -19.1771 -33.0042 12.6483
      vertex -19.2074 -32.5765 12.6942
      vertex -19.3992 -32.7047 12.6483
    endloop
  endfacet
  facet normal -0.412042 -0.373417 0.831132
    outer loop
      vertex -19.4257 -33.349 12.4276
      vertex -19.037 -33.487 12.5583
      vertex -19.2874 -33.2107 12.5583
    endloop
  endfacet
  facet normal -0.412042 -0.373417 0.831132
    outer loop
      vertex -19.037 -33.487 12.5583
      vertex -19.4257 -33.349 12.4276
      vertex -19.1753 -33.6253 12.4276
    endloop
  endfacet
  facet normal -0.25716 -0.283759 0.923769
    outer loop
      vertex -18.8833 -33.3333 12.6483
      vertex -18.7607 -33.7374 12.5583
      vertex -18.607 -33.5837 12.6483
    endloop
  endfacet
  facet normal -0.25716 -0.283759 0.923769
    outer loop
      vertex -18.7607 -33.7374 12.5583
      vertex -18.8833 -33.3333 12.6483
      vertex -19.037 -33.487 12.5583
    endloop
  endfacet
  facet normal -0.392548 -0.734523 0.553518
    outer loop
      vertex -18.2567 -34.5226 12.2613
      vertex -18.3293 -34.6312 12.0657
      vertex -18.1463 -34.729 12.0657
    endloop
  endfacet
  facet normal -0.392451 -0.734529 0.553579
    outer loop
      vertex -18.0963 -34.6083 12.2613
      vertex -18.2567 -34.5226 12.2613
      vertex -18.1463 -34.729 12.0657
    endloop
  endfacet
  facet normal -0.36374 -0.606676 0.70685
    outer loop
      vertex -18.4841 -34.1925 12.4276
      vertex -18.2567 -34.5226 12.2613
      vertex -18.1642 -34.3843 12.4276
    endloop
  endfacet
  facet normal -0.363647 -0.606648 0.706922
    outer loop
      vertex -18.2567 -34.5226 12.2613
      vertex -18.4841 -34.1925 12.4276
      vertex -18.5765 -34.3309 12.2613
    endloop
  endfacet
  facet normal -0.524155 0.475211 0.706708
    outer loop
      vertex -19.5434 27.4666 12.2613
      vertex -19.1753 27.6253 12.4276
      vertex -19.2929 27.7429 12.2613
    endloop
  endfacet
  facet normal -0.524135 0.475004 0.706862
    outer loop
      vertex -19.1753 27.6253 12.4276
      vertex -19.5434 27.4666 12.2613
      vertex -19.4257 27.349 12.4276
    endloop
  endfacet
  facet normal -0.412042 0.373417 0.831132
    outer loop
      vertex -19.4257 27.349 12.4276
      vertex -19.037 27.487 12.5583
      vertex -19.1753 27.6253 12.4276
    endloop
  endfacet
  facet normal -0.412042 0.373417 0.831132
    outer loop
      vertex -19.037 27.487 12.5583
      vertex -19.4257 27.349 12.4276
      vertex -19.2874 27.2107 12.5583
    endloop
  endfacet
  facet normal -0.666186 0.238438 0.706643
    outer loop
      vertex -20.4434 25.858 12.2613
      vertex -20.1641 26.1455 12.4276
      vertex -20.3177 26.2092 12.2613
    endloop
  endfacet
  facet normal -0.666106 0.238288 0.706768
    outer loop
      vertex -20.1641 26.1455 12.4276
      vertex -20.4434 25.858 12.2613
      vertex -20.2897 25.7944 12.4276
    endloop
  endfacet
  facet normal -0.787911 0.584096 -0.195009
    outer loop
      vertex -19.8422 27.4487 0.851659
      vertex -20.1025 27.1746 1.08238
      vertex -19.8804 27.4742 1.08238
    endloop
  endfacet
  facet normal -0.787838 0.584304 -0.194678
    outer loop
      vertex -20.1025 27.1746 1.08238
      vertex -19.8422 27.4487 0.851659
      vertex -20.0644 27.1491 0.851659
    endloop
  endfacet
  facet normal -0.841179 0.504497 0.194684
    outer loop
      vertex -20.2943 26.8548 11.6176
      vertex -20.0644 27.1491 11.8483
      vertex -20.1025 27.1746 11.6176
    endloop
  endfacet
  facet normal -0.841235 0.504268 0.195033
    outer loop
      vertex -20.0644 27.1491 11.8483
      vertex -20.2943 26.8548 11.6176
      vertex -20.2561 26.8293 11.8483
    endloop
  endfacet
  facet normal -0.886584 0.41949 -0.194929
    outer loop
      vertex -20.3622 26.6307 0.851659
      vertex -20.5641 26.3112 1.08238
      vertex -20.4046 26.6483 1.08238
    endloop
  endfacet
  facet normal -0.886584 0.41949 -0.194929
    outer loop
      vertex -20.5641 26.3112 1.08238
      vertex -20.3622 26.6307 0.851659
      vertex -20.5217 26.2936 0.851659
    endloop
  endfacet
  facet normal -0.373404 -0.412026 -0.831146
    outer loop
      vertex -18.899 -33.8757 0.272388
      vertex -19.037 -33.487 0.141695
      vertex -18.7607 -33.7374 0.141695
    endloop
  endfacet
  facet normal -0.373404 -0.412026 -0.831146
    outer loop
      vertex -19.037 -33.487 0.141695
      vertex -18.899 -33.8757 0.272388
      vertex -19.1753 -33.6253 0.272388
    endloop
  endfacet
  facet normal -0.151551 -0.124283 -0.980605
    outer loop
      vertex -19.1338 -33.057 0.051672
      vertex -19.1771 -33.0042 0.051672
      vertex -18.9706 -32.8939 0.00577831
    endloop
  endfacet
  facet normal -0.792547 -0.475082 0.382318
    outer loop
      vertex -20.2561 -32.8293 11.8483
      vertex -19.9895 -33.0991 12.0657
      vertex -20.1812 -32.7793 12.0657
    endloop
  endfacet
  facet normal -0.792547 -0.475082 0.382318
    outer loop
      vertex -19.9895 -33.0991 12.0657
      vertex -20.2561 -32.8293 11.8483
      vertex -20.0644 -33.1491 11.8483
    endloop
  endfacet
  facet normal -0.726775 -0.658648 0.194887
    outer loop
      vertex -19.7319 -33.6551 11.6176
      vertex -19.449 -33.899 11.8483
      vertex -19.6994 -33.6227 11.8483
    endloop
  endfacet
  facet normal -0.726688 -0.658833 0.194586
    outer loop
      vertex -19.449 -33.899 11.8483
      vertex -19.7319 -33.6551 11.6176
      vertex -19.4814 -33.9314 11.6176
    endloop
  endfacet
  facet normal -0.865253 -0.462167 -0.194264
    outer loop
      vertex -20.2943 -32.8548 1.08238
      vertex -20.4046 -32.6483 1.08238
      vertex -20.3622 -32.6307 0.851659
    endloop
  endfacet
  facet normal -0.989146 -0.146937 -0
    outer loop
      vertex -20.8482 -31.3743 11.6176
      vertex -20.903 -31.0054 8.84158
      vertex -20.8482 -31.3743 8.80525
    endloop
  endfacet
  facet normal -0.989146 -0.146937 0
    outer loop
      vertex -20.903 -31.0054 8.84158
      vertex -20.8482 -31.3743 11.6176
      vertex -20.903 -31.0054 11.6176
    endloop
  endfacet
  facet normal -0.989146 -0.146937 0
    outer loop
      vertex -20.8482 -31.3743 1.08238
      vertex -20.903 -31.0054 3.85841
      vertex -20.903 -31.0054 1.08238
    endloop
  endfacet
  facet normal -0.989146 -0.146937 0
    outer loop
      vertex -20.903 -31.0054 3.85841
      vertex -20.8482 -31.3743 1.08238
      vertex -20.8482 -31.3743 3.89475
    endloop
  endfacet
  facet normal -0.307669 -0.228158 -0.923734
    outer loop
      vertex -19.3578 -33.125 0.141695
      vertex -19.3992 -32.7047 0.051672
      vertex -19.1771 -33.0042 0.051672
    endloop
  endfacet
  facet normal -0.307775 -0.228161 -0.923697
    outer loop
      vertex -19.3992 -32.7047 0.051672
      vertex -19.3578 -33.125 0.141695
      vertex -19.5799 -32.8254 0.141695
    endloop
  endfacet
  facet normal -0.584096 -0.787911 -0.195009
    outer loop
      vertex -18.9987 -34.2922 0.851659
      vertex -18.7246 -34.5525 1.08238
      vertex -19.0242 -34.3304 1.08238
    endloop
  endfacet
  facet normal -0.584304 -0.787838 -0.194678
    outer loop
      vertex -18.7246 -34.5525 1.08238
      vertex -18.9987 -34.2922 0.851659
      vertex -18.6991 -34.5144 0.851659
    endloop
  endfacet
  facet normal -0.865205 -0.462227 -0.194337
    outer loop
      vertex -20.2943 -32.8548 1.08238
      vertex -20.3622 -32.6307 0.851659
      vertex -20.2561 -32.8293 0.851659
    endloop
  endfacet
  facet normal -0.797044 -0.241602 0.553488
    outer loop
      vertex -20.4962 -31.684 12.2613
      vertex -20.6243 -31.7095 12.0657
      vertex -20.5641 -31.9081 12.0657
    endloop
  endfacet
  facet normal -0.622305 -0.758271 -0.194324
    outer loop
      vertex -19.0242 -34.3304 1.08238
      vertex -19.1727 -34.1494 0.851659
      vertex -18.9987 -34.2922 0.851659
    endloop
  endfacet
  facet normal -0.622413 -0.758212 -0.194209
    outer loop
      vertex -19.0242 -34.3304 1.08238
      vertex -19.2051 -34.1819 1.08238
      vertex -19.1727 -34.1494 0.851659
    endloop
  endfacet
  facet normal -0.462227 -0.865205 -0.194337
    outer loop
      vertex -18.1807 -34.8122 0.851659
      vertex -18.4048 -34.7443 1.08238
      vertex -18.3793 -34.7061 0.851659
    endloop
  endfacet
  facet normal -0.504498 -0.841181 -0.194667
    outer loop
      vertex -18.6991 -34.5144 0.851659
      vertex -18.4048 -34.7443 1.08238
      vertex -18.7246 -34.5525 1.08238
    endloop
  endfacet
  facet normal -0.504269 -0.841238 -0.195015
    outer loop
      vertex -18.4048 -34.7443 1.08238
      vertex -18.6991 -34.5144 0.851659
      vertex -18.3793 -34.7061 0.851659
    endloop
  endfacet
  facet normal -0.491515 -0.262845 0.830256
    outer loop
      vertex -19.8239 -32.4078 12.5583
      vertex -19.9343 -32.6142 12.4276
      vertex -19.7716 -32.5056 12.5583
    endloop
  endfacet
  facet normal -0.625065 -0.333906 0.705549
    outer loop
      vertex -20.0046 -32.4826 12.4276
      vertex -20.0726 -32.7067 12.2613
      vertex -19.9343 -32.6142 12.4276
    endloop
  endfacet
  facet normal -0.835294 -0.395222 0.382208
    outer loop
      vertex -20.5217 -32.2936 11.8483
      vertex -20.279 -32.5963 12.0657
      vertex -20.4385 -32.2592 12.0657
    endloop
  endfacet
  facet normal -0.835294 -0.395222 0.382208
    outer loop
      vertex -20.279 -32.5963 12.0657
      vertex -20.5217 -32.2936 11.8483
      vertex -20.3622 -32.6307 11.8483
    endloop
  endfacet
  facet normal -0.87007 -0.311253 0.38223
    outer loop
      vertex -20.6473 -31.9425 11.8483
      vertex -20.4385 -32.2592 12.0657
      vertex -20.5641 -31.9081 12.0657
    endloop
  endfacet
  facet normal -0.87007 -0.311253 0.38223
    outer loop
      vertex -20.4385 -32.2592 12.0657
      vertex -20.6473 -31.9425 11.8483
      vertex -20.5217 -32.2936 11.8483
    endloop
  endfacet
  facet normal -0.550522 -0.742289 0.382012
    outer loop
      vertex -18.6991 -34.5144 11.8483
      vertex -18.9487 -34.2174 12.0657
      vertex -18.9987 -34.2922 11.8483
    endloop
  endfacet
  facet normal -0.55029 -0.742309 0.382307
    outer loop
      vertex -18.9487 -34.2174 12.0657
      vertex -18.6991 -34.5144 11.8483
      vertex -18.6491 -34.4395 12.0657
    endloop
  endfacet
  facet normal -0.995203 -0.0978335 0
    outer loop
      vertex -20.9259 -30.7725 1.08238
      vertex -20.9114 -30.92 3.85
      vertex -20.9259 -30.7725 3.86453
    endloop
  endfacet
  facet normal -0.995201 -0.0978536 -1.08077e-06
    outer loop
      vertex -20.903 -31.0054 1.08238
      vertex -20.9114 -30.92 3.85
      vertex -20.9259 -30.7725 1.08238
    endloop
  endfacet
  facet normal -0.995197 -0.0978883 0
    outer loop
      vertex -20.9114 -30.92 3.85
      vertex -20.903 -31.0054 1.08238
      vertex -20.903 -31.0054 3.85841
    endloop
  endfacet
  facet normal -0.995203 -0.0978335 0
    outer loop
      vertex -20.9114 -30.92 8.85
      vertex -20.9259 -30.7725 11.6176
      vertex -20.9259 -30.7725 8.83547
    endloop
  endfacet
  facet normal -0.995197 -0.0978883 -0
    outer loop
      vertex -20.903 -31.0054 11.6176
      vertex -20.9114 -30.92 8.85
      vertex -20.903 -31.0054 8.84158
    endloop
  endfacet
  facet normal -0.995201 -0.0978536 1.08078e-06
    outer loop
      vertex -20.9114 -30.92 8.85
      vertex -20.903 -31.0054 11.6176
      vertex -20.9259 -30.7725 11.6176
    endloop
  endfacet
  facet normal -0.923004 -0.0453449 0.382108
    outer loop
      vertex -20.88 -30.7725 11.8483
      vertex -20.8083 -30.4 12.0657
      vertex -20.8983 -30.4 11.8483
    endloop
  endfacet
  facet normal -0.923004 -0.0453449 0.382108
    outer loop
      vertex -20.8083 -30.4 12.0657
      vertex -20.88 -30.7725 11.8483
      vertex -20.79 -30.7725 12.0657
    endloop
  endfacet
  facet normal -0.938807 -0.284449 0.194242
    outer loop
      vertex -20.6473 -31.9425 11.8483
      vertex -20.7576 -31.736 11.6176
      vertex -20.6897 -31.9601 11.6176
    endloop
  endfacet
  facet normal -0.884759 -0.26819 -0.381152
    outer loop
      vertex -20.5641 -31.9081 0.634324
      vertex -20.6473 -31.9425 0.851659
      vertex -20.6243 -31.7095 0.634324
    endloop
  endfacet
  facet normal 0.0567887 0.187575 -0.980607
    outer loop
      vertex 17.1864 28.3582 0.051672
      vertex 17.076 28.1517 0.00577831
      vertex 17.121 28.378 0.051672
    endloop
  endfacet
  facet normal 0.111356 0.367811 -0.923209
    outer loop
      vertex 17.1864 28.3582 0.051672
      vertex 17.121 28.378 0.051672
      vertex 17.2695 28.559 0.141695
    endloop
  endfacet
  facet normal 0.302574 0.639483 -0.70676
    outer loop
      vertex 17.6955 28.6141 0.272388
      vertex 18.0963 28.6083 0.438728
      vertex 18.0326 28.4546 0.272388
    endloop
  endfacet
  facet normal 0.302499 0.639727 -0.706572
    outer loop
      vertex 18.0963 28.6083 0.438728
      vertex 17.6955 28.6141 0.272388
      vertex 17.7592 28.7677 0.438728
    endloop
  endfacet
  facet normal 0.257216 0.283821 -0.923735
    outer loop
      vertex 18.8833 27.3333 0.051672
      vertex 18.7607 27.7374 0.141695
      vertex 19.037 27.487 0.141695
    endloop
  endfacet
  facet normal 0.257216 0.283821 -0.923735
    outer loop
      vertex 18.7607 27.7374 0.141695
      vertex 18.8833 27.3333 0.051672
      vertex 18.607 27.5837 0.051672
    endloop
  endfacet
  facet normal 0.151551 0.124283 -0.980605
    outer loop
      vertex 19.1771 27.0042 0.051672
      vertex 18.9706 26.8939 0.00577831
      vertex 19.1338 27.057 0.051672
    endloop
  endfacet
  facet normal 0.0657777 -0.183874 -0.980747
    outer loop
      vertex 17.1864 -34.3582 0.051672
      vertex 17.4492 -34.0194 0.00577831
      vertex 17.5375 -34.2326 0.051672
    endloop
  endfacet
  facet normal 0.0657777 -0.183874 -0.980747
    outer loop
      vertex 17.4492 -34.0194 0.00577831
      vertex 17.1864 -34.3582 0.051672
      vertex 17.0981 -34.145 0.00577831
    endloop
  endfacet
  facet normal 0.196978 0.328605 -0.923698
    outer loop
      vertex 18.2547 27.8492 0.051672
      vertex 18.0556 28.2216 0.141695
      vertex 18.3754 28.0299 0.141695
    endloop
  endfacet
  facet normal 0.196894 0.328567 -0.92373
    outer loop
      vertex 18.0556 28.2216 0.141695
      vertex 18.2547 27.8492 0.051672
      vertex 17.9348 28.0409 0.051672
    endloop
  endfacet
  facet normal 0.18119 0.338821 -0.923239
    outer loop
      vertex 18.0556 28.2216 0.141695
      vertex 17.9348 28.0409 0.051672
      vertex 17.9578 28.2739 0.141695
    endloop
  endfacet
  facet normal 0.0453429 -0.922964 -0.382206
    outer loop
      vertex 15.95 -35.2583 0.634324
      vertex 16.3225 -35.33 0.851659
      vertex 15.95 -35.3483 0.851659
    endloop
  endfacet
  facet normal 0.0453429 -0.922964 -0.382206
    outer loop
      vertex 16.3225 -35.33 0.851659
      vertex 15.95 -35.2583 0.634324
      vertex 16.3225 -35.24 0.634324
    endloop
  endfacet
  facet normal 0.0698339 -0.705465 -0.705296
    outer loop
      vertex 16.471 -34.9283 0.272388
      vertex 16.3225 -35.1093 0.438728
      vertex 16.3225 -34.943 0.272388
    endloop
  endfacet
  facet normal 0.121996 -0.822748 -0.55516
    outer loop
      vertex 16.8723 -35.0368 0.438728
      vertex 16.5289 -35.2197 0.634324
      vertex 16.5034 -35.0915 0.438728
    endloop
  endfacet
  facet normal 0.121996 -0.822748 -0.55516
    outer loop
      vertex 16.5289 -35.2197 0.634324
      vertex 16.8723 -35.0368 0.438728
      vertex 16.8978 -35.165 0.634324
    endloop
  endfacet
  facet normal 0.0958828 -0.976261 -0.194219
    outer loop
      vertex 16.5465 -35.308 0.851659
      vertex 16.3225 -35.3759 1.08238
      vertex 16.3225 -35.33 0.851659
    endloop
  endfacet
  facet normal 0.0481274 -0.979643 -0.194892
    outer loop
      vertex 15.95 -35.3483 0.851659
      vertex 16.3225 -35.3759 1.08238
      vertex 15.95 -35.3942 1.08238
    endloop
  endfacet
  facet normal 0.0481274 -0.979643 -0.194892
    outer loop
      vertex 16.3225 -35.3759 1.08238
      vertex 15.95 -35.3483 0.851659
      vertex 16.3225 -35.33 0.851659
    endloop
  endfacet
  facet normal 0.284595 -0.938771 -0.1942
    outer loop
      vertex 17.2861 -35.2076 1.08238
      vertex 17.2771 -35.1626 0.851659
      vertex 17.4925 -35.0973 0.851659
    endloop
  endfacet
  facet normal -0.205654 -0.678231 -0.705485
    outer loop
      vertex -17.234 -34.9462 0.438728
      vertex -17.3444 -34.7397 0.272388
      vertex -17.2016 -34.783 0.272388
    endloop
  endfacet
  facet normal -0.17188 -0.686193 -0.706822
    outer loop
      vertex -17.234 -34.9462 0.438728
      vertex -16.8398 -34.8736 0.272388
      vertex -16.8723 -35.0368 0.438728
    endloop
  endfacet
  facet normal -0.171848 -0.686253 -0.706771
    outer loop
      vertex -16.8398 -34.8736 0.272388
      vertex -17.234 -34.9462 0.438728
      vertex -17.2016 -34.783 0.272388
    endloop
  endfacet
  facet normal -0.238505 -0.95139 -0.194864
    outer loop
      vertex -17.2771 -35.1626 0.851659
      vertex -16.9243 -35.2983 1.08238
      vertex -17.2861 -35.2076 1.08238
    endloop
  endfacet
  facet normal -0.238305 -0.951379 -0.195163
    outer loop
      vertex -16.9243 -35.2983 1.08238
      vertex -17.2771 -35.1626 0.851659
      vertex -16.9154 -35.2532 0.851659
    endloop
  endfacet
  facet normal 0.328605 -0.196978 -0.923698
    outer loop
      vertex 19.3992 -32.7047 0.051672
      vertex 19.7716 -32.5056 0.141695
      vertex 19.5799 -32.8254 0.141695
    endloop
  endfacet
  facet normal 0.328567 -0.196894 -0.92373
    outer loop
      vertex 19.7716 -32.5056 0.141695
      vertex 19.3992 -32.7047 0.051672
      vertex 19.5909 -32.3848 0.051672
    endloop
  endfacet
  facet normal -0.151804 -0.123817 -0.980625
    outer loop
      vertex -18.9706 -32.8939 0.00577831
      vertex -19.1771 -33.0042 0.051672
      vertex -18.9852 -32.876 0.00577831
    endloop
  endfacet
  facet normal 0.666266 -0.238467 -0.706557
    outer loop
      vertex 20.1641 -32.1455 0.272388
      vertex 20.4434 -31.858 0.438728
      vertex 20.3177 -32.2092 0.438728
    endloop
  endfacet
  facet normal 0.666186 -0.238317 -0.706683
    outer loop
      vertex 20.4434 -31.858 0.438728
      vertex 20.1641 -32.1455 0.272388
      vertex 20.2897 -31.7944 0.272388
    endloop
  endfacet
  facet normal 0.524218 -0.475268 -0.706623
    outer loop
      vertex 19.1753 -33.6253 0.272388
      vertex 19.5434 -33.4666 0.438728
      vertex 19.2929 -33.7429 0.438728
    endloop
  endfacet
  facet normal 0.524198 -0.475061 -0.706777
    outer loop
      vertex 19.5434 -33.4666 0.438728
      vertex 19.1753 -33.6253 0.272388
      vertex 19.4257 -33.349 0.272388
    endloop
  endfacet
  facet normal 0.82869 -0.0815039 -0.553742
    outer loop
      vertex 20.7697 -30.9789 0.634324
      vertex 20.6593 -30.7725 0.438728
      vertex 20.79 -30.7725 0.634324
    endloop
  endfacet
  facet normal 0.830763 -0.0408133 -0.555128
    outer loop
      vertex 20.79 -30.7725 0.634324
      vertex 20.6776 -30.4 0.438728
      vertex 20.8083 -30.4 0.634324
    endloop
  endfacet
  facet normal 0.830763 -0.0408133 -0.555128
    outer loop
      vertex 20.6776 -30.4 0.438728
      vertex 20.79 -30.7725 0.634324
      vertex 20.6593 -30.7725 0.438728
    endloop
  endfacet
  facet normal 0.699781 -0.103763 -0.706782
    outer loop
      vertex 20.4236 -31.2899 0.272388
      vertex 20.6415 -30.9534 0.438728
      vertex 20.5868 -31.3223 0.438728
    endloop
  endfacet
  facet normal 0.699781 -0.103763 -0.706782
    outer loop
      vertex 20.6415 -30.9534 0.438728
      vertex 20.4236 -31.2899 0.272388
      vertex 20.4783 -30.921 0.272388
    endloop
  endfacet
  facet normal 0.533451 -0.161896 -0.830193
    outer loop
      vertex 20.333 -31.6516 0.272388
      vertex 20.109 -31.7195 0.141695
      vertex 20.1412 -31.6134 0.141695
    endloop
  endfacet
  facet normal 0.189458 -0.0474561 -0.980741
    outer loop
      vertex 19.928 -31.571 0.051672
      vertex 19.7923 -31.1643 0.00577831
      vertex 20.0186 -31.2093 0.051672
    endloop
  endfacet
  facet normal 0.189458 -0.0474561 -0.980741
    outer loop
      vertex 19.7923 -31.1643 0.00577831
      vertex 19.928 -31.571 0.051672
      vertex 19.7017 -31.526 0.00577831
    endloop
  endfacet
  facet normal 0.378874 -0.056179 -0.923741
    outer loop
      vertex 20.0186 -31.2093 0.051672
      vertex 20.2865 -30.8828 0.141695
      vertex 20.2318 -31.2517 0.141695
    endloop
  endfacet
  facet normal 0.378874 -0.056179 -0.923741
    outer loop
      vertex 20.2865 -30.8828 0.141695
      vertex 20.0186 -31.2093 0.051672
      vertex 20.0733 -30.8404 0.051672
    endloop
  endfacet
  facet normal 0.527914 -0.643753 -0.553975
    outer loop
      vertex 18.9487 -34.2174 0.634324
      vertex 18.876 -34.1087 0.438728
      vertex 19.0166 -33.9934 0.438728
    endloop
  endfacet
  facet normal 0.758271 -0.622305 -0.194324
    outer loop
      vertex 19.8804 -33.4742 1.08238
      vertex 19.6994 -33.6227 0.851659
      vertex 19.8422 -33.4487 0.851659
    endloop
  endfacet
  facet normal 0.787838 -0.584304 -0.194678
    outer loop
      vertex 20.1025 -33.1746 1.08238
      vertex 19.8422 -33.4487 0.851659
      vertex 20.0644 -33.1491 0.851659
    endloop
  endfacet
  facet normal 0.787911 -0.584096 -0.195009
    outer loop
      vertex 19.8422 -33.4487 0.851659
      vertex 20.1025 -33.1746 1.08238
      vertex 19.8804 -33.4742 1.08238
    endloop
  endfacet
  facet normal 0.431009 -0.353696 -0.830139
    outer loop
      vertex 19.4257 -33.349 0.272388
      vertex 19.3578 -33.125 0.141695
      vertex 19.5204 -33.2336 0.272388
    endloop
  endfacet
  facet normal 0.606721 -0.363691 -0.706837
    outer loop
      vertex 19.7425 -32.9341 0.272388
      vertex 20.0726 -32.7067 0.438728
      vertex 19.8809 -33.0265 0.438728
    endloop
  endfacet
  facet normal 0.606749 -0.363784 -0.706765
    outer loop
      vertex 20.0726 -32.7067 0.438728
      vertex 19.7425 -32.9341 0.272388
      vertex 19.9343 -32.6142 0.272388
    endloop
  endfacet
  facet normal 0.0474561 -0.189458 -0.980741
    outer loop
      vertex 16.7143 -34.2423 0.00577831
      vertex 17.121 -34.378 0.051672
      vertex 16.7593 -34.4686 0.051672
    endloop
  endfacet
  facet normal 0.0474561 -0.189458 -0.980741
    outer loop
      vertex 17.121 -34.378 0.051672
      vertex 16.7143 -34.2423 0.00577831
      vertex 17.076 -34.1517 0.00577831
    endloop
  endfacet
  facet normal 0.17188 -0.686193 -0.706822
    outer loop
      vertex 16.8398 -34.8736 0.272388
      vertex 17.234 -34.9462 0.438728
      vertex 16.8723 -35.0368 0.438728
    endloop
  endfacet
  facet normal 0.171848 -0.686253 -0.706771
    outer loop
      vertex 17.234 -34.9462 0.438728
      vertex 16.8398 -34.8736 0.272388
      vertex 17.2016 -34.783 0.272388
    endloop
  endfacet
  facet normal -0.0192487 -0.195073 -0.9806
    outer loop
      vertex -16.3225 -34.53 0.051672
      vertex -16.3904 -34.5233 0.051672
      vertex -16.3225 -34.2993 0.00577831
    endloop
  endfacet
  facet normal -0.0187546 -0.195219 -0.98058
    outer loop
      vertex -16.3225 -34.2993 0.00577831
      vertex -16.3904 -34.5233 0.051672
      vertex -16.3454 -34.2971 0.00577831
    endloop
  endfacet
  facet normal 0.161896 -0.533451 -0.830193
    outer loop
      vertex 17.2016 -34.783 0.272388
      vertex 17.1634 -34.5912 0.141695
      vertex 17.2695 -34.559 0.141695
    endloop
  endfacet
  facet normal 0.111577 -0.367648 -0.923247
    outer loop
      vertex 17.1634 -34.5912 0.141695
      vertex 17.121 -34.378 0.051672
      vertex 17.2695 -34.559 0.141695
    endloop
  endfacet
  facet normal 0.1569 -0.116352 -0.980737
    outer loop
      vertex 19.1771 -33.0042 0.051672
      vertex 19.2074 -32.5765 0.00577831
      vertex 19.3992 -32.7047 0.051672
    endloop
  endfacet
  facet normal 0.156823 -0.116348 -0.98075
    outer loop
      vertex 19.2074 -32.5765 0.00577831
      vertex 19.1771 -33.0042 0.051672
      vertex 18.9852 -32.876 0.00577831
    endloop
  endfacet
  facet normal 0.297191 -0.243719 -0.923189
    outer loop
      vertex 19.2874 -33.2107 0.141695
      vertex 19.1338 -33.057 0.051672
      vertex 19.1771 -33.0042 0.051672
    endloop
  endfacet
  facet normal 0.228161 -0.307775 -0.923697
    outer loop
      vertex 18.2547 -33.8492 0.051672
      vertex 18.675 -33.8078 0.141695
      vertex 18.3754 -34.0299 0.141695
    endloop
  endfacet
  facet normal 0.228158 -0.307669 -0.923734
    outer loop
      vertex 18.675 -33.8078 0.141695
      vertex 18.2547 -33.8492 0.051672
      vertex 18.5542 -33.6271 0.051672
    endloop
  endfacet
  facet normal -0.0377246 -0.382313 -0.923262
    outer loop
      vertex -16.3225 -34.7474 0.141695
      vertex -16.3904 -34.5233 0.051672
      vertex -16.3225 -34.53 0.051672
    endloop
  endfacet
  facet normal -0.346247 -0.163828 -0.923728
    outer loop
      vertex -19.8239 -32.4078 0.141695
      vertex -19.7826 -31.9875 0.051672
      vertex -19.6231 -32.3246 0.051672
    endloop
  endfacet
  facet normal -0.346247 -0.163828 -0.923728
    outer loop
      vertex -19.7826 -31.9875 0.051672
      vertex -19.8239 -32.4078 0.141695
      vertex -19.9834 -32.0707 0.141695
    endloop
  endfacet
  facet normal 0.392546 -0.734518 -0.553526
    outer loop
      vertex 18.3293 -34.6312 0.634324
      vertex 18.1463 -34.729 0.634324
      vertex 18.2567 -34.5226 0.438728
    endloop
  endfacet
  facet normal 0.435765 -0.815388 -0.381119
    outer loop
      vertex 18.1807 -34.8122 0.851659
      vertex 18.1463 -34.729 0.634324
      vertex 18.3293 -34.6312 0.634324
    endloop
  endfacet
  facet normal 0.395222 0.835294 0.382208
    outer loop
      vertex 17.8436 28.9717 11.8483
      vertex 18.1463 28.729 12.0657
      vertex 18.1807 28.8122 11.8483
    endloop
  endfacet
  facet normal 0.395222 0.835294 0.382208
    outer loop
      vertex 18.1463 28.729 12.0657
      vertex 17.8436 28.9717 11.8483
      vertex 17.8092 28.8885 12.0657
    endloop
  endfacet
  facet normal -0.205692 -0.678237 -0.705468
    outer loop
      vertex -17.234 -34.9462 0.438728
      vertex -17.4081 -34.8934 0.438728
      vertex -17.3444 -34.7397 0.272388
    endloop
  endfacet
  facet normal -0.262671 -0.491714 -0.830194
    outer loop
      vertex -18.0326 -34.4546 0.272388
      vertex -18.1642 -34.3843 0.272388
      vertex -17.9578 -34.2739 0.141695
    endloop
  endfacet
  facet normal 0 0 -1
    outer loop
      vertex 15.95 -34.3176 0.00577831
      vertex 19.8676 -30.4 0.00577831
      vertex 19.8493 -30.7725 0.00577831
    endloop
  endfacet
  facet normal 0 0 -1
    outer loop
      vertex 19.8676 -30.4 0.00577831
      vertex 15.75 -11.7 0.00577831
      vertex 19.8676 24.4 0.00577831
    endloop
  endfacet
  facet normal 0 0 -1
    outer loop
      vertex 15.95 -34.3176 0.00577831
      vertex 19.8493 -30.7725 0.00577831
      vertex 19.847 -30.7954 0.00577831
    endloop
  endfacet
  facet normal 0 0 -1
    outer loop
      vertex 15.75 11.7 0.00577831
      vertex 19.8676 24.4 0.00577831
      vertex 15.75 -11.7 0.00577831
    endloop
  endfacet
  facet normal 0 0 -1
    outer loop
      vertex 15.95 -34.3176 0.00577831
      vertex 19.847 -30.7954 0.00577831
      vertex 19.7923 -31.1643 0.00577831
    endloop
  endfacet
  facet normal 0 0 -1
    outer loop
      vertex 15.7158 12.3959 0.00577831
      vertex 19.8676 24.4 0.00577831
      vertex 15.75 11.7 0.00577831
    endloop
  endfacet
  facet normal 0 0 -1
    outer loop
      vertex 15.95 -34.3176 0.00577831
      vertex 19.7923 -31.1643 0.00577831
      vertex 19.7017 -31.526 0.00577831
    endloop
  endfacet
  facet normal 0 0 -1
    outer loop
      vertex 15.6136 13.0851 0.00577831
      vertex 19.8676 24.4 0.00577831
      vertex 15.7158 12.3959 0.00577831
    endloop
  endfacet
  facet normal 0 0 -1
    outer loop
      vertex 15.95 -34.3176 0.00577831
      vertex 19.7017 -31.526 0.00577831
      vertex 19.695 -31.5481 0.00577831
    endloop
  endfacet
  facet normal 0 0 -1
    outer loop
      vertex 15.4443 13.761 0.00577831
      vertex 19.8676 24.4 0.00577831
      vertex 15.6136 13.0851 0.00577831
    endloop
  endfacet
  facet normal 0 0 -1
    outer loop
      vertex 15.95 -34.3176 0.00577831
      vertex 19.695 -31.5481 0.00577831
      vertex 19.5694 -31.8992 0.00577831
    endloop
  endfacet
  facet normal 0 0 -1
    outer loop
      vertex 15.2095 14.417 0.00577831
      vertex 19.8676 24.4 0.00577831
      vertex 15.4443 13.761 0.00577831
    endloop
  endfacet
  facet normal 0 0 -1
    outer loop
      vertex 15.95 -34.3176 0.00577831
      vertex 19.5694 -31.8992 0.00577831
      vertex 19.41 -32.2363 0.00577831
    endloop
  endfacet
  facet normal 0 0 -1
    outer loop
      vertex 14.9116 15.0469 0.00577831
      vertex 19.8676 24.4 0.00577831
      vertex 15.2095 14.417 0.00577831
    endloop
  endfacet
  facet normal 0 0 -1
    outer loop
      vertex 15.95 -34.3176 0.00577831
      vertex 19.41 -32.2363 0.00577831
      vertex 19.3991 -32.2566 0.00577831
    endloop
  endfacet
  facet normal 0 0 -1
    outer loop
      vertex 14.5534 15.6445 0.00577831
      vertex 19.8676 24.4 0.00577831
      vertex 14.9116 15.0469 0.00577831
    endloop
  endfacet
  facet normal 0 0 -1
    outer loop
      vertex 15.95 -34.3176 0.00577831
      vertex 19.3991 -32.2566 0.00577831
      vertex 19.2074 -32.5765 0.00577831
    endloop
  endfacet
  facet normal 0 0 -1
    outer loop
      vertex 14.1384 16.2042 0.00577831
      vertex 19.8676 24.4 0.00577831
      vertex 14.5534 15.6445 0.00577831
    endloop
  endfacet
  facet normal 0 0 -1
    outer loop
      vertex 15.95 -34.3176 0.00577831
      vertex 19.2074 -32.5765 0.00577831
      vertex 18.9852 -32.876 0.00577831
    endloop
  endfacet
  facet normal 0 0 -1
    outer loop
      vertex 13.6705 16.7204 0.00577831
      vertex 19.8676 24.4 0.00577831
      vertex 14.1384 16.2042 0.00577831
    endloop
  endfacet
  facet normal 0 0 -1
    outer loop
      vertex 15.95 -34.3176 0.00577831
      vertex 18.9852 -32.876 0.00577831
      vertex 18.9706 -32.8939 0.00577831
    endloop
  endfacet
  facet normal 0 0 -1
    outer loop
      vertex 13.1542 17.1884 0.00577831
      vertex 19.8676 24.4 0.00577831
      vertex 13.6705 16.7204 0.00577831
    endloop
  endfacet
  facet normal 0 0 -1
    outer loop
      vertex 15.95 -34.3176 0.00577831
      vertex 18.9706 -32.8939 0.00577831
      vertex 18.7202 -33.1702 0.00577831
    endloop
  endfacet
  facet normal 0 0 -1
    outer loop
      vertex 12.5945 17.6034 0.00577831
      vertex 19.8676 24.4 0.00577831
      vertex 13.1542 17.1884 0.00577831
    endloop
  endfacet
  facet normal 0 0 -1
    outer loop
      vertex 15.95 -34.3176 0.00577831
      vertex 18.7202 -33.1702 0.00577831
      vertex 18.4439 -33.4206 0.00577831
    endloop
  endfacet
  facet normal 0 0 -1
    outer loop
      vertex 11.9969 17.9616 0.00577831
      vertex 19.8676 24.4 0.00577831
      vertex 12.5945 17.6034 0.00577831
    endloop
  endfacet
  facet normal 0 0 -1
    outer loop
      vertex 15.95 -34.3176 0.00577831
      vertex 18.4439 -33.4206 0.00577831
      vertex 18.426 -33.4352 0.00577831
    endloop
  endfacet
  facet normal 0 -0 -1
    outer loop
      vertex 15.95 28.3176 0.00577831
      vertex 19.8676 24.4 0.00577831
      vertex 11.9969 17.9616 0.00577831
    endloop
  endfacet
  facet normal 0 0 -1
    outer loop
      vertex 15.95 -34.3176 0.00577831
      vertex 18.426 -33.4352 0.00577831
      vertex 18.1265 -33.6574 0.00577831
    endloop
  endfacet
  facet normal 0 0 -1
    outer loop
      vertex 19.8676 24.4 0.00577831
      vertex 15.95 28.3176 0.00577831
      vertex 19.8493 24.7725 0.00577831
    endloop
  endfacet
  facet normal 0 0 -1
    outer loop
      vertex 15.95 -34.3176 0.00577831
      vertex 18.1265 -33.6574 0.00577831
      vertex 17.8066 -33.8491 0.00577831
    endloop
  endfacet
  facet normal 0 0 -1
    outer loop
      vertex 19.8493 24.7725 0.00577831
      vertex 15.95 28.3176 0.00577831
      vertex 19.847 24.7954 0.00577831
    endloop
  endfacet
  facet normal 0 0 -1
    outer loop
      vertex 15.95 -34.3176 0.00577831
      vertex 17.8066 -33.8491 0.00577831
      vertex 17.7863 -33.86 0.00577831
    endloop
  endfacet
  facet normal 0 0 -1
    outer loop
      vertex 19.847 24.7954 0.00577831
      vertex 15.95 28.3176 0.00577831
      vertex 19.7923 25.1643 0.00577831
    endloop
  endfacet
  facet normal 0 0 -1
    outer loop
      vertex 15.95 -34.3176 0.00577831
      vertex 17.7863 -33.86 0.00577831
      vertex 17.4492 -34.0194 0.00577831
    endloop
  endfacet
  facet normal 0 0 -1
    outer loop
      vertex 19.7923 25.1643 0.00577831
      vertex 15.95 28.3176 0.00577831
      vertex 19.7017 25.526 0.00577831
    endloop
  endfacet
  facet normal 0 0 -1
    outer loop
      vertex 15.95 -34.3176 0.00577831
      vertex 17.4492 -34.0194 0.00577831
      vertex 17.0981 -34.145 0.00577831
    endloop
  endfacet
  facet normal 0 0 -1
    outer loop
      vertex 19.7017 25.526 0.00577831
      vertex 15.95 28.3176 0.00577831
      vertex 19.695 25.5481 0.00577831
    endloop
  endfacet
  facet normal 0 0 -1
    outer loop
      vertex 15.95 -34.3176 0.00577831
      vertex 17.0981 -34.145 0.00577831
      vertex 17.076 -34.1517 0.00577831
    endloop
  endfacet
  facet normal 0 0 -1
    outer loop
      vertex 19.695 25.5481 0.00577831
      vertex 15.95 28.3176 0.00577831
      vertex 19.5694 25.8992 0.00577831
    endloop
  endfacet
  facet normal 0 0 -1
    outer loop
      vertex 15.95 -34.3176 0.00577831
      vertex 17.076 -34.1517 0.00577831
      vertex 16.7143 -34.2423 0.00577831
    endloop
  endfacet
  facet normal 0 0 -1
    outer loop
      vertex 19.5694 25.8992 0.00577831
      vertex 15.95 28.3176 0.00577831
      vertex 19.41 26.2363 0.00577831
    endloop
  endfacet
  facet normal 0 0 -1
    outer loop
      vertex 15.95 -34.3176 0.00577831
      vertex 16.7143 -34.2423 0.00577831
      vertex 16.3454 -34.2971 0.00577831
    endloop
  endfacet
  facet normal 0 0 -1
    outer loop
      vertex 19.41 26.2363 0.00577831
      vertex 15.95 28.3176 0.00577831
      vertex 19.3991 26.2566 0.00577831
    endloop
  endfacet
  facet normal 0 0 -1
    outer loop
      vertex 15.95 -34.3176 0.00577831
      vertex 16.3454 -34.2971 0.00577831
      vertex 16.3225 -34.2993 0.00577831
    endloop
  endfacet
  facet normal 0 0 -1
    outer loop
      vertex 19.3991 26.2566 0.00577831
      vertex 15.95 28.3176 0.00577831
      vertex 19.2074 26.5765 0.00577831
    endloop
  endfacet
  facet normal 0 0 -1
    outer loop
      vertex 10.0351 -18.6636 0.00577831
      vertex 19.8676 -30.4 0.00577831
      vertex 15.95 -34.3176 0.00577831
    endloop
  endfacet
  facet normal 0 0 -1
    outer loop
      vertex 19.2074 26.5765 0.00577831
      vertex 15.95 28.3176 0.00577831
      vertex 18.9852 26.876 0.00577831
    endloop
  endfacet
  facet normal 0 0 -1
    outer loop
      vertex 18.9706 26.8939 0.00577831
      vertex 15.95 28.3176 0.00577831
      vertex 18.7202 27.1702 0.00577831
    endloop
  endfacet
  facet normal 0 0 -1
    outer loop
      vertex 19.8676 -30.4 0.00577831
      vertex 15.7158 -12.3959 0.00577831
      vertex 15.75 -11.7 0.00577831
    endloop
  endfacet
  facet normal 0 0 -1
    outer loop
      vertex 19.8676 -30.4 0.00577831
      vertex 15.6136 -13.0851 0.00577831
      vertex 15.7158 -12.3959 0.00577831
    endloop
  endfacet
  facet normal 0 0 -1
    outer loop
      vertex 19.8676 -30.4 0.00577831
      vertex 15.4443 -13.761 0.00577831
      vertex 15.6136 -13.0851 0.00577831
    endloop
  endfacet
  facet normal 0 0 -1
    outer loop
      vertex 19.8676 -30.4 0.00577831
      vertex 15.2095 -14.417 0.00577831
      vertex 15.4443 -13.761 0.00577831
    endloop
  endfacet
  facet normal 0 0 -1
    outer loop
      vertex 19.8676 -30.4 0.00577831
      vertex 14.9116 -15.0469 0.00577831
      vertex 15.2095 -14.417 0.00577831
    endloop
  endfacet
  facet normal 0 0 -1
    outer loop
      vertex 19.8676 -30.4 0.00577831
      vertex 14.5534 -15.6445 0.00577831
      vertex 14.9116 -15.0469 0.00577831
    endloop
  endfacet
  facet normal 0 0 -1
    outer loop
      vertex 19.8676 -30.4 0.00577831
      vertex 14.1384 -16.2042 0.00577831
      vertex 14.5534 -15.6445 0.00577831
    endloop
  endfacet
  facet normal 0 0 -1
    outer loop
      vertex 19.8676 -30.4 0.00577831
      vertex 13.6705 -16.7204 0.00577831
      vertex 14.1384 -16.2042 0.00577831
    endloop
  endfacet
  facet normal 0 0 -1
    outer loop
      vertex 19.8676 -30.4 0.00577831
      vertex 13.1542 -17.1884 0.00577831
      vertex 13.6705 -16.7204 0.00577831
    endloop
  endfacet
  facet normal 0 0 -1
    outer loop
      vertex 19.8676 -30.4 0.00577831
      vertex 12.5945 -17.6034 0.00577831
      vertex 13.1542 -17.1884 0.00577831
    endloop
  endfacet
  facet normal 0 0 -1
    outer loop
      vertex 19.8676 -30.4 0.00577831
      vertex 11.9969 -17.9616 0.00577831
      vertex 12.5945 -17.6034 0.00577831
    endloop
  endfacet
  facet normal 0 0 -1
    outer loop
      vertex 19.8676 -30.4 0.00577831
      vertex 11.3671 -18.2595 0.00577831
      vertex 11.9969 -17.9616 0.00577831
    endloop
  endfacet
  facet normal 0 0 -1
    outer loop
      vertex 19.8676 -30.4 0.00577831
      vertex 10.711 -18.4943 0.00577831
      vertex 11.3671 -18.2595 0.00577831
    endloop
  endfacet
  facet normal 0 0 -1
    outer loop
      vertex 19.8676 -30.4 0.00577831
      vertex 10.0351 -18.6636 0.00577831
      vertex 10.711 -18.4943 0.00577831
    endloop
  endfacet
  facet normal 0 0 -1
    outer loop
      vertex 15.95 -34.3176 0.00577831
      vertex 9.34592 -18.7658 0.00577831
      vertex 10.0351 -18.6636 0.00577831
    endloop
  endfacet
  facet normal 0 0 -1
    outer loop
      vertex 15.95 -34.3176 0.00577831
      vertex 8.64999 -18.8 0.00577831
      vertex 9.34592 -18.7658 0.00577831
    endloop
  endfacet
  facet normal 0 0 -1
    outer loop
      vertex 15.95 -34.3176 0.00577831
      vertex -8.64999 -18.8 0.00577831
      vertex 8.64999 -18.8 0.00577831
    endloop
  endfacet
  facet normal 0 0 -1
    outer loop
      vertex -15.95 -34.3176 0.00577831
      vertex -8.64999 -18.8 0.00577831
      vertex 15.95 -34.3176 0.00577831
    endloop
  endfacet
  facet normal -0 0 -1
    outer loop
      vertex -8.64999 -18.8 0.00577831
      vertex -15.95 -34.3176 0.00577831
      vertex -9.34592 -18.7658 0.00577831
    endloop
  endfacet
  facet normal -0 0 -1
    outer loop
      vertex -9.34592 -18.7658 0.00577831
      vertex -15.95 -34.3176 0.00577831
      vertex -10.0351 -18.6636 0.00577831
    endloop
  endfacet
  facet normal 0 0 -1
    outer loop
      vertex -19.8676 -30.4 0.00577831
      vertex -10.0351 -18.6636 0.00577831
      vertex -15.95 -34.3176 0.00577831
    endloop
  endfacet
  facet normal -0 0 -1
    outer loop
      vertex -10.0351 -18.6636 0.00577831
      vertex -19.8676 -30.4 0.00577831
      vertex -10.711 -18.4943 0.00577831
    endloop
  endfacet
  facet normal -0 0 -1
    outer loop
      vertex -15.7158 -12.3959 0.00577831
      vertex -19.8676 -30.4 0.00577831
      vertex -15.75 -11.7 0.00577831
    endloop
  endfacet
  facet normal -0 0 -1
    outer loop
      vertex -15.6136 -13.0851 0.00577831
      vertex -19.8676 -30.4 0.00577831
      vertex -15.7158 -12.3959 0.00577831
    endloop
  endfacet
  facet normal -0 0 -1
    outer loop
      vertex -15.4443 -13.761 0.00577831
      vertex -19.8676 -30.4 0.00577831
      vertex -15.6136 -13.0851 0.00577831
    endloop
  endfacet
  facet normal -0 0 -1
    outer loop
      vertex -15.2095 -14.417 0.00577831
      vertex -19.8676 -30.4 0.00577831
      vertex -15.4443 -13.761 0.00577831
    endloop
  endfacet
  facet normal -0 0 -1
    outer loop
      vertex -14.9116 -15.0469 0.00577831
      vertex -19.8676 -30.4 0.00577831
      vertex -15.2095 -14.417 0.00577831
    endloop
  endfacet
  facet normal -0 0 -1
    outer loop
      vertex -14.5534 -15.6445 0.00577831
      vertex -19.8676 -30.4 0.00577831
      vertex -14.9116 -15.0469 0.00577831
    endloop
  endfacet
  facet normal -0 0 -1
    outer loop
      vertex -14.1384 -16.2042 0.00577831
      vertex -19.8676 -30.4 0.00577831
      vertex -14.5534 -15.6445 0.00577831
    endloop
  endfacet
  facet normal -0 0 -1
    outer loop
      vertex -13.6705 -16.7204 0.00577831
      vertex -19.8676 -30.4 0.00577831
      vertex -14.1384 -16.2042 0.00577831
    endloop
  endfacet
  facet normal -0 0 -1
    outer loop
      vertex -13.1542 -17.1884 0.00577831
      vertex -19.8676 -30.4 0.00577831
      vertex -13.6705 -16.7204 0.00577831
    endloop
  endfacet
  facet normal -0 0 -1
    outer loop
      vertex -12.5945 -17.6034 0.00577831
      vertex -19.8676 -30.4 0.00577831
      vertex -13.1542 -17.1884 0.00577831
    endloop
  endfacet
  facet normal -0 0 -1
    outer loop
      vertex -11.9969 -17.9616 0.00577831
      vertex -19.8676 -30.4 0.00577831
      vertex -12.5945 -17.6034 0.00577831
    endloop
  endfacet
  facet normal -0 0 -1
    outer loop
      vertex -11.3671 -18.2595 0.00577831
      vertex -19.8676 -30.4 0.00577831
      vertex -11.9969 -17.9616 0.00577831
    endloop
  endfacet
  facet normal -0 0 -1
    outer loop
      vertex -10.711 -18.4943 0.00577831
      vertex -19.8676 -30.4 0.00577831
      vertex -11.3671 -18.2595 0.00577831
    endloop
  endfacet
  facet normal 0 0 -1
    outer loop
      vertex 18.7202 27.1702 0.00577831
      vertex 15.95 28.3176 0.00577831
      vertex 18.4439 27.4206 0.00577831
    endloop
  endfacet
  facet normal 0 0 -1
    outer loop
      vertex 18.4439 27.4206 0.00577831
      vertex 15.95 28.3176 0.00577831
      vertex 18.426 27.4352 0.00577831
    endloop
  endfacet
  facet normal 0 0 -1
    outer loop
      vertex 18.426 27.4352 0.00577831
      vertex 15.95 28.3176 0.00577831
      vertex 18.1265 27.6574 0.00577831
    endloop
  endfacet
  facet normal 0 0 -1
    outer loop
      vertex 18.1265 27.6574 0.00577831
      vertex 15.95 28.3176 0.00577831
      vertex 17.8066 27.8491 0.00577831
    endloop
  endfacet
  facet normal 0 0 -1
    outer loop
      vertex 17.8066 27.8491 0.00577831
      vertex 15.95 28.3176 0.00577831
      vertex 17.7863 27.86 0.00577831
    endloop
  endfacet
  facet normal 0 0 -1
    outer loop
      vertex 17.7863 27.86 0.00577831
      vertex 15.95 28.3176 0.00577831
      vertex 17.4492 28.0194 0.00577831
    endloop
  endfacet
  facet normal 0 0 -1
    outer loop
      vertex 17.4492 28.0194 0.00577831
      vertex 15.95 28.3176 0.00577831
      vertex 17.0981 28.145 0.00577831
    endloop
  endfacet
  facet normal 0 0 -1
    outer loop
      vertex 17.0981 28.145 0.00577831
      vertex 15.95 28.3176 0.00577831
      vertex 17.076 28.1517 0.00577831
    endloop
  endfacet
  facet normal 0 0 -1
    outer loop
      vertex 17.076 28.1517 0.00577831
      vertex 15.95 28.3176 0.00577831
      vertex 16.7143 28.2423 0.00577831
    endloop
  endfacet
  facet normal 0 0 -1
    outer loop
      vertex 16.7143 28.2423 0.00577831
      vertex 15.95 28.3176 0.00577831
      vertex 16.3454 28.2971 0.00577831
    endloop
  endfacet
  facet normal 0 0 -1
    outer loop
      vertex 16.3454 28.2971 0.00577831
      vertex 15.95 28.3176 0.00577831
      vertex 16.3225 28.2993 0.00577831
    endloop
  endfacet
  facet normal 0 0 -1
    outer loop
      vertex 18.9852 26.876 0.00577831
      vertex 15.95 28.3176 0.00577831
      vertex 18.9706 26.8939 0.00577831
    endloop
  endfacet
  facet normal 0 0 -1
    outer loop
      vertex 11.3671 18.2595 0.00577831
      vertex 15.95 28.3176 0.00577831
      vertex 11.9969 17.9616 0.00577831
    endloop
  endfacet
  facet normal 0 0 -1
    outer loop
      vertex 10.711 18.4943 0.00577831
      vertex 15.95 28.3176 0.00577831
      vertex 11.3671 18.2595 0.00577831
    endloop
  endfacet
  facet normal 0 0 -1
    outer loop
      vertex 10.0351 18.6636 0.00577831
      vertex 15.95 28.3176 0.00577831
      vertex 10.711 18.4943 0.00577831
    endloop
  endfacet
  facet normal 0 0 -1
    outer loop
      vertex 9.34592 18.7658 0.00577831
      vertex 15.95 28.3176 0.00577831
      vertex 10.0351 18.6636 0.00577831
    endloop
  endfacet
  facet normal 0 0 -1
    outer loop
      vertex 8.64999 18.8 0.00577831
      vertex 15.95 28.3176 0.00577831
      vertex 9.34592 18.7658 0.00577831
    endloop
  endfacet
  facet normal 0 0 -1
    outer loop
      vertex -8.64999 18.8 0.00577831
      vertex 15.95 28.3176 0.00577831
      vertex 8.64999 18.8 0.00577831
    endloop
  endfacet
  facet normal 0 0 -1
    outer loop
      vertex -15.95 28.3176 0.00577831
      vertex -8.64999 18.8 0.00577831
      vertex -9.34592 18.7658 0.00577831
    endloop
  endfacet
  facet normal 0 0 -1
    outer loop
      vertex -15.95 28.3176 0.00577831
      vertex -9.34592 18.7658 0.00577831
      vertex -10.0351 18.6636 0.00577831
    endloop
  endfacet
  facet normal 0 0 -1
    outer loop
      vertex -15.95 28.3176 0.00577831
      vertex -10.0351 18.6636 0.00577831
      vertex -10.711 18.4943 0.00577831
    endloop
  endfacet
  facet normal 0 0 -1
    outer loop
      vertex -15.95 28.3176 0.00577831
      vertex -10.711 18.4943 0.00577831
      vertex -11.3671 18.2595 0.00577831
    endloop
  endfacet
  facet normal 0 0 -1
    outer loop
      vertex -8.64999 18.8 0.00577831
      vertex -15.95 28.3176 0.00577831
      vertex 15.95 28.3176 0.00577831
    endloop
  endfacet
  facet normal 0 0 -1
    outer loop
      vertex -11.9969 17.9616 0.00577831
      vertex -15.95 28.3176 0.00577831
      vertex -11.3671 18.2595 0.00577831
    endloop
  endfacet
  facet normal 0 0 -1
    outer loop
      vertex -19.8676 24.4 0.00577831
      vertex -11.9969 17.9616 0.00577831
      vertex -12.5945 17.6034 0.00577831
    endloop
  endfacet
  facet normal 0 0 -1
    outer loop
      vertex -19.8676 24.4 0.00577831
      vertex -12.5945 17.6034 0.00577831
      vertex -13.1542 17.1884 0.00577831
    endloop
  endfacet
  facet normal 0 0 -1
    outer loop
      vertex -19.8676 24.4 0.00577831
      vertex -13.1542 17.1884 0.00577831
      vertex -13.6705 16.7204 0.00577831
    endloop
  endfacet
  facet normal 0 0 -1
    outer loop
      vertex -19.8676 24.4 0.00577831
      vertex -13.6705 16.7204 0.00577831
      vertex -14.1384 16.2042 0.00577831
    endloop
  endfacet
  facet normal 0 0 -1
    outer loop
      vertex -19.8676 24.4 0.00577831
      vertex -14.1384 16.2042 0.00577831
      vertex -14.5534 15.6445 0.00577831
    endloop
  endfacet
  facet normal 0 0 -1
    outer loop
      vertex -19.8676 24.4 0.00577831
      vertex -14.5534 15.6445 0.00577831
      vertex -14.9116 15.0469 0.00577831
    endloop
  endfacet
  facet normal 0 0 -1
    outer loop
      vertex -19.8676 24.4 0.00577831
      vertex -14.9116 15.0469 0.00577831
      vertex -15.2095 14.417 0.00577831
    endloop
  endfacet
  facet normal 0 0 -1
    outer loop
      vertex -19.8676 24.4 0.00577831
      vertex -15.2095 14.417 0.00577831
      vertex -15.4443 13.761 0.00577831
    endloop
  endfacet
  facet normal 0 0 -1
    outer loop
      vertex -19.8676 24.4 0.00577831
      vertex -15.4443 13.761 0.00577831
      vertex -15.6136 13.0851 0.00577831
    endloop
  endfacet
  facet normal 0 0 -1
    outer loop
      vertex -19.8676 24.4 0.00577831
      vertex -15.6136 13.0851 0.00577831
      vertex -15.7158 12.3959 0.00577831
    endloop
  endfacet
  facet normal 0 0 -1
    outer loop
      vertex -19.8676 24.4 0.00577831
      vertex -15.7158 12.3959 0.00577831
      vertex -15.75 11.7 0.00577831
    endloop
  endfacet
  facet normal 0 0 -1
    outer loop
      vertex -19.8676 24.4 0.00577831
      vertex -15.75 -11.7 0.00577831
      vertex -19.8676 -30.4 0.00577831
    endloop
  endfacet
  facet normal 0 0 -1
    outer loop
      vertex -19.8676 -30.4 0.00577831
      vertex -15.95 -34.3176 0.00577831
      vertex -16.3225 -34.2993 0.00577831
    endloop
  endfacet
  facet normal 0 0 -1
    outer loop
      vertex -15.75 -11.7 0.00577831
      vertex -19.8676 24.4 0.00577831
      vertex -15.75 11.7 0.00577831
    endloop
  endfacet
  facet normal 0 0 -1
    outer loop
      vertex -19.8676 -30.4 0.00577831
      vertex -16.3225 -34.2993 0.00577831
      vertex -16.3454 -34.2971 0.00577831
    endloop
  endfacet
  facet normal 0 0 -1
    outer loop
      vertex -11.9969 17.9616 0.00577831
      vertex -19.8676 24.4 0.00577831
      vertex -15.95 28.3176 0.00577831
    endloop
  endfacet
  facet normal 0 0 -1
    outer loop
      vertex -19.8676 -30.4 0.00577831
      vertex -16.3454 -34.2971 0.00577831
      vertex -16.7143 -34.2423 0.00577831
    endloop
  endfacet
  facet normal 0 0 -1
    outer loop
      vertex -15.95 28.3176 0.00577831
      vertex -19.8676 24.4 0.00577831
      vertex -16.3225 28.2993 0.00577831
    endloop
  endfacet
  facet normal 0 0 -1
    outer loop
      vertex -19.8676 -30.4 0.00577831
      vertex -16.7143 -34.2423 0.00577831
      vertex -17.076 -34.1517 0.00577831
    endloop
  endfacet
  facet normal 0 0 -1
    outer loop
      vertex -16.3225 28.2993 0.00577831
      vertex -19.8676 24.4 0.00577831
      vertex -16.3454 28.2971 0.00577831
    endloop
  endfacet
  facet normal 0 0 -1
    outer loop
      vertex -19.8676 -30.4 0.00577831
      vertex -17.076 -34.1517 0.00577831
      vertex -17.0981 -34.145 0.00577831
    endloop
  endfacet
  facet normal 0 0 -1
    outer loop
      vertex -16.3454 28.2971 0.00577831
      vertex -19.8676 24.4 0.00577831
      vertex -16.7143 28.2423 0.00577831
    endloop
  endfacet
  facet normal 0 0 -1
    outer loop
      vertex -19.8676 -30.4 0.00577831
      vertex -17.0981 -34.145 0.00577831
      vertex -17.4492 -34.0194 0.00577831
    endloop
  endfacet
  facet normal 0 0 -1
    outer loop
      vertex -16.7143 28.2423 0.00577831
      vertex -19.8676 24.4 0.00577831
      vertex -17.076 28.1517 0.00577831
    endloop
  endfacet
  facet normal 0 0 -1
    outer loop
      vertex -19.8676 -30.4 0.00577831
      vertex -17.4492 -34.0194 0.00577831
      vertex -17.7863 -33.86 0.00577831
    endloop
  endfacet
  facet normal 0 0 -1
    outer loop
      vertex -17.076 28.1517 0.00577831
      vertex -19.8676 24.4 0.00577831
      vertex -17.0981 28.145 0.00577831
    endloop
  endfacet
  facet normal 0 0 -1
    outer loop
      vertex -19.8676 -30.4 0.00577831
      vertex -17.7863 -33.86 0.00577831
      vertex -17.8066 -33.8491 0.00577831
    endloop
  endfacet
  facet normal 0 0 -1
    outer loop
      vertex -17.0981 28.145 0.00577831
      vertex -19.8676 24.4 0.00577831
      vertex -17.4492 28.0194 0.00577831
    endloop
  endfacet
  facet normal 0 0 -1
    outer loop
      vertex -19.8676 -30.4 0.00577831
      vertex -17.8066 -33.8491 0.00577831
      vertex -18.1265 -33.6574 0.00577831
    endloop
  endfacet
  facet normal 0 0 -1
    outer loop
      vertex -17.4492 28.0194 0.00577831
      vertex -19.8676 24.4 0.00577831
      vertex -17.7863 27.86 0.00577831
    endloop
  endfacet
  facet normal 0 0 -1
    outer loop
      vertex -19.8676 -30.4 0.00577831
      vertex -18.1265 -33.6574 0.00577831
      vertex -18.426 -33.4352 0.00577831
    endloop
  endfacet
  facet normal 0 0 -1
    outer loop
      vertex -17.7863 27.86 0.00577831
      vertex -19.8676 24.4 0.00577831
      vertex -17.8066 27.8491 0.00577831
    endloop
  endfacet
  facet normal 0 0 -1
    outer loop
      vertex -19.8676 -30.4 0.00577831
      vertex -18.426 -33.4352 0.00577831
      vertex -18.4439 -33.4206 0.00577831
    endloop
  endfacet
  facet normal 0 0 -1
    outer loop
      vertex -17.8066 27.8491 0.00577831
      vertex -19.8676 24.4 0.00577831
      vertex -18.1265 27.6574 0.00577831
    endloop
  endfacet
  facet normal 0 0 -1
    outer loop
      vertex -19.8676 -30.4 0.00577831
      vertex -18.4439 -33.4206 0.00577831
      vertex -18.7202 -33.1702 0.00577831
    endloop
  endfacet
  facet normal 0 0 -1
    outer loop
      vertex -18.1265 27.6574 0.00577831
      vertex -19.8676 24.4 0.00577831
      vertex -18.426 27.4352 0.00577831
    endloop
  endfacet
  facet normal 0 0 -1
    outer loop
      vertex -19.8676 -30.4 0.00577831
      vertex -18.7202 -33.1702 0.00577831
      vertex -18.9706 -32.8939 0.00577831
    endloop
  endfacet
  facet normal 0 0 -1
    outer loop
      vertex -18.426 27.4352 0.00577831
      vertex -19.8676 24.4 0.00577831
      vertex -18.4439 27.4206 0.00577831
    endloop
  endfacet
  facet normal 0 0 -1
    outer loop
      vertex -19.8676 -30.4 0.00577831
      vertex -18.9706 -32.8939 0.00577831
      vertex -18.9852 -32.876 0.00577831
    endloop
  endfacet
  facet normal 0 0 -1
    outer loop
      vertex -18.4439 27.4206 0.00577831
      vertex -19.8676 24.4 0.00577831
      vertex -18.7202 27.1702 0.00577831
    endloop
  endfacet
  facet normal 0 0 -1
    outer loop
      vertex -19.8676 -30.4 0.00577831
      vertex -18.9852 -32.876 0.00577831
      vertex -19.2074 -32.5765 0.00577831
    endloop
  endfacet
  facet normal 0 0 -1
    outer loop
      vertex -18.7202 27.1702 0.00577831
      vertex -19.8676 24.4 0.00577831
      vertex -18.9706 26.8939 0.00577831
    endloop
  endfacet
  facet normal 0 0 -1
    outer loop
      vertex -19.8676 -30.4 0.00577831
      vertex -19.2074 -32.5765 0.00577831
      vertex -19.3991 -32.2566 0.00577831
    endloop
  endfacet
  facet normal 0 0 -1
    outer loop
      vertex -18.9706 26.8939 0.00577831
      vertex -19.8676 24.4 0.00577831
      vertex -18.9852 26.876 0.00577831
    endloop
  endfacet
  facet normal 0 0 -1
    outer loop
      vertex -19.8676 -30.4 0.00577831
      vertex -19.3991 -32.2566 0.00577831
      vertex -19.41 -32.2363 0.00577831
    endloop
  endfacet
  facet normal 0 0 -1
    outer loop
      vertex -18.9852 26.876 0.00577831
      vertex -19.8676 24.4 0.00577831
      vertex -19.2074 26.5765 0.00577831
    endloop
  endfacet
  facet normal 0 0 -1
    outer loop
      vertex -19.8676 -30.4 0.00577831
      vertex -19.41 -32.2363 0.00577831
      vertex -19.5694 -31.8992 0.00577831
    endloop
  endfacet
  facet normal 0 0 -1
    outer loop
      vertex -19.2074 26.5765 0.00577831
      vertex -19.8676 24.4 0.00577831
      vertex -19.3991 26.2566 0.00577831
    endloop
  endfacet
  facet normal 0 0 -1
    outer loop
      vertex -19.8676 -30.4 0.00577831
      vertex -19.5694 -31.8992 0.00577831
      vertex -19.695 -31.5481 0.00577831
    endloop
  endfacet
  facet normal 0 0 -1
    outer loop
      vertex -19.3991 26.2566 0.00577831
      vertex -19.8676 24.4 0.00577831
      vertex -19.41 26.2363 0.00577831
    endloop
  endfacet
  facet normal 0 0 -1
    outer loop
      vertex -19.8676 -30.4 0.00577831
      vertex -19.695 -31.5481 0.00577831
      vertex -19.7017 -31.526 0.00577831
    endloop
  endfacet
  facet normal 0 0 -1
    outer loop
      vertex -19.41 26.2363 0.00577831
      vertex -19.8676 24.4 0.00577831
      vertex -19.5694 25.8992 0.00577831
    endloop
  endfacet
  facet normal 0 0 -1
    outer loop
      vertex -19.8676 -30.4 0.00577831
      vertex -19.7017 -31.526 0.00577831
      vertex -19.7923 -31.1643 0.00577831
    endloop
  endfacet
  facet normal 0 0 -1
    outer loop
      vertex -19.5694 25.8992 0.00577831
      vertex -19.8676 24.4 0.00577831
      vertex -19.695 25.5481 0.00577831
    endloop
  endfacet
  facet normal 0 0 -1
    outer loop
      vertex -19.8676 -30.4 0.00577831
      vertex -19.7923 -31.1643 0.00577831
      vertex -19.847 -30.7954 0.00577831
    endloop
  endfacet
  facet normal 0 0 -1
    outer loop
      vertex -19.695 25.5481 0.00577831
      vertex -19.8676 24.4 0.00577831
      vertex -19.7017 25.526 0.00577831
    endloop
  endfacet
  facet normal 0 0 -1
    outer loop
      vertex -19.8676 -30.4 0.00577831
      vertex -19.847 -30.7954 0.00577831
      vertex -19.8493 -30.7725 0.00577831
    endloop
  endfacet
  facet normal 0 0 -1
    outer loop
      vertex -19.7017 25.526 0.00577831
      vertex -19.8676 24.4 0.00577831
      vertex -19.7923 25.1643 0.00577831
    endloop
  endfacet
  facet normal 0 0 -1
    outer loop
      vertex -19.7923 25.1643 0.00577831
      vertex -19.8676 24.4 0.00577831
      vertex -19.847 24.7954 0.00577831
    endloop
  endfacet
  facet normal 0 0 -1
    outer loop
      vertex -19.847 24.7954 0.00577831
      vertex -19.8676 24.4 0.00577831
      vertex -19.8493 24.7725 0.00577831
    endloop
  endfacet
  facet normal -0.257216 -0.283821 -0.923735
    outer loop
      vertex -18.7607 -33.7374 0.141695
      vertex -18.8833 -33.3333 0.051672
      vertex -18.607 -33.5837 0.051672
    endloop
  endfacet
  facet normal -0.257216 -0.283821 -0.923735
    outer loop
      vertex -18.8833 -33.3333 0.051672
      vertex -18.7607 -33.7374 0.141695
      vertex -19.037 -33.487 0.141695
    endloop
  endfacet
  facet normal -0.116352 -0.1569 -0.980737
    outer loop
      vertex -18.5542 -33.6271 0.051672
      vertex -18.1265 -33.6574 0.00577831
      vertex -18.2547 -33.8492 0.051672
    endloop
  endfacet
  facet normal -0.116348 -0.156823 -0.98075
    outer loop
      vertex -18.1265 -33.6574 0.00577831
      vertex -18.5542 -33.6271 0.051672
      vertex -18.426 -33.4352 0.00577831
    endloop
  endfacet
  facet normal -0.181227 -0.338816 -0.923234
    outer loop
      vertex -17.8746 -34.0731 0.051672
      vertex -17.9578 -34.2739 0.141695
      vertex -17.9348 -34.0409 0.051672
    endloop
  endfacet
  facet normal -0.0924507 -0.172843 -0.980601
    outer loop
      vertex -17.8746 -34.0731 0.051672
      vertex -17.9348 -34.0409 0.051672
      vertex -17.8066 -33.8491 0.00577831
    endloop
  endfacet
  facet normal -0.18119 -0.338821 -0.923239
    outer loop
      vertex -17.9578 -34.2739 0.141695
      vertex -18.0556 -34.2216 0.141695
      vertex -17.9348 -34.0409 0.051672
    endloop
  endfacet
  facet normal -0.262835 -0.491497 -0.83027
    outer loop
      vertex -17.9578 -34.2739 0.141695
      vertex -18.1642 -34.3843 0.272388
      vertex -18.0556 -34.2216 0.141695
    endloop
  endfacet
  facet normal -0.41949 0.886584 -0.194929
    outer loop
      vertex -18.1807 28.8122 0.851659
      vertex -17.8612 29.0141 1.08238
      vertex -17.8436 28.9717 0.851659
    endloop
  endfacet
  facet normal -0.41949 0.886584 -0.194929
    outer loop
      vertex -17.8612 29.0141 1.08238
      vertex -18.1807 28.8122 0.851659
      vertex -18.1983 28.8546 1.08238
    endloop
  endfacet
  facet normal -0.435765 0.815388 -0.381119
    outer loop
      vertex -18.1463 28.729 0.634324
      vertex -18.3293 28.6312 0.634324
      vertex -18.1807 28.8122 0.851659
    endloop
  endfacet
  facet normal -0.395205 0.835258 -0.382306
    outer loop
      vertex -18.1463 28.729 0.634324
      vertex -17.8436 28.9717 0.851659
      vertex -17.8092 28.8885 0.634324
    endloop
  endfacet
  facet normal -0.395205 0.835258 -0.382306
    outer loop
      vertex -17.8436 28.9717 0.851659
      vertex -18.1463 28.729 0.634324
      vertex -18.1807 28.8122 0.851659
    endloop
  endfacet
  facet normal -0.435624 0.81541 -0.381233
    outer loop
      vertex -18.3293 28.6312 0.634324
      vertex -18.3793 28.7061 0.851659
      vertex -18.1807 28.8122 0.851659
    endloop
  endfacet
  facet normal -0.135531 0.914031 -0.382333
    outer loop
      vertex -16.8978 29.165 0.634324
      vertex -16.5465 29.308 0.851659
      vertex -16.5289 29.2197 0.634324
    endloop
  endfacet
  facet normal -0.135795 0.91414 -0.381978
    outer loop
      vertex -16.5465 29.308 0.851659
      vertex -16.8978 29.165 0.634324
      vertex -16.9154 29.2532 0.851659
    endloop
  endfacet
  facet normal -0.241546 0.79686 -0.553778
    outer loop
      vertex -17.234 28.9461 0.438728
      vertex -17.4581 29.0141 0.634324
      vertex -17.2595 29.0743 0.634324
    endloop
  endfacet
  facet normal -0.202305 0.806768 -0.555156
    outer loop
      vertex -17.234 28.9461 0.438728
      vertex -16.8978 29.165 0.634324
      vertex -16.8723 29.0368 0.438728
    endloop
  endfacet
  facet normal -0.202305 0.806768 -0.555156
    outer loop
      vertex -16.8978 29.165 0.634324
      vertex -17.234 28.9461 0.438728
      vertex -17.2595 29.0743 0.634324
    endloop
  endfacet
  facet normal -0.280395 0.783188 -0.554973
    outer loop
      vertex -17.7592 28.7677 0.438728
      vertex -17.4581 29.0141 0.634324
      vertex -17.4081 28.8934 0.438728
    endloop
  endfacet
  facet normal -0.280136 0.783088 -0.555245
    outer loop
      vertex -17.4581 29.0141 0.634324
      vertex -17.7592 28.7677 0.438728
      vertex -17.8092 28.8885 0.634324
    endloop
  endfacet
  facet normal -0.797039 0.2416 -0.553496
    outer loop
      vertex -20.4962 25.684 0.438728
      vertex -20.6243 25.7095 0.634324
      vertex -20.5641 25.9081 0.634324
    endloop
  endfacet
  facet normal -0.922964 0.0453429 -0.382206
    outer loop
      vertex -20.8083 24.4 0.634324
      vertex -20.88 24.7725 0.851659
      vertex -20.79 24.7725 0.634324
    endloop
  endfacet
  facet normal -0.922964 0.0453429 -0.382206
    outer loop
      vertex -20.88 24.7725 0.851659
      vertex -20.8083 24.4 0.634324
      vertex -20.8983 24.4 0.851659
    endloop
  endfacet
  facet normal -0.815423 0.435784 0.381022
    outer loop
      vertex -20.1812 26.7793 12.0657
      vertex -20.3622 26.6307 11.8483
      vertex -20.279 26.5963 12.0657
    endloop
  endfacet
  facet normal -0.678149 -0.205629 0.705571
    outer loop
      vertex -20.333 -31.6516 12.4276
      vertex -20.4962 -31.684 12.2613
      vertex -20.2897 -31.7944 12.4276
    endloop
  endfacet
  facet normal -0.815423 -0.435784 0.381022
    outer loop
      vertex -20.279 -32.5963 12.0657
      vertex -20.3622 -32.6307 11.8483
      vertex -20.1812 -32.7793 12.0657
    endloop
  endfacet
  facet normal -0.533471 -0.161902 0.830179
    outer loop
      vertex -20.1412 -31.6134 12.5583
      vertex -20.333 -31.6516 12.4276
      vertex -20.109 -31.7195 12.5583
    endloop
  endfacet
  facet normal -0.367568 -0.111552 0.923282
    outer loop
      vertex -19.928 -31.571 12.6483
      vertex -20.1412 -31.6134 12.5583
      vertex -20.109 -31.7195 12.5583
    endloop
  endfacet
  facet normal -0.705381 -0.0698256 0.705381
    outer loop
      vertex -20.493 -30.7725 12.4276
      vertex -20.6593 -30.7725 12.2613
      vertex -20.4783 -30.921 12.4276
    endloop
  endfacet
  facet normal -0.550102 -0.0815683 0.831105
    outer loop
      vertex -20.4783 -30.921 12.4276
      vertex -20.2318 -31.2517 12.5583
      vertex -20.2865 -30.8828 12.5583
    endloop
  endfacet
  facet normal -0.550102 -0.0815683 0.831105
    outer loop
      vertex -20.2318 -31.2517 12.5583
      vertex -20.4783 -30.921 12.4276
      vertex -20.4236 -31.2899 12.4276
    endloop
  endfacet
  facet normal -0.333906 -0.625065 0.705549
    outer loop
      vertex -18.1642 -34.3843 12.4276
      vertex -18.2567 -34.5226 12.2613
      vertex -18.0326 -34.4546 12.4276
    endloop
  endfacet
  facet normal -0.44935 -0.547949 0.705575
    outer loop
      vertex -18.899 -33.8757 12.4276
      vertex -19.0166 -33.9934 12.2613
      vertex -18.876 -34.1087 12.2613
    endloop
  endfacet
  facet normal -0.103777 0.699692 0.706868
    outer loop
      vertex -16.5034 29.0915 12.2613
      vertex -16.8398 28.8736 12.4276
      vertex -16.471 28.9283 12.4276
    endloop
  endfacet
  facet normal -0.103745 0.699666 0.706898
    outer loop
      vertex -16.8398 28.8736 12.4276
      vertex -16.5034 29.0915 12.2613
      vertex -16.8723 29.0368 12.2613
    endloop
  endfacet
  facet normal -0.714685 0.586535 -0.381053
    outer loop
      vertex -19.6358 27.559 0.634324
      vertex -19.8422 27.4487 0.851659
      vertex -19.6994 27.6227 0.851659
    endloop
  endfacet
  facet normal -0.714734 0.586402 -0.381167
    outer loop
      vertex -19.7674 27.3986 0.634324
      vertex -19.8422 27.4487 0.851659
      vertex -19.6358 27.559 0.634324
    endloop
  endfacet
  facet normal -0.382327 -0.0377821 -0.923254
    outer loop
      vertex -20.2865 -30.8828 0.141695
      vertex -20.2974 -30.7725 0.141695
      vertex -20.0733 -30.8404 0.051672
    endloop
  endfacet
  facet normal -0.371539 -0.0930644 -0.923741
    outer loop
      vertex -20.1412 -31.6134 0.141695
      vertex -20.0186 -31.2093 0.051672
      vertex -19.928 -31.571 0.051672
    endloop
  endfacet
  facet normal -0.371539 -0.0930644 -0.923741
    outer loop
      vertex -20.0186 -31.2093 0.051672
      vertex -20.1412 -31.6134 0.141695
      vertex -20.2318 -31.2517 0.141695
    endloop
  endfacet
  facet normal -0.131196 -0.144766 -0.98073
    outer loop
      vertex -18.607 -33.5837 0.051672
      vertex -18.7202 -33.1702 0.00577831
      vertex -18.4439 -33.4206 0.00577831
    endloop
  endfacet
  facet normal -0.131196 -0.144766 -0.98073
    outer loop
      vertex -18.7202 -33.1702 0.00577831
      vertex -18.607 -33.5837 0.051672
      vertex -18.8833 -33.3333 0.051672
    endloop
  endfacet
  facet normal -0.297191 -0.243719 -0.923189
    outer loop
      vertex -19.1338 -33.057 0.051672
      vertex -19.2874 -33.2107 0.141695
      vertex -19.1771 -33.0042 0.051672
    endloop
  endfacet
  facet normal -0.183874 -0.0657777 -0.980747
    outer loop
      vertex -19.9082 -31.6364 0.051672
      vertex -19.5694 -31.8992 0.00577831
      vertex -19.7826 -31.9875 0.051672
    endloop
  endfacet
  facet normal -0.183874 -0.0657777 -0.980747
    outer loop
      vertex -19.5694 -31.8992 0.00577831
      vertex -19.9082 -31.6364 0.051672
      vertex -19.695 -31.5481 0.00577831
    endloop
  endfacet
  facet normal -0.449665 -0.547955 -0.70537
    outer loop
      vertex -18.876 -34.1087 0.438728
      vertex -18.899 -33.8757 0.272388
      vertex -18.7836 -33.9704 0.272388
    endloop
  endfacet
  facet normal -0.283821 -0.257216 -0.923735
    outer loop
      vertex -19.2874 -33.2107 0.141695
      vertex -18.8833 -33.3333 0.051672
      vertex -19.037 -33.487 0.141695
    endloop
  endfacet
  facet normal -0.28385 -0.257345 -0.92369
    outer loop
      vertex -18.8833 -33.3333 0.051672
      vertex -19.2874 -33.2107 0.141695
      vertex -19.1338 -33.057 0.051672
    endloop
  endfacet
  facet normal -0.787838 -0.584304 -0.194678
    outer loop
      vertex -19.8422 -33.4487 0.851659
      vertex -20.1025 -33.1746 1.08238
      vertex -20.0644 -33.1491 0.851659
    endloop
  endfacet
  facet normal -0.787911 -0.584096 -0.195009
    outer loop
      vertex -20.1025 -33.1746 1.08238
      vertex -19.8422 -33.4487 0.851659
      vertex -19.8804 -33.4742 1.08238
    endloop
  endfacet
  facet normal -0.979643 -0.0481274 -0.194892
    outer loop
      vertex -20.88 -30.7725 0.851659
      vertex -20.9442 -30.4 1.08238
      vertex -20.8983 -30.4 0.851659
    endloop
  endfacet
  facet normal -0.979643 -0.0481274 -0.194892
    outer loop
      vertex -20.9442 -30.4 1.08238
      vertex -20.88 -30.7725 0.851659
      vertex -20.9259 -30.7725 1.08238
    endloop
  endfacet
  facet normal -0.922964 -0.0453429 -0.382206
    outer loop
      vertex -20.79 -30.7725 0.634324
      vertex -20.8983 -30.4 0.851659
      vertex -20.8083 -30.4 0.634324
    endloop
  endfacet
  facet normal -0.922964 -0.0453429 -0.382206
    outer loop
      vertex -20.8983 -30.4 0.851659
      vertex -20.79 -30.7725 0.634324
      vertex -20.88 -30.7725 0.851659
    endloop
  endfacet
  facet normal -0.678258 -0.205816 -0.705412
    outer loop
      vertex -20.4434 -31.858 0.438728
      vertex -20.4962 -31.684 0.438728
      vertex -20.2897 -31.7944 0.272388
    endloop
  endfacet
  facet normal -0.815388 -0.435765 -0.381119
    outer loop
      vertex -20.1812 -32.7793 0.634324
      vertex -20.3622 -32.6307 0.851659
      vertex -20.279 -32.5963 0.634324
    endloop
  endfacet
  facet normal -0.796858 -0.241805 -0.553668
    outer loop
      vertex -20.4434 -31.858 0.438728
      vertex -20.5641 -31.9081 0.634324
      vertex -20.4962 -31.684 0.438728
    endloop
  endfacet
  facet normal -0.714685 -0.586535 -0.381053
    outer loop
      vertex -19.6994 -33.6227 0.851659
      vertex -19.8422 -33.4487 0.851659
      vertex -19.6358 -33.559 0.634324
    endloop
  endfacet
  facet normal -0.903923 -0.427694 -0
    outer loop
      vertex -20.4046 -32.6483 11.6176
      vertex -20.5641 -32.3112 8.42681
      vertex -20.4046 -32.6483 8.15015
    endloop
  endfacet
  facet normal -0.903923 -0.427694 0
    outer loop
      vertex -20.5641 -32.3112 8.42681
      vertex -20.4046 -32.6483 11.6176
      vertex -20.5641 -32.3112 11.6176
    endloop
  endfacet
  facet normal -0.903923 -0.427694 0
    outer loop
      vertex -20.4046 -32.6483 1.08238
      vertex -20.5641 -32.3112 4.27319
      vertex -20.5641 -32.3112 1.08238
    endloop
  endfacet
  facet normal -0.903923 -0.427694 0
    outer loop
      vertex -20.5641 -32.3112 4.27319
      vertex -20.4046 -32.6483 1.08238
      vertex -20.4046 -32.6483 4.54985
    endloop
  endfacet
  facet normal -0.803334 -0.595529 0
    outer loop
      vertex -19.8804 -33.4742 1.08238
      vertex -20.1025 -33.1746 5.29026
      vertex -20.1025 -33.1746 1.08238
    endloop
  endfacet
  facet normal -0.803622 -0.59514 -4.29154e-05
    outer loop
      vertex -20.1025 -33.1746 5.29026
      vertex -19.8804 -33.4742 1.08238
      vertex -20.0617 -33.2297 5.39329
    endloop
  endfacet
  facet normal -0.8033 -0.595575 -4.67786e-06
    outer loop
      vertex -20.0617 -33.2297 5.39329
      vertex -19.8804 -33.4742 1.08238
      vertex -19.9562 -33.372 5.86227
    endloop
  endfacet
  facet normal -0.8032 -0.595709 -2.30077e-07
    outer loop
      vertex -19.9562 -33.372 5.86227
      vertex -19.8804 -33.4742 1.08238
      vertex -19.9206 -33.42 6.35
    endloop
  endfacet
  facet normal -0.803622 -0.59514 4.29156e-05
    outer loop
      vertex -19.8804 -33.4742 11.6176
      vertex -20.1025 -33.1746 7.40974
      vertex -20.0617 -33.2297 7.30671
    endloop
  endfacet
  facet normal -0.8033 -0.595575 4.67788e-06
    outer loop
      vertex -19.8804 -33.4742 11.6176
      vertex -20.0617 -33.2297 7.30671
      vertex -19.9562 -33.372 6.83773
    endloop
  endfacet
  facet normal -0.8032 -0.595709 2.30078e-07
    outer loop
      vertex -19.8804 -33.4742 11.6176
      vertex -19.9562 -33.372 6.83773
      vertex -19.9206 -33.42 6.35
    endloop
  endfacet
  facet normal -0.803334 -0.595529 0
    outer loop
      vertex -20.1025 -33.1746 7.40974
      vertex -19.8804 -33.4742 11.6176
      vertex -20.1025 -33.1746 11.6176
    endloop
  endfacet
  facet normal -0.80319 -0.595724 -0
    outer loop
      vertex -19.8804 -33.4742 11.6176
      vertex -19.9206 -33.42 6.35
      vertex -19.8804 -33.4742 1.08238
    endloop
  endfacet
  facet normal -0.606721 -0.363691 -0.706837
    outer loop
      vertex -20.0726 -32.7067 0.438728
      vertex -19.7425 -32.9341 0.272388
      vertex -19.8809 -33.0265 0.438728
    endloop
  endfacet
  facet normal -0.606749 -0.363784 -0.706765
    outer loop
      vertex -19.7425 -32.9341 0.272388
      vertex -20.0726 -32.7067 0.438728
      vertex -19.9343 -32.6142 0.272388
    endloop
  endfacet
  facet normal -0.495253 -0.668067 -0.555348
    outer loop
      vertex -18.876 -34.1087 0.438728
      vertex -18.6491 -34.4395 0.634324
      vertex -18.9487 -34.2174 0.634324
    endloop
  endfacet
  facet normal -0.49567 -0.668106 -0.554929
    outer loop
      vertex -18.6491 -34.4395 0.634324
      vertex -18.876 -34.1087 0.438728
      vertex -18.5765 -34.3309 0.438728
    endloop
  endfacet
  facet normal -0.502683 -0.237846 0.831107
    outer loop
      vertex -19.9834 -32.0707 12.5583
      vertex -20.0046 -32.4826 12.4276
      vertex -19.8239 -32.4078 12.5583
    endloop
  endfacet
  facet normal -0.502683 -0.237846 0.831107
    outer loop
      vertex -20.0046 -32.4826 12.4276
      vertex -19.9834 -32.0707 12.5583
      vertex -20.1641 -32.1455 12.4276
    endloop
  endfacet
  facet normal -0.815445 -0.435643 0.381136
    outer loop
      vertex -20.1812 -32.7793 12.0657
      vertex -20.3622 -32.6307 11.8483
      vertex -20.2561 -32.8293 11.8483
    endloop
  endfacet
  facet normal -0.865202 -0.462225 0.194354
    outer loop
      vertex -20.2561 -32.8293 11.8483
      vertex -20.3622 -32.6307 11.8483
      vertex -20.2943 -32.8548 11.6176
    endloop
  endfacet
  facet normal -0.796863 -0.241807 0.55366
    outer loop
      vertex -20.4962 -31.684 12.2613
      vertex -20.5641 -31.9081 12.0657
      vertex -20.4434 -31.858 12.2613
    endloop
  endfacet
  facet normal -0.914033 -0.135779 0.382239
    outer loop
      vertex -20.858 -30.9965 11.8483
      vertex -20.7149 -31.3478 12.0657
      vertex -20.7697 -30.9789 12.0657
    endloop
  endfacet
  facet normal -0.914033 -0.135779 0.382239
    outer loop
      vertex -20.7149 -31.3478 12.0657
      vertex -20.858 -30.9965 11.8483
      vertex -20.8032 -31.3654 11.8483
    endloop
  endfacet
  facet normal -0.734523 -0.392548 0.553518
    outer loop
      vertex -20.0726 -32.7067 12.2613
      vertex -20.279 -32.5963 12.0657
      vertex -20.1812 -32.7793 12.0657
    endloop
  endfacet
  facet normal -0.55871 -0.616254 0.555044
    outer loop
      vertex -19.109 -34.0858 12.0657
      vertex -19.2929 -33.7429 12.2613
      vertex -19.3853 -33.8353 12.0657
    endloop
  endfacet
  facet normal -0.55871 -0.616254 0.555044
    outer loop
      vertex -19.2929 -33.7429 12.2613
      vertex -19.109 -34.0858 12.0657
      vertex -19.0166 -33.9934 12.2613
    endloop
  endfacet
  facet normal -0.88474 -0.268215 -0.381177
    outer loop
      vertex -20.6473 -31.9425 0.851659
      vertex -20.7126 -31.7271 0.851659
      vertex -20.6243 -31.7095 0.634324
    endloop
  endfacet
  facet normal -0.923503 -0.330367 0.194933
    outer loop
      vertex -20.6897 -31.9601 11.6176
      vertex -20.5217 -32.2936 11.8483
      vertex -20.6473 -31.9425 11.8483
    endloop
  endfacet
  facet normal -0.923503 -0.330367 0.194933
    outer loop
      vertex -20.5217 -32.2936 11.8483
      vertex -20.6897 -31.9601 11.6176
      vertex -20.5641 -32.3112 11.6176
    endloop
  endfacet
  facet normal -0.202352 -0.806952 -0.554871
    outer loop
      vertex -17.234 -34.9462 0.438728
      vertex -16.8978 -35.165 0.634324
      vertex -17.2595 -35.0743 0.634324
    endloop
  endfacet
  facet normal -0.202095 -0.806817 -0.555161
    outer loop
      vertex -16.8978 -35.165 0.634324
      vertex -17.234 -34.9462 0.438728
      vertex -16.8723 -35.0368 0.438728
    endloop
  endfacet
  facet normal -0.355787 -0.751948 -0.554968
    outer loop
      vertex -18.0963 -34.6083 0.438728
      vertex -17.8092 -34.8885 0.634324
      vertex -18.1463 -34.729 0.634324
    endloop
  endfacet
  facet normal -0.355527 -0.751871 -0.555238
    outer loop
      vertex -17.8092 -34.8885 0.634324
      vertex -18.0963 -34.6083 0.438728
      vertex -17.7592 -34.7677 0.438728
    endloop
  endfacet
  facet normal 0.172747 -0.092756 -0.980589
    outer loop
      vertex 19.6231 -32.3246 0.051672
      vertex 19.3991 -32.2566 0.00577831
      vertex 19.41 -32.2363 0.00577831
    endloop
  endfacet
  facet normal 0.176524 -0.0835231 -0.980746
    outer loop
      vertex 19.6231 -32.3246 0.051672
      vertex 19.5694 -31.8992 0.00577831
      vertex 19.7826 -31.9875 0.051672
    endloop
  endfacet
  facet normal 0.176609 -0.0835108 -0.980732
    outer loop
      vertex 19.5694 -31.8992 0.00577831
      vertex 19.6231 -32.3246 0.051672
      vertex 19.41 -32.2363 0.00577831
    endloop
  endfacet
  facet normal 0.639727 -0.302499 -0.706572
    outer loop
      vertex 20.1583 -32.5463 0.438728
      vertex 20.1641 -32.1455 0.272388
      vertex 20.3177 -32.2092 0.438728
    endloop
  endfacet
  facet normal 0.639483 -0.302574 -0.70676
    outer loop
      vertex 20.1641 -32.1455 0.272388
      vertex 20.1583 -32.5463 0.438728
      vertex 20.0046 -32.4826 0.272388
    endloop
  endfacet
  facet normal 0.643849 -0.527993 -0.553788
    outer loop
      vertex 19.7674 -33.3986 0.634324
      vertex 19.5434 -33.4666 0.438728
      vertex 19.6587 -33.326 0.438728
    endloop
  endfacet
  facet normal 0.382313 -0.0377246 -0.923262
    outer loop
      vertex 20.2974 -30.7725 0.141695
      vertex 20.0733 -30.8404 0.051672
      vertex 20.08 -30.7725 0.051672
    endloop
  endfacet
  facet normal 0.382518 -0.0187922 -0.923757
    outer loop
      vertex 20.2974 -30.7725 0.141695
      vertex 20.0983 -30.4 0.051672
      vertex 20.3157 -30.4 0.141695
    endloop
  endfacet
  facet normal 0.382518 -0.0187922 -0.923757
    outer loop
      vertex 20.0983 -30.4 0.051672
      vertex 20.2974 -30.7725 0.141695
      vertex 20.08 -30.7725 0.051672
    endloop
  endfacet
  facet normal 0.53942 -0.135116 -0.831125
    outer loop
      vertex 20.333 -31.6516 0.272388
      vertex 20.2318 -31.2517 0.141695
      vertex 20.4236 -31.2899 0.272388
    endloop
  endfacet
  facet normal 0.53942 -0.135116 -0.831125
    outer loop
      vertex 20.2318 -31.2517 0.141695
      vertex 20.333 -31.6516 0.272388
      vertex 20.1412 -31.6134 0.141695
    endloop
  endfacet
  facet normal 0.686243 -0.171893 -0.70677
    outer loop
      vertex 20.4962 -31.684 0.438728
      vertex 20.4236 -31.2899 0.272388
      vertex 20.5868 -31.3223 0.438728
    endloop
  endfacet
  facet normal 0.686243 -0.171893 -0.70677
    outer loop
      vertex 20.4236 -31.2899 0.272388
      vertex 20.4962 -31.684 0.438728
      vertex 20.333 -31.6516 0.272388
    endloop
  endfacet
  facet normal 0.193198 -0.0286472 -0.980741
    outer loop
      vertex 19.7923 -31.1643 0.00577831
      vertex 20.0733 -30.8404 0.051672
      vertex 20.0186 -31.2093 0.051672
    endloop
  endfacet
  facet normal 0.193198 -0.0286472 -0.980741
    outer loop
      vertex 20.0733 -30.8404 0.051672
      vertex 19.7923 -31.1643 0.00577831
      vertex 19.847 -30.7954 0.00577831
    endloop
  endfacet
  facet normal 0.183874 -0.0657777 -0.980747
    outer loop
      vertex 19.5694 -31.8992 0.00577831
      vertex 19.9082 -31.6364 0.051672
      vertex 19.7826 -31.9875 0.051672
    endloop
  endfacet
  facet normal 0.183874 -0.0657777 -0.980747
    outer loop
      vertex 19.9082 -31.6364 0.051672
      vertex 19.5694 -31.8992 0.00577831
      vertex 19.695 -31.5481 0.00577831
    endloop
  endfacet
  facet normal 0.371539 -0.0930644 -0.923741
    outer loop
      vertex 20.1412 -31.6134 0.141695
      vertex 20.0186 -31.2093 0.051672
      vertex 20.2318 -31.2517 0.141695
    endloop
  endfacet
  facet normal 0.371539 -0.0930644 -0.923741
    outer loop
      vertex 20.0186 -31.2093 0.051672
      vertex 20.1412 -31.6134 0.141695
      vertex 19.928 -31.571 0.051672
    endloop
  endfacet
  facet normal 0.187575 -0.0567887 -0.980607
    outer loop
      vertex 19.9082 -31.6364 0.051672
      vertex 19.7017 -31.526 0.00577831
      vertex 19.928 -31.571 0.051672
    endloop
  endfacet
  facet normal 0.758212 -0.622413 -0.194209
    outer loop
      vertex 19.7319 -33.6551 1.08238
      vertex 19.6994 -33.6227 0.851659
      vertex 19.8804 -33.4742 1.08238
    endloop
  endfacet
  facet normal 0.65865 -0.726777 -0.19487
    outer loop
      vertex 19.449 -33.899 0.851659
      vertex 19.2051 -34.1819 1.08238
      vertex 19.1727 -34.1494 0.851659
    endloop
  endfacet
  facet normal 0.658835 -0.726691 -0.194568
    outer loop
      vertex 19.2051 -34.1819 1.08238
      vertex 19.449 -33.899 0.851659
      vertex 19.4814 -33.9314 1.08238
    endloop
  endfacet
  facet normal 0.586535 -0.714685 -0.381053
    outer loop
      vertex 19.1727 -34.1494 0.851659
      vertex 18.9987 -34.2922 0.851659
      vertex 19.109 -34.0858 0.634324
    endloop
  endfacet
  facet normal 0.49567 -0.668106 -0.554929
    outer loop
      vertex 18.876 -34.1087 0.438728
      vertex 18.6491 -34.4395 0.634324
      vertex 18.5765 -34.3309 0.438728
    endloop
  endfacet
  facet normal 0.495253 -0.668067 -0.555348
    outer loop
      vertex 18.6491 -34.4395 0.634324
      vertex 18.876 -34.1087 0.438728
      vertex 18.9487 -34.2174 0.634324
    endloop
  endfacet
  facet normal 0.476902 -0.285933 -0.831148
    outer loop
      vertex 19.5799 -32.8254 0.141695
      vertex 19.9343 -32.6142 0.272388
      vertex 19.7425 -32.9341 0.272388
    endloop
  endfacet
  facet normal 0.476872 -0.285855 -0.831192
    outer loop
      vertex 19.9343 -32.6142 0.272388
      vertex 19.5799 -32.8254 0.141695
      vertex 19.7716 -32.5056 0.141695
    endloop
  endfacet
  facet normal 0.568115 -0.421486 -0.70682
    outer loop
      vertex 19.6587 -33.326 0.438728
      vertex 19.7425 -32.9341 0.272388
      vertex 19.8809 -33.0265 0.438728
    endloop
  endfacet
  facet normal 0.56834 -0.421463 -0.706653
    outer loop
      vertex 19.7425 -32.9341 0.272388
      vertex 19.6587 -33.326 0.438728
      vertex 19.5204 -33.2336 0.272388
    endloop
  endfacet
  facet normal 0 -0.382585 -0.92392
    outer loop
      vertex -15.95 -34.7657 0.141695
      vertex 15.95 -34.5483 0.051672
      vertex 15.95 -34.7657 0.141695
    endloop
  endfacet
  facet normal -0 -0.382585 -0.92392
    outer loop
      vertex 15.95 -34.5483 0.051672
      vertex -15.95 -34.7657 0.141695
      vertex -15.95 -34.5483 0.051672
    endloop
  endfacet
  facet normal 0.33398 -0.625093 -0.70549
    outer loop
      vertex 18.0963 -34.6083 0.438728
      vertex 18.0326 -34.4546 0.272388
      vertex 18.2567 -34.5226 0.438728
    endloop
  endfacet
  facet normal 0.392448 -0.734524 -0.553587
    outer loop
      vertex 18.1463 -34.729 0.634324
      vertex 18.0963 -34.6083 0.438728
      vertex 18.2567 -34.5226 0.438728
    endloop
  endfacet
  facet normal -0.280136 -0.783088 -0.555245
    outer loop
      vertex -17.7592 -34.7677 0.438728
      vertex -17.4581 -35.0141 0.634324
      vertex -17.8092 -34.8885 0.634324
    endloop
  endfacet
  facet normal -0.280395 -0.783188 -0.554973
    outer loop
      vertex -17.4581 -35.0141 0.634324
      vertex -17.7592 -34.7677 0.438728
      vertex -17.4081 -34.8934 0.438728
    endloop
  endfacet
  facet normal -0.187235 -0.523543 -0.831171
    outer loop
      vertex -17.3444 -34.7397 0.272388
      vertex -17.6207 -34.4334 0.141695
      vertex -17.2695 -34.559 0.141695
    endloop
  endfacet
  facet normal -0.187304 -0.523587 -0.831128
    outer loop
      vertex -17.6207 -34.4334 0.141695
      vertex -17.3444 -34.7397 0.272388
      vertex -17.6955 -34.6141 0.272388
    endloop
  endfacet
  facet normal -0.238292 -0.666119 -0.706755
    outer loop
      vertex -17.4081 -34.8934 0.438728
      vertex -17.6955 -34.6141 0.272388
      vertex -17.3444 -34.7397 0.272388
    endloop
  endfacet
  facet normal -0.238527 -0.666243 -0.706559
    outer loop
      vertex -17.6955 -34.6141 0.272388
      vertex -17.4081 -34.8934 0.438728
      vertex -17.7592 -34.7677 0.438728
    endloop
  endfacet
  facet normal -0.938794 0.284602 -0.194082
    outer loop
      vertex -20.7126 25.7271 0.851659
      vertex -20.7576 25.736 1.08238
      vertex -20.6473 25.9425 0.851659
    endloop
  endfacet
  facet normal -0.88474 0.268215 -0.381177
    outer loop
      vertex -20.6243 25.7095 0.634324
      vertex -20.7126 25.7271 0.851659
      vertex -20.6473 25.9425 0.851659
    endloop
  endfacet
  facet normal -0.68616 -0.171872 0.706855
    outer loop
      vertex -20.4236 -31.2899 12.4276
      vertex -20.4962 -31.684 12.2613
      vertex -20.333 -31.6516 12.4276
    endloop
  endfacet
  facet normal -0.68616 -0.171872 0.706855
    outer loop
      vertex -20.4962 -31.684 12.2613
      vertex -20.4236 -31.2899 12.4276
      vertex -20.5868 -31.3223 12.2613
    endloop
  endfacet
  facet normal -0.699696 -0.10375 0.706867
    outer loop
      vertex -20.6415 -30.9534 12.2613
      vertex -20.4236 -31.2899 12.4276
      vertex -20.4783 -30.921 12.4276
    endloop
  endfacet
  facet normal -0.699696 -0.10375 0.706867
    outer loop
      vertex -20.4236 -31.2899 12.4276
      vertex -20.6415 -30.9534 12.2613
      vertex -20.5868 -31.3223 12.2613
    endloop
  endfacet
  facet normal -0.475004 -0.524135 0.706862
    outer loop
      vertex -19.1753 -33.6253 12.4276
      vertex -19.0166 -33.9934 12.2613
      vertex -18.899 -33.8757 12.4276
    endloop
  endfacet
  facet normal -0.475211 -0.524155 0.706708
    outer loop
      vertex -19.0166 -33.9934 12.2613
      vertex -19.1753 -33.6253 12.4276
      vertex -19.2929 -33.7429 12.2613
    endloop
  endfacet
  facet normal -0.527918 -0.643757 0.553967
    outer loop
      vertex -18.876 -34.1087 12.2613
      vertex -19.0166 -33.9934 12.2613
      vertex -18.9487 -34.2174 12.0657
    endloop
  endfacet
  facet normal -0.421413 -0.568272 0.706738
    outer loop
      vertex -18.876 -34.1087 12.2613
      vertex -18.4841 -34.1925 12.4276
      vertex -18.7836 -33.9704 12.4276
    endloop
  endfacet
  facet normal -0.421436 -0.568047 0.706905
    outer loop
      vertex -18.4841 -34.1925 12.4276
      vertex -18.876 -34.1087 12.2613
      vertex -18.5765 -34.3309 12.2613
    endloop
  endfacet
  facet normal -0.378874 -0.056179 -0.923741
    outer loop
      vertex -20.2865 -30.8828 0.141695
      vertex -20.0186 -31.2093 0.051672
      vertex -20.2318 -31.2517 0.141695
    endloop
  endfacet
  facet normal -0.378874 -0.056179 -0.923741
    outer loop
      vertex -20.0186 -31.2093 0.051672
      vertex -20.2865 -30.8828 0.141695
      vertex -20.0733 -30.8404 0.051672
    endloop
  endfacet
  facet normal -0.338816 -0.181227 -0.923234
    outer loop
      vertex -19.5909 -32.3848 0.051672
      vertex -19.8239 -32.4078 0.141695
      vertex -19.6231 -32.3246 0.051672
    endloop
  endfacet
  facet normal -0.328605 -0.196978 -0.923698
    outer loop
      vertex -19.7716 -32.5056 0.141695
      vertex -19.3992 -32.7047 0.051672
      vertex -19.5799 -32.8254 0.141695
    endloop
  endfacet
  facet normal -0.328567 -0.196894 -0.92373
    outer loop
      vertex -19.3992 -32.7047 0.051672
      vertex -19.7716 -32.5056 0.141695
      vertex -19.5909 -32.3848 0.051672
    endloop
  endfacet
  facet normal -0.412026 -0.373404 -0.831146
    outer loop
      vertex -19.4257 -33.349 0.272388
      vertex -19.037 -33.487 0.141695
      vertex -19.1753 -33.6253 0.272388
    endloop
  endfacet
  facet normal -0.412026 -0.373404 -0.831146
    outer loop
      vertex -19.037 -33.487 0.141695
      vertex -19.4257 -33.349 0.272388
      vertex -19.2874 -33.2107 0.141695
    endloop
  endfacet
  facet normal -0.61625 -0.558707 -0.555052
    outer loop
      vertex -19.2929 -33.7429 0.438728
      vertex -19.6358 -33.559 0.634324
      vertex -19.5434 -33.4666 0.438728
    endloop
  endfacet
  facet normal -0.61625 -0.558707 -0.555052
    outer loop
      vertex -19.6358 -33.559 0.634324
      vertex -19.2929 -33.7429 0.438728
      vertex -19.3853 -33.8353 0.634324
    endloop
  endfacet
  facet normal -0.431009 -0.353696 -0.830139
    outer loop
      vertex -19.4257 -33.349 0.272388
      vertex -19.5204 -33.2336 0.272388
      vertex -19.3578 -33.125 0.141695
    endloop
  endfacet
  facet normal -0.548015 -0.449403 -0.70549
    outer loop
      vertex -19.5434 -33.4666 0.438728
      vertex -19.6587 -33.326 0.438728
      vertex -19.4257 -33.349 0.272388
    endloop
  endfacet
  facet normal -0.446781 -0.331209 -0.831076
    outer loop
      vertex -19.5204 -33.2336 0.272388
      vertex -19.5799 -32.8254 0.141695
      vertex -19.3578 -33.125 0.141695
    endloop
  endfacet
  facet normal -0.446636 -0.331212 -0.831153
    outer loop
      vertex -19.5799 -32.8254 0.141695
      vertex -19.5204 -33.2336 0.272388
      vertex -19.7425 -32.9341 0.272388
    endloop
  endfacet
  facet normal -0.625093 -0.33398 -0.70549
    outer loop
      vertex -20.0726 -32.7067 0.438728
      vertex -20.1583 -32.5463 0.438728
      vertex -20.0046 -32.4826 0.272388
    endloop
  endfacet
  facet normal -0.706765 -0.0347216 -0.706595
    outer loop
      vertex -20.493 -30.7725 0.272388
      vertex -20.6776 -30.4 0.438728
      vertex -20.5113 -30.4 0.272388
    endloop
  endfacet
  facet normal -0.706765 -0.0347216 -0.706595
    outer loop
      vertex -20.6776 -30.4 0.438728
      vertex -20.493 -30.7725 0.272388
      vertex -20.6593 -30.7725 0.438728
    endloop
  endfacet
  facet normal -0.82869 -0.0815039 -0.553742
    outer loop
      vertex -20.7697 -30.9789 0.634324
      vertex -20.79 -30.7725 0.634324
      vertex -20.6593 -30.7725 0.438728
    endloop
  endfacet
  facet normal -0.82867 -0.0815385 -0.553767
    outer loop
      vertex -20.6415 -30.9534 0.438728
      vertex -20.7697 -30.9789 0.634324
      vertex -20.6593 -30.7725 0.438728
    endloop
  endfacet
  facet normal -0.835258 -0.395205 -0.382306
    outer loop
      vertex -20.279 -32.5963 0.634324
      vertex -20.5217 -32.2936 0.851659
      vertex -20.4385 -32.2592 0.634324
    endloop
  endfacet
  facet normal -0.835258 -0.395205 -0.382306
    outer loop
      vertex -20.5217 -32.2936 0.851659
      vertex -20.279 -32.5963 0.634324
      vertex -20.3622 -32.6307 0.851659
    endloop
  endfacet
  facet normal -0.476902 -0.285933 -0.831148
    outer loop
      vertex -19.9343 -32.6142 0.272388
      vertex -19.5799 -32.8254 0.141695
      vertex -19.7425 -32.9341 0.272388
    endloop
  endfacet
  facet normal -0.476872 -0.285855 -0.831192
    outer loop
      vertex -19.5799 -32.8254 0.141695
      vertex -19.9343 -32.6142 0.272388
      vertex -19.7716 -32.5056 0.141695
    endloop
  endfacet
  facet normal -0.734524 -0.392448 -0.553587
    outer loop
      vertex -20.0726 -32.7067 0.438728
      vertex -20.279 -32.5963 0.634324
      vertex -20.1583 -32.5463 0.438728
    endloop
  endfacet
  facet normal -0.639483 -0.302574 -0.70676
    outer loop
      vertex -20.1583 -32.5463 0.438728
      vertex -20.1641 -32.1455 0.272388
      vertex -20.0046 -32.4826 0.272388
    endloop
  endfacet
  facet normal -0.639727 -0.302499 -0.706572
    outer loop
      vertex -20.1641 -32.1455 0.272388
      vertex -20.1583 -32.5463 0.438728
      vertex -20.3177 -32.2092 0.438728
    endloop
  endfacet
  facet normal -0.734518 -0.392546 -0.553526
    outer loop
      vertex -20.1812 -32.7793 0.634324
      vertex -20.279 -32.5963 0.634324
      vertex -20.0726 -32.7067 0.438728
    endloop
  endfacet
  facet normal -0.792512 -0.475061 -0.382415
    outer loop
      vertex -19.9895 -33.0991 0.634324
      vertex -20.2561 -32.8293 0.851659
      vertex -20.1812 -32.7793 0.634324
    endloop
  endfacet
  facet normal -0.792512 -0.475061 -0.382415
    outer loop
      vertex -20.2561 -32.8293 0.851659
      vertex -19.9895 -33.0991 0.634324
      vertex -20.0644 -33.1491 0.851659
    endloop
  endfacet
  facet normal -0.841235 -0.504268 0.195033
    outer loop
      vertex -20.2943 -32.8548 11.6176
      vertex -20.0644 -33.1491 11.8483
      vertex -20.2561 -32.8293 11.8483
    endloop
  endfacet
  facet normal -0.841179 -0.504497 0.194684
    outer loop
      vertex -20.0644 -33.1491 11.8483
      vertex -20.2943 -32.8548 11.6176
      vertex -20.1025 -33.1746 11.6176
    endloop
  endfacet
  facet normal -0.787835 -0.584302 0.194695
    outer loop
      vertex -20.1025 -33.1746 11.6176
      vertex -19.8422 -33.4487 11.8483
      vertex -20.0644 -33.1491 11.8483
    endloop
  endfacet
  facet normal -0.787908 -0.584094 0.195026
    outer loop
      vertex -19.8422 -33.4487 11.8483
      vertex -20.1025 -33.1746 11.6176
      vertex -19.8804 -33.4742 11.6176
    endloop
  endfacet
  facet normal -0.666106 -0.238288 0.706768
    outer loop
      vertex -20.4434 -31.858 12.2613
      vertex -20.1641 -32.1455 12.4276
      vertex -20.2897 -31.7944 12.4276
    endloop
  endfacet
  facet normal -0.666186 -0.238438 0.706643
    outer loop
      vertex -20.1641 -32.1455 12.4276
      vertex -20.4434 -31.858 12.2613
      vertex -20.3177 -32.2092 12.2613
    endloop
  endfacet
  facet normal -0.896367 -0.224525 0.382249
    outer loop
      vertex -20.8032 -31.3654 11.8483
      vertex -20.6243 -31.7095 12.0657
      vertex -20.7149 -31.3478 12.0657
    endloop
  endfacet
  facet normal -0.896367 -0.224525 0.382249
    outer loop
      vertex -20.6243 -31.7095 12.0657
      vertex -20.8032 -31.3654 11.8483
      vertex -20.7126 -31.7271 11.8483
    endloop
  endfacet
  facet normal -0.734529 -0.392451 0.553579
    outer loop
      vertex -20.1583 -32.5463 12.2613
      vertex -20.279 -32.5963 12.0657
      vertex -20.0726 -32.7067 12.2613
    endloop
  endfacet
  facet normal -0.625018 -0.33394 0.705576
    outer loop
      vertex -20.0046 -32.4826 12.4276
      vertex -20.1583 -32.5463 12.2613
      vertex -20.0726 -32.7067 12.2613
    endloop
  endfacet
  facet normal -0.302499 -0.639727 -0.706572
    outer loop
      vertex -18.0963 -34.6083 0.438728
      vertex -17.6955 -34.6141 0.272388
      vertex -17.7592 -34.7677 0.438728
    endloop
  endfacet
  facet normal -0.302574 -0.639483 -0.70676
    outer loop
      vertex -17.6955 -34.6141 0.272388
      vertex -18.0963 -34.6083 0.438728
      vertex -18.0326 -34.4546 0.272388
    endloop
  endfacet
  facet normal 0.713526 -0.427714 -0.554924
    outer loop
      vertex 20.1812 -32.7793 0.634324
      vertex 19.8809 -33.0265 0.438728
      vertex 20.0726 -32.7067 0.438728
    endloop
  endfacet
  facet normal 0.713526 -0.427714 -0.554924
    outer loop
      vertex 19.8809 -33.0265 0.438728
      vertex 20.1812 -32.7793 0.634324
      vertex 19.9895 -33.0991 0.634324
    endloop
  endfacet
  facet normal 0.55476 -0.0549157 -0.830196
    outer loop
      vertex 20.4783 -30.921 0.272388
      vertex 20.2865 -30.8828 0.141695
      vertex 20.493 -30.7725 0.272388
    endloop
  endfacet
  facet normal 0.554727 -0.0548189 -0.830225
    outer loop
      vertex 20.493 -30.7725 0.272388
      vertex 20.2865 -30.8828 0.141695
      vertex 20.2974 -30.7725 0.141695
    endloop
  endfacet
  facet normal 0.550081 -0.0815653 -0.831118
    outer loop
      vertex 20.2318 -31.2517 0.141695
      vertex 20.4783 -30.921 0.272388
      vertex 20.4236 -31.2899 0.272388
    endloop
  endfacet
  facet normal 0.550081 -0.0815653 -0.831118
    outer loop
      vertex 20.4783 -30.921 0.272388
      vertex 20.2318 -31.2517 0.141695
      vertex 20.2865 -30.8828 0.141695
    endloop
  endfacet
  facet normal 0.367811 -0.111356 -0.923209
    outer loop
      vertex 20.109 -31.7195 0.141695
      vertex 19.9082 -31.6364 0.051672
      vertex 19.928 -31.571 0.051672
    endloop
  endfacet
  facet normal 0.367648 -0.111577 -0.923247
    outer loop
      vertex 20.109 -31.7195 0.141695
      vertex 19.928 -31.571 0.051672
      vertex 20.1412 -31.6134 0.141695
    endloop
  endfacet
  facet normal 0.643795 -0.528201 -0.553653
    outer loop
      vertex 19.6358 -33.559 0.634324
      vertex 19.5434 -33.4666 0.438728
      vertex 19.7674 -33.3986 0.634324
    endloop
  endfacet
  facet normal 0.714734 -0.586402 -0.381167
    outer loop
      vertex 19.8422 -33.4487 0.851659
      vertex 19.6358 -33.559 0.634324
      vertex 19.7674 -33.3986 0.634324
    endloop
  endfacet
  facet normal 0.74219 -0.550385 -0.382402
    outer loop
      vertex 20.0644 -33.1491 0.851659
      vertex 19.7674 -33.3986 0.634324
      vertex 19.9895 -33.0991 0.634324
    endloop
  endfacet
  facet normal 0.742184 -0.550445 -0.382325
    outer loop
      vertex 19.7674 -33.3986 0.634324
      vertex 20.0644 -33.1491 0.851659
      vertex 19.8422 -33.4487 0.851659
    endloop
  endfacet
  facet normal 0.684589 -0.620664 -0.382249
    outer loop
      vertex 19.6994 -33.6227 0.851659
      vertex 19.3853 -33.8353 0.634324
      vertex 19.6358 -33.559 0.634324
    endloop
  endfacet
  facet normal 0.684631 -0.620454 -0.382515
    outer loop
      vertex 19.3853 -33.8353 0.634324
      vertex 19.6994 -33.6227 0.851659
      vertex 19.449 -33.899 0.851659
    endloop
  endfacet
  facet normal 0.475061 -0.792512 -0.382415
    outer loop
      vertex 18.6491 -34.4395 0.634324
      vertex 18.3793 -34.7061 0.851659
      vertex 18.3293 -34.6312 0.634324
    endloop
  endfacet
  facet normal 0.475061 -0.792512 -0.382415
    outer loop
      vertex 18.3793 -34.7061 0.851659
      vertex 18.6491 -34.4395 0.634324
      vertex 18.6991 -34.5144 0.851659
    endloop
  endfacet
  facet normal 0.449403 -0.548015 -0.70549
    outer loop
      vertex 19.0166 -33.9934 0.438728
      vertex 18.876 -34.1087 0.438728
      vertex 18.899 -33.8757 0.272388
    endloop
  endfacet
  facet normal -0.241696 -0.796955 -0.553576
    outer loop
      vertex -17.234 -34.9462 0.438728
      vertex -17.4581 -35.0141 0.634324
      vertex -17.4081 -34.8934 0.438728
    endloop
  endfacet
  facet normal -0.161748 -0.533431 -0.830234
    outer loop
      vertex -17.2016 -34.783 0.272388
      vertex -17.3444 -34.7397 0.272388
      vertex -17.2695 -34.559 0.141695
    endloop
  endfacet
  facet normal -0.554727 -0.0548189 -0.830225
    outer loop
      vertex -20.2865 -30.8828 0.141695
      vertex -20.493 -30.7725 0.272388
      vertex -20.2974 -30.7725 0.141695
    endloop
  endfacet
  facet normal -0.555355 -0.0272832 -0.831165
    outer loop
      vertex -20.493 -30.7725 0.272388
      vertex -20.3157 -30.4 0.141695
      vertex -20.2974 -30.7725 0.141695
    endloop
  endfacet
  facet normal -0.555355 -0.0272832 -0.831165
    outer loop
      vertex -20.3157 -30.4 0.141695
      vertex -20.493 -30.7725 0.272388
      vertex -20.5113 -30.4 0.272388
    endloop
  endfacet
  facet normal -0.523587 -0.187304 -0.831128
    outer loop
      vertex -20.2897 -31.7944 0.272388
      vertex -19.9834 -32.0707 0.141695
      vertex -20.1641 -32.1455 0.272388
    endloop
  endfacet
  facet normal -0.523543 -0.187235 -0.831171
    outer loop
      vertex -19.9834 -32.0707 0.141695
      vertex -20.2897 -31.7944 0.272388
      vertex -20.109 -31.7195 0.141695
    endloop
  endfacet
  facet normal -0.172843 -0.0924507 -0.980601
    outer loop
      vertex -19.5909 -32.3848 0.051672
      vertex -19.6231 -32.3246 0.051672
      vertex -19.3991 -32.2566 0.00577831
    endloop
  endfacet
  facet normal -0.338821 -0.18119 -0.923239
    outer loop
      vertex -19.7716 -32.5056 0.141695
      vertex -19.8239 -32.4078 0.141695
      vertex -19.5909 -32.3848 0.051672
    endloop
  endfacet
  facet normal -0.586684 -0.714631 -0.380926
    outer loop
      vertex -18.9987 -34.2922 0.851659
      vertex -19.109 -34.0858 0.634324
      vertex -18.9487 -34.2174 0.634324
    endloop
  endfacet
  facet normal -0.449403 -0.548015 -0.70549
    outer loop
      vertex -18.876 -34.1087 0.438728
      vertex -19.0166 -33.9934 0.438728
      vertex -18.899 -33.8757 0.272388
    endloop
  endfacet
  facet normal -0.586535 -0.714685 -0.381053
    outer loop
      vertex -18.9987 -34.2922 0.851659
      vertex -19.1727 -34.1494 0.851659
      vertex -19.109 -34.0858 0.634324
    endloop
  endfacet
  facet normal -0.524218 -0.475268 -0.706623
    outer loop
      vertex -19.5434 -33.4666 0.438728
      vertex -19.1753 -33.6253 0.272388
      vertex -19.2929 -33.7429 0.438728
    endloop
  endfacet
  facet normal -0.524198 -0.475061 -0.706777
    outer loop
      vertex -19.1753 -33.6253 0.272388
      vertex -19.5434 -33.4666 0.438728
      vertex -19.4257 -33.349 0.272388
    endloop
  endfacet
  facet normal -0.547955 -0.449665 -0.70537
    outer loop
      vertex -19.4257 -33.349 0.272388
      vertex -19.6587 -33.326 0.438728
      vertex -19.5204 -33.2336 0.272388
    endloop
  endfacet
  facet normal -0.296901 -0.243895 -0.923236
    outer loop
      vertex -19.2874 -33.2107 0.141695
      vertex -19.3578 -33.125 0.141695
      vertex -19.1771 -33.0042 0.051672
    endloop
  endfacet
  facet normal -0.7053 -0.0693993 -0.705504
    outer loop
      vertex -20.6415 -30.9534 0.438728
      vertex -20.6593 -30.7725 0.438728
      vertex -20.4783 -30.921 0.272388
    endloop
  endfacet
  facet normal -0.699781 -0.103763 -0.706782
    outer loop
      vertex -20.6415 -30.9534 0.438728
      vertex -20.4236 -31.2899 0.272388
      vertex -20.5868 -31.3223 0.438728
    endloop
  endfacet
  facet normal -0.699781 -0.103763 -0.706782
    outer loop
      vertex -20.4236 -31.2899 0.272388
      vertex -20.6415 -30.9534 0.438728
      vertex -20.4783 -30.921 0.272388
    endloop
  endfacet
  facet normal -0.705465 -0.0698339 -0.705296
    outer loop
      vertex -20.4783 -30.921 0.272388
      vertex -20.6593 -30.7725 0.438728
      vertex -20.493 -30.7725 0.272388
    endloop
  endfacet
  facet normal -0.533431 -0.161748 -0.830234
    outer loop
      vertex -20.2897 -31.7944 0.272388
      vertex -20.333 -31.6516 0.272388
      vertex -20.109 -31.7195 0.141695
    endloop
  endfacet
  facet normal -0.920091 -0.0903661 -0.381137
    outer loop
      vertex -20.858 -30.9965 0.851659
      vertex -20.88 -30.7725 0.851659
      vertex -20.7697 -30.9789 0.634324
    endloop
  endfacet
  facet normal -0.920123 -0.0904966 -0.38103
    outer loop
      vertex -20.7697 -30.9789 0.634324
      vertex -20.88 -30.7725 0.851659
      vertex -20.79 -30.7725 0.634324
    endloop
  endfacet
  facet normal -0.93881 -0.28445 -0.194225
    outer loop
      vertex -20.6897 -31.9601 1.08238
      vertex -20.7576 -31.736 1.08238
      vertex -20.6473 -31.9425 0.851659
    endloop
  endfacet
  facet normal -0.502664 -0.237837 -0.831121
    outer loop
      vertex -20.0046 -32.4826 0.272388
      vertex -19.9834 -32.0707 0.141695
      vertex -19.8239 -32.4078 0.141695
    endloop
  endfacet
  facet normal -0.502664 -0.237837 -0.831121
    outer loop
      vertex -19.9834 -32.0707 0.141695
      vertex -20.0046 -32.4826 0.272388
      vertex -20.1641 -32.1455 0.272388
    endloop
  endfacet
  facet normal -0.491497 -0.262835 -0.83027
    outer loop
      vertex -19.7716 -32.5056 0.141695
      vertex -19.9343 -32.6142 0.272388
      vertex -19.8239 -32.4078 0.141695
    endloop
  endfacet
  facet normal -0.758271 -0.622305 -0.194324
    outer loop
      vertex -19.6994 -33.6227 0.851659
      vertex -19.8804 -33.4742 1.08238
      vertex -19.8422 -33.4487 0.851659
    endloop
  endfacet
  facet normal -0.713526 -0.427714 -0.554924
    outer loop
      vertex -19.8809 -33.0265 0.438728
      vertex -20.1812 -32.7793 0.634324
      vertex -20.0726 -32.7067 0.438728
    endloop
  endfacet
  facet normal -0.713526 -0.427714 -0.554924
    outer loop
      vertex -20.1812 -32.7793 0.634324
      vertex -19.8809 -33.0265 0.438728
      vertex -19.9895 -33.0991 0.634324
    endloop
  endfacet
  facet normal -0.841238 -0.504269 -0.195015
    outer loop
      vertex -20.0644 -33.1491 0.851659
      vertex -20.2943 -32.8548 1.08238
      vertex -20.2561 -32.8293 0.851659
    endloop
  endfacet
  facet normal -0.841181 -0.504498 -0.194667
    outer loop
      vertex -20.2943 -32.8548 1.08238
      vertex -20.0644 -33.1491 0.851659
      vertex -20.1025 -33.1746 1.08238
    endloop
  endfacet
  facet normal -0.758212 -0.622413 -0.194209
    outer loop
      vertex -19.7319 -33.6551 1.08238
      vertex -19.8804 -33.4742 1.08238
      vertex -19.6994 -33.6227 0.851659
    endloop
  endfacet
  facet normal -0.726777 -0.65865 -0.19487
    outer loop
      vertex -19.449 -33.899 0.851659
      vertex -19.7319 -33.6551 1.08238
      vertex -19.6994 -33.6227 0.851659
    endloop
  endfacet
  facet normal -0.726691 -0.658835 -0.194568
    outer loop
      vertex -19.7319 -33.6551 1.08238
      vertex -19.449 -33.899 0.851659
      vertex -19.4814 -33.9314 1.08238
    endloop
  endfacet
  facet normal 0.668106 -0.49567 -0.554929
    outer loop
      vertex 19.9895 -33.0991 0.634324
      vertex 19.6587 -33.326 0.438728
      vertex 19.8809 -33.0265 0.438728
    endloop
  endfacet
  facet normal 0.668084 -0.49543 -0.555169
    outer loop
      vertex 19.6587 -33.326 0.438728
      vertex 19.9895 -33.0991 0.634324
      vertex 19.7674 -33.3986 0.634324
    endloop
  endfacet
  facet normal 0.558707 -0.61625 -0.555052
    outer loop
      vertex 19.2929 -33.7429 0.438728
      vertex 19.109 -34.0858 0.634324
      vertex 19.0166 -33.9934 0.438728
    endloop
  endfacet
  facet normal 0.558707 -0.61625 -0.555052
    outer loop
      vertex 19.109 -34.0858 0.634324
      vertex 19.2929 -33.7429 0.438728
      vertex 19.3853 -33.8353 0.634324
    endloop
  endfacet
  facet normal 0.586684 -0.714631 -0.380926
    outer loop
      vertex 18.9987 -34.2922 0.851659
      vertex 18.9487 -34.2174 0.634324
      vertex 19.109 -34.0858 0.634324
    endloop
  endfacet
  facet normal 0.296901 -0.243895 -0.923236
    outer loop
      vertex 19.2874 -33.2107 0.141695
      vertex 19.1771 -33.0042 0.051672
      vertex 19.3578 -33.125 0.141695
    endloop
  endfacet
  facet normal 0.430729 -0.353831 -0.830226
    outer loop
      vertex 19.4257 -33.349 0.272388
      vertex 19.2874 -33.2107 0.141695
      vertex 19.3578 -33.125 0.141695
    endloop
  endfacet
  facet normal -0.382313 -0.0377246 -0.923262
    outer loop
      vertex -20.0733 -30.8404 0.051672
      vertex -20.2974 -30.7725 0.141695
      vertex -20.08 -30.7725 0.051672
    endloop
  endfacet
  facet normal -0.36068 -0.128991 -0.923727
    outer loop
      vertex -20.109 -31.7195 0.141695
      vertex -19.7826 -31.9875 0.051672
      vertex -19.9834 -32.0707 0.141695
    endloop
  endfacet
  facet normal -0.360715 -0.12904 -0.923706
    outer loop
      vertex -19.7826 -31.9875 0.051672
      vertex -20.109 -31.7195 0.141695
      vertex -19.9082 -31.6364 0.051672
    endloop
  endfacet
  facet normal -0.367811 -0.111356 -0.923209
    outer loop
      vertex -19.9082 -31.6364 0.051672
      vertex -20.109 -31.7195 0.141695
      vertex -19.928 -31.571 0.051672
    endloop
  endfacet
  facet normal -0.172747 -0.092756 -0.980589
    outer loop
      vertex -19.3991 -32.2566 0.00577831
      vertex -19.6231 -32.3246 0.051672
      vertex -19.41 -32.2363 0.00577831
    endloop
  endfacet
  facet normal -0.550498 -0.742256 -0.382109
    outer loop
      vertex -18.9487 -34.2174 0.634324
      vertex -18.6991 -34.5144 0.851659
      vertex -18.9987 -34.2922 0.851659
    endloop
  endfacet
  facet normal -0.550266 -0.742277 -0.382404
    outer loop
      vertex -18.6991 -34.5144 0.851659
      vertex -18.9487 -34.2174 0.634324
      vertex -18.6491 -34.4395 0.634324
    endloop
  endfacet
  facet normal -0.658835 -0.726691 -0.194568
    outer loop
      vertex -19.449 -33.899 0.851659
      vertex -19.2051 -34.1819 1.08238
      vertex -19.4814 -33.9314 1.08238
    endloop
  endfacet
  facet normal -0.65865 -0.726777 -0.19487
    outer loop
      vertex -19.2051 -34.1819 1.08238
      vertex -19.449 -33.899 0.851659
      vertex -19.1727 -34.1494 0.851659
    endloop
  endfacet
  facet normal -0.53942 -0.135116 -0.831125
    outer loop
      vertex -20.333 -31.6516 0.272388
      vertex -20.2318 -31.2517 0.141695
      vertex -20.1412 -31.6134 0.141695
    endloop
  endfacet
  facet normal -0.53942 -0.135116 -0.831125
    outer loop
      vertex -20.2318 -31.2517 0.141695
      vertex -20.333 -31.6516 0.272388
      vertex -20.4236 -31.2899 0.272388
    endloop
  endfacet
  facet normal -0.55476 -0.0549157 -0.830196
    outer loop
      vertex -20.4783 -30.921 0.272388
      vertex -20.493 -30.7725 0.272388
      vertex -20.2865 -30.8828 0.141695
    endloop
  endfacet
  facet normal -0.550081 -0.0815653 -0.831118
    outer loop
      vertex -20.4783 -30.921 0.272388
      vertex -20.2318 -31.2517 0.141695
      vertex -20.4236 -31.2899 0.272388
    endloop
  endfacet
  facet normal -0.550081 -0.0815653 -0.831118
    outer loop
      vertex -20.2318 -31.2517 0.141695
      vertex -20.4783 -30.921 0.272388
      vertex -20.2865 -30.8828 0.141695
    endloop
  endfacet
  facet normal -0.896328 -0.224516 -0.382346
    outer loop
      vertex -20.6243 -31.7095 0.634324
      vertex -20.8032 -31.3654 0.851659
      vertex -20.7149 -31.3478 0.634324
    endloop
  endfacet
  facet normal -0.896328 -0.224516 -0.382346
    outer loop
      vertex -20.8032 -31.3654 0.851659
      vertex -20.6243 -31.7095 0.634324
      vertex -20.7126 -31.7271 0.851659
    endloop
  endfacet
  facet normal -0.807002 -0.202141 -0.554876
    outer loop
      vertex -20.4962 -31.684 0.438728
      vertex -20.7149 -31.3478 0.634324
      vertex -20.5868 -31.3223 0.438728
    endloop
  endfacet
  facet normal -0.807002 -0.202141 -0.554876
    outer loop
      vertex -20.7149 -31.3478 0.634324
      vertex -20.4962 -31.684 0.438728
      vertex -20.6243 -31.7095 0.634324
    endloop
  endfacet
  facet normal -0.491714 -0.262671 -0.830194
    outer loop
      vertex -19.9343 -32.6142 0.272388
      vertex -20.0046 -32.4826 0.272388
      vertex -19.8239 -32.4078 0.141695
    endloop
  endfacet
  facet normal -0.62514 -0.333946 -0.705464
    outer loop
      vertex -19.9343 -32.6142 0.272388
      vertex -20.0726 -32.7067 0.438728
      vertex -20.0046 -32.4826 0.272388
    endloop
  endfacet
  facet normal -0.668106 -0.49567 -0.554929
    outer loop
      vertex -19.6587 -33.326 0.438728
      vertex -19.9895 -33.0991 0.634324
      vertex -19.8809 -33.0265 0.438728
    endloop
  endfacet
  facet normal -0.668084 -0.49543 -0.555169
    outer loop
      vertex -19.9895 -33.0991 0.634324
      vertex -19.6587 -33.326 0.438728
      vertex -19.7674 -33.3986 0.634324
    endloop
  endfacet
  facet normal -0.643849 -0.527993 -0.553788
    outer loop
      vertex -19.5434 -33.4666 0.438728
      vertex -19.7674 -33.3986 0.634324
      vertex -19.6587 -33.326 0.438728
    endloop
  endfacet
  facet normal -0.714734 -0.586402 -0.381167
    outer loop
      vertex -19.6358 -33.559 0.634324
      vertex -19.8422 -33.4487 0.851659
      vertex -19.7674 -33.3986 0.634324
    endloop
  endfacet
  facet normal -0.740849 -0.671671 0
    outer loop
      vertex -19.4814 -33.9314 1.08238
      vertex -19.7319 -33.6551 11.6176
      vertex -19.7319 -33.6551 1.08238
    endloop
  endfacet
  facet normal -0.740849 -0.671671 0
    outer loop
      vertex -19.7319 -33.6551 11.6176
      vertex -19.4814 -33.9314 1.08238
      vertex -19.4814 -33.9314 11.6176
    endloop
  endfacet
  facet normal 0.620664 -0.684589 -0.382249
    outer loop
      vertex 19.3853 -33.8353 0.634324
      vertex 19.1727 -34.1494 0.851659
      vertex 19.109 -34.0858 0.634324
    endloop
  endfacet
  facet normal 0.620454 -0.684631 -0.382515
    outer loop
      vertex 19.1727 -34.1494 0.851659
      vertex 19.3853 -33.8353 0.634324
      vertex 19.449 -33.899 0.851659
    endloop
  endfacet
  facet normal 0.449665 -0.547955 -0.70537
    outer loop
      vertex 18.876 -34.1087 0.438728
      vertex 18.7836 -33.9704 0.272388
      vertex 18.899 -33.8757 0.272388
    endloop
  endfacet
  facet normal 0.528393 -0.643627 -0.553665
    outer loop
      vertex 19.109 -34.0858 0.634324
      vertex 18.9487 -34.2174 0.634324
      vertex 19.0166 -33.9934 0.438728
    endloop
  endfacet
  facet normal -0.797039 -0.2416 -0.553496
    outer loop
      vertex -20.5641 -31.9081 0.634324
      vertex -20.6243 -31.7095 0.634324
      vertex -20.4962 -31.684 0.438728
    endloop
  endfacet
  facet normal -0.870032 -0.311239 -0.382328
    outer loop
      vertex -20.4385 -32.2592 0.634324
      vertex -20.6473 -31.9425 0.851659
      vertex -20.5641 -31.9081 0.634324
    endloop
  endfacet
  facet normal -0.870032 -0.311239 -0.382328
    outer loop
      vertex -20.6473 -31.9425 0.851659
      vertex -20.4385 -32.2592 0.634324
      vertex -20.5217 -32.2936 0.851659
    endloop
  endfacet
  facet normal -0.938794 -0.284602 -0.194082
    outer loop
      vertex -20.6473 -31.9425 0.851659
      vertex -20.7576 -31.736 1.08238
      vertex -20.7126 -31.7271 0.851659
    endloop
  endfacet
  facet normal -0.951456 -0.238324 -0.194766
    outer loop
      vertex -20.7126 -31.7271 0.851659
      vertex -20.8482 -31.3743 1.08238
      vertex -20.8032 -31.3654 0.851659
    endloop
  endfacet
  facet normal -0.951456 -0.238324 -0.194766
    outer loop
      vertex -20.8482 -31.3743 1.08238
      vertex -20.7126 -31.7271 0.851659
      vertex -20.7576 -31.736 1.08238
    endloop
  endfacet
  facet normal -0.970199 -0.144123 -0.194788
    outer loop
      vertex -20.8032 -31.3654 0.851659
      vertex -20.903 -31.0054 1.08238
      vertex -20.858 -30.9965 0.851659
    endloop
  endfacet
  facet normal -0.970199 -0.144123 -0.194788
    outer loop
      vertex -20.903 -31.0054 1.08238
      vertex -20.8032 -31.3654 0.851659
      vertex -20.8482 -31.3743 1.08238
    endloop
  endfacet
  facet normal -0.558707 -0.61625 -0.555052
    outer loop
      vertex -19.2929 -33.7429 0.438728
      vertex -19.109 -34.0858 0.634324
      vertex -19.3853 -33.8353 0.634324
    endloop
  endfacet
  facet normal -0.558707 -0.61625 -0.555052
    outer loop
      vertex -19.109 -34.0858 0.634324
      vertex -19.2929 -33.7429 0.438728
      vertex -19.0166 -33.9934 0.438728
    endloop
  endfacet
  facet normal -0.643795 -0.528201 -0.553653
    outer loop
      vertex -19.6358 -33.559 0.634324
      vertex -19.7674 -33.3986 0.634324
      vertex -19.5434 -33.4666 0.438728
    endloop
  endfacet
  facet normal -0.56834 -0.421463 -0.706653
    outer loop
      vertex -19.6587 -33.326 0.438728
      vertex -19.7425 -32.9341 0.272388
      vertex -19.5204 -33.2336 0.272388
    endloop
  endfacet
  facet normal -0.568115 -0.421486 -0.70682
    outer loop
      vertex -19.7425 -32.9341 0.272388
      vertex -19.6587 -33.326 0.438728
      vertex -19.8809 -33.0265 0.438728
    endloop
  endfacet
  facet normal -0.430729 -0.353831 -0.830226
    outer loop
      vertex -19.2874 -33.2107 0.141695
      vertex -19.4257 -33.349 0.272388
      vertex -19.3578 -33.125 0.141695
    endloop
  endfacet
  facet normal -0.475061 -0.524198 -0.706777
    outer loop
      vertex -19.0166 -33.9934 0.438728
      vertex -19.1753 -33.6253 0.272388
      vertex -18.899 -33.8757 0.272388
    endloop
  endfacet
  facet normal -0.475268 -0.524218 -0.706623
    outer loop
      vertex -19.1753 -33.6253 0.272388
      vertex -19.0166 -33.9934 0.438728
      vertex -19.2929 -33.7429 0.438728
    endloop
  endfacet
  facet normal 0.475268 -0.524218 -0.706623
    outer loop
      vertex 19.0166 -33.9934 0.438728
      vertex 19.1753 -33.6253 0.272388
      vertex 19.2929 -33.7429 0.438728
    endloop
  endfacet
  facet normal 0.475061 -0.524198 -0.706777
    outer loop
      vertex 19.1753 -33.6253 0.272388
      vertex 19.0166 -33.9934 0.438728
      vertex 18.899 -33.8757 0.272388
    endloop
  endfacet
  facet normal -0.678231 -0.205654 -0.705485
    outer loop
      vertex -20.2897 -31.7944 0.272388
      vertex -20.4962 -31.684 0.438728
      vertex -20.333 -31.6516 0.272388
    endloop
  endfacet
  facet normal -0.783152 -0.280302 -0.555071
    outer loop
      vertex -20.3177 -32.2092 0.438728
      vertex -20.5641 -31.9081 0.634324
      vertex -20.4434 -31.858 0.438728
    endloop
  endfacet
  facet normal -0.783088 -0.280136 -0.555245
    outer loop
      vertex -20.5641 -31.9081 0.634324
      vertex -20.3177 -32.2092 0.438728
      vertex -20.4385 -32.2592 0.634324
    endloop
  endfacet
  facet normal -0.751871 -0.355527 -0.555238
    outer loop
      vertex -20.1583 -32.5463 0.438728
      vertex -20.4385 -32.2592 0.634324
      vertex -20.3177 -32.2092 0.438728
    endloop
  endfacet
  facet normal -0.751948 -0.355787 -0.554968
    outer loop
      vertex -20.4385 -32.2592 0.634324
      vertex -20.1583 -32.5463 0.438728
      vertex -20.279 -32.5963 0.634324
    endloop
  endfacet
  facet normal -0.941566 -0.336829 0
    outer loop
      vertex -20.5641 -32.3112 1.08238
      vertex -20.6897 -31.9601 4.08486
      vertex -20.6897 -31.9601 1.08238
    endloop
  endfacet
  facet normal -0.941547 -0.33688 6.76925e-06
    outer loop
      vertex -20.6897 -31.9601 4.08486
      vertex -20.5641 -32.3112 1.08238
      vertex -20.5649 -32.3089 4.27133
    endloop
  endfacet
  facet normal -0.944497 -0.328521 0
    outer loop
      vertex -20.5649 -32.3089 4.27133
      vertex -20.5641 -32.3112 1.08238
      vertex -20.5641 -32.3112 4.27319
    endloop
  endfacet
  facet normal -0.941547 -0.33688 -6.76929e-06
    outer loop
      vertex -20.5641 -32.3112 11.6176
      vertex -20.6897 -31.9601 8.61514
      vertex -20.5649 -32.3089 8.42867
    endloop
  endfacet
  facet normal -0.944497 -0.328521 -0
    outer loop
      vertex -20.5641 -32.3112 11.6176
      vertex -20.5649 -32.3089 8.42867
      vertex -20.5641 -32.3112 8.42681
    endloop
  endfacet
  facet normal -0.941566 -0.336829 0
    outer loop
      vertex -20.6897 -31.9601 8.61514
      vertex -20.5641 -32.3112 11.6176
      vertex -20.6897 -31.9601 11.6176
    endloop
  endfacet
  facet normal -0.74219 -0.550385 -0.382402
    outer loop
      vertex -19.7674 -33.3986 0.634324
      vertex -20.0644 -33.1491 0.851659
      vertex -19.9895 -33.0991 0.634324
    endloop
  endfacet
  facet normal -0.742184 -0.550445 -0.382325
    outer loop
      vertex -20.0644 -33.1491 0.851659
      vertex -19.7674 -33.3986 0.634324
      vertex -19.8422 -33.4487 0.851659
    endloop
  endfacet
  facet normal -0.620454 -0.684631 -0.382515
    outer loop
      vertex -19.3853 -33.8353 0.634324
      vertex -19.1727 -34.1494 0.851659
      vertex -19.449 -33.899 0.851659
    endloop
  endfacet
  facet normal -0.620664 -0.684589 -0.382249
    outer loop
      vertex -19.1727 -34.1494 0.851659
      vertex -19.3853 -33.8353 0.634324
      vertex -19.109 -34.0858 0.634324
    endloop
  endfacet
  facet normal -0.666266 -0.238467 -0.706557
    outer loop
      vertex -20.4434 -31.858 0.438728
      vertex -20.1641 -32.1455 0.272388
      vertex -20.3177 -32.2092 0.438728
    endloop
  endfacet
  facet normal -0.666186 -0.238317 -0.706683
    outer loop
      vertex -20.1641 -32.1455 0.272388
      vertex -20.4434 -31.858 0.438728
      vertex -20.2897 -31.7944 0.272388
    endloop
  endfacet
  facet normal -0.913993 -0.135773 -0.382337
    outer loop
      vertex -20.7149 -31.3478 0.634324
      vertex -20.858 -30.9965 0.851659
      vertex -20.7697 -30.9789 0.634324
    endloop
  endfacet
  facet normal -0.913993 -0.135773 -0.382337
    outer loop
      vertex -20.858 -30.9965 0.851659
      vertex -20.7149 -31.3478 0.634324
      vertex -20.8032 -31.3654 0.851659
    endloop
  endfacet
  facet normal -0.822748 -0.121996 -0.55516
    outer loop
      vertex -20.5868 -31.3223 0.438728
      vertex -20.7697 -30.9789 0.634324
      vertex -20.6415 -30.9534 0.438728
    endloop
  endfacet
  facet normal -0.822904 -0.122242 -0.554874
    outer loop
      vertex -20.7697 -30.9789 0.634324
      vertex -20.5868 -31.3223 0.438728
      vertex -20.7149 -31.3478 0.634324
    endloop
  endfacet
  facet normal -0.686243 -0.171893 -0.70677
    outer loop
      vertex -20.4962 -31.684 0.438728
      vertex -20.4236 -31.2899 0.272388
      vertex -20.333 -31.6516 0.272388
    endloop
  endfacet
  facet normal -0.686243 -0.171893 -0.70677
    outer loop
      vertex -20.4236 -31.2899 0.272388
      vertex -20.4962 -31.684 0.438728
      vertex -20.5868 -31.3223 0.438728
    endloop
  endfacet
  facet normal -0.427567 -0.903984 0
    outer loop
      vertex 12.362 20.6616 1.8
      vertex 13.2225 20.2546 12.6942
      vertex 12.362 20.6616 12.6942
    endloop
  endfacet
  facet normal -0.427567 -0.903984 -0
    outer loop
      vertex 13.2225 20.2546 12.6942
      vertex 12.362 20.6616 1.8
      vertex 13.2225 20.2546 1.8
    endloop
  endfacet
  facet normal 0.989172 0.146758 0
    outer loop
      vertex -18.1636 -13.5924 12.6942
      vertex -18.3033 -12.6508 1.8
      vertex -18.3033 -12.6508 12.6942
    endloop
  endfacet
  facet normal 0.989172 0.146758 0
    outer loop
      vertex -18.3033 -12.6508 1.8
      vertex -18.1636 -13.5924 12.6942
      vertex -18.1636 -13.5924 1.8
    endloop
  endfacet
  facet normal 0.998796 0.0490574 0
    outer loop
      vertex -18.3033 -12.6508 12.6942
      vertex -18.35 -11.7 1.8
      vertex -18.35 -11.7 12.6942
    endloop
  endfacet
  facet normal 0.998796 0.0490574 0
    outer loop
      vertex -18.35 -11.7 1.8
      vertex -18.3033 -12.6508 12.6942
      vertex -18.3033 -12.6508 1.8
    endloop
  endfacet
  facet normal 0.803241 0.595655 0
    outer loop
      vertex -16.1482 -17.8536 12.6942
      vertex -16.7152 -17.089 1.8
      vertex -16.7152 -17.089 12.6942
    endloop
  endfacet
  facet normal 0.803241 0.595655 0
    outer loop
      vertex -16.7152 -17.089 1.8
      vertex -16.1482 -17.8536 12.6942
      vertex -16.1482 -17.8536 1.8
    endloop
  endfacet
  facet normal -0.998796 0.0490574 0
    outer loop
      vertex 18.3033 -12.6508 1.8
      vertex 18.35 -11.7 12.6942
      vertex 18.35 -11.7 1.8
    endloop
  endfacet
  facet normal -0.998796 0.0490574 0
    outer loop
      vertex 18.35 -11.7 12.6942
      vertex 18.3033 -12.6508 1.8
      vertex 18.3033 -12.6508 12.6942
    endloop
  endfacet
  facet normal 0 1 -0
    outer loop
      vertex 8.64999 -21.4 1.8
      vertex -8.64999 -21.4 12.6942
      vertex 8.64999 -21.4 12.6942
    endloop
  endfacet
  facet normal 0 1 0
    outer loop
      vertex -8.64999 -21.4 12.6942
      vertex 8.64999 -21.4 1.8
      vertex -8.64999 -21.4 1.8
    endloop
  endfacet
  facet normal -0.595655 0.803241 0
    outer loop
      vertex 14.8036 -19.1982 1.8
      vertex 14.039 -19.7652 12.6942
      vertex 14.8036 -19.1982 12.6942
    endloop
  endfacet
  facet normal -0.595655 0.803241 0
    outer loop
      vertex 14.039 -19.7652 12.6942
      vertex 14.8036 -19.1982 1.8
      vertex 14.039 -19.7652 1.8
    endloop
  endfacet
  facet normal -1 0 0
    outer loop
      vertex 18.35 -11.7 1.8
      vertex 18.35 11.7 12.6942
      vertex 18.35 11.7 1.8
    endloop
  endfacet
  facet normal -1 -0 0
    outer loop
      vertex 18.35 11.7 12.6942
      vertex 18.35 -11.7 1.8
      vertex 18.35 -11.7 12.6942
    endloop
  endfacet
  facet normal -0.970025 -0.243005 0
    outer loop
      vertex 18.1636 13.5924 1.8
      vertex 17.9323 14.5157 12.6942
      vertex 17.9323 14.5157 1.8
    endloop
  endfacet
  facet normal -0.970025 -0.243005 0
    outer loop
      vertex 17.9323 14.5157 12.6942
      vertex 18.1636 13.5924 1.8
      vertex 18.1636 13.5924 12.6942
    endloop
  endfacet
  facet normal 0.740923 0.67159 0
    outer loop
      vertex -15.5089 -18.5589 12.6942
      vertex -16.1482 -17.8536 1.8
      vertex -16.1482 -17.8536 12.6942
    endloop
  endfacet
  facet normal 0.740923 0.67159 0
    outer loop
      vertex -16.1482 -17.8536 1.8
      vertex -15.5089 -18.5589 12.6942
      vertex -15.5089 -18.5589 1.8
    endloop
  endfacet
  facet normal 0.595655 -0.803241 0
    outer loop
      vertex -14.8036 19.1982 1.8
      vertex -14.039 19.7652 12.6942
      vertex -14.8036 19.1982 12.6942
    endloop
  endfacet
  facet normal 0.595655 -0.803241 0
    outer loop
      vertex -14.039 19.7652 12.6942
      vertex -14.8036 19.1982 1.8
      vertex -14.039 19.7652 1.8
    endloop
  endfacet
  facet normal 0.14675 0.989174 -0
    outer loop
      vertex -9.60075 -21.3533 1.8
      vertex -10.5424 -21.2136 12.6942
      vertex -9.60075 -21.3533 12.6942
    endloop
  endfacet
  facet normal 0.14675 0.989174 0
    outer loop
      vertex -10.5424 -21.2136 12.6942
      vertex -9.60075 -21.3533 1.8
      vertex -10.5424 -21.2136 1.8
    endloop
  endfacet
  facet normal -0.903984 -0.427567 0
    outer loop
      vertex 17.6116 15.412 1.8
      vertex 17.2046 16.2725 12.6942
      vertex 17.2046 16.2725 1.8
    endloop
  endfacet
  facet normal -0.903984 -0.427567 0
    outer loop
      vertex 17.2046 16.2725 12.6942
      vertex 17.6116 15.412 1.8
      vertex 17.6116 15.412 12.6942
    endloop
  endfacet
  facet normal 0 -1 0
    outer loop
      vertex -8.64999 21.4 1.8
      vertex 8.64999 21.4 12.6942
      vertex -8.64999 21.4 12.6942
    endloop
  endfacet
  facet normal 0 -1 -0
    outer loop
      vertex 8.64999 21.4 12.6942
      vertex -8.64999 21.4 1.8
      vertex 8.64999 21.4 1.8
    endloop
  endfacet
  facet normal 0.99882 -0.0485665 0
    outer loop
      vertex -18.3086 12.5418 3.54962
      vertex -18.3033 12.6508 1.8
      vertex -18.3033 12.6508 3.71271
    endloop
  endfacet
  facet normal 0.998794 -0.0491057 -3.36738e-05
    outer loop
      vertex -18.333 12.0459 2.98414
      vertex -18.3033 12.6508 1.8
      vertex -18.3086 12.5418 3.54962
    endloop
  endfacet
  facet normal 0.998795 -0.0490731 -1.69589e-05
    outer loop
      vertex -18.35 11.7 2.68082
      vertex -18.3033 12.6508 1.8
      vertex -18.333 12.0459 2.98414
    endloop
  endfacet
  facet normal 0.998796 -0.0490574 0
    outer loop
      vertex -18.3033 12.6508 1.8
      vertex -18.35 11.7 2.68082
      vertex -18.35 11.7 1.8
    endloop
  endfacet
  facet normal 0.99882 -0.0485665 0
    outer loop
      vertex -18.3033 12.6508 12.6942
      vertex -18.3086 12.5418 10.5504
      vertex -18.3033 12.6508 10.3873
    endloop
  endfacet
  facet normal 0.998793 -0.0491124 2.78215e-05
    outer loop
      vertex -18.3033 12.6508 12.6942
      vertex -18.333 12.0459 11.1159
      vertex -18.3086 12.5418 10.5504
    endloop
  endfacet
  facet normal 0.998796 -0.0490574 0
    outer loop
      vertex -18.35 11.7 11.4192
      vertex -18.3033 12.6508 12.6942
      vertex -18.35 11.7 12.6942
    endloop
  endfacet
  facet normal 0.998795 -0.0490758 1.37892e-05
    outer loop
      vertex -18.3033 12.6508 12.6942
      vertex -18.35 11.7 11.4192
      vertex -18.333 12.0459 11.1159
    endloop
  endfacet
  facet normal 1 -0 0
    outer loop
      vertex -18.35 11.4804 2.48822
      vertex -18.35 11.7 1.8
      vertex -18.35 11.7 2.68082
    endloop
  endfacet
  facet normal 1 -0 0
    outer loop
      vertex -18.35 10.855 2.07035
      vertex -18.35 11.7 1.8
      vertex -18.35 11.4804 2.48822
    endloop
  endfacet
  facet normal 1 0 0
    outer loop
      vertex -18.35 11.7 1.8
      vertex -18.35 10.855 2.07035
      vertex -18.35 10.3068 1.8
    endloop
  endfacet
  facet normal 1 0 0
    outer loop
      vertex -18.35 3.00035 9.925
      vertex -18.35 2.55671 9.3597
      vertex -18.35 2.68718 9.28996
    endloop
  endfacet
  facet normal 1 0 0
    outer loop
      vertex -18.35 1.6 9.55
      vertex -18.35 3.00035 9.925
      vertex -18.35 3.41822 10.5504
    endloop
  endfacet
  facet normal 1 0 0
    outer loop
      vertex -18.35 3.00035 9.925
      vertex -18.35 2.08772 9.50196
      vertex -18.35 2.55671 9.3597
    endloop
  endfacet
  facet normal 1 0 0
    outer loop
      vertex -18.35 1.6 9.55
      vertex -18.35 3.41822 10.5504
      vertex -18.35 3.91414 11.1159
    endloop
  endfacet
  facet normal 1 0 0
    outer loop
      vertex -18.35 3.00035 9.925
      vertex -18.35 1.6 9.55
      vertex -18.35 2.08772 9.50196
    endloop
  endfacet
  facet normal 1 0 0
    outer loop
      vertex -18.35 -11.7 12.6942
      vertex -18.35 3.91414 11.1159
      vertex -18.35 4.47962 11.6118
    endloop
  endfacet
  facet normal 1 0 0
    outer loop
      vertex -18.35 3.91414 11.1159
      vertex -18.35 -7.9 9.55
      vertex -18.35 1.6 9.55
    endloop
  endfacet
  facet normal 1 0 0
    outer loop
      vertex -18.35 -11.7 12.6942
      vertex -18.35 4.47962 11.6118
      vertex -18.35 5.105 12.0296
    endloop
  endfacet
  facet normal 1 0 0
    outer loop
      vertex -18.35 -11.7 12.6942
      vertex -18.35 5.105 12.0296
      vertex -18.35 5.77957 12.3623
    endloop
  endfacet
  facet normal 1 0 0
    outer loop
      vertex -18.35 -11.7 12.6942
      vertex -18.35 5.77957 12.3623
      vertex -18.35 6.49179 12.6041
    endloop
  endfacet
  facet normal 1 0 0
    outer loop
      vertex -18.35 3.91414 11.1159
      vertex -18.35 -11.7 12.6942
      vertex -18.35 -7.9 9.55
    endloop
  endfacet
  facet normal 1 0 0
    outer loop
      vertex -18.35 -10.352 7.53772
      vertex -18.35 -11.7 12.6942
      vertex -18.35 -10.4 7.05
    endloop
  endfacet
  facet normal 1 0 0
    outer loop
      vertex -18.35 -10.2097 8.00671
      vertex -18.35 -11.7 12.6942
      vertex -18.35 -10.352 7.53772
    endloop
  endfacet
  facet normal 1 0 0
    outer loop
      vertex -18.35 -9.97867 8.43892
      vertex -18.35 -11.7 12.6942
      vertex -18.35 -10.2097 8.00671
    endloop
  endfacet
  facet normal 1 0 0
    outer loop
      vertex -18.35 -9.66777 8.81777
      vertex -18.35 -11.7 12.6942
      vertex -18.35 -9.97867 8.43892
    endloop
  endfacet
  facet normal 1 0 0
    outer loop
      vertex -18.35 -9.28893 9.12867
      vertex -18.35 -11.7 12.6942
      vertex -18.35 -9.66777 8.81777
    endloop
  endfacet
  facet normal 1 0 0
    outer loop
      vertex -18.35 -8.85671 9.3597
      vertex -18.35 -11.7 12.6942
      vertex -18.35 -9.28893 9.12867
    endloop
  endfacet
  facet normal 1 0 0
    outer loop
      vertex -18.35 -8.38772 9.50196
      vertex -18.35 -11.7 12.6942
      vertex -18.35 -8.85671 9.3597
    endloop
  endfacet
  facet normal 1 0 0
    outer loop
      vertex -18.35 -7.9 9.55
      vertex -18.35 -11.7 12.6942
      vertex -18.35 -8.38772 9.50196
    endloop
  endfacet
  facet normal 1 -0 0
    outer loop
      vertex -18.35 -11.7 12.6942
      vertex -18.35 6.49179 12.6041
      vertex -18.35 6.945 12.6942
    endloop
  endfacet
  facet normal 1 -0 0
    outer loop
      vertex -18.35 2.55671 4.7403
      vertex -18.35 3.00035 4.175
      vertex -18.35 2.68718 4.81004
    endloop
  endfacet
  facet normal 1 -0 0
    outer loop
      vertex -18.35 2.08772 4.59804
      vertex -18.35 3.00035 4.175
      vertex -18.35 2.55671 4.7403
    endloop
  endfacet
  facet normal 1 -0 0
    outer loop
      vertex -18.35 1.6 4.55
      vertex -18.35 3.00035 4.175
      vertex -18.35 2.08772 4.59804
    endloop
  endfacet
  facet normal 1 0 0
    outer loop
      vertex -18.35 3.00035 4.175
      vertex -18.35 1.6 4.55
      vertex -18.35 3.41822 3.54962
    endloop
  endfacet
  facet normal 1 0 0
    outer loop
      vertex -18.35 3.41822 3.54962
      vertex -18.35 1.6 4.55
      vertex -18.35 3.91414 2.98414
    endloop
  endfacet
  facet normal 1 -0 0
    outer loop
      vertex -18.35 -7.9 4.55
      vertex -18.35 3.91414 2.98414
      vertex -18.35 1.6 4.55
    endloop
  endfacet
  facet normal 1 0 0
    outer loop
      vertex -18.35 3.91414 2.98414
      vertex -18.35 -7.9 4.55
      vertex -18.35 4.47962 2.48822
    endloop
  endfacet
  facet normal 1 0 0
    outer loop
      vertex -18.35 -11.7 1.8
      vertex -18.35 4.47962 2.48822
      vertex -18.35 -7.9 4.55
    endloop
  endfacet
  facet normal 1 0 0
    outer loop
      vertex -18.35 4.47962 2.48822
      vertex -18.35 -11.7 1.8
      vertex -18.35 5.105 2.07035
    endloop
  endfacet
  facet normal 1 0 0
    outer loop
      vertex -18.35 -11.7 1.8
      vertex -18.35 -7.9 4.55
      vertex -18.35 -8.38772 4.59804
    endloop
  endfacet
  facet normal 1 0 0
    outer loop
      vertex -18.35 -11.7 1.8
      vertex -18.35 -10.4 7.05
      vertex -18.35 -11.7 12.6942
    endloop
  endfacet
  facet normal 1 0 0
    outer loop
      vertex -18.35 5.105 2.07035
      vertex -18.35 -11.7 1.8
      vertex -18.35 5.65322 1.8
    endloop
  endfacet
  facet normal 1 0 0
    outer loop
      vertex -18.35 -8.85671 4.7403
      vertex -18.35 -11.7 1.8
      vertex -18.35 -8.38772 4.59804
    endloop
  endfacet
  facet normal 1 0 0
    outer loop
      vertex -18.35 -9.28893 4.97133
      vertex -18.35 -11.7 1.8
      vertex -18.35 -8.85671 4.7403
    endloop
  endfacet
  facet normal 1 0 0
    outer loop
      vertex -18.35 -9.66777 5.28223
      vertex -18.35 -11.7 1.8
      vertex -18.35 -9.28893 4.97133
    endloop
  endfacet
  facet normal 1 0 0
    outer loop
      vertex -18.35 -9.97867 5.66107
      vertex -18.35 -11.7 1.8
      vertex -18.35 -9.66777 5.28223
    endloop
  endfacet
  facet normal 1 0 0
    outer loop
      vertex -18.35 -10.2097 6.09329
      vertex -18.35 -11.7 1.8
      vertex -18.35 -9.97867 5.66107
    endloop
  endfacet
  facet normal 1 0 0
    outer loop
      vertex -18.35 -10.352 6.56227
      vertex -18.35 -11.7 1.8
      vertex -18.35 -10.2097 6.09329
    endloop
  endfacet
  facet normal 1 0 0
    outer loop
      vertex -18.35 -10.4 7.05
      vertex -18.35 -11.7 1.8
      vertex -18.35 -10.352 6.56227
    endloop
  endfacet
  facet normal 1 0 0
    outer loop
      vertex -18.35 11.7 12.6942
      vertex -18.35 11.4804 11.6118
      vertex -18.35 11.7 11.4192
    endloop
  endfacet
  facet normal 1 0 0
    outer loop
      vertex -18.35 11.7 12.6942
      vertex -18.35 10.855 12.0296
      vertex -18.35 11.4804 11.6118
    endloop
  endfacet
  facet normal 1 0 0
    outer loop
      vertex -18.35 11.7 12.6942
      vertex -18.35 10.1804 12.3623
      vertex -18.35 10.855 12.0296
    endloop
  endfacet
  facet normal 1 0 0
    outer loop
      vertex -18.35 11.7 12.6942
      vertex -18.35 9.46821 12.6041
      vertex -18.35 10.1804 12.3623
    endloop
  endfacet
  facet normal 1 0 -0
    outer loop
      vertex -18.35 9.46821 12.6041
      vertex -18.35 11.7 12.6942
      vertex -18.35 9.015 12.6942
    endloop
  endfacet
  facet normal -0.970025 0.243005 0
    outer loop
      vertex 17.9323 -14.5157 1.8
      vertex 18.1636 -13.5924 12.6942
      vertex 18.1636 -13.5924 1.8
    endloop
  endfacet
  facet normal -0.970025 0.243005 0
    outer loop
      vertex 18.1636 -13.5924 12.6942
      vertex 17.9323 -14.5157 1.8
      vertex 17.9323 -14.5157 12.6942
    endloop
  endfacet
  facet normal -0.803241 -0.595655 0
    outer loop
      vertex 16.7152 17.089 1.8
      vertex 16.1482 17.8536 12.6942
      vertex 16.1482 17.8536 1.8
    endloop
  endfacet
  facet normal -0.803241 -0.595655 0
    outer loop
      vertex 16.1482 17.8536 12.6942
      vertex 16.7152 17.089 1.8
      vertex 16.7152 17.089 12.6942
    endloop
  endfacet
  facet normal 0.857725 -0.514109 0
    outer loop
      vertex -17.2046 16.2725 12.6942
      vertex -16.7152 17.089 1.8
      vertex -16.7152 17.089 12.6942
    endloop
  endfacet
  facet normal 0.857725 -0.514109 0
    outer loop
      vertex -16.7152 17.089 1.8
      vertex -17.2046 16.2725 12.6942
      vertex -17.2046 16.2725 1.8
    endloop
  endfacet
  facet normal 0.740923 -0.67159 0
    outer loop
      vertex -16.1482 17.8536 12.6942
      vertex -15.5089 18.5589 1.8
      vertex -15.5089 18.5589 12.6942
    endloop
  endfacet
  facet normal 0.740923 -0.67159 0
    outer loop
      vertex -15.5089 18.5589 1.8
      vertex -16.1482 17.8536 12.6942
      vertex -16.1482 17.8536 1.8
    endloop
  endfacet
  facet normal -0.0490595 -0.998796 0
    outer loop
      vertex 8.64999 21.4 1.8
      vertex 9.60075 21.3533 12.6942
      vertex 8.64999 21.4 12.6942
    endloop
  endfacet
  facet normal -0.0490595 -0.998796 -0
    outer loop
      vertex 9.60075 21.3533 12.6942
      vertex 8.64999 21.4 1.8
      vertex 9.60075 21.3533 1.8
    endloop
  endfacet
  facet normal -0.989172 -0.146758 0
    outer loop
      vertex 18.3033 12.6508 1.8
      vertex 18.1636 13.5924 12.6942
      vertex 18.1636 13.5924 1.8
    endloop
  endfacet
  facet normal -0.989172 -0.146758 0
    outer loop
      vertex 18.1636 13.5924 12.6942
      vertex 18.3033 12.6508 1.8
      vertex 18.3033 12.6508 12.6942
    endloop
  endfacet
  facet normal -0.857725 -0.514109 0
    outer loop
      vertex 17.2046 16.2725 1.8
      vertex 16.7152 17.089 12.6942
      vertex 16.7152 17.089 1.8
    endloop
  endfacet
  facet normal -0.857725 -0.514109 0
    outer loop
      vertex 16.7152 17.089 12.6942
      vertex 17.2046 16.2725 1.8
      vertex 17.2046 16.2725 12.6942
    endloop
  endfacet
  facet normal -0.998796 -0.0490574 0
    outer loop
      vertex 18.35 11.7 1.8
      vertex 18.3033 12.6508 12.6942
      vertex 18.3033 12.6508 1.8
    endloop
  endfacet
  facet normal -0.998796 -0.0490574 0
    outer loop
      vertex 18.3033 12.6508 12.6942
      vertex 18.35 11.7 1.8
      vertex 18.35 11.7 12.6942
    endloop
  endfacet
  facet normal 0.857725 0.514109 0
    outer loop
      vertex -16.7152 -17.089 12.6942
      vertex -17.2046 -16.2725 1.8
      vertex -17.2046 -16.2725 12.6942
    endloop
  endfacet
  facet normal 0.857725 0.514109 0
    outer loop
      vertex -17.2046 -16.2725 1.8
      vertex -16.7152 -17.089 12.6942
      vertex -16.7152 -17.089 1.8
    endloop
  endfacet
  facet normal -0.67159 -0.740923 0
    outer loop
      vertex 14.8036 19.1982 1.8
      vertex 15.5089 18.5589 12.6942
      vertex 14.8036 19.1982 12.6942
    endloop
  endfacet
  facet normal -0.67159 -0.740923 -0
    outer loop
      vertex 15.5089 18.5589 12.6942
      vertex 14.8036 19.1982 1.8
      vertex 15.5089 18.5589 1.8
    endloop
  endfacet
  facet normal -0.941544 -0.336889 0
    outer loop
      vertex 17.9323 14.5157 1.8
      vertex 17.6116 15.412 12.6942
      vertex 17.6116 15.412 1.8
    endloop
  endfacet
  facet normal -0.941544 -0.336889 0
    outer loop
      vertex 17.6116 15.412 12.6942
      vertex 17.9323 14.5157 1.8
      vertex 17.9323 14.5157 12.6942
    endloop
  endfacet
  facet normal -0.595655 -0.803241 0
    outer loop
      vertex 14.039 19.7652 1.8
      vertex 14.8036 19.1982 12.6942
      vertex 14.039 19.7652 12.6942
    endloop
  endfacet
  facet normal -0.595655 -0.803241 -0
    outer loop
      vertex 14.8036 19.1982 12.6942
      vertex 14.039 19.7652 1.8
      vertex 14.8036 19.1982 1.8
    endloop
  endfacet
  facet normal -0.740923 -0.67159 0
    outer loop
      vertex 16.1482 17.8536 1.8
      vertex 15.5089 18.5589 12.6942
      vertex 15.5089 18.5589 1.8
    endloop
  endfacet
  facet normal -0.740923 -0.67159 0
    outer loop
      vertex 15.5089 18.5589 12.6942
      vertex 16.1482 17.8536 1.8
      vertex 16.1482 17.8536 12.6942
    endloop
  endfacet
  facet normal -0.903984 0.427567 0
    outer loop
      vertex 17.2046 -16.2725 1.8
      vertex 17.6116 -15.412 12.6942
      vertex 17.6116 -15.412 1.8
    endloop
  endfacet
  facet normal -0.903984 0.427567 0
    outer loop
      vertex 17.6116 -15.412 12.6942
      vertex 17.2046 -16.2725 1.8
      vertex 17.2046 -16.2725 12.6942
    endloop
  endfacet
  facet normal 0.427567 0.903984 -0
    outer loop
      vertex -12.362 -20.6616 1.8
      vertex -13.2225 -20.2546 12.6942
      vertex -12.362 -20.6616 12.6942
    endloop
  endfacet
  facet normal 0.427567 0.903984 0
    outer loop
      vertex -13.2225 -20.2546 12.6942
      vertex -12.362 -20.6616 1.8
      vertex -13.2225 -20.2546 1.8
    endloop
  endfacet
  facet normal 0.67159 -0.740923 0
    outer loop
      vertex -15.5089 18.5589 1.8
      vertex -14.8036 19.1982 12.6942
      vertex -15.5089 18.5589 12.6942
    endloop
  endfacet
  facet normal 0.67159 -0.740923 0
    outer loop
      vertex -14.8036 19.1982 12.6942
      vertex -15.5089 18.5589 1.8
      vertex -14.8036 19.1982 1.8
    endloop
  endfacet
  facet normal -0.427567 0.903984 0
    outer loop
      vertex 13.2225 -20.2546 1.8
      vertex 12.362 -20.6616 12.6942
      vertex 13.2225 -20.2546 12.6942
    endloop
  endfacet
  facet normal -0.427567 0.903984 0
    outer loop
      vertex 12.362 -20.6616 12.6942
      vertex 13.2225 -20.2546 1.8
      vertex 12.362 -20.6616 1.8
    endloop
  endfacet
  facet normal -0.0490595 0.998796 0
    outer loop
      vertex 9.60075 -21.3533 1.8
      vertex 8.64999 -21.4 12.6942
      vertex 9.60075 -21.3533 12.6942
    endloop
  endfacet
  facet normal -0.0490595 0.998796 0
    outer loop
      vertex 8.64999 -21.4 12.6942
      vertex 9.60075 -21.3533 1.8
      vertex 8.64999 -21.4 1.8
    endloop
  endfacet
  facet normal -0.14675 0.989174 0
    outer loop
      vertex 10.5424 -21.2136 1.8
      vertex 9.60075 -21.3533 12.6942
      vertex 10.5424 -21.2136 12.6942
    endloop
  endfacet
  facet normal -0.14675 0.989174 0
    outer loop
      vertex 9.60075 -21.3533 12.6942
      vertex 10.5424 -21.2136 1.8
      vertex 9.60075 -21.3533 1.8
    endloop
  endfacet
  facet normal 0.989048 -0.147594 0
    outer loop
      vertex -18.1723 13.5341 5.56179
      vertex -18.1636 13.5924 1.8
      vertex -18.1636 13.5924 5.85483
    endloop
  endfacet
  facet normal 0.989209 -0.146509 1.71815e-05
    outer loop
      vertex -18.2081 13.2923 4.84957
      vertex -18.1636 13.5924 1.8
      vertex -18.1723 13.5341 5.56179
    endloop
  endfacet
  facet normal 0.98916 -0.14684 -1.60846e-05
    outer loop
      vertex -18.2575 12.9596 4.175
      vertex -18.1636 13.5924 1.8
      vertex -18.2081 13.2923 4.84957
    endloop
  endfacet
  facet normal 0.989176 -0.146731 1.35755e-05
    outer loop
      vertex -18.3033 12.6508 3.71271
      vertex -18.1636 13.5924 1.8
      vertex -18.2575 12.9596 4.175
    endloop
  endfacet
  facet normal 0.989172 -0.146758 0
    outer loop
      vertex -18.1636 13.5924 1.8
      vertex -18.3033 12.6508 3.71271
      vertex -18.3033 12.6508 1.8
    endloop
  endfacet
  facet normal 0.989048 -0.147594 0
    outer loop
      vertex -18.1636 13.5924 12.6942
      vertex -18.1723 13.5341 8.53821
      vertex -18.1636 13.5924 8.24517
    endloop
  endfacet
  facet normal 0.98921 -0.146505 -1.56165e-05
    outer loop
      vertex -18.1636 13.5924 12.6942
      vertex -18.2081 13.2923 9.25043
      vertex -18.1723 13.5341 8.53821
    endloop
  endfacet
  facet normal 0.98916 -0.146843 1.45199e-05
    outer loop
      vertex -18.1636 13.5924 12.6942
      vertex -18.2575 12.9596 9.925
      vertex -18.2081 13.2923 9.25043
    endloop
  endfacet
  facet normal 0.989172 -0.146758 0
    outer loop
      vertex -18.3033 12.6508 10.3873
      vertex -18.1636 13.5924 12.6942
      vertex -18.3033 12.6508 12.6942
    endloop
  endfacet
  facet normal 0.989177 -0.146729 -1.21355e-05
    outer loop
      vertex -18.1636 13.5924 12.6942
      vertex -18.3033 12.6508 10.3873
      vertex -18.2575 12.9596 9.925
    endloop
  endfacet
  facet normal 0.427567 -0.903984 0
    outer loop
      vertex -13.2225 20.2546 1.8
      vertex -12.362 20.6616 12.6942
      vertex -13.2225 20.2546 12.6942
    endloop
  endfacet
  facet normal 0.427567 -0.903984 0
    outer loop
      vertex -12.362 20.6616 12.6942
      vertex -13.2225 20.2546 1.8
      vertex -12.362 20.6616 1.8
    endloop
  endfacet
  facet normal 0.0490595 -0.998796 0
    outer loop
      vertex -9.60075 21.3533 1.8
      vertex -8.64999 21.4 12.6942
      vertex -9.60075 21.3533 12.6942
    endloop
  endfacet
  facet normal 0.0490595 -0.998796 0
    outer loop
      vertex -8.64999 21.4 12.6942
      vertex -9.60075 21.3533 1.8
      vertex -8.64999 21.4 1.8
    endloop
  endfacet
  facet normal 0.514109 -0.857725 0
    outer loop
      vertex -14.039 19.7652 1.8
      vertex -13.2225 20.2546 12.6942
      vertex -14.039 19.7652 12.6942
    endloop
  endfacet
  facet normal 0.514109 -0.857725 0
    outer loop
      vertex -13.2225 20.2546 12.6942
      vertex -14.039 19.7652 1.8
      vertex -13.2225 20.2546 1.8
    endloop
  endfacet
  facet normal 0.941544 0.336889 0
    outer loop
      vertex -17.6116 -15.412 12.6942
      vertex -17.9323 -14.5157 1.8
      vertex -17.9323 -14.5157 12.6942
    endloop
  endfacet
  facet normal 0.941544 0.336889 0
    outer loop
      vertex -17.9323 -14.5157 1.8
      vertex -17.6116 -15.412 12.6942
      vertex -17.6116 -15.412 1.8
    endloop
  endfacet
  facet normal 0.903984 -0.427567 0
    outer loop
      vertex -17.6116 15.412 12.6942
      vertex -17.2046 16.2725 1.8
      vertex -17.2046 16.2725 12.6942
    endloop
  endfacet
  facet normal 0.903984 -0.427567 0
    outer loop
      vertex -17.2046 16.2725 1.8
      vertex -17.6116 15.412 12.6942
      vertex -17.6116 15.412 1.8
    endloop
  endfacet
  facet normal -0.336922 -0.941533 0
    outer loop
      vertex 11.4658 20.9823 1.8
      vertex 12.362 20.6616 12.6942
      vertex 11.4658 20.9823 12.6942
    endloop
  endfacet
  facet normal -0.336922 -0.941533 -0
    outer loop
      vertex 12.362 20.6616 12.6942
      vertex 11.4658 20.9823 1.8
      vertex 12.362 20.6616 1.8
    endloop
  endfacet
  facet normal -0.67159 0.740923 0
    outer loop
      vertex 15.5089 -18.5589 1.8
      vertex 14.8036 -19.1982 12.6942
      vertex 15.5089 -18.5589 12.6942
    endloop
  endfacet
  facet normal -0.67159 0.740923 0
    outer loop
      vertex 14.8036 -19.1982 12.6942
      vertex 15.5089 -18.5589 1.8
      vertex 14.8036 -19.1982 1.8
    endloop
  endfacet
  facet normal -0.242981 0.970031 0
    outer loop
      vertex 11.4658 -20.9823 1.8
      vertex 10.5424 -21.2136 12.6942
      vertex 11.4658 -20.9823 12.6942
    endloop
  endfacet
  facet normal -0.242981 0.970031 0
    outer loop
      vertex 10.5424 -21.2136 12.6942
      vertex 11.4658 -20.9823 1.8
      vertex 10.5424 -21.2136 1.8
    endloop
  endfacet
  facet normal -0.514109 0.857725 0
    outer loop
      vertex 14.039 -19.7652 1.8
      vertex 13.2225 -20.2546 12.6942
      vertex 14.039 -19.7652 12.6942
    endloop
  endfacet
  facet normal -0.514109 0.857725 0
    outer loop
      vertex 13.2225 -20.2546 12.6942
      vertex 14.039 -19.7652 1.8
      vertex 13.2225 -20.2546 1.8
    endloop
  endfacet
  facet normal -0.14675 -0.989174 0
    outer loop
      vertex 9.60075 21.3533 1.8
      vertex 10.5424 21.2136 12.6942
      vertex 9.60075 21.3533 12.6942
    endloop
  endfacet
  facet normal -0.14675 -0.989174 -0
    outer loop
      vertex 10.5424 21.2136 12.6942
      vertex 9.60075 21.3533 1.8
      vertex 10.5424 21.2136 1.8
    endloop
  endfacet
  facet normal 0.941544 -0.336889 0
    outer loop
      vertex -17.9323 14.5157 12.6942
      vertex -17.6116 15.412 1.8
      vertex -17.6116 15.412 12.6942
    endloop
  endfacet
  facet normal 0.941544 -0.336889 0
    outer loop
      vertex -17.6116 15.412 1.8
      vertex -17.9323 14.5157 12.6942
      vertex -17.9323 14.5157 1.8
    endloop
  endfacet
  facet normal 0 0 1
    outer loop
      vertex -18.35 -11.7 1.8
      vertex -15.75 -11.7 1.8
      vertex -15.75 5.65322 1.8
    endloop
  endfacet
  facet normal 0 -0 1
    outer loop
      vertex -18.3033 -12.6508 1.8
      vertex -15.75 -11.7 1.8
      vertex -18.35 -11.7 1.8
    endloop
  endfacet
  facet normal 0 0 1
    outer loop
      vertex -15.75 -11.7 1.8
      vertex -16.7152 -17.089 1.8
      vertex -16.1482 -17.8536 1.8
    endloop
  endfacet
  facet normal 0 0 1
    outer loop
      vertex -15.75 -11.7 1.8
      vertex -17.2046 -16.2725 1.8
      vertex -16.7152 -17.089 1.8
    endloop
  endfacet
  facet normal 0 0 1
    outer loop
      vertex -15.75 -11.7 1.8
      vertex -17.6116 -15.412 1.8
      vertex -17.2046 -16.2725 1.8
    endloop
  endfacet
  facet normal 0 0 1
    outer loop
      vertex -15.75 -11.7 1.8
      vertex -17.9323 -14.5157 1.8
      vertex -17.6116 -15.412 1.8
    endloop
  endfacet
  facet normal 0 0 1
    outer loop
      vertex -15.75 -11.7 1.8
      vertex -18.1636 -13.5924 1.8
      vertex -17.9323 -14.5157 1.8
    endloop
  endfacet
  facet normal 0 0 1
    outer loop
      vertex -18.35 -11.7 1.8
      vertex -15.75 5.65322 1.8
      vertex -18.35 5.65322 1.8
    endloop
  endfacet
  facet normal 0 0 1
    outer loop
      vertex -15.75 -11.7 1.8
      vertex -18.3033 -12.6508 1.8
      vertex -18.1636 -13.5924 1.8
    endloop
  endfacet
  facet normal 0 0 1
    outer loop
      vertex 15.75 11.7 1.8
      vertex 18.35 11.7 1.8
      vertex 18.3033 12.6508 1.8
    endloop
  endfacet
  facet normal 0 0 1
    outer loop
      vertex 18.35 11.7 1.8
      vertex 15.75 11.7 1.8
      vertex 18.35 -11.7 1.8
    endloop
  endfacet
  facet normal 0 0 1
    outer loop
      vertex 15.7158 12.3959 1.8
      vertex 18.3033 12.6508 1.8
      vertex 18.1636 13.5924 1.8
    endloop
  endfacet
  facet normal 0 0 1
    outer loop
      vertex 15.75 -11.7 1.8
      vertex 18.35 -11.7 1.8
      vertex 15.75 11.7 1.8
    endloop
  endfacet
  facet normal 0 0 1
    outer loop
      vertex 15.6136 13.0851 1.8
      vertex 18.1636 13.5924 1.8
      vertex 17.9323 14.5157 1.8
    endloop
  endfacet
  facet normal 0 0 1
    outer loop
      vertex 18.35 -11.7 1.8
      vertex 15.75 -11.7 1.8
      vertex 18.3033 -12.6508 1.8
    endloop
  endfacet
  facet normal 0 0 1
    outer loop
      vertex 15.4443 13.761 1.8
      vertex 17.9323 14.5157 1.8
      vertex 17.6116 15.412 1.8
    endloop
  endfacet
  facet normal -0 0 1
    outer loop
      vertex 15.7158 -12.3959 1.8
      vertex 18.3033 -12.6508 1.8
      vertex 15.75 -11.7 1.8
    endloop
  endfacet
  facet normal 0 0 1
    outer loop
      vertex 15.2095 14.417 1.8
      vertex 17.6116 15.412 1.8
      vertex 17.2046 16.2725 1.8
    endloop
  endfacet
  facet normal 0 0 1
    outer loop
      vertex 18.3033 -12.6508 1.8
      vertex 15.7158 -12.3959 1.8
      vertex 18.1636 -13.5924 1.8
    endloop
  endfacet
  facet normal 0 0 1
    outer loop
      vertex 14.9116 15.0469 1.8
      vertex 17.2046 16.2725 1.8
      vertex 16.7152 17.089 1.8
    endloop
  endfacet
  facet normal -0 0 1
    outer loop
      vertex 15.6136 -13.0851 1.8
      vertex 18.1636 -13.5924 1.8
      vertex 15.7158 -12.3959 1.8
    endloop
  endfacet
  facet normal 0 0 1
    outer loop
      vertex 14.5534 15.6445 1.8
      vertex 16.7152 17.089 1.8
      vertex 16.1482 17.8536 1.8
    endloop
  endfacet
  facet normal 0 0 1
    outer loop
      vertex 18.1636 -13.5924 1.8
      vertex 15.6136 -13.0851 1.8
      vertex 17.9323 -14.5157 1.8
    endloop
  endfacet
  facet normal -0 0 1
    outer loop
      vertex 15.4443 -13.761 1.8
      vertex 17.9323 -14.5157 1.8
      vertex 15.6136 -13.0851 1.8
    endloop
  endfacet
  facet normal 0 0 1
    outer loop
      vertex 18.3033 12.6508 1.8
      vertex 15.7158 12.3959 1.8
      vertex 15.75 11.7 1.8
    endloop
  endfacet
  facet normal 0 0 1
    outer loop
      vertex 18.1636 13.5924 1.8
      vertex 15.6136 13.0851 1.8
      vertex 15.7158 12.3959 1.8
    endloop
  endfacet
  facet normal 0 0 1
    outer loop
      vertex 14.1384 16.2042 1.8
      vertex 16.1482 17.8536 1.8
      vertex 15.5089 18.5589 1.8
    endloop
  endfacet
  facet normal 0 0 1
    outer loop
      vertex 17.9323 14.5157 1.8
      vertex 15.4443 13.761 1.8
      vertex 15.6136 13.0851 1.8
    endloop
  endfacet
  facet normal 0 0 1
    outer loop
      vertex 17.6116 15.412 1.8
      vertex 15.2095 14.417 1.8
      vertex 15.4443 13.761 1.8
    endloop
  endfacet
  facet normal 0 0 1
    outer loop
      vertex 17.2046 16.2725 1.8
      vertex 14.9116 15.0469 1.8
      vertex 15.2095 14.417 1.8
    endloop
  endfacet
  facet normal 0 0 1
    outer loop
      vertex 13.6705 16.7204 1.8
      vertex 15.5089 18.5589 1.8
      vertex 14.8036 19.1982 1.8
    endloop
  endfacet
  facet normal 0 0 1
    outer loop
      vertex 16.7152 17.089 1.8
      vertex 14.5534 15.6445 1.8
      vertex 14.9116 15.0469 1.8
    endloop
  endfacet
  facet normal 0 0 1
    outer loop
      vertex 16.1482 17.8536 1.8
      vertex 14.1384 16.2042 1.8
      vertex 14.5534 15.6445 1.8
    endloop
  endfacet
  facet normal 0 0 1
    outer loop
      vertex 13.1542 17.1884 1.8
      vertex 14.8036 19.1982 1.8
      vertex 14.039 19.7652 1.8
    endloop
  endfacet
  facet normal 0 0 1
    outer loop
      vertex 15.5089 18.5589 1.8
      vertex 13.6705 16.7204 1.8
      vertex 14.1384 16.2042 1.8
    endloop
  endfacet
  facet normal 0 0 1
    outer loop
      vertex 12.5945 17.6034 1.8
      vertex 14.039 19.7652 1.8
      vertex 13.2225 20.2546 1.8
    endloop
  endfacet
  facet normal 0 0 1
    outer loop
      vertex 14.8036 19.1982 1.8
      vertex 13.1542 17.1884 1.8
      vertex 13.6705 16.7204 1.8
    endloop
  endfacet
  facet normal 0 0 1
    outer loop
      vertex 14.039 19.7652 1.8
      vertex 12.5945 17.6034 1.8
      vertex 13.1542 17.1884 1.8
    endloop
  endfacet
  facet normal 0 0 1
    outer loop
      vertex 11.9969 17.9616 1.8
      vertex 13.2225 20.2546 1.8
      vertex 12.362 20.6616 1.8
    endloop
  endfacet
  facet normal 0 0 1
    outer loop
      vertex 13.2225 20.2546 1.8
      vertex 11.9969 17.9616 1.8
      vertex 12.5945 17.6034 1.8
    endloop
  endfacet
  facet normal 0 0 1
    outer loop
      vertex 11.3671 18.2595 1.8
      vertex 12.362 20.6616 1.8
      vertex 11.4658 20.9823 1.8
    endloop
  endfacet
  facet normal 0 0 1
    outer loop
      vertex 12.362 20.6616 1.8
      vertex 11.3671 18.2595 1.8
      vertex 11.9969 17.9616 1.8
    endloop
  endfacet
  facet normal 0 0 1
    outer loop
      vertex 11.4658 20.9823 1.8
      vertex 10.711 18.4943 1.8
      vertex 11.3671 18.2595 1.8
    endloop
  endfacet
  facet normal 0 0 1
    outer loop
      vertex 10.5424 21.2136 1.8
      vertex 10.711 18.4943 1.8
      vertex 11.4658 20.9823 1.8
    endloop
  endfacet
  facet normal 0 0 1
    outer loop
      vertex 10.5424 21.2136 1.8
      vertex 10.0351 18.6636 1.8
      vertex 10.711 18.4943 1.8
    endloop
  endfacet
  facet normal 0 0 1
    outer loop
      vertex 9.60075 21.3533 1.8
      vertex 10.0351 18.6636 1.8
      vertex 10.5424 21.2136 1.8
    endloop
  endfacet
  facet normal 0 0 1
    outer loop
      vertex 9.60075 21.3533 1.8
      vertex 9.34592 18.7658 1.8
      vertex 10.0351 18.6636 1.8
    endloop
  endfacet
  facet normal 0 0 1
    outer loop
      vertex 8.64999 21.4 1.8
      vertex 9.34592 18.7658 1.8
      vertex 9.60075 21.3533 1.8
    endloop
  endfacet
  facet normal 0 0 1
    outer loop
      vertex 8.64999 21.4 1.8
      vertex 8.64999 18.8 1.8
      vertex 9.34592 18.7658 1.8
    endloop
  endfacet
  facet normal -0 0 1
    outer loop
      vertex -8.64999 21.4 1.8
      vertex 8.64999 18.8 1.8
      vertex 8.64999 21.4 1.8
    endloop
  endfacet
  facet normal 0 0 1
    outer loop
      vertex -8.64999 21.4 1.8
      vertex -8.64999 18.8 1.8
      vertex 8.64999 18.8 1.8
    endloop
  endfacet
  facet normal 0 0 1
    outer loop
      vertex -8.64999 21.4 1.8
      vertex -9.34592 18.7658 1.8
      vertex -8.64999 18.8 1.8
    endloop
  endfacet
  facet normal -0 0 1
    outer loop
      vertex -9.60075 21.3533 1.8
      vertex -9.34592 18.7658 1.8
      vertex -8.64999 21.4 1.8
    endloop
  endfacet
  facet normal 0 0 1
    outer loop
      vertex -9.60075 21.3533 1.8
      vertex -10.0351 18.6636 1.8
      vertex -9.34592 18.7658 1.8
    endloop
  endfacet
  facet normal -0 0 1
    outer loop
      vertex -10.5424 21.2136 1.8
      vertex -10.0351 18.6636 1.8
      vertex -9.60075 21.3533 1.8
    endloop
  endfacet
  facet normal 0 0 1
    outer loop
      vertex -10.5424 21.2136 1.8
      vertex -10.711 18.4943 1.8
      vertex -10.0351 18.6636 1.8
    endloop
  endfacet
  facet normal -0 0 1
    outer loop
      vertex -11.4658 20.9823 1.8
      vertex -10.711 18.4943 1.8
      vertex -10.5424 21.2136 1.8
    endloop
  endfacet
  facet normal 0 0 1
    outer loop
      vertex -10.711 18.4943 1.8
      vertex -11.4658 20.9823 1.8
      vertex -11.3671 18.2595 1.8
    endloop
  endfacet
  facet normal -0 0 1
    outer loop
      vertex -12.362 20.6616 1.8
      vertex -11.3671 18.2595 1.8
      vertex -11.4658 20.9823 1.8
    endloop
  endfacet
  facet normal 0 0 1
    outer loop
      vertex -11.3671 18.2595 1.8
      vertex -12.362 20.6616 1.8
      vertex -11.9969 17.9616 1.8
    endloop
  endfacet
  facet normal -0 0 1
    outer loop
      vertex -13.2225 20.2546 1.8
      vertex -11.9969 17.9616 1.8
      vertex -12.362 20.6616 1.8
    endloop
  endfacet
  facet normal 0 0 1
    outer loop
      vertex -11.9969 17.9616 1.8
      vertex -13.2225 20.2546 1.8
      vertex -12.5945 17.6034 1.8
    endloop
  endfacet
  facet normal -0 0 1
    outer loop
      vertex -14.039 19.7652 1.8
      vertex -12.5945 17.6034 1.8
      vertex -13.2225 20.2546 1.8
    endloop
  endfacet
  facet normal 0 0 1
    outer loop
      vertex -12.5945 17.6034 1.8
      vertex -14.039 19.7652 1.8
      vertex -13.1542 17.1884 1.8
    endloop
  endfacet
  facet normal -0 0 1
    outer loop
      vertex -14.8036 19.1982 1.8
      vertex -13.1542 17.1884 1.8
      vertex -14.039 19.7652 1.8
    endloop
  endfacet
  facet normal 0 0 1
    outer loop
      vertex -13.1542 17.1884 1.8
      vertex -14.8036 19.1982 1.8
      vertex -13.6705 16.7204 1.8
    endloop
  endfacet
  facet normal -0 0 1
    outer loop
      vertex -15.5089 18.5589 1.8
      vertex -13.6705 16.7204 1.8
      vertex -14.8036 19.1982 1.8
    endloop
  endfacet
  facet normal 0 0 1
    outer loop
      vertex -13.6705 16.7204 1.8
      vertex -15.5089 18.5589 1.8
      vertex -14.1384 16.2042 1.8
    endloop
  endfacet
  facet normal -0 0 1
    outer loop
      vertex -16.1482 17.8536 1.8
      vertex -14.1384 16.2042 1.8
      vertex -15.5089 18.5589 1.8
    endloop
  endfacet
  facet normal 0 0 1
    outer loop
      vertex -14.1384 16.2042 1.8
      vertex -16.1482 17.8536 1.8
      vertex -14.5534 15.6445 1.8
    endloop
  endfacet
  facet normal -0 0 1
    outer loop
      vertex -16.7152 17.089 1.8
      vertex -14.5534 15.6445 1.8
      vertex -16.1482 17.8536 1.8
    endloop
  endfacet
  facet normal 0 0 1
    outer loop
      vertex -14.5534 15.6445 1.8
      vertex -16.7152 17.089 1.8
      vertex -14.9116 15.0469 1.8
    endloop
  endfacet
  facet normal -0 0 1
    outer loop
      vertex -17.2046 16.2725 1.8
      vertex -14.9116 15.0469 1.8
      vertex -16.7152 17.089 1.8
    endloop
  endfacet
  facet normal 0 0 1
    outer loop
      vertex -14.9116 15.0469 1.8
      vertex -17.2046 16.2725 1.8
      vertex -15.2095 14.417 1.8
    endloop
  endfacet
  facet normal -0 0 1
    outer loop
      vertex -17.6116 15.412 1.8
      vertex -15.2095 14.417 1.8
      vertex -17.2046 16.2725 1.8
    endloop
  endfacet
  facet normal 0 0 1
    outer loop
      vertex -15.2095 14.417 1.8
      vertex -17.6116 15.412 1.8
      vertex -15.4443 13.761 1.8
    endloop
  endfacet
  facet normal -0 0 1
    outer loop
      vertex -17.9323 14.5157 1.8
      vertex -15.4443 13.761 1.8
      vertex -17.6116 15.412 1.8
    endloop
  endfacet
  facet normal 0 0 1
    outer loop
      vertex -15.4443 13.761 1.8
      vertex -17.9323 14.5157 1.8
      vertex -15.6136 13.0851 1.8
    endloop
  endfacet
  facet normal -0 0 1
    outer loop
      vertex -18.1636 13.5924 1.8
      vertex -15.6136 13.0851 1.8
      vertex -17.9323 14.5157 1.8
    endloop
  endfacet
  facet normal 0 0 1
    outer loop
      vertex -15.6136 13.0851 1.8
      vertex -18.1636 13.5924 1.8
      vertex -15.7158 12.3959 1.8
    endloop
  endfacet
  facet normal -0 0 1
    outer loop
      vertex -18.3033 12.6508 1.8
      vertex -15.7158 12.3959 1.8
      vertex -18.1636 13.5924 1.8
    endloop
  endfacet
  facet normal 0 0 1
    outer loop
      vertex -15.7158 12.3959 1.8
      vertex -18.3033 12.6508 1.8
      vertex -15.75 11.7 1.8
    endloop
  endfacet
  facet normal 0 0 1
    outer loop
      vertex -18.35 11.7 1.8
      vertex -15.75 11.7 1.8
      vertex -18.3033 12.6508 1.8
    endloop
  endfacet
  facet normal 0 0 1
    outer loop
      vertex -15.75 11.7 1.8
      vertex -18.35 11.7 1.8
      vertex -15.75 10.3068 1.8
    endloop
  endfacet
  facet normal 0 0 1
    outer loop
      vertex -15.75 10.3068 1.8
      vertex -18.35 11.7 1.8
      vertex -18.35 10.3068 1.8
    endloop
  endfacet
  facet normal 0 0 1
    outer loop
      vertex 17.9323 -14.5157 1.8
      vertex 15.4443 -13.761 1.8
      vertex 17.6116 -15.412 1.8
    endloop
  endfacet
  facet normal -0 0 1
    outer loop
      vertex 15.2095 -14.417 1.8
      vertex 17.6116 -15.412 1.8
      vertex 15.4443 -13.761 1.8
    endloop
  endfacet
  facet normal 0 0 1
    outer loop
      vertex 17.6116 -15.412 1.8
      vertex 15.2095 -14.417 1.8
      vertex 17.2046 -16.2725 1.8
    endloop
  endfacet
  facet normal -0 0 1
    outer loop
      vertex 14.9116 -15.0469 1.8
      vertex 17.2046 -16.2725 1.8
      vertex 15.2095 -14.417 1.8
    endloop
  endfacet
  facet normal 0 0 1
    outer loop
      vertex 17.2046 -16.2725 1.8
      vertex 14.9116 -15.0469 1.8
      vertex 16.7152 -17.089 1.8
    endloop
  endfacet
  facet normal -0 0 1
    outer loop
      vertex 14.5534 -15.6445 1.8
      vertex 16.7152 -17.089 1.8
      vertex 14.9116 -15.0469 1.8
    endloop
  endfacet
  facet normal 0 0 1
    outer loop
      vertex 16.7152 -17.089 1.8
      vertex 14.5534 -15.6445 1.8
      vertex 16.1482 -17.8536 1.8
    endloop
  endfacet
  facet normal -0 0 1
    outer loop
      vertex 14.1384 -16.2042 1.8
      vertex 16.1482 -17.8536 1.8
      vertex 14.5534 -15.6445 1.8
    endloop
  endfacet
  facet normal 0 0 1
    outer loop
      vertex 16.1482 -17.8536 1.8
      vertex 14.1384 -16.2042 1.8
      vertex 15.5089 -18.5589 1.8
    endloop
  endfacet
  facet normal -0 0 1
    outer loop
      vertex 13.6705 -16.7204 1.8
      vertex 15.5089 -18.5589 1.8
      vertex 14.1384 -16.2042 1.8
    endloop
  endfacet
  facet normal 0 0 1
    outer loop
      vertex 15.5089 -18.5589 1.8
      vertex 13.6705 -16.7204 1.8
      vertex 14.8036 -19.1982 1.8
    endloop
  endfacet
  facet normal -0 0 1
    outer loop
      vertex 13.1542 -17.1884 1.8
      vertex 14.8036 -19.1982 1.8
      vertex 13.6705 -16.7204 1.8
    endloop
  endfacet
  facet normal 0 0 1
    outer loop
      vertex 14.8036 -19.1982 1.8
      vertex 13.1542 -17.1884 1.8
      vertex 14.039 -19.7652 1.8
    endloop
  endfacet
  facet normal -0 0 1
    outer loop
      vertex 12.5945 -17.6034 1.8
      vertex 14.039 -19.7652 1.8
      vertex 13.1542 -17.1884 1.8
    endloop
  endfacet
  facet normal 0 0 1
    outer loop
      vertex 14.039 -19.7652 1.8
      vertex 12.5945 -17.6034 1.8
      vertex 13.2225 -20.2546 1.8
    endloop
  endfacet
  facet normal -0 0 1
    outer loop
      vertex 11.9969 -17.9616 1.8
      vertex 13.2225 -20.2546 1.8
      vertex 12.5945 -17.6034 1.8
    endloop
  endfacet
  facet normal 0 0 1
    outer loop
      vertex 13.2225 -20.2546 1.8
      vertex 11.9969 -17.9616 1.8
      vertex 12.362 -20.6616 1.8
    endloop
  endfacet
  facet normal -0 0 1
    outer loop
      vertex 11.3671 -18.2595 1.8
      vertex 12.362 -20.6616 1.8
      vertex 11.9969 -17.9616 1.8
    endloop
  endfacet
  facet normal 0 0 1
    outer loop
      vertex 12.362 -20.6616 1.8
      vertex 11.3671 -18.2595 1.8
      vertex 11.4658 -20.9823 1.8
    endloop
  endfacet
  facet normal -0 0 1
    outer loop
      vertex 10.711 -18.4943 1.8
      vertex 11.4658 -20.9823 1.8
      vertex 11.3671 -18.2595 1.8
    endloop
  endfacet
  facet normal 0 0 1
    outer loop
      vertex 10.711 -18.4943 1.8
      vertex 10.5424 -21.2136 1.8
      vertex 11.4658 -20.9823 1.8
    endloop
  endfacet
  facet normal -0 0 1
    outer loop
      vertex 10.0351 -18.6636 1.8
      vertex 10.5424 -21.2136 1.8
      vertex 10.711 -18.4943 1.8
    endloop
  endfacet
  facet normal 0 0 1
    outer loop
      vertex 10.0351 -18.6636 1.8
      vertex 9.60075 -21.3533 1.8
      vertex 10.5424 -21.2136 1.8
    endloop
  endfacet
  facet normal -0 0 1
    outer loop
      vertex 9.34592 -18.7658 1.8
      vertex 9.60075 -21.3533 1.8
      vertex 10.0351 -18.6636 1.8
    endloop
  endfacet
  facet normal -0 0 1
    outer loop
      vertex 8.64999 -18.8 1.8
      vertex 9.60075 -21.3533 1.8
      vertex 9.34592 -18.7658 1.8
    endloop
  endfacet
  facet normal 0 0 1
    outer loop
      vertex 8.64999 -18.8 1.8
      vertex 8.64999 -21.4 1.8
      vertex 9.60075 -21.3533 1.8
    endloop
  endfacet
  facet normal -0 0 1
    outer loop
      vertex -8.64999 -18.8 1.8
      vertex 8.64999 -21.4 1.8
      vertex 8.64999 -18.8 1.8
    endloop
  endfacet
  facet normal 0 0 1
    outer loop
      vertex -8.64999 -18.8 1.8
      vertex -8.64999 -21.4 1.8
      vertex 8.64999 -21.4 1.8
    endloop
  endfacet
  facet normal 0 0 1
    outer loop
      vertex -9.34592 -18.7658 1.8
      vertex -8.64999 -21.4 1.8
      vertex -8.64999 -18.8 1.8
    endloop
  endfacet
  facet normal 0 0 1
    outer loop
      vertex -9.34592 -18.7658 1.8
      vertex -9.60075 -21.3533 1.8
      vertex -8.64999 -21.4 1.8
    endloop
  endfacet
  facet normal 0 0 1
    outer loop
      vertex -10.0351 -18.6636 1.8
      vertex -9.60075 -21.3533 1.8
      vertex -9.34592 -18.7658 1.8
    endloop
  endfacet
  facet normal 0 0 1
    outer loop
      vertex -10.0351 -18.6636 1.8
      vertex -10.5424 -21.2136 1.8
      vertex -9.60075 -21.3533 1.8
    endloop
  endfacet
  facet normal 0 0 1
    outer loop
      vertex -10.711 -18.4943 1.8
      vertex -10.5424 -21.2136 1.8
      vertex -10.0351 -18.6636 1.8
    endloop
  endfacet
  facet normal 0 0 1
    outer loop
      vertex -11.4658 -20.9823 1.8
      vertex -10.711 -18.4943 1.8
      vertex -11.3671 -18.2595 1.8
    endloop
  endfacet
  facet normal 0 0 1
    outer loop
      vertex -10.711 -18.4943 1.8
      vertex -11.4658 -20.9823 1.8
      vertex -10.5424 -21.2136 1.8
    endloop
  endfacet
  facet normal 0 0 1
    outer loop
      vertex -12.362 -20.6616 1.8
      vertex -11.3671 -18.2595 1.8
      vertex -11.9969 -17.9616 1.8
    endloop
  endfacet
  facet normal 0 0 1
    outer loop
      vertex -11.3671 -18.2595 1.8
      vertex -12.362 -20.6616 1.8
      vertex -11.4658 -20.9823 1.8
    endloop
  endfacet
  facet normal 0 0 1
    outer loop
      vertex -13.2225 -20.2546 1.8
      vertex -11.9969 -17.9616 1.8
      vertex -12.5945 -17.6034 1.8
    endloop
  endfacet
  facet normal 0 0 1
    outer loop
      vertex -14.039 -19.7652 1.8
      vertex -12.5945 -17.6034 1.8
      vertex -13.1542 -17.1884 1.8
    endloop
  endfacet
  facet normal 0 0 1
    outer loop
      vertex -11.9969 -17.9616 1.8
      vertex -13.2225 -20.2546 1.8
      vertex -12.362 -20.6616 1.8
    endloop
  endfacet
  facet normal 0 0 1
    outer loop
      vertex -14.8036 -19.1982 1.8
      vertex -13.1542 -17.1884 1.8
      vertex -13.6705 -16.7204 1.8
    endloop
  endfacet
  facet normal 0 0 1
    outer loop
      vertex -12.5945 -17.6034 1.8
      vertex -14.039 -19.7652 1.8
      vertex -13.2225 -20.2546 1.8
    endloop
  endfacet
  facet normal 0 0 1
    outer loop
      vertex -15.5089 -18.5589 1.8
      vertex -13.6705 -16.7204 1.8
      vertex -14.1384 -16.2042 1.8
    endloop
  endfacet
  facet normal 0 0 1
    outer loop
      vertex -16.1482 -17.8536 1.8
      vertex -14.1384 -16.2042 1.8
      vertex -14.5534 -15.6445 1.8
    endloop
  endfacet
  facet normal 0 0 1
    outer loop
      vertex -13.1542 -17.1884 1.8
      vertex -14.8036 -19.1982 1.8
      vertex -14.039 -19.7652 1.8
    endloop
  endfacet
  facet normal 0 0 1
    outer loop
      vertex -16.1482 -17.8536 1.8
      vertex -14.5534 -15.6445 1.8
      vertex -14.9116 -15.0469 1.8
    endloop
  endfacet
  facet normal 0 0 1
    outer loop
      vertex -16.1482 -17.8536 1.8
      vertex -14.9116 -15.0469 1.8
      vertex -15.2095 -14.417 1.8
    endloop
  endfacet
  facet normal 0 0 1
    outer loop
      vertex -16.1482 -17.8536 1.8
      vertex -15.2095 -14.417 1.8
      vertex -15.4443 -13.761 1.8
    endloop
  endfacet
  facet normal 0 0 1
    outer loop
      vertex -13.6705 -16.7204 1.8
      vertex -15.5089 -18.5589 1.8
      vertex -14.8036 -19.1982 1.8
    endloop
  endfacet
  facet normal 0 0 1
    outer loop
      vertex -16.1482 -17.8536 1.8
      vertex -15.4443 -13.761 1.8
      vertex -15.6136 -13.0851 1.8
    endloop
  endfacet
  facet normal 0 0 1
    outer loop
      vertex -16.1482 -17.8536 1.8
      vertex -15.6136 -13.0851 1.8
      vertex -15.7158 -12.3959 1.8
    endloop
  endfacet
  facet normal 0 0 1
    outer loop
      vertex -16.1482 -17.8536 1.8
      vertex -15.7158 -12.3959 1.8
      vertex -15.75 -11.7 1.8
    endloop
  endfacet
  facet normal 0 0 1
    outer loop
      vertex -14.1384 -16.2042 1.8
      vertex -16.1482 -17.8536 1.8
      vertex -15.5089 -18.5589 1.8
    endloop
  endfacet
  facet normal -0.803241 0.595655 0
    outer loop
      vertex 16.1482 -17.8536 1.8
      vertex 16.7152 -17.089 12.6942
      vertex 16.7152 -17.089 1.8
    endloop
  endfacet
  facet normal -0.803241 0.595655 0
    outer loop
      vertex 16.7152 -17.089 12.6942
      vertex 16.1482 -17.8536 1.8
      vertex 16.1482 -17.8536 12.6942
    endloop
  endfacet
  facet normal 0.0490595 0.998796 -0
    outer loop
      vertex -8.64999 -21.4 1.8
      vertex -9.60075 -21.3533 12.6942
      vertex -8.64999 -21.4 12.6942
    endloop
  endfacet
  facet normal 0.0490595 0.998796 0
    outer loop
      vertex -9.60075 -21.3533 12.6942
      vertex -8.64999 -21.4 1.8
      vertex -9.60075 -21.3533 1.8
    endloop
  endfacet
  facet normal 0.970033 -0.242971 0
    outer loop
      vertex -17.9323 14.5157 12.6942
      vertex -18.1291 13.73 7.05
      vertex -17.9323 14.5157 1.8
    endloop
  endfacet
  facet normal 0.96992 -0.243426 6.72274e-05
    outer loop
      vertex -17.9323 14.5157 12.6942
      vertex -18.1415 13.6808 7.80052
      vertex -18.1291 13.73 7.05
    endloop
  endfacet
  facet normal 0.970025 -0.243005 0
    outer loop
      vertex -18.1636 13.5924 8.24517
      vertex -17.9323 14.5157 12.6942
      vertex -18.1636 13.5924 12.6942
    endloop
  endfacet
  facet normal 0.970082 -0.242776 -5.0674e-05
    outer loop
      vertex -17.9323 14.5157 12.6942
      vertex -18.1636 13.5924 8.24517
      vertex -18.1415 13.6808 7.80052
    endloop
  endfacet
  facet normal 0.969925 -0.243404 -6.87647e-05
    outer loop
      vertex -18.1415 13.6808 6.29947
      vertex -17.9323 14.5157 1.8
      vertex -18.1291 13.73 7.05
    endloop
  endfacet
  facet normal 0.97008 -0.242786 5.29708e-05
    outer loop
      vertex -18.1636 13.5924 5.85483
      vertex -17.9323 14.5157 1.8
      vertex -18.1415 13.6808 6.29947
    endloop
  endfacet
  facet normal 0.970025 -0.243005 0
    outer loop
      vertex -17.9323 14.5157 1.8
      vertex -18.1636 13.5924 5.85483
      vertex -18.1636 13.5924 1.8
    endloop
  endfacet
  facet normal 0.242981 -0.970031 0
    outer loop
      vertex -11.4658 20.9823 1.8
      vertex -10.5424 21.2136 12.6942
      vertex -11.4658 20.9823 12.6942
    endloop
  endfacet
  facet normal 0.242981 -0.970031 0
    outer loop
      vertex -10.5424 21.2136 12.6942
      vertex -11.4658 20.9823 1.8
      vertex -10.5424 21.2136 1.8
    endloop
  endfacet
  facet normal 0.514109 0.857725 -0
    outer loop
      vertex -13.2225 -20.2546 1.8
      vertex -14.039 -19.7652 12.6942
      vertex -13.2225 -20.2546 12.6942
    endloop
  endfacet
  facet normal 0.514109 0.857725 0
    outer loop
      vertex -14.039 -19.7652 12.6942
      vertex -13.2225 -20.2546 1.8
      vertex -14.039 -19.7652 1.8
    endloop
  endfacet
  facet normal -0.336922 0.941533 0
    outer loop
      vertex 12.362 -20.6616 1.8
      vertex 11.4658 -20.9823 12.6942
      vertex 12.362 -20.6616 12.6942
    endloop
  endfacet
  facet normal -0.336922 0.941533 0
    outer loop
      vertex 11.4658 -20.9823 12.6942
      vertex 12.362 -20.6616 1.8
      vertex 11.4658 -20.9823 1.8
    endloop
  endfacet
  facet normal -0.740923 0.67159 0
    outer loop
      vertex 15.5089 -18.5589 1.8
      vertex 16.1482 -17.8536 12.6942
      vertex 16.1482 -17.8536 1.8
    endloop
  endfacet
  facet normal -0.740923 0.67159 0
    outer loop
      vertex 16.1482 -17.8536 12.6942
      vertex 15.5089 -18.5589 1.8
      vertex 15.5089 -18.5589 12.6942
    endloop
  endfacet
  facet normal 0.14675 -0.989174 0
    outer loop
      vertex -10.5424 21.2136 1.8
      vertex -9.60075 21.3533 12.6942
      vertex -10.5424 21.2136 12.6942
    endloop
  endfacet
  facet normal 0.14675 -0.989174 0
    outer loop
      vertex -9.60075 21.3533 12.6942
      vertex -10.5424 21.2136 1.8
      vertex -9.60075 21.3533 1.8
    endloop
  endfacet
  facet normal 0.336922 -0.941533 0
    outer loop
      vertex -12.362 20.6616 1.8
      vertex -11.4658 20.9823 12.6942
      vertex -12.362 20.6616 12.6942
    endloop
  endfacet
  facet normal 0.336922 -0.941533 0
    outer loop
      vertex -11.4658 20.9823 12.6942
      vertex -12.362 20.6616 1.8
      vertex -11.4658 20.9823 1.8
    endloop
  endfacet
  facet normal -0.514109 -0.857725 0
    outer loop
      vertex 13.2225 20.2546 1.8
      vertex 14.039 19.7652 12.6942
      vertex 13.2225 20.2546 12.6942
    endloop
  endfacet
  facet normal -0.514109 -0.857725 -0
    outer loop
      vertex 14.039 19.7652 12.6942
      vertex 13.2225 20.2546 1.8
      vertex 14.039 19.7652 1.8
    endloop
  endfacet
  facet normal 0.803241 -0.595655 0
    outer loop
      vertex -16.7152 17.089 12.6942
      vertex -16.1482 17.8536 1.8
      vertex -16.1482 17.8536 12.6942
    endloop
  endfacet
  facet normal 0.803241 -0.595655 0
    outer loop
      vertex -16.1482 17.8536 1.8
      vertex -16.7152 17.089 12.6942
      vertex -16.7152 17.089 1.8
    endloop
  endfacet
  facet normal 0.67159 0.740923 -0
    outer loop
      vertex -14.8036 -19.1982 1.8
      vertex -15.5089 -18.5589 12.6942
      vertex -14.8036 -19.1982 12.6942
    endloop
  endfacet
  facet normal 0.67159 0.740923 0
    outer loop
      vertex -15.5089 -18.5589 12.6942
      vertex -14.8036 -19.1982 1.8
      vertex -15.5089 -18.5589 1.8
    endloop
  endfacet
  facet normal -0.242981 -0.970031 0
    outer loop
      vertex 10.5424 21.2136 1.8
      vertex 11.4658 20.9823 12.6942
      vertex 10.5424 21.2136 12.6942
    endloop
  endfacet
  facet normal -0.242981 -0.970031 -0
    outer loop
      vertex 11.4658 20.9823 12.6942
      vertex 10.5424 21.2136 1.8
      vertex 11.4658 20.9823 1.8
    endloop
  endfacet
  facet normal -0.857725 0.514109 0
    outer loop
      vertex 16.7152 -17.089 1.8
      vertex 17.2046 -16.2725 12.6942
      vertex 17.2046 -16.2725 1.8
    endloop
  endfacet
  facet normal -0.857725 0.514109 0
    outer loop
      vertex 17.2046 -16.2725 12.6942
      vertex 16.7152 -17.089 1.8
      vertex 16.7152 -17.089 12.6942
    endloop
  endfacet
  facet normal -0.989172 0.146758 0
    outer loop
      vertex 18.1636 -13.5924 1.8
      vertex 18.3033 -12.6508 12.6942
      vertex 18.3033 -12.6508 1.8
    endloop
  endfacet
  facet normal -0.989172 0.146758 0
    outer loop
      vertex 18.3033 -12.6508 12.6942
      vertex 18.1636 -13.5924 1.8
      vertex 18.1636 -13.5924 12.6942
    endloop
  endfacet
  facet normal 0.242981 0.970031 -0
    outer loop
      vertex -10.5424 -21.2136 1.8
      vertex -11.4658 -20.9823 12.6942
      vertex -10.5424 -21.2136 12.6942
    endloop
  endfacet
  facet normal 0.242981 0.970031 0
    outer loop
      vertex -11.4658 -20.9823 12.6942
      vertex -10.5424 -21.2136 1.8
      vertex -11.4658 -20.9823 1.8
    endloop
  endfacet
  facet normal 0.336922 0.941533 -0
    outer loop
      vertex -11.4658 -20.9823 1.8
      vertex -12.362 -20.6616 12.6942
      vertex -11.4658 -20.9823 12.6942
    endloop
  endfacet
  facet normal 0.336922 0.941533 0
    outer loop
      vertex -12.362 -20.6616 12.6942
      vertex -11.4658 -20.9823 1.8
      vertex -12.362 -20.6616 1.8
    endloop
  endfacet
  facet normal -0.941544 0.336889 0
    outer loop
      vertex 17.6116 -15.412 1.8
      vertex 17.9323 -14.5157 12.6942
      vertex 17.9323 -14.5157 1.8
    endloop
  endfacet
  facet normal -0.941544 0.336889 0
    outer loop
      vertex 17.9323 -14.5157 12.6942
      vertex 17.6116 -15.412 1.8
      vertex 17.6116 -15.412 12.6942
    endloop
  endfacet
  facet normal 0.903984 0.427567 0
    outer loop
      vertex -17.2046 -16.2725 12.6942
      vertex -17.6116 -15.412 1.8
      vertex -17.6116 -15.412 12.6942
    endloop
  endfacet
  facet normal 0.903984 0.427567 0
    outer loop
      vertex -17.6116 -15.412 1.8
      vertex -17.2046 -16.2725 12.6942
      vertex -17.2046 -16.2725 1.8
    endloop
  endfacet
  facet normal 0.595655 0.803241 -0
    outer loop
      vertex -14.039 -19.7652 1.8
      vertex -14.8036 -19.1982 12.6942
      vertex -14.039 -19.7652 12.6942
    endloop
  endfacet
  facet normal 0.595655 0.803241 0
    outer loop
      vertex -14.8036 -19.1982 12.6942
      vertex -14.039 -19.7652 1.8
      vertex -14.8036 -19.1982 1.8
    endloop
  endfacet
  facet normal 0.970025 0.243005 0
    outer loop
      vertex -17.9323 -14.5157 12.6942
      vertex -18.1636 -13.5924 1.8
      vertex -18.1636 -13.5924 12.6942
    endloop
  endfacet
  facet normal 0.970025 0.243005 0
    outer loop
      vertex -18.1636 -13.5924 1.8
      vertex -17.9323 -14.5157 12.6942
      vertex -17.9323 -14.5157 1.8
    endloop
  endfacet
  facet normal 0.970033 0.242975 0
    outer loop
      vertex -15.4443 -13.761 1.8
      vertex -15.6136 -13.0851 0.00577831
      vertex -15.6136 -13.0851 1.8
    endloop
  endfacet
  facet normal 0.970033 0.242975 0
    outer loop
      vertex -15.6136 -13.0851 0.00577831
      vertex -15.4443 -13.761 1.8
      vertex -15.4443 -13.761 0.00577831
    endloop
  endfacet
  facet normal 1 -0 0
    outer loop
      vertex -15.75 10.3068 1.8
      vertex -15.75 11.7 0.00577831
      vertex -15.75 11.7 1.8
    endloop
  endfacet
  facet normal 1 -0 0
    outer loop
      vertex -15.75 10.1804 1.73769
      vertex -15.75 11.7 0.00577831
      vertex -15.75 10.3068 1.8
    endloop
  endfacet
  facet normal 1 -0 0
    outer loop
      vertex -15.75 9.46821 1.49593
      vertex -15.75 11.7 0.00577831
      vertex -15.75 10.1804 1.73769
    endloop
  endfacet
  facet normal 1 -0 0
    outer loop
      vertex -15.75 8.73053 1.34919
      vertex -15.75 11.7 0.00577831
      vertex -15.75 9.46821 1.49593
    endloop
  endfacet
  facet normal 1 -0 0
    outer loop
      vertex -15.75 7.98 1.3
      vertex -15.75 11.7 0.00577831
      vertex -15.75 8.73053 1.34919
    endloop
  endfacet
  facet normal 1 0 0
    outer loop
      vertex -15.75 7.22947 1.34919
      vertex -15.75 11.7 0.00577831
      vertex -15.75 7.98 1.3
    endloop
  endfacet
  facet normal 1 0 0
    outer loop
      vertex -15.75 6.49179 1.49593
      vertex -15.75 11.7 0.00577831
      vertex -15.75 7.22947 1.34919
    endloop
  endfacet
  facet normal 1 0 0
    outer loop
      vertex -15.75 -11.7 0.00577831
      vertex -15.75 5.65322 1.8
      vertex -15.75 -11.7 1.8
    endloop
  endfacet
  facet normal 1 0 0
    outer loop
      vertex -15.75 5.65322 1.8
      vertex -15.75 -11.7 0.00577831
      vertex -15.75 5.77957 1.73769
    endloop
  endfacet
  facet normal 1 0 0
    outer loop
      vertex -15.75 5.77957 1.73769
      vertex -15.75 -11.7 0.00577831
      vertex -15.75 6.49179 1.49593
    endloop
  endfacet
  facet normal 1 0 0
    outer loop
      vertex -15.75 6.49179 1.49593
      vertex -15.75 -11.7 0.00577831
      vertex -15.75 11.7 0.00577831
    endloop
  endfacet
  facet normal 0.427587 -0.903974 0
    outer loop
      vertex -11.9969 17.9616 0.00577831
      vertex -11.3671 18.2595 1.8
      vertex -11.9969 17.9616 1.8
    endloop
  endfacet
  facet normal 0.427587 -0.903974 0
    outer loop
      vertex -11.3671 18.2595 1.8
      vertex -11.9969 17.9616 0.00577831
      vertex -11.3671 18.2595 0.00577831
    endloop
  endfacet
  facet normal -0.998795 -0.0490858 0
    outer loop
      vertex 15.75 11.7 0.00577831
      vertex 15.7158 12.3959 1.8
      vertex 15.7158 12.3959 0.00577831
    endloop
  endfacet
  facet normal -0.998795 -0.0490858 0
    outer loop
      vertex 15.7158 12.3959 1.8
      vertex 15.75 11.7 0.00577831
      vertex 15.75 11.7 1.8
    endloop
  endfacet
  facet normal -0.671601 -0.740913 0
    outer loop
      vertex 13.1542 17.1884 0.00577831
      vertex 13.6705 16.7204 1.8
      vertex 13.1542 17.1884 1.8
    endloop
  endfacet
  facet normal -0.671601 -0.740913 -0
    outer loop
      vertex 13.6705 16.7204 1.8
      vertex 13.1542 17.1884 0.00577831
      vertex 13.6705 16.7204 0.00577831
    endloop
  endfacet
  facet normal 0.998795 0.0490858 0
    outer loop
      vertex -15.7158 -12.3959 1.8
      vertex -15.75 -11.7 0.00577831
      vertex -15.75 -11.7 1.8
    endloop
  endfacet
  facet normal 0.998795 0.0490858 0
    outer loop
      vertex -15.75 -11.7 0.00577831
      vertex -15.7158 -12.3959 1.8
      vertex -15.7158 -12.3959 0.00577831
    endloop
  endfacet
  facet normal -0.427587 -0.903974 0
    outer loop
      vertex 11.3671 18.2595 0.00577831
      vertex 11.9969 17.9616 1.8
      vertex 11.3671 18.2595 1.8
    endloop
  endfacet
  facet normal -0.427587 -0.903974 -0
    outer loop
      vertex 11.9969 17.9616 1.8
      vertex 11.3671 18.2595 0.00577831
      vertex 11.9969 17.9616 0.00577831
    endloop
  endfacet
  facet normal -0.242975 0.970033 0
    outer loop
      vertex 10.711 -18.4943 0.00577831
      vertex 10.0351 -18.6636 1.8
      vertex 10.711 -18.4943 1.8
    endloop
  endfacet
  facet normal -0.242975 0.970033 0
    outer loop
      vertex 10.0351 -18.6636 1.8
      vertex 10.711 -18.4943 0.00577831
      vertex 10.0351 -18.6636 0.00577831
    endloop
  endfacet
  facet normal -0.970033 -0.242975 0
    outer loop
      vertex 15.6136 13.0851 0.00577831
      vertex 15.4443 13.761 1.8
      vertex 15.4443 13.761 0.00577831
    endloop
  endfacet
  facet normal -0.970033 -0.242975 0
    outer loop
      vertex 15.4443 13.761 1.8
      vertex 15.6136 13.0851 0.00577831
      vertex 15.6136 13.0851 1.8
    endloop
  endfacet
  facet normal -0.941508 -0.336991 0
    outer loop
      vertex 15.4443 13.761 0.00577831
      vertex 15.2095 14.417 1.8
      vertex 15.2095 14.417 0.00577831
    endloop
  endfacet
  facet normal -0.941508 -0.336991 0
    outer loop
      vertex 15.2095 14.417 1.8
      vertex 15.4443 13.761 0.00577831
      vertex 15.4443 13.761 1.8
    endloop
  endfacet
  facet normal 0.336945 -0.941524 0
    outer loop
      vertex -11.3671 18.2595 0.00577831
      vertex -10.711 18.4943 1.8
      vertex -11.3671 18.2595 1.8
    endloop
  endfacet
  facet normal 0.336945 -0.941524 0
    outer loop
      vertex -10.711 18.4943 1.8
      vertex -11.3671 18.2595 0.00577831
      vertex -10.711 18.4943 0.00577831
    endloop
  endfacet
  facet normal 0.970033 -0.242975 0
    outer loop
      vertex -15.6136 13.0851 1.8
      vertex -15.4443 13.761 0.00577831
      vertex -15.4443 13.761 1.8
    endloop
  endfacet
  facet normal 0.970033 -0.242975 0
    outer loop
      vertex -15.4443 13.761 0.00577831
      vertex -15.6136 13.0851 1.8
      vertex -15.6136 13.0851 0.00577831
    endloop
  endfacet
  facet normal 0.0490836 0.998795 -0
    outer loop
      vertex -8.64999 -18.8 0.00577831
      vertex -9.34592 -18.7658 1.8
      vertex -8.64999 -18.8 1.8
    endloop
  endfacet
  facet normal 0.0490836 0.998795 0
    outer loop
      vertex -9.34592 -18.7658 1.8
      vertex -8.64999 -18.8 0.00577831
      vertex -9.34592 -18.7658 0.00577831
    endloop
  endfacet
  facet normal 0.989183 -0.146684 0
    outer loop
      vertex -15.7158 12.3959 1.8
      vertex -15.6136 13.0851 0.00577831
      vertex -15.6136 13.0851 1.8
    endloop
  endfacet
  facet normal 0.989183 -0.146684 0
    outer loop
      vertex -15.6136 13.0851 0.00577831
      vertex -15.7158 12.3959 1.8
      vertex -15.7158 12.3959 0.00577831
    endloop
  endfacet
  facet normal -0.803277 -0.595605 0
    outer loop
      vertex 14.5534 15.6445 0.00577831
      vertex 14.1384 16.2042 1.8
      vertex 14.1384 16.2042 0.00577831
    endloop
  endfacet
  facet normal -0.803277 -0.595605 0
    outer loop
      vertex 14.1384 16.2042 1.8
      vertex 14.5534 15.6445 0.00577831
      vertex 14.5534 15.6445 1.8
    endloop
  endfacet
  facet normal 0.989183 0.146684 0
    outer loop
      vertex -15.6136 -13.0851 1.8
      vertex -15.7158 -12.3959 0.00577831
      vertex -15.7158 -12.3959 1.8
    endloop
  endfacet
  facet normal 0.989183 0.146684 0
    outer loop
      vertex -15.7158 -12.3959 0.00577831
      vertex -15.6136 -13.0851 1.8
      vertex -15.6136 -13.0851 0.00577831
    endloop
  endfacet
  facet normal 0.336945 0.941524 -0
    outer loop
      vertex -10.711 -18.4943 0.00577831
      vertex -11.3671 -18.2595 1.8
      vertex -10.711 -18.4943 1.8
    endloop
  endfacet
  facet normal 0.336945 0.941524 0
    outer loop
      vertex -11.3671 -18.2595 1.8
      vertex -10.711 -18.4943 0.00577831
      vertex -11.3671 -18.2595 0.00577831
    endloop
  endfacet
  facet normal 0.146688 0.989183 -0
    outer loop
      vertex -9.34592 -18.7658 0.00577831
      vertex -10.0351 -18.6636 1.8
      vertex -9.34592 -18.7658 1.8
    endloop
  endfacet
  facet normal 0.146688 0.989183 0
    outer loop
      vertex -10.0351 -18.6636 1.8
      vertex -9.34592 -18.7658 0.00577831
      vertex -10.0351 -18.6636 0.00577831
    endloop
  endfacet
  facet normal -0.146688 0.989183 0
    outer loop
      vertex 10.0351 -18.6636 0.00577831
      vertex 9.34592 -18.7658 1.8
      vertex 10.0351 -18.6636 1.8
    endloop
  endfacet
  facet normal -0.146688 0.989183 0
    outer loop
      vertex 9.34592 -18.7658 1.8
      vertex 10.0351 -18.6636 0.00577831
      vertex 9.34592 -18.7658 0.00577831
    endloop
  endfacet
  facet normal -0.671601 0.740913 0
    outer loop
      vertex 13.6705 -16.7204 0.00577831
      vertex 13.1542 -17.1884 1.8
      vertex 13.6705 -16.7204 1.8
    endloop
  endfacet
  facet normal -0.671601 0.740913 0
    outer loop
      vertex 13.1542 -17.1884 1.8
      vertex 13.6705 -16.7204 0.00577831
      vertex 13.1542 -17.1884 0.00577831
    endloop
  endfacet
  facet normal 0.998795 -0.0490858 0
    outer loop
      vertex -15.75 11.7 1.8
      vertex -15.7158 12.3959 0.00577831
      vertex -15.7158 12.3959 1.8
    endloop
  endfacet
  facet normal 0.998795 -0.0490858 0
    outer loop
      vertex -15.7158 12.3959 0.00577831
      vertex -15.75 11.7 1.8
      vertex -15.75 11.7 0.00577831
    endloop
  endfacet
  facet normal 0.904001 -0.427531 0
    outer loop
      vertex -15.2095 14.417 1.8
      vertex -14.9116 15.0469 0.00577831
      vertex -14.9116 15.0469 1.8
    endloop
  endfacet
  facet normal 0.904001 -0.427531 0
    outer loop
      vertex -14.9116 15.0469 0.00577831
      vertex -15.2095 14.417 1.8
      vertex -15.2095 14.417 0.00577831
    endloop
  endfacet
  facet normal -0.941508 0.336991 0
    outer loop
      vertex 15.2095 -14.417 0.00577831
      vertex 15.4443 -13.761 1.8
      vertex 15.4443 -13.761 0.00577831
    endloop
  endfacet
  facet normal -0.941508 0.336991 0
    outer loop
      vertex 15.4443 -13.761 1.8
      vertex 15.2095 -14.417 0.00577831
      vertex 15.2095 -14.417 1.8
    endloop
  endfacet
  facet normal -0.427587 0.903974 0
    outer loop
      vertex 11.9969 -17.9616 0.00577831
      vertex 11.3671 -18.2595 1.8
      vertex 11.9969 -17.9616 1.8
    endloop
  endfacet
  facet normal -0.427587 0.903974 0
    outer loop
      vertex 11.3671 -18.2595 1.8
      vertex 11.9969 -17.9616 0.00577831
      vertex 11.3671 -18.2595 0.00577831
    endloop
  endfacet
  facet normal 0.242975 0.970033 -0
    outer loop
      vertex -10.0351 -18.6636 0.00577831
      vertex -10.711 -18.4943 1.8
      vertex -10.0351 -18.6636 1.8
    endloop
  endfacet
  facet normal 0.242975 0.970033 0
    outer loop
      vertex -10.711 -18.4943 1.8
      vertex -10.0351 -18.6636 0.00577831
      vertex -10.711 -18.4943 0.00577831
    endloop
  endfacet
  facet normal -0.74092 0.671593 0
    outer loop
      vertex 13.6705 -16.7204 0.00577831
      vertex 14.1384 -16.2042 1.8
      vertex 14.1384 -16.2042 0.00577831
    endloop
  endfacet
  facet normal -0.74092 0.671593 0
    outer loop
      vertex 14.1384 -16.2042 1.8
      vertex 13.6705 -16.7204 0.00577831
      vertex 13.6705 -16.7204 1.8
    endloop
  endfacet
  facet normal 0.0490836 -0.998795 0
    outer loop
      vertex -9.34592 18.7658 0.00577831
      vertex -8.64999 18.8 1.8
      vertex -9.34592 18.7658 1.8
    endloop
  endfacet
  facet normal 0.0490836 -0.998795 0
    outer loop
      vertex -8.64999 18.8 1.8
      vertex -9.34592 18.7658 0.00577831
      vertex -8.64999 18.8 0.00577831
    endloop
  endfacet
  facet normal -0.989183 0.146684 0
    outer loop
      vertex 15.6136 -13.0851 0.00577831
      vertex 15.7158 -12.3959 1.8
      vertex 15.7158 -12.3959 0.00577831
    endloop
  endfacet
  facet normal -0.989183 0.146684 0
    outer loop
      vertex 15.7158 -12.3959 1.8
      vertex 15.6136 -13.0851 0.00577831
      vertex 15.6136 -13.0851 1.8
    endloop
  endfacet
  facet normal 0 -1 0
    outer loop
      vertex -8.64999 18.8 0.00577831
      vertex 8.64999 18.8 1.8
      vertex -8.64999 18.8 1.8
    endloop
  endfacet
  facet normal 0 -1 -0
    outer loop
      vertex 8.64999 18.8 1.8
      vertex -8.64999 18.8 0.00577831
      vertex 8.64999 18.8 0.00577831
    endloop
  endfacet
  facet normal -0.904001 0.427531 0
    outer loop
      vertex 14.9116 -15.0469 0.00577831
      vertex 15.2095 -14.417 1.8
      vertex 15.2095 -14.417 0.00577831
    endloop
  endfacet
  facet normal -0.904001 0.427531 0
    outer loop
      vertex 15.2095 -14.417 1.8
      vertex 14.9116 -15.0469 0.00577831
      vertex 14.9116 -15.0469 1.8
    endloop
  endfacet
  facet normal -0.989183 -0.146684 0
    outer loop
      vertex 15.7158 12.3959 0.00577831
      vertex 15.6136 13.0851 1.8
      vertex 15.6136 13.0851 0.00577831
    endloop
  endfacet
  facet normal -0.989183 -0.146684 0
    outer loop
      vertex 15.6136 13.0851 1.8
      vertex 15.7158 12.3959 0.00577831
      vertex 15.7158 12.3959 1.8
    endloop
  endfacet
  facet normal 0.941508 -0.336991 0
    outer loop
      vertex -15.4443 13.761 1.8
      vertex -15.2095 14.417 0.00577831
      vertex -15.2095 14.417 1.8
    endloop
  endfacet
  facet normal 0.941508 -0.336991 0
    outer loop
      vertex -15.2095 14.417 0.00577831
      vertex -15.4443 13.761 1.8
      vertex -15.4443 13.761 0.00577831
    endloop
  endfacet
  facet normal -0.146688 -0.989183 0
    outer loop
      vertex 9.34592 18.7658 0.00577831
      vertex 10.0351 18.6636 1.8
      vertex 9.34592 18.7658 1.8
    endloop
  endfacet
  facet normal -0.146688 -0.989183 -0
    outer loop
      vertex 10.0351 18.6636 1.8
      vertex 9.34592 18.7658 0.00577831
      vertex 10.0351 18.6636 0.00577831
    endloop
  endfacet
  facet normal -0.0490836 0.998795 0
    outer loop
      vertex 9.34592 -18.7658 0.00577831
      vertex 8.64999 -18.8 1.8
      vertex 9.34592 -18.7658 1.8
    endloop
  endfacet
  facet normal -0.0490836 0.998795 0
    outer loop
      vertex 8.64999 -18.8 1.8
      vertex 9.34592 -18.7658 0.00577831
      vertex 8.64999 -18.8 0.00577831
    endloop
  endfacet
  facet normal -0.336945 -0.941524 0
    outer loop
      vertex 10.711 18.4943 0.00577831
      vertex 11.3671 18.2595 1.8
      vertex 10.711 18.4943 1.8
    endloop
  endfacet
  facet normal -0.336945 -0.941524 -0
    outer loop
      vertex 11.3671 18.2595 1.8
      vertex 10.711 18.4943 0.00577831
      vertex 11.3671 18.2595 0.00577831
    endloop
  endfacet
  facet normal -0.242975 -0.970033 0
    outer loop
      vertex 10.0351 18.6636 0.00577831
      vertex 10.711 18.4943 1.8
      vertex 10.0351 18.6636 1.8
    endloop
  endfacet
  facet normal -0.242975 -0.970033 -0
    outer loop
      vertex 10.711 18.4943 1.8
      vertex 10.0351 18.6636 0.00577831
      vertex 10.711 18.4943 0.00577831
    endloop
  endfacet
  facet normal -0.514116 0.857721 0
    outer loop
      vertex 12.5945 -17.6034 0.00577831
      vertex 11.9969 -17.9616 1.8
      vertex 12.5945 -17.6034 1.8
    endloop
  endfacet
  facet normal -0.514116 0.857721 0
    outer loop
      vertex 11.9969 -17.9616 1.8
      vertex 12.5945 -17.6034 0.00577831
      vertex 11.9969 -17.9616 0.00577831
    endloop
  endfacet
  facet normal -0.0490836 -0.998795 0
    outer loop
      vertex 8.64999 18.8 0.00577831
      vertex 9.34592 18.7658 1.8
      vertex 8.64999 18.8 1.8
    endloop
  endfacet
  facet normal -0.0490836 -0.998795 -0
    outer loop
      vertex 9.34592 18.7658 1.8
      vertex 8.64999 18.8 0.00577831
      vertex 9.34592 18.7658 0.00577831
    endloop
  endfacet
  facet normal -0.857721 0.514116 0
    outer loop
      vertex 14.5534 -15.6445 0.00577831
      vertex 14.9116 -15.0469 1.8
      vertex 14.9116 -15.0469 0.00577831
    endloop
  endfacet
  facet normal -0.857721 0.514116 0
    outer loop
      vertex 14.9116 -15.0469 1.8
      vertex 14.5534 -15.6445 0.00577831
      vertex 14.5534 -15.6445 1.8
    endloop
  endfacet
  facet normal -0.998795 0.0490858 0
    outer loop
      vertex 15.7158 -12.3959 0.00577831
      vertex 15.75 -11.7 1.8
      vertex 15.75 -11.7 0.00577831
    endloop
  endfacet
  facet normal -0.998795 0.0490858 0
    outer loop
      vertex 15.75 -11.7 1.8
      vertex 15.7158 -12.3959 0.00577831
      vertex 15.7158 -12.3959 1.8
    endloop
  endfacet
  facet normal 0 1 -0
    outer loop
      vertex 8.64999 -18.8 0.00577831
      vertex -8.64999 -18.8 1.8
      vertex 8.64999 -18.8 1.8
    endloop
  endfacet
  facet normal 0 1 0
    outer loop
      vertex -8.64999 -18.8 1.8
      vertex 8.64999 -18.8 0.00577831
      vertex -8.64999 -18.8 0.00577831
    endloop
  endfacet
  facet normal -1 0 0
    outer loop
      vertex 15.75 -11.7 0.00577831
      vertex 15.75 11.7 1.8
      vertex 15.75 11.7 0.00577831
    endloop
  endfacet
  facet normal -1 -0 0
    outer loop
      vertex 15.75 11.7 1.8
      vertex 15.75 -11.7 0.00577831
      vertex 15.75 -11.7 1.8
    endloop
  endfacet
  facet normal 0.74092 -0.671593 0
    outer loop
      vertex -14.1384 16.2042 1.8
      vertex -13.6705 16.7204 0.00577831
      vertex -13.6705 16.7204 1.8
    endloop
  endfacet
  facet normal 0.74092 -0.671593 0
    outer loop
      vertex -13.6705 16.7204 0.00577831
      vertex -14.1384 16.2042 1.8
      vertex -14.1384 16.2042 0.00577831
    endloop
  endfacet
  facet normal -0.336945 0.941524 0
    outer loop
      vertex 11.3671 -18.2595 0.00577831
      vertex 10.711 -18.4943 1.8
      vertex 11.3671 -18.2595 1.8
    endloop
  endfacet
  facet normal -0.336945 0.941524 0
    outer loop
      vertex 10.711 -18.4943 1.8
      vertex 11.3671 -18.2595 0.00577831
      vertex 10.711 -18.4943 0.00577831
    endloop
  endfacet
  facet normal 0.146688 -0.989183 0
    outer loop
      vertex -10.0351 18.6636 0.00577831
      vertex -9.34592 18.7658 1.8
      vertex -10.0351 18.6636 1.8
    endloop
  endfacet
  facet normal 0.146688 -0.989183 0
    outer loop
      vertex -9.34592 18.7658 1.8
      vertex -10.0351 18.6636 0.00577831
      vertex -9.34592 18.7658 0.00577831
    endloop
  endfacet
  facet normal 0.671601 -0.740913 0
    outer loop
      vertex -13.6705 16.7204 0.00577831
      vertex -13.1542 17.1884 1.8
      vertex -13.6705 16.7204 1.8
    endloop
  endfacet
  facet normal 0.671601 -0.740913 0
    outer loop
      vertex -13.1542 17.1884 1.8
      vertex -13.6705 16.7204 0.00577831
      vertex -13.1542 17.1884 0.00577831
    endloop
  endfacet
  facet normal -0.514116 -0.857721 0
    outer loop
      vertex 11.9969 17.9616 0.00577831
      vertex 12.5945 17.6034 1.8
      vertex 11.9969 17.9616 1.8
    endloop
  endfacet
  facet normal -0.514116 -0.857721 -0
    outer loop
      vertex 12.5945 17.6034 1.8
      vertex 11.9969 17.9616 0.00577831
      vertex 12.5945 17.6034 0.00577831
    endloop
  endfacet
  facet normal 0.857721 -0.514116 0
    outer loop
      vertex -14.9116 15.0469 1.8
      vertex -14.5534 15.6445 0.00577831
      vertex -14.5534 15.6445 1.8
    endloop
  endfacet
  facet normal 0.857721 -0.514116 0
    outer loop
      vertex -14.5534 15.6445 0.00577831
      vertex -14.9116 15.0469 1.8
      vertex -14.9116 15.0469 0.00577831
    endloop
  endfacet
  facet normal -0.904001 -0.427531 0
    outer loop
      vertex 15.2095 14.417 0.00577831
      vertex 14.9116 15.0469 1.8
      vertex 14.9116 15.0469 0.00577831
    endloop
  endfacet
  facet normal -0.904001 -0.427531 0
    outer loop
      vertex 14.9116 15.0469 1.8
      vertex 15.2095 14.417 0.00577831
      vertex 15.2095 14.417 1.8
    endloop
  endfacet
  facet normal 0.74092 0.671593 0
    outer loop
      vertex -13.6705 -16.7204 1.8
      vertex -14.1384 -16.2042 0.00577831
      vertex -14.1384 -16.2042 1.8
    endloop
  endfacet
  facet normal 0.74092 0.671593 0
    outer loop
      vertex -14.1384 -16.2042 0.00577831
      vertex -13.6705 -16.7204 1.8
      vertex -13.6705 -16.7204 0.00577831
    endloop
  endfacet
  facet normal -0.857721 -0.514116 0
    outer loop
      vertex 14.9116 15.0469 0.00577831
      vertex 14.5534 15.6445 1.8
      vertex 14.5534 15.6445 0.00577831
    endloop
  endfacet
  facet normal -0.857721 -0.514116 0
    outer loop
      vertex 14.5534 15.6445 1.8
      vertex 14.9116 15.0469 0.00577831
      vertex 14.9116 15.0469 1.8
    endloop
  endfacet
  facet normal 0.595605 -0.803277 0
    outer loop
      vertex -13.1542 17.1884 0.00577831
      vertex -12.5945 17.6034 1.8
      vertex -13.1542 17.1884 1.8
    endloop
  endfacet
  facet normal 0.595605 -0.803277 0
    outer loop
      vertex -12.5945 17.6034 1.8
      vertex -13.1542 17.1884 0.00577831
      vertex -12.5945 17.6034 0.00577831
    endloop
  endfacet
  facet normal -0.595605 -0.803277 0
    outer loop
      vertex 12.5945 17.6034 0.00577831
      vertex 13.1542 17.1884 1.8
      vertex 12.5945 17.6034 1.8
    endloop
  endfacet
  facet normal -0.595605 -0.803277 -0
    outer loop
      vertex 13.1542 17.1884 1.8
      vertex 12.5945 17.6034 0.00577831
      vertex 13.1542 17.1884 0.00577831
    endloop
  endfacet
  facet normal -0.803277 0.595605 0
    outer loop
      vertex 14.1384 -16.2042 0.00577831
      vertex 14.5534 -15.6445 1.8
      vertex 14.5534 -15.6445 0.00577831
    endloop
  endfacet
  facet normal -0.803277 0.595605 0
    outer loop
      vertex 14.5534 -15.6445 1.8
      vertex 14.1384 -16.2042 0.00577831
      vertex 14.1384 -16.2042 1.8
    endloop
  endfacet
  facet normal -0.970033 0.242975 0
    outer loop
      vertex 15.4443 -13.761 0.00577831
      vertex 15.6136 -13.0851 1.8
      vertex 15.6136 -13.0851 0.00577831
    endloop
  endfacet
  facet normal -0.970033 0.242975 0
    outer loop
      vertex 15.6136 -13.0851 1.8
      vertex 15.4443 -13.761 0.00577831
      vertex 15.4443 -13.761 1.8
    endloop
  endfacet
  facet normal -0.74092 -0.671593 0
    outer loop
      vertex 14.1384 16.2042 0.00577831
      vertex 13.6705 16.7204 1.8
      vertex 13.6705 16.7204 0.00577831
    endloop
  endfacet
  facet normal -0.74092 -0.671593 0
    outer loop
      vertex 13.6705 16.7204 1.8
      vertex 14.1384 16.2042 0.00577831
      vertex 14.1384 16.2042 1.8
    endloop
  endfacet
  facet normal -0.595605 0.803277 0
    outer loop
      vertex 13.1542 -17.1884 0.00577831
      vertex 12.5945 -17.6034 1.8
      vertex 13.1542 -17.1884 1.8
    endloop
  endfacet
  facet normal -0.595605 0.803277 0
    outer loop
      vertex 12.5945 -17.6034 1.8
      vertex 13.1542 -17.1884 0.00577831
      vertex 12.5945 -17.6034 0.00577831
    endloop
  endfacet
  facet normal 0.904001 0.427531 0
    outer loop
      vertex -14.9116 -15.0469 1.8
      vertex -15.2095 -14.417 0.00577831
      vertex -15.2095 -14.417 1.8
    endloop
  endfacet
  facet normal 0.904001 0.427531 0
    outer loop
      vertex -15.2095 -14.417 0.00577831
      vertex -14.9116 -15.0469 1.8
      vertex -14.9116 -15.0469 0.00577831
    endloop
  endfacet
  facet normal 0.803277 -0.595605 0
    outer loop
      vertex -14.5534 15.6445 1.8
      vertex -14.1384 16.2042 0.00577831
      vertex -14.1384 16.2042 1.8
    endloop
  endfacet
  facet normal 0.803277 -0.595605 0
    outer loop
      vertex -14.1384 16.2042 0.00577831
      vertex -14.5534 15.6445 1.8
      vertex -14.5534 15.6445 0.00577831
    endloop
  endfacet
  facet normal 0.514116 -0.857721 0
    outer loop
      vertex -12.5945 17.6034 0.00577831
      vertex -11.9969 17.9616 1.8
      vertex -12.5945 17.6034 1.8
    endloop
  endfacet
  facet normal 0.514116 -0.857721 0
    outer loop
      vertex -11.9969 17.9616 1.8
      vertex -12.5945 17.6034 0.00577831
      vertex -11.9969 17.9616 0.00577831
    endloop
  endfacet
  facet normal 0.514116 0.857721 -0
    outer loop
      vertex -11.9969 -17.9616 0.00577831
      vertex -12.5945 -17.6034 1.8
      vertex -11.9969 -17.9616 1.8
    endloop
  endfacet
  facet normal 0.514116 0.857721 0
    outer loop
      vertex -12.5945 -17.6034 1.8
      vertex -11.9969 -17.9616 0.00577831
      vertex -12.5945 -17.6034 0.00577831
    endloop
  endfacet
  facet normal 0.427587 0.903974 -0
    outer loop
      vertex -11.3671 -18.2595 0.00577831
      vertex -11.9969 -17.9616 1.8
      vertex -11.3671 -18.2595 1.8
    endloop
  endfacet
  facet normal 0.427587 0.903974 0
    outer loop
      vertex -11.9969 -17.9616 1.8
      vertex -11.3671 -18.2595 0.00577831
      vertex -11.9969 -17.9616 0.00577831
    endloop
  endfacet
  facet normal 0.242975 -0.970033 0
    outer loop
      vertex -10.711 18.4943 0.00577831
      vertex -10.0351 18.6636 1.8
      vertex -10.711 18.4943 1.8
    endloop
  endfacet
  facet normal 0.242975 -0.970033 0
    outer loop
      vertex -10.0351 18.6636 1.8
      vertex -10.711 18.4943 0.00577831
      vertex -10.0351 18.6636 0.00577831
    endloop
  endfacet
  facet normal 0.857721 0.514116 0
    outer loop
      vertex -14.5534 -15.6445 1.8
      vertex -14.9116 -15.0469 0.00577831
      vertex -14.9116 -15.0469 1.8
    endloop
  endfacet
  facet normal 0.857721 0.514116 0
    outer loop
      vertex -14.9116 -15.0469 0.00577831
      vertex -14.5534 -15.6445 1.8
      vertex -14.5534 -15.6445 0.00577831
    endloop
  endfacet
  facet normal 0.941508 0.336991 0
    outer loop
      vertex -15.2095 -14.417 1.8
      vertex -15.4443 -13.761 0.00577831
      vertex -15.4443 -13.761 1.8
    endloop
  endfacet
  facet normal 0.941508 0.336991 0
    outer loop
      vertex -15.4443 -13.761 0.00577831
      vertex -15.2095 -14.417 1.8
      vertex -15.2095 -14.417 0.00577831
    endloop
  endfacet
  facet normal 0.671601 0.740913 -0
    outer loop
      vertex -13.1542 -17.1884 0.00577831
      vertex -13.6705 -16.7204 1.8
      vertex -13.1542 -17.1884 1.8
    endloop
  endfacet
  facet normal 0.671601 0.740913 0
    outer loop
      vertex -13.6705 -16.7204 1.8
      vertex -13.1542 -17.1884 0.00577831
      vertex -13.6705 -16.7204 0.00577831
    endloop
  endfacet
  facet normal 0.595605 0.803277 -0
    outer loop
      vertex -12.5945 -17.6034 0.00577831
      vertex -13.1542 -17.1884 1.8
      vertex -12.5945 -17.6034 1.8
    endloop
  endfacet
  facet normal 0.595605 0.803277 0
    outer loop
      vertex -13.1542 -17.1884 1.8
      vertex -12.5945 -17.6034 0.00577831
      vertex -13.1542 -17.1884 0.00577831
    endloop
  endfacet
  facet normal 0.803277 0.595605 0
    outer loop
      vertex -14.1384 -16.2042 1.8
      vertex -14.5534 -15.6445 0.00577831
      vertex -14.5534 -15.6445 1.8
    endloop
  endfacet
  facet normal 0.803277 0.595605 0
    outer loop
      vertex -14.5534 -15.6445 0.00577831
      vertex -14.1384 -16.2042 1.8
      vertex -14.1384 -16.2042 0.00577831
    endloop
  endfacet
  facet normal 0 -0.321444 0.946928
    outer loop
      vertex -19.36 10.1804 1.73769
      vertex -15.75 9.46821 1.49593
      vertex -15.75 10.1804 1.73769
    endloop
  endfacet
  facet normal 0 -0.321444 0.946928
    outer loop
      vertex -15.75 9.46821 1.49593
      vertex -19.36 10.1804 1.73769
      vertex -19.36 9.46821 1.49593
    endloop
  endfacet
  facet normal -0 0.555574 0.831467
    outer loop
      vertex -19.36 5.105 2.07035
      vertex -18.35 4.47962 2.48822
      vertex -18.35 5.105 2.07035
    endloop
  endfacet
  facet normal 0 0.555574 0.831467
    outer loop
      vertex -18.35 4.47962 2.48822
      vertex -19.36 5.105 2.07035
      vertex -19.36 4.47962 2.48822
    endloop
  endfacet
  facet normal 0 -0.896852 0.44233
    outer loop
      vertex -18.2575 12.9596 4.175
      vertex -19.36 13.2923 4.84957
      vertex -19.36 12.9596 4.175
    endloop
  endfacet
  facet normal 0 -0.896852 0.44233
    outer loop
      vertex -19.36 13.2923 4.84957
      vertex -18.2575 12.9596 4.175
      vertex -18.2081 13.2923 4.84957
    endloop
  endfacet
  facet normal 0 -0.75186 -0.659323
    outer loop
      vertex -19.36 12.5418 10.5504
      vertex -18.333 12.0459 11.1159
      vertex -19.36 12.0459 11.1159
    endloop
  endfacet
  facet normal 0 -0.75186 -0.659323
    outer loop
      vertex -18.333 12.0459 11.1159
      vertex -19.36 12.5418 10.5504
      vertex -18.3086 12.5418 10.5504
    endloop
  endfacet
  facet normal 0 -0.751848 0.659336
    outer loop
      vertex -18.333 12.0459 2.98414
      vertex -19.36 12.5418 3.54962
      vertex -19.36 12.0459 2.98414
    endloop
  endfacet
  facet normal 0 -0.751848 0.659336
    outer loop
      vertex -19.36 12.5418 3.54962
      vertex -18.333 12.0459 2.98414
      vertex -18.3086 12.5418 3.54962
    endloop
  endfacet
  facet normal 0 -0.0654 0.997859
    outer loop
      vertex -19.36 8.73053 1.34919
      vertex -15.75 7.98 1.3
      vertex -15.75 8.73053 1.34919
    endloop
  endfacet
  facet normal 0 -0.0654 0.997859
    outer loop
      vertex -15.75 7.98 1.3
      vertex -19.36 8.73053 1.34919
      vertex -19.36 7.98 1.3
    endloop
  endfacet
  facet normal 0 -0.555562 0.831475
    outer loop
      vertex -19.36 11.4804 2.48822
      vertex -18.35 10.855 2.07035
      vertex -18.35 11.4804 2.48822
    endloop
  endfacet
  facet normal 0 -0.555562 0.831475
    outer loop
      vertex -18.35 10.855 2.07035
      vertex -19.36 11.4804 2.48822
      vertex -19.36 10.855 2.07035
    endloop
  endfacet
  facet normal 0 -0.442299 0.896868
    outer loop
      vertex -18.35 10.855 2.07035
      vertex -19.36 10.855 2.07035
      vertex -18.35 10.3068 1.8
    endloop
  endfacet
  facet normal 0 -0.442154 0.896939
    outer loop
      vertex -18.35 10.3068 1.8
      vertex -15.75 10.1804 1.73769
      vertex -15.75 10.3068 1.8
    endloop
  endfacet
  facet normal 0 -0.442154 0.896939
    outer loop
      vertex -18.35 10.3068 1.8
      vertex -19.36 10.1804 1.73769
      vertex -15.75 10.1804 1.73769
    endloop
  endfacet
  facet normal 1.82945e-05 -0.442272 0.896881
    outer loop
      vertex -19.36 10.1804 1.73769
      vertex -18.35 10.3068 1.8
      vertex -19.36 10.855 2.07035
    endloop
  endfacet
  facet normal 0 0.751847 -0.659338
    outer loop
      vertex -18.35 3.41822 10.5504
      vertex -19.36 3.91414 11.1159
      vertex -18.35 3.91414 11.1159
    endloop
  endfacet
  facet normal 0 0.751847 -0.659338
    outer loop
      vertex -19.36 3.91414 11.1159
      vertex -18.35 3.41822 10.5504
      vertex -19.36 3.41822 10.5504
    endloop
  endfacet
  facet normal 0 0.896871 0.442292
    outer loop
      vertex -18.35 3.00035 4.175
      vertex -19.36 2.68718 4.81004
      vertex -18.35 2.68718 4.81004
    endloop
  endfacet
  facet normal 0 0.896871 0.442292
    outer loop
      vertex -19.36 2.68718 4.81004
      vertex -18.35 3.00035 4.175
      vertex -19.36 3.00035 4.175
    endloop
  endfacet
  facet normal 0 -0.321492 -0.946912
    outer loop
      vertex -19.36 9.46821 12.6041
      vertex -18.35 10.1804 12.3623
      vertex -18.35 9.46821 12.6041
    endloop
  endfacet
  facet normal -0 -0.321492 -0.946912
    outer loop
      vertex -18.35 10.1804 12.3623
      vertex -19.36 9.46821 12.6041
      vertex -19.36 10.1804 12.3623
    endloop
  endfacet
  facet normal 0 -0.946916 0.32148
    outer loop
      vertex -18.2081 13.2923 4.84957
      vertex -19.36 13.5341 5.56179
      vertex -19.36 13.2923 4.84957
    endloop
  endfacet
  facet normal 0 -0.946916 0.32148
    outer loop
      vertex -19.36 13.5341 5.56179
      vertex -18.2081 13.2923 4.84957
      vertex -18.1723 13.5341 5.56179
    endloop
  endfacet
  facet normal -0 0.321432 0.946933
    outer loop
      vertex -19.36 6.49179 1.49593
      vertex -15.75 5.77957 1.73769
      vertex -15.75 6.49179 1.49593
    endloop
  endfacet
  facet normal 0 0.321432 0.946933
    outer loop
      vertex -15.75 5.77957 1.73769
      vertex -19.36 6.49179 1.49593
      vertex -19.36 5.77957 1.73769
    endloop
  endfacet
  facet normal 0 0.442295 0.89687
    outer loop
      vertex -15.75 5.77957 1.73769
      vertex -18.35 5.65322 1.8
      vertex -15.75 5.65322 1.8
    endloop
  endfacet
  facet normal -0 0.442295 0.89687
    outer loop
      vertex -19.36 5.77957 1.73769
      vertex -18.35 5.65322 1.8
      vertex -15.75 5.77957 1.73769
    endloop
  endfacet
  facet normal -1.13959e-06 0.442288 0.896873
    outer loop
      vertex -19.36 5.105 2.07035
      vertex -18.35 5.65322 1.8
      vertex -19.36 5.77957 1.73769
    endloop
  endfacet
  facet normal 0 0.442286 0.896874
    outer loop
      vertex -18.35 5.65322 1.8
      vertex -19.36 5.105 2.07035
      vertex -18.35 5.105 2.07035
    endloop
  endfacet
  facet normal 0 0.32148 -0.946916
    outer loop
      vertex -19.36 5.77957 12.3623
      vertex -18.35 6.49179 12.6041
      vertex -18.35 5.77957 12.3623
    endloop
  endfacet
  facet normal 0 0.32148 -0.946916
    outer loop
      vertex -18.35 6.49179 12.6041
      vertex -19.36 5.77957 12.3623
      vertex -19.36 6.49179 12.6041
    endloop
  endfacet
  facet normal 0 -0.980778 -0.195125
    outer loop
      vertex -19.36 13.5341 8.53821
      vertex -18.1636 13.5924 8.24517
      vertex -18.1723 13.5341 8.53821
    endloop
  endfacet
  facet normal 2.04022e-05 -0.980794 -0.195045
    outer loop
      vertex -19.36 13.6808 7.80052
      vertex -18.1636 13.5924 8.24517
      vertex -19.36 13.5341 8.53821
    endloop
  endfacet
  facet normal 0 -0.980805 -0.194992
    outer loop
      vertex -18.1636 13.5924 8.24517
      vertex -19.36 13.6808 7.80052
      vertex -18.1415 13.6808 7.80052
    endloop
  endfacet
  facet normal 0 -0.896852 -0.44233
    outer loop
      vertex -19.36 13.2923 9.25043
      vertex -18.2575 12.9596 9.925
      vertex -19.36 12.9596 9.925
    endloop
  endfacet
  facet normal 0 -0.896852 -0.44233
    outer loop
      vertex -18.2575 12.9596 9.925
      vertex -19.36 13.2923 9.25043
      vertex -18.2081 13.2923 9.25043
    endloop
  endfacet
  facet normal 0 0.659336 -0.751848
    outer loop
      vertex -19.36 3.91414 11.1159
      vertex -18.35 4.47962 11.6118
      vertex -18.35 3.91414 11.1159
    endloop
  endfacet
  facet normal 0 0.659336 -0.751848
    outer loop
      vertex -18.35 4.47962 11.6118
      vertex -19.36 3.91414 11.1159
      vertex -19.36 4.47962 11.6118
    endloop
  endfacet
  facet normal 0 -0.946916 -0.32148
    outer loop
      vertex -19.36 13.5341 8.53821
      vertex -18.2081 13.2923 9.25043
      vertex -19.36 13.2923 9.25043
    endloop
  endfacet
  facet normal 0 -0.946916 -0.32148
    outer loop
      vertex -18.2081 13.2923 9.25043
      vertex -19.36 13.5341 8.53821
      vertex -18.1723 13.5341 8.53821
    endloop
  endfacet
  facet normal 0 -0.831546 0.555455
    outer loop
      vertex -19.36 12.9596 4.175
      vertex -18.3033 12.6508 3.71271
      vertex -18.2575 12.9596 4.175
    endloop
  endfacet
  facet normal 3.44991e-05 -0.83151 0.55551
    outer loop
      vertex -19.36 12.5418 3.54962
      vertex -18.3033 12.6508 3.71271
      vertex -19.36 12.9596 4.175
    endloop
  endfacet
  facet normal 0 -0.831407 0.555664
    outer loop
      vertex -18.3033 12.6508 3.71271
      vertex -19.36 12.5418 3.54962
      vertex -18.3086 12.5418 3.54962
    endloop
  endfacet
  facet normal -0 0.0654 0.997859
    outer loop
      vertex -19.36 7.98 1.3
      vertex -15.75 7.22947 1.34919
      vertex -15.75 7.98 1.3
    endloop
  endfacet
  facet normal 0 0.0654 0.997859
    outer loop
      vertex -15.75 7.22947 1.34919
      vertex -19.36 7.98 1.3
      vertex -19.36 7.22947 1.34919
    endloop
  endfacet
  facet normal 0 -0.831422 -0.555641
    outer loop
      vertex -19.36 12.5418 10.5504
      vertex -18.3033 12.6508 10.3873
      vertex -18.3086 12.5418 10.5504
    endloop
  endfacet
  facet normal 3.19844e-05 -0.831518 -0.555498
    outer loop
      vertex -19.36 12.9596 9.925
      vertex -18.3033 12.6508 10.3873
      vertex -19.36 12.5418 10.5504
    endloop
  endfacet
  facet normal 0 -0.831552 -0.555447
    outer loop
      vertex -18.3033 12.6508 10.3873
      vertex -19.36 12.9596 9.925
      vertex -18.2575 12.9596 9.925
    endloop
  endfacet
  facet normal 0 0.831467 0.555574
    outer loop
      vertex -18.35 3.41822 3.54962
      vertex -19.36 3.00035 4.175
      vertex -18.35 3.00035 4.175
    endloop
  endfacet
  facet normal 0 0.831467 0.555574
    outer loop
      vertex -19.36 3.00035 4.175
      vertex -18.35 3.41822 3.54962
      vertex -19.36 3.41822 3.54962
    endloop
  endfacet
  facet normal 0 -0.980804 0.194996
    outer loop
      vertex -19.36 13.6808 6.29947
      vertex -18.1636 13.5924 5.85483
      vertex -18.1415 13.6808 6.29947
    endloop
  endfacet
  facet normal 1.97546e-05 -0.980794 0.195047
    outer loop
      vertex -19.36 13.5341 5.56179
      vertex -18.1636 13.5924 5.85483
      vertex -19.36 13.6808 6.29947
    endloop
  endfacet
  facet normal 0 -0.980778 0.195125
    outer loop
      vertex -18.1636 13.5924 5.85483
      vertex -19.36 13.5341 5.56179
      vertex -18.1723 13.5341 5.56179
    endloop
  endfacet
  facet normal 0 0.194988 -0.980806
    outer loop
      vertex -19.36 6.49179 12.6041
      vertex -18.35 6.945 12.6942
      vertex -18.35 6.49179 12.6041
    endloop
  endfacet
  facet normal 0 0.194988 -0.980806
    outer loop
      vertex -18.35 6.945 12.6942
      vertex -19.36 6.49179 12.6041
      vertex -19.36 6.945 12.6942
    endloop
  endfacet
  facet normal 0 -0.195098 0.980784
    outer loop
      vertex -19.36 9.46821 1.49593
      vertex -15.75 8.73053 1.34919
      vertex -15.75 9.46821 1.49593
    endloop
  endfacet
  facet normal 0 -0.195098 0.980784
    outer loop
      vertex -15.75 8.73053 1.34919
      vertex -19.36 9.46821 1.49593
      vertex -19.36 8.73053 1.34919
    endloop
  endfacet
  facet normal -0 0.659351 0.751835
    outer loop
      vertex -19.36 4.47962 2.48822
      vertex -18.35 3.91414 2.98414
      vertex -18.35 4.47962 2.48822
    endloop
  endfacet
  facet normal 0 0.659351 0.751835
    outer loop
      vertex -18.35 3.91414 2.98414
      vertex -19.36 4.47962 2.48822
      vertex -19.36 3.91414 2.98414
    endloop
  endfacet
  facet normal -0 0.195098 0.980784
    outer loop
      vertex -19.36 7.22947 1.34919
      vertex -15.75 6.49179 1.49593
      vertex -15.75 7.22947 1.34919
    endloop
  endfacet
  facet normal 0 0.195098 0.980784
    outer loop
      vertex -15.75 6.49179 1.49593
      vertex -19.36 7.22947 1.34919
      vertex -19.36 6.49179 1.49593
    endloop
  endfacet
  facet normal 0 0.44233 -0.896852
    outer loop
      vertex -19.36 5.105 12.0296
      vertex -18.35 5.77957 12.3623
      vertex -18.35 5.105 12.0296
    endloop
  endfacet
  facet normal 0 0.44233 -0.896852
    outer loop
      vertex -18.35 5.77957 12.3623
      vertex -19.36 5.105 12.0296
      vertex -19.36 5.77957 12.3623
    endloop
  endfacet
  facet normal 0 0.55551 -0.83151
    outer loop
      vertex -19.36 4.47962 11.6118
      vertex -18.35 5.105 12.0296
      vertex -18.35 4.47962 11.6118
    endloop
  endfacet
  facet normal 0 0.55551 -0.83151
    outer loop
      vertex -18.35 5.105 12.0296
      vertex -19.36 4.47962 11.6118
      vertex -19.36 5.105 12.0296
    endloop
  endfacet
  facet normal -0 -0.659377 -0.751813
    outer loop
      vertex -18.35 11.4804 11.6118
      vertex -19.36 11.4804 11.6118
      vertex -18.35 11.7 11.4192
    endloop
  endfacet
  facet normal -2.06146e-05 -0.659323 -0.75186
    outer loop
      vertex -19.36 12.0459 11.1159
      vertex -18.35 11.7 11.4192
      vertex -19.36 11.4804 11.6118
    endloop
  endfacet
  facet normal 0 -0.659289 -0.75189
    outer loop
      vertex -18.35 11.7 11.4192
      vertex -19.36 12.0459 11.1159
      vertex -18.333 12.0459 11.1159
    endloop
  endfacet
  facet normal 0 -0.194988 -0.980806
    outer loop
      vertex -19.36 9.015 12.6942
      vertex -18.35 9.46821 12.6041
      vertex -18.35 9.015 12.6942
    endloop
  endfacet
  facet normal -0 -0.194988 -0.980806
    outer loop
      vertex -18.35 9.46821 12.6041
      vertex -19.36 9.015 12.6942
      vertex -19.36 9.46821 12.6041
    endloop
  endfacet
  facet normal 0 -0.997858 -0.0654141
    outer loop
      vertex -19.36 13.73 7.05
      vertex -18.1415 13.6808 7.80052
      vertex -19.36 13.6808 7.80052
    endloop
  endfacet
  facet normal 0 -0.997858 -0.0654141
    outer loop
      vertex -18.1415 13.6808 7.80052
      vertex -19.36 13.73 7.05
      vertex -18.1291 13.73 7.05
    endloop
  endfacet
  facet normal 0 -0.555498 -0.831518
    outer loop
      vertex -19.36 10.855 12.0296
      vertex -18.35 11.4804 11.6118
      vertex -18.35 10.855 12.0296
    endloop
  endfacet
  facet normal -0 -0.555498 -0.831518
    outer loop
      vertex -18.35 11.4804 11.6118
      vertex -19.36 10.855 12.0296
      vertex -19.36 11.4804 11.6118
    endloop
  endfacet
  facet normal 0 0.896871 -0.442292
    outer loop
      vertex -18.35 2.68718 9.28996
      vertex -19.36 3.00035 9.925
      vertex -18.35 3.00035 9.925
    endloop
  endfacet
  facet normal 0 0.896871 -0.442292
    outer loop
      vertex -19.36 3.00035 9.925
      vertex -18.35 2.68718 9.28996
      vertex -19.36 2.68718 9.28996
    endloop
  endfacet
  facet normal 0 -0.659314 0.751868
    outer loop
      vertex -19.36 12.0459 2.98414
      vertex -18.35 11.7 2.68082
      vertex -18.333 12.0459 2.98414
    endloop
  endfacet
  facet normal -1.48328e-05 -0.659338 0.751847
    outer loop
      vertex -19.36 11.4804 2.48822
      vertex -18.35 11.7 2.68082
      vertex -19.36 12.0459 2.98414
    endloop
  endfacet
  facet normal 0 -0.659377 0.751813
    outer loop
      vertex -18.35 11.7 2.68082
      vertex -19.36 11.4804 2.48822
      vertex -18.35 11.4804 2.48822
    endloop
  endfacet
  facet normal 0 0.831475 -0.555562
    outer loop
      vertex -18.35 3.00035 9.925
      vertex -19.36 3.41822 10.5504
      vertex -18.35 3.41822 10.5504
    endloop
  endfacet
  facet normal 0 0.831475 -0.555562
    outer loop
      vertex -19.36 3.41822 10.5504
      vertex -18.35 3.00035 9.925
      vertex -19.36 3.00035 9.925
    endloop
  endfacet
  facet normal 0 -0.997858 0.0654133
    outer loop
      vertex -18.1415 13.6808 6.29947
      vertex -19.36 13.73 7.05
      vertex -19.36 13.6808 6.29947
    endloop
  endfacet
  facet normal 0 -0.997858 0.0654133
    outer loop
      vertex -19.36 13.73 7.05
      vertex -18.1415 13.6808 6.29947
      vertex -18.1291 13.73 7.05
    endloop
  endfacet
  facet normal 0 -0.442314 -0.89686
    outer loop
      vertex -19.36 10.1804 12.3623
      vertex -18.35 10.855 12.0296
      vertex -18.35 10.1804 12.3623
    endloop
  endfacet
  facet normal -0 -0.442314 -0.89686
    outer loop
      vertex -18.35 10.855 12.0296
      vertex -19.36 10.1804 12.3623
      vertex -19.36 10.855 12.0296
    endloop
  endfacet
  facet normal 0 0.751835 0.659351
    outer loop
      vertex -18.35 3.91414 2.98414
      vertex -19.36 3.41822 3.54962
      vertex -18.35 3.41822 3.54962
    endloop
  endfacet
  facet normal 0 0.751835 0.659351
    outer loop
      vertex -19.36 3.41822 3.54962
      vertex -18.35 3.91414 2.98414
      vertex -19.36 3.91414 2.98414
    endloop
  endfacet
  facet normal -0.614834 -0.05162 0.786965
    outer loop
      vertex -20.5832 7.98 0.344348
      vertex -19.36 7.98 1.3
      vertex -20.6095 8.69352 0.370603
    endloop
  endfacet
  facet normal -0.61478 -0.348853 -0.707352
    outer loop
      vertex -19.8199 10.3179 12.6942
      vertex -19.36 10.855 12.0296
      vertex -19.36 10.1804 12.3623
    endloop
  endfacet
  facet normal -0.615106 -0.348462 -0.707262
    outer loop
      vertex -19.8676 10.4021 12.6942
      vertex -19.36 10.855 12.0296
      vertex -19.8199 10.3179 12.6942
    endloop
  endfacet
  facet normal -0.614887 -0.348766 -0.707302
    outer loop
      vertex -19.36 10.855 12.0296
      vertex -19.8676 10.4021 12.6942
      vertex -20.0383 10.7718 12.6603
    endloop
  endfacet
  facet normal -0.614827 -0.77352 -0.153801
    outer loop
      vertex -20.9442 14.9064 7.96935
      vertex -19.36 13.5341 8.53821
      vertex -20.9442 14.7296 8.85854
    endloop
  endfacet
  facet normal -0.614666 0.707537 0.348678
    outer loop
      vertex -20.9442 1.92522 3.56281
      vertex -20.2131 2.05193 4.59451
      vertex -20.1699 2.08772 4.59804
    endloop
  endfacet
  facet normal -0.614859 0.707279 0.348862
    outer loop
      vertex -20.9442 1.92522 3.56281
      vertex -20.1699 2.08772 4.59804
      vertex -19.5497 2.55671 4.7403
    endloop
  endfacet
  facet normal -0.614829 0.707327 0.348818
    outer loop
      vertex -20.2131 2.05193 4.59451
      vertex -20.9442 1.92522 3.56281
      vertex -20.9442 1.52423 4.37593
    endloop
  endfacet
  facet normal -0.614659 0.707675 0.348413
    outer loop
      vertex -20.9442 1.92522 3.56281
      vertex -19.5497 2.55671 4.7403
      vertex -19.4489 2.62602 4.77735
    endloop
  endfacet
  facet normal -0.614827 0.519964 -0.59298
    outer loop
      vertex -19.36 4.47962 11.6118
      vertex -20.6776 3.66234 12.2613
      vertex -20.5744 3.90206 12.3645
    endloop
  endfacet
  facet normal -0.614835 0.520022 -0.592921
    outer loop
      vertex -19.36 4.47962 11.6118
      vertex -20.8083 3.28479 12.0657
      vertex -20.6776 3.66234 12.2613
    endloop
  endfacet
  facet normal -0.614917 0.520222 -0.59266
    outer loop
      vertex -20.8083 3.28479 12.0657
      vertex -19.36 4.47962 11.6118
      vertex -20.847 3.13264 11.9723
    endloop
  endfacet
  facet normal -0.614821 0.655745 -0.43817
    outer loop
      vertex -20.9442 2.43631 11.3038
      vertex -19.36 3.41822 10.5504
      vertex -20.9442 1.93262 10.55
    endloop
  endfacet
  facet normal -0.614834 0.05162 0.786965
    outer loop
      vertex -19.36 7.98 1.3
      vertex -20.5832 7.98 0.344348
      vertex -20.6095 7.26648 0.370603
    endloop
  endfacet
  facet normal -0.614827 -0.77352 0.153801
    outer loop
      vertex -19.36 13.5341 5.56179
      vertex -20.9442 14.9064 6.13065
      vertex -20.9442 14.7296 5.24146
    endloop
  endfacet
  facet normal -0.614815 -0.592943 0.52002
    outer loop
      vertex -19.36 12.0459 2.98414
      vertex -20.9442 13.5188 2.7906
      vertex -20.9442 12.921 2.10897
    endloop
  endfacet
  facet normal -0.614619 0.253591 -0.74695
    outer loop
      vertex -19.36 5.77957 12.3623
      vertex -19.518 6.37424 12.6942
      vertex -19.36 6.49179 12.6041
    endloop
  endfacet
  facet normal -0.61477 0.253499 -0.746857
    outer loop
      vertex -19.518 6.37424 12.6942
      vertex -19.36 5.77957 12.3623
      vertex -19.8199 5.64209 12.6942
    endloop
  endfacet
  facet normal -0.614848 0.74679 0.253506
    outer loop
      vertex -20.7804 1.6 4.55
      vertex -20.9442 1.52423 4.37593
      vertex -20.9442 1.46514 4.55
    endloop
  endfacet
  facet normal -0.614828 0.746818 0.253475
    outer loop
      vertex -20.9442 1.52423 4.37593
      vertex -20.7804 1.6 4.55
      vertex -20.2131 2.05193 4.59451
    endloop
  endfacet
  facet normal -0.614832 0.520002 0.592942
    outer loop
      vertex -19.36 4.47962 2.48822
      vertex -20.9442 3.72617 1.5063
      vertex -20.9442 3.04454 2.10408
    endloop
  endfacet
  facet normal -0.614841 -0.707315 0.348821
    outer loop
      vertex -19.36 13.2923 4.84957
      vertex -20.9442 14.4358 4.37593
      vertex -20.9442 14.0348 3.56281
    endloop
  endfacet
  facet normal -0.614838 -0.438222 -0.655695
    outer loop
      vertex -20.3157 11.4048 12.5583
      vertex -19.36 10.855 12.0296
      vertex -20.2076 11.1861 12.6031
    endloop
  endfacet
  facet normal -0.614826 -0.438132 -0.655767
    outer loop
      vertex -19.36 10.855 12.0296
      vertex -20.3157 11.4048 12.5583
      vertex -20.4967 11.8399 12.4373
    endloop
  endfacet
  facet normal -0.614813 -0.348808 0.707346
    outer loop
      vertex -19.36 10.855 2.07035
      vertex -20.9284 11.4543 1.00265
      vertex -19.36 10.1804 1.73769
    endloop
  endfacet
  facet normal -0.614751 -0.346741 0.708414
    outer loop
      vertex -20.9284 11.4543 1.00265
      vertex -19.36 10.855 2.07035
      vertex -20.9295 11.4681 1.00845
    endloop
  endfacet
  facet normal -0.614825 0.348786 0.707346
    outer loop
      vertex -20.8983 4.86481 0.851659
      vertex -19.36 5.77957 1.73769
      vertex -20.8268 5.34104 0.678982
    endloop
  endfacet
  facet normal -0.614851 0.34891 0.707262
    outer loop
      vertex -19.36 5.77957 1.73769
      vertex -20.8983 4.86481 0.851659
      vertex -20.9284 4.5057 1.00265
    endloop
  endfacet
  facet normal -0.614828 -0.43815 0.655752
    outer loop
      vertex -19.36 11.4804 2.48822
      vertex -20.9295 11.4681 1.00845
      vertex -19.36 10.855 2.07035
    endloop
  endfacet
  facet normal -0.615165 -0.437155 0.6561
    outer loop
      vertex -20.9295 11.4681 1.00845
      vertex -19.36 11.4804 2.48822
      vertex -20.9308 11.48 1.01516
    endloop
  endfacet
  facet normal -0.614838 -0.786965 0.0515846
    outer loop
      vertex -19.36 13.73 7.05
      vertex -20.9442 14.9677 7.05
      vertex -20.9442 14.9084 6.14533
    endloop
  endfacet
  facet normal -0.614819 -0.655743 -0.438177
    outer loop
      vertex -20.9442 14.0274 10.55
      vertex -19.36 12.5418 10.5504
      vertex -20.9442 13.5237 11.3038
    endloop
  endfacet
  facet normal -0.614824 0.438111 -0.655782
    outer loop
      vertex -19.36 4.47962 11.6118
      vertex -20.4967 4.12007 12.4373
      vertex -19.36 5.105 12.0296
    endloop
  endfacet
  facet normal -0.614752 0.438824 -0.655373
    outer loop
      vertex -19.36 4.47962 11.6118
      vertex -20.5113 4.08513 12.4276
      vertex -20.4967 4.12007 12.4373
    endloop
  endfacet
  facet normal -0.614819 0.437979 -0.655875
    outer loop
      vertex -20.5113 4.08513 12.4276
      vertex -19.36 4.47962 11.6118
      vertex -20.5744 3.90206 12.3645
    endloop
  endfacet
  facet normal -0.61604 -0.657044 -0.434497
    outer loop
      vertex -20.9442 14.0315 10.5438
      vertex -19.36 12.5418 10.5504
      vertex -20.9442 14.0274 10.55
    endloop
  endfacet
  facet normal -0.614837 -0.65578 -0.438096
    outer loop
      vertex -19.36 12.5418 10.5504
      vertex -20.9442 14.0315 10.5438
      vertex -19.36 12.9596 9.925
    endloop
  endfacet
  facet normal -0.614524 0.253337 -0.747114
    outer loop
      vertex -19.4795 6.46763 12.6942
      vertex -19.36 6.49179 12.6041
      vertex -19.518 6.37424 12.6942
    endloop
  endfacet
  facet normal -0.614512 -0.253305 -0.747135
    outer loop
      vertex -19.36 9.46821 12.6041
      vertex -19.4795 9.49236 12.6942
      vertex -19.518 9.58576 12.6942
    endloop
  endfacet
  facet normal -0.614868 -0.520123 -0.592798
    outer loop
      vertex -19.36 11.4804 11.6118
      vertex -20.8083 12.6752 12.0657
      vertex -20.847 12.8274 11.9723
    endloop
  endfacet
  facet normal -0.614845 -0.520068 -0.59287
    outer loop
      vertex -20.8083 12.6752 12.0657
      vertex -19.36 11.4804 11.6118
      vertex -20.6776 12.2977 12.2613
    endloop
  endfacet
  facet normal -0.614817 -0.519838 -0.593101
    outer loop
      vertex -20.6776 12.2977 12.2613
      vertex -19.36 11.4804 11.6118
      vertex -20.5744 12.0579 12.3645
    endloop
  endfacet
  facet normal -0.614813 -0.438106 -0.655796
    outer loop
      vertex -20.4967 11.8399 12.4373
      vertex -19.36 11.4804 11.6118
      vertex -19.36 10.855 12.0296
    endloop
  endfacet
  facet normal -0.614804 -0.438196 -0.655744
    outer loop
      vertex -20.5113 11.8749 12.4276
      vertex -19.36 11.4804 11.6118
      vertex -20.4967 11.8399 12.4373
    endloop
  endfacet
  facet normal -0.614811 -0.438115 -0.655792
    outer loop
      vertex -19.36 11.4804 11.6118
      vertex -20.5113 11.8749 12.4276
      vertex -20.5744 12.0579 12.3645
    endloop
  endfacet
  facet normal -0.614838 -0.786965 -0.0515846
    outer loop
      vertex -20.9442 14.9677 7.05
      vertex -19.36 13.73 7.05
      vertex -20.9442 14.9084 7.95467
    endloop
  endfacet
  facet normal -0.614841 -0.707317 -0.348818
    outer loop
      vertex -20.9442 14.4358 9.72407
      vertex -19.36 13.2923 9.25043
      vertex -20.9442 14.0348 10.5372
    endloop
  endfacet
  facet normal -0.61483 -0.746811 -0.25349
    outer loop
      vertex -20.9442 14.7296 8.85854
      vertex -19.36 13.5341 8.53821
      vertex -20.9442 14.4382 9.71704
    endloop
  endfacet
  facet normal -0.614839 -0.786963 0.0515883
    outer loop
      vertex -20.9442 14.9084 6.14533
      vertex -19.36 13.6808 6.29947
      vertex -19.36 13.73 7.05
    endloop
  endfacet
  facet normal -0.614884 -0.786824 0.0531638
    outer loop
      vertex -19.36 13.6808 6.29947
      vertex -20.9442 14.9084 6.14533
      vertex -20.9442 14.9079 6.13793
    endloop
  endfacet
  facet normal -0.614898 0.706205 -0.350963
    outer loop
      vertex -19.36 3.00035 9.925
      vertex -20.9442 1.92522 10.5372
      vertex -20.9442 1.9285 10.5438
    endloop
  endfacet
  facet normal -0.61483 0.707323 -0.348824
    outer loop
      vertex -19.36 3.00035 9.925
      vertex -19.4489 2.62602 9.32265
      vertex -20.9442 1.92522 10.5372
    endloop
  endfacet
  facet normal -0.614862 0.707304 -0.348807
    outer loop
      vertex -19.4489 2.62602 9.32265
      vertex -19.36 3.00035 9.925
      vertex -19.36 2.68718 9.28996
    endloop
  endfacet
  facet normal -0.6148 -0.349038 -0.707244
    outer loop
      vertex -20.0983 10.9018 12.6483
      vertex -19.36 10.855 12.0296
      vertex -20.0383 10.7718 12.6603
    endloop
  endfacet
  facet normal -0.614842 -0.348831 -0.707309
    outer loop
      vertex -19.36 10.855 12.0296
      vertex -20.0983 10.9018 12.6483
      vertex -20.2076 11.1861 12.6031
    endloop
  endfacet
  facet normal -0.614884 -0.786823 -0.0531637
    outer loop
      vertex -20.9442 14.9084 7.95467
      vertex -19.36 13.6808 7.80052
      vertex -20.9442 14.9079 7.96207
    endloop
  endfacet
  facet normal -0.614839 -0.786963 -0.051589
    outer loop
      vertex -19.36 13.6808 7.80052
      vertex -20.9442 14.9084 7.95467
      vertex -19.36 13.73 7.05
    endloop
  endfacet
  facet normal -0.614829 0.707329 -0.348815
    outer loop
      vertex -20.9442 1.92522 10.5372
      vertex -20.2131 2.05193 9.50549
      vertex -20.9442 1.52423 9.72407
    endloop
  endfacet
  facet normal -0.614667 0.707538 -0.348674
    outer loop
      vertex -20.9442 1.92522 10.5372
      vertex -20.1699 2.08772 9.50196
      vertex -20.2131 2.05193 9.50549
    endloop
  endfacet
  facet normal -0.61486 0.70728 -0.348859
    outer loop
      vertex -20.9442 1.92522 10.5372
      vertex -19.5497 2.55671 9.3597
      vertex -20.1699 2.08772 9.50196
    endloop
  endfacet
  facet normal -0.614659 0.707677 -0.348408
    outer loop
      vertex -19.5497 2.55671 9.3597
      vertex -20.9442 1.92522 10.5372
      vertex -19.4489 2.62602 9.32265
    endloop
  endfacet
  facet normal -0.614824 -0.438178 0.655737
    outer loop
      vertex -20.9442 11.5994 1.08238
      vertex -19.36 11.4804 2.48822
      vertex -20.9442 12.2338 1.5063
    endloop
  endfacet
  facet normal -0.614826 -0.43817 0.65574
    outer loop
      vertex -19.36 11.4804 2.48822
      vertex -20.9442 11.5994 1.08238
      vertex -20.9308 11.48 1.01516
    endloop
  endfacet
  facet normal -0.614838 0.253542 0.746787
    outer loop
      vertex -20.8083 5.51746 0.634324
      vertex -19.36 6.49179 1.49593
      vertex -20.7055 6.21972 0.480536
    endloop
  endfacet
  facet normal -0.614897 0.25373 0.746674
    outer loop
      vertex -19.36 6.49179 1.49593
      vertex -20.8083 5.51746 0.634324
      vertex -20.8201 5.40535 0.662703
    endloop
  endfacet
  facet normal -0.614496 -0.15383 -0.773777
    outer loop
      vertex -19.36 9.46821 12.6041
      vertex -19.36 9.015 12.6942
      vertex -19.4795 9.49236 12.6942
    endloop
  endfacet
  facet normal -0.614978 -0.523947 0.589306
    outer loop
      vertex -20.9442 12.9155 2.10408
      vertex -19.36 12.0459 2.98414
      vertex -20.9442 12.921 2.10897
    endloop
  endfacet
  facet normal -0.614832 -0.519992 0.59295
    outer loop
      vertex -19.36 12.0459 2.98414
      vertex -20.9442 12.9155 2.10408
      vertex -19.36 11.4804 2.48822
    endloop
  endfacet
  facet normal -0.614884 -0.746324 -0.25479
    outer loop
      vertex -20.9442 14.4382 9.71704
      vertex -19.36 13.2923 9.25043
      vertex -20.9442 14.4358 9.72407
    endloop
  endfacet
  facet normal -0.614846 -0.746783 -0.253534
    outer loop
      vertex -19.36 13.2923 9.25043
      vertex -20.9442 14.4382 9.71704
      vertex -19.36 13.5341 8.53821
    endloop
  endfacet
  facet normal -0.614984 0.746593 -0.25376
    outer loop
      vertex -20.9442 1.52185 9.71704
      vertex -20.7126 1.65404 9.54468
      vertex -20.7804 1.6 9.55
    endloop
  endfacet
  facet normal -0.614844 0.746785 -0.253533
    outer loop
      vertex -20.9442 1.52185 9.71704
      vertex -20.7804 1.6 9.55
      vertex -20.9442 1.46514 9.55
    endloop
  endfacet
  facet normal -0.614827 -0.655746 0.438161
    outer loop
      vertex -19.36 12.5418 3.54962
      vertex -20.9442 14.0274 3.55
      vertex -20.9442 13.5237 2.79617
    endloop
  endfacet
  facet normal -0.614833 0.438168 -0.655735
    outer loop
      vertex -19.36 5.105 12.0296
      vertex -20.3157 4.55519 12.5583
      vertex -20.2076 4.77392 12.6031
    endloop
  endfacet
  facet normal -0.614826 0.438115 -0.655777
    outer loop
      vertex -20.3157 4.55519 12.5583
      vertex -19.36 5.105 12.0296
      vertex -20.4967 4.12007 12.4373
    endloop
  endfacet
  facet normal -0.615287 -0.656236 0.43678
    outer loop
      vertex -19.36 12.5418 3.54962
      vertex -20.9442 14.0315 3.55616
      vertex -20.9442 14.0274 3.55
    endloop
  endfacet
  facet normal -0.614843 -0.65577 0.438103
    outer loop
      vertex -20.9442 14.0315 3.55616
      vertex -19.36 12.5418 3.54962
      vertex -19.36 12.9596 4.175
    endloop
  endfacet
  facet normal -0.614805 -0.592945 -0.520029
    outer loop
      vertex -19.36 12.0459 11.1159
      vertex -20.9442 13.2485 11.6176
      vertex -20.9442 13.5188 11.3094
    endloop
  endfacet
  facet normal -0.614812 -0.592968 -0.519995
    outer loop
      vertex -20.9442 13.2485 11.6176
      vertex -19.36 12.0459 11.1159
      vertex -20.8983 12.9986 11.8483
    endloop
  endfacet
  facet normal -0.6148 -0.592724 -0.520287
    outer loop
      vertex -20.8983 12.9986 11.8483
      vertex -19.36 12.0459 11.1159
      vertex -20.8588 12.8738 11.9438
    endloop
  endfacet
  facet normal -0.614845 -0.593518 -0.519328
    outer loop
      vertex -19.36 12.5418 10.5504
      vertex -20.9442 13.5188 11.3094
      vertex -20.9442 13.5237 11.3038
    endloop
  endfacet
  facet normal -0.61482 -0.592967 -0.519986
    outer loop
      vertex -20.9442 13.5188 11.3094
      vertex -19.36 12.5418 10.5504
      vertex -19.36 12.0459 11.1159
    endloop
  endfacet
  facet normal -0.614804 -0.52037 -0.592648
    outer loop
      vertex -19.36 12.0459 11.1159
      vertex -20.847 12.8274 11.9723
      vertex -20.8588 12.8738 11.9438
    endloop
  endfacet
  facet normal -0.614799 -0.519998 -0.59298
    outer loop
      vertex -20.847 12.8274 11.9723
      vertex -19.36 12.0459 11.1159
      vertex -19.36 11.4804 11.6118
    endloop
  endfacet
  facet normal -0.614835 0.153821 0.77351
    outer loop
      vertex -20.6776 6.54152 0.438728
      vertex -19.36 6.49179 1.49593
      vertex -20.6325 6.94871 0.393602
    endloop
  endfacet
  facet normal -0.614837 0.1538 0.773512
    outer loop
      vertex -19.36 6.49179 1.49593
      vertex -20.6776 6.54152 0.438728
      vertex -20.7055 6.21972 0.480536
    endloop
  endfacet
  facet normal -0.614785 -0.746397 0.254815
    outer loop
      vertex -20.9442 14.7272 5.23443
      vertex -19.36 13.5341 5.56179
      vertex -20.9442 14.7296 5.24146
    endloop
  endfacet
  facet normal -0.614824 -0.746799 0.25354
    outer loop
      vertex -19.36 13.5341 5.56179
      vertex -20.9442 14.7272 5.23443
      vertex -19.36 13.2923 4.84957
    endloop
  endfacet
  facet normal -0.614653 -0.772569 0.159183
    outer loop
      vertex -20.9442 14.9064 6.13065
      vertex -19.36 13.6808 6.29947
      vertex -20.9442 14.9079 6.13793
    endloop
  endfacet
  facet normal -0.614819 -0.773521 0.153828
    outer loop
      vertex -19.36 13.6808 6.29947
      vertex -20.9442 14.9064 6.13065
      vertex -19.36 13.5341 5.56179
    endloop
  endfacet
  facet normal -0.614802 0.438258 0.655705
    outer loop
      vertex -20.9442 4.36062 1.08238
      vertex -19.36 4.47962 2.48822
      vertex -20.9308 4.47999 1.01516
    endloop
  endfacet
  facet normal -0.614832 0.438151 0.655748
    outer loop
      vertex -19.36 4.47962 2.48822
      vertex -20.9442 4.36062 1.08238
      vertex -20.9442 3.72617 1.5063
    endloop
  endfacet
  facet normal -0.614811 0.592848 -0.520133
    outer loop
      vertex -19.36 3.91414 11.1159
      vertex -20.8983 2.96142 11.8483
      vertex -20.8588 3.08617 11.9438
    endloop
  endfacet
  facet normal -0.614816 0.592943 -0.520019
    outer loop
      vertex -19.36 3.91414 11.1159
      vertex -20.9442 2.7115 11.6176
      vertex -20.8983 2.96142 11.8483
    endloop
  endfacet
  facet normal -0.614815 0.59294 -0.520025
    outer loop
      vertex -20.9442 2.7115 11.6176
      vertex -19.36 3.91414 11.1159
      vertex -20.9442 2.4412 11.3094
    endloop
  endfacet
  facet normal -0.614504 0.153829 -0.773771
    outer loop
      vertex -19.36 6.945 12.6942
      vertex -19.36 6.49179 12.6041
      vertex -19.4795 6.46763 12.6942
    endloop
  endfacet
  facet normal -0.614969 -0.705302 -0.352651
    outer loop
      vertex -20.9442 14.0348 10.5372
      vertex -19.36 12.9596 9.925
      vertex -20.9442 14.0315 10.5438
    endloop
  endfacet
  facet normal -0.61485 -0.707297 -0.348841
    outer loop
      vertex -19.36 12.9596 9.925
      vertex -20.9442 14.0348 10.5372
      vertex -19.36 13.2923 9.25043
    endloop
  endfacet
  facet normal -0.614828 0.592943 0.520005
    outer loop
      vertex -20.9442 2.4412 2.7906
      vertex -19.36 3.41822 3.54962
      vertex -19.36 3.91414 2.98414
    endloop
  endfacet
  facet normal -0.614816 0.592677 0.520322
    outer loop
      vertex -19.36 3.41822 3.54962
      vertex -20.9442 2.4412 2.7906
      vertex -20.9442 2.43631 2.79617
    endloop
  endfacet
  facet normal -0.614823 -0.519976 0.592974
    outer loop
      vertex -19.36 11.4804 2.48822
      vertex -20.9442 12.9155 2.10408
      vertex -20.9442 12.2338 1.5063
    endloop
  endfacet
  facet normal -0.614623 -0.2536 -0.746945
    outer loop
      vertex -19.518 9.58576 12.6942
      vertex -19.36 10.1804 12.3623
      vertex -19.36 9.46821 12.6041
    endloop
  endfacet
  facet normal -0.614778 -0.253505 -0.746849
    outer loop
      vertex -19.36 10.1804 12.3623
      vertex -19.518 9.58576 12.6942
      vertex -19.8199 10.3179 12.6942
    endloop
  endfacet
  facet normal -0.614835 -0.348803 0.707329
    outer loop
      vertex -19.36 10.1804 1.73769
      vertex -20.8983 11.0952 0.851659
      vertex -20.8268 10.619 0.678982
    endloop
  endfacet
  facet normal -0.614858 -0.348917 0.707253
    outer loop
      vertex -20.8983 11.0952 0.851659
      vertex -19.36 10.1804 1.73769
      vertex -20.9284 11.4543 1.00265
    endloop
  endfacet
  facet normal -0.614822 -0.253512 0.74681
    outer loop
      vertex -19.36 10.1804 1.73769
      vertex -20.8201 10.5547 0.662703
      vertex -19.36 9.46821 1.49593
    endloop
  endfacet
  facet normal -0.61482 -0.253166 0.746929
    outer loop
      vertex -20.8201 10.5547 0.662703
      vertex -19.36 10.1804 1.73769
      vertex -20.8268 10.619 0.678982
    endloop
  endfacet
  facet normal -0.614826 0.438161 0.655747
    outer loop
      vertex -20.9295 4.49191 1.00845
      vertex -19.36 4.47962 2.48822
      vertex -19.36 5.105 2.07035
    endloop
  endfacet
  facet normal -0.615367 0.43656 0.656307
    outer loop
      vertex -19.36 4.47962 2.48822
      vertex -20.9295 4.49191 1.00845
      vertex -20.9308 4.47999 1.01516
    endloop
  endfacet
  facet normal -0.614799 0.520008 -0.59297
    outer loop
      vertex -19.36 3.91414 11.1159
      vertex -20.847 3.13264 11.9723
      vertex -19.36 4.47962 11.6118
    endloop
  endfacet
  facet normal -0.614797 0.519862 -0.593101
    outer loop
      vertex -20.847 3.13264 11.9723
      vertex -19.36 3.91414 11.1159
      vertex -20.8588 3.08617 11.9438
    endloop
  endfacet
  facet normal -0.61482 -0.153868 0.773512
    outer loop
      vertex -20.6325 9.01129 0.393602
      vertex -19.36 8.73053 1.34919
      vertex -19.36 9.46821 1.49593
    endloop
  endfacet
  facet normal -0.614815 -0.153757 0.773538
    outer loop
      vertex -19.36 8.73053 1.34919
      vertex -20.6325 9.01129 0.393602
      vertex -20.6156 8.85856 0.376676
    endloop
  endfacet
  facet normal -0.614813 0.253505 0.74682
    outer loop
      vertex -20.8201 5.40535 0.662703
      vertex -19.36 5.77957 1.73769
      vertex -19.36 6.49179 1.49593
    endloop
  endfacet
  facet normal -0.614811 0.25313 0.746948
    outer loop
      vertex -19.36 5.77957 1.73769
      vertex -20.8201 5.40535 0.662703
      vertex -20.8268 5.34104 0.678982
    endloop
  endfacet
  facet normal -0.614815 0.153757 0.773538
    outer loop
      vertex -20.6325 6.94871 0.393602
      vertex -19.36 7.22947 1.34919
      vertex -20.6156 7.10144 0.376676
    endloop
  endfacet
  facet normal -0.61482 0.153868 0.773512
    outer loop
      vertex -19.36 7.22947 1.34919
      vertex -20.6325 6.94871 0.393602
      vertex -19.36 6.49179 1.49593
    endloop
  endfacet
  facet normal -0.61482 0.0515789 0.786979
    outer loop
      vertex -20.6095 7.26648 0.370603
      vertex -19.36 7.22947 1.34919
      vertex -19.36 7.98 1.3
    endloop
  endfacet
  facet normal -0.614815 0.0516825 0.786976
    outer loop
      vertex -19.36 7.22947 1.34919
      vertex -20.6095 7.26648 0.370603
      vertex -20.6156 7.10144 0.376676
    endloop
  endfacet
  facet normal -0.614654 -0.772568 -0.159183
    outer loop
      vertex -19.36 13.6808 7.80052
      vertex -20.9442 14.9064 7.96935
      vertex -20.9442 14.9079 7.96207
    endloop
  endfacet
  facet normal -0.61482 -0.773521 -0.153825
    outer loop
      vertex -20.9442 14.9064 7.96935
      vertex -19.36 13.6808 7.80052
      vertex -19.36 13.5341 8.53821
    endloop
  endfacet
  facet normal -0.614825 0.592954 -0.519996
    outer loop
      vertex -19.36 3.41822 10.5504
      vertex -20.9442 2.4412 11.3094
      vertex -19.36 3.91414 11.1159
    endloop
  endfacet
  facet normal -0.614872 0.594028 -0.518713
    outer loop
      vertex -20.9442 2.4412 11.3094
      vertex -19.36 3.41822 10.5504
      vertex -20.9442 2.43631 11.3038
    endloop
  endfacet
  facet normal -0.614862 0.707304 0.348807
    outer loop
      vertex -19.36 3.00035 4.175
      vertex -19.4489 2.62602 4.77735
      vertex -19.36 2.68718 4.81004
    endloop
  endfacet
  facet normal -0.614829 0.707324 0.348824
    outer loop
      vertex -19.36 3.00035 4.175
      vertex -20.9442 1.92522 3.56281
      vertex -19.4489 2.62602 4.77735
    endloop
  endfacet
  facet normal -0.61483 0.707303 0.348865
    outer loop
      vertex -20.9442 1.92522 3.56281
      vertex -19.36 3.00035 4.175
      vertex -20.9442 1.9285 3.55616
    endloop
  endfacet
  facet normal -0.614832 0.520003 0.592941
    outer loop
      vertex -20.9442 3.04454 2.10408
      vertex -19.36 3.91414 2.98414
      vertex -19.36 4.47962 2.48822
    endloop
  endfacet
  facet normal -0.614844 0.520307 0.592661
    outer loop
      vertex -19.36 3.91414 2.98414
      vertex -20.9442 3.04454 2.10408
      vertex -20.9442 3.03897 2.10897
    endloop
  endfacet
  facet normal -0.614676 0.747125 -0.252938
    outer loop
      vertex -20.9442 1.52423 9.72407
      vertex -20.7126 1.65404 9.54468
      vertex -20.9442 1.52185 9.71704
    endloop
  endfacet
  facet normal -0.614822 0.746881 -0.253303
    outer loop
      vertex -20.7126 1.65404 9.54468
      vertex -20.9442 1.52423 9.72407
      vertex -20.2131 2.05193 9.50549
    endloop
  endfacet
  facet normal -0.61483 0.655748 0.438154
    outer loop
      vertex -19.36 3.41822 3.54962
      vertex -20.9442 2.43631 2.79617
      vertex -20.9442 1.93262 3.55
    endloop
  endfacet
  facet normal -0.614849 -0.707298 0.348841
    outer loop
      vertex -20.9442 14.0348 3.56281
      vertex -19.36 12.9596 4.175
      vertex -19.36 13.2923 4.84957
    endloop
  endfacet
  facet normal -0.614903 -0.706407 0.350548
    outer loop
      vertex -19.36 12.9596 4.175
      vertex -20.9442 14.0348 3.56281
      vertex -20.9442 14.0315 3.55616
    endloop
  endfacet
  facet normal -0.614841 -0.746803 0.253487
    outer loop
      vertex -19.36 13.2923 4.84957
      vertex -20.9442 14.7272 5.23443
      vertex -20.9442 14.4358 4.37593
    endloop
  endfacet
  facet normal -0.615472 0.656439 -0.436214
    outer loop
      vertex -19.36 3.41822 10.5504
      vertex -20.9442 1.9285 10.5438
      vertex -20.9442 1.93262 10.55
    endloop
  endfacet
  facet normal -0.614822 0.655756 -0.438153
    outer loop
      vertex -20.9442 1.9285 10.5438
      vertex -19.36 3.41822 10.5504
      vertex -19.36 3.00035 9.925
    endloop
  endfacet
  facet normal -0.614788 -0.592166 0.520936
    outer loop
      vertex -20.9442 13.5188 2.7906
      vertex -19.36 12.5418 3.54962
      vertex -20.9442 13.5237 2.79617
    endloop
  endfacet
  facet normal -0.614824 -0.592956 0.519995
    outer loop
      vertex -19.36 12.5418 3.54962
      vertex -20.9442 13.5188 2.7906
      vertex -19.36 12.0459 2.98414
    endloop
  endfacet
  facet normal -0.614831 0.592947 0.519997
    outer loop
      vertex -19.36 3.91414 2.98414
      vertex -20.9442 3.03897 2.10897
      vertex -20.9442 2.4412 2.7906
    endloop
  endfacet
  facet normal -0.614837 -0.253555 0.746783
    outer loop
      vertex -19.36 9.46821 1.49593
      vertex -20.8083 10.4425 0.634324
      vertex -20.7055 9.74028 0.480536
    endloop
  endfacet
  facet normal -0.614835 -0.253548 0.746787
    outer loop
      vertex -20.8083 10.4425 0.634324
      vertex -19.36 9.46821 1.49593
      vertex -20.8201 10.5547 0.662703
    endloop
  endfacet
  facet normal -0.614835 -0.153821 0.77351
    outer loop
      vertex -19.36 9.46821 1.49593
      vertex -20.6776 9.41848 0.438728
      vertex -20.6325 9.01129 0.393602
    endloop
  endfacet
  facet normal -0.614837 -0.1538 0.773512
    outer loop
      vertex -20.6776 9.41848 0.438728
      vertex -19.36 9.46821 1.49593
      vertex -20.7055 9.74028 0.480536
    endloop
  endfacet
  facet normal -0.614829 0.655745 0.43816
    outer loop
      vertex -19.36 3.41822 3.54962
      vertex -20.9442 1.9285 3.55616
      vertex -19.36 3.00035 4.175
    endloop
  endfacet
  facet normal -0.614713 0.655624 0.438502
    outer loop
      vertex -20.9442 1.9285 3.55616
      vertex -19.36 3.41822 3.54962
      vertex -20.9442 1.93262 3.55
    endloop
  endfacet
  facet normal -0.61482 -0.0515789 0.786979
    outer loop
      vertex -19.36 8.73053 1.34919
      vertex -20.6095 8.69352 0.370603
      vertex -19.36 7.98 1.3
    endloop
  endfacet
  facet normal -0.614815 -0.0516825 0.786976
    outer loop
      vertex -20.6095 8.69352 0.370603
      vertex -19.36 8.73053 1.34919
      vertex -20.6156 8.85856 0.376676
    endloop
  endfacet
  facet normal -0.614814 0.34882 0.707339
    outer loop
      vertex -20.9284 4.5057 1.00265
      vertex -19.36 5.105 2.07035
      vertex -19.36 5.77957 1.73769
    endloop
  endfacet
  facet normal -0.614758 0.346948 0.708308
    outer loop
      vertex -19.36 5.105 2.07035
      vertex -20.9284 4.5057 1.00265
      vertex -20.9295 4.49191 1.00845
    endloop
  endfacet
  facet normal -0.61477 0.348869 -0.707353
    outer loop
      vertex -19.36 5.105 12.0296
      vertex -19.8199 5.64209 12.6942
      vertex -19.36 5.77957 12.3623
    endloop
  endfacet
  facet normal -0.615108 0.348464 -0.707259
    outer loop
      vertex -19.36 5.105 12.0296
      vertex -19.8676 5.55789 12.6942
      vertex -19.8199 5.64209 12.6942
    endloop
  endfacet
  facet normal -0.614895 0.34876 -0.707298
    outer loop
      vertex -19.8676 5.55789 12.6942
      vertex -19.36 5.105 12.0296
      vertex -20.0383 5.18818 12.6603
    endloop
  endfacet
  facet normal -0.61482 0.348994 -0.707248
    outer loop
      vertex -19.36 5.105 12.0296
      vertex -20.0983 5.05816 12.6483
      vertex -20.0383 5.18818 12.6603
    endloop
  endfacet
  facet normal -0.614839 0.348898 -0.707279
    outer loop
      vertex -20.0983 5.05816 12.6483
      vertex -19.36 5.105 12.0296
      vertex -20.2076 4.77392 12.6031
    endloop
  endfacet
  facet normal 0 0.634386 -0.773016
    outer loop
      vertex -20.9442 -9.66777 8.81777
      vertex -18.35 -9.28893 9.12867
      vertex -18.35 -9.66777 8.81777
    endloop
  endfacet
  facet normal 0 0.634386 -0.773016
    outer loop
      vertex -18.35 -9.28893 9.12867
      vertex -20.9442 -9.66777 8.81777
      vertex -20.9442 -9.28893 9.12867
    endloop
  endfacet
  facet normal 0 0 -1
    outer loop
      vertex -20.9442 1.46514 9.55
      vertex -18.35 1.6 9.55
      vertex -18.35 -7.9 9.55
    endloop
  endfacet
  facet normal 0 0 -1
    outer loop
      vertex -20.9442 1.46514 9.55
      vertex -18.35 -7.9 9.55
      vertex -20.9442 -7.9 9.55
    endloop
  endfacet
  facet normal -0 0 -1
    outer loop
      vertex -18.35 1.6 9.55
      vertex -20.9442 1.46514 9.55
      vertex -20.7804 1.6 9.55
    endloop
  endfacet
  facet normal 0 0.0980248 -0.995184
    outer loop
      vertex -20.9442 -8.38772 9.50196
      vertex -18.35 -7.9 9.55
      vertex -18.35 -8.38772 9.50196
    endloop
  endfacet
  facet normal 0 0.0980248 -0.995184
    outer loop
      vertex -18.35 -7.9 9.55
      vertex -20.9442 -8.38772 9.50196
      vertex -20.9442 -7.9 9.55
    endloop
  endfacet
  facet normal 0 0.881914 -0.471411
    outer loop
      vertex -18.35 -10.2097 8.00671
      vertex -20.9442 -9.97867 8.43892
      vertex -18.35 -9.97867 8.43892
    endloop
  endfacet
  facet normal 0 0.881914 -0.471411
    outer loop
      vertex -20.9442 -9.97867 8.43892
      vertex -18.35 -10.2097 8.00671
      vertex -20.9442 -10.2097 8.00671
    endloop
  endfacet
  facet normal 0 -0.0980248 0.995184
    outer loop
      vertex -20.1699 2.08772 4.59804
      vertex -18.35 1.6 4.55
      vertex -18.35 2.08772 4.59804
    endloop
  endfacet
  facet normal -2.65522e-05 -0.0981229 0.995174
    outer loop
      vertex -20.2131 2.05193 4.59451
      vertex -18.35 1.6 4.55
      vertex -20.1699 2.08772 4.59804
    endloop
  endfacet
  facet normal 0 -0.0980145 0.995185
    outer loop
      vertex -18.35 1.6 4.55
      vertex -20.2131 2.05193 4.59451
      vertex -20.7804 1.6 4.55
    endloop
  endfacet
  facet normal 0 0.995192 -0.0979439
    outer loop
      vertex -18.35 -10.4 7.05
      vertex -20.9442 -10.352 7.53772
      vertex -18.35 -10.352 7.53772
    endloop
  endfacet
  facet normal 0 0.995192 -0.0979439
    outer loop
      vertex -20.9442 -10.352 7.53772
      vertex -18.35 -10.4 7.05
      vertex -20.9442 -10.4 7.05
    endloop
  endfacet
  facet normal 0 -0.471409 -0.881915
    outer loop
      vertex -18.35 2.55671 9.3597
      vertex -19.36 2.68718 9.28996
      vertex -18.35 2.68718 9.28996
    endloop
  endfacet
  facet normal 2.81392e-06 -0.471392 -0.881924
    outer loop
      vertex -18.35 2.55671 9.3597
      vertex -19.4489 2.62602 9.32265
      vertex -19.36 2.68718 9.28996
    endloop
  endfacet
  facet normal 0 -0.471427 -0.881905
    outer loop
      vertex -19.4489 2.62602 9.32265
      vertex -18.35 2.55671 9.3597
      vertex -19.5497 2.55671 9.3597
    endloop
  endfacet
  facet normal 0 0.471402 -0.881918
    outer loop
      vertex -20.9442 -9.28893 9.12867
      vertex -18.35 -8.85671 9.3597
      vertex -18.35 -9.28893 9.12867
    endloop
  endfacet
  facet normal 0 0.471402 -0.881918
    outer loop
      vertex -18.35 -8.85671 9.3597
      vertex -20.9442 -9.28893 9.12867
      vertex -20.9442 -8.85671 9.3597
    endloop
  endfacet
  facet normal 0 0 1
    outer loop
      vertex -20.9442 1.46514 4.55
      vertex -18.35 1.6 4.55
      vertex -20.7804 1.6 4.55
    endloop
  endfacet
  facet normal 0 0 1
    outer loop
      vertex -18.35 1.6 4.55
      vertex -20.9442 1.46514 4.55
      vertex -18.35 -7.9 4.55
    endloop
  endfacet
  facet normal 0 0 1
    outer loop
      vertex -18.35 -7.9 4.55
      vertex -20.9442 1.46514 4.55
      vertex -20.9442 -7.9 4.55
    endloop
  endfacet
  facet normal 0 0.95692 0.290353
    outer loop
      vertex -18.35 -10.2097 6.09329
      vertex -20.9442 -10.352 6.56227
      vertex -18.35 -10.352 6.56227
    endloop
  endfacet
  facet normal 0 0.95692 0.290353
    outer loop
      vertex -20.9442 -10.352 6.56227
      vertex -18.35 -10.2097 6.09329
      vertex -20.9442 -10.2097 6.09329
    endloop
  endfacet
  facet normal -0 0.0980248 0.995184
    outer loop
      vertex -20.9442 -7.9 4.55
      vertex -18.35 -8.38772 4.59804
      vertex -18.35 -7.9 4.55
    endloop
  endfacet
  facet normal 0 0.0980248 0.995184
    outer loop
      vertex -18.35 -8.38772 4.59804
      vertex -20.9442 -7.9 4.55
      vertex -20.9442 -8.38772 4.59804
    endloop
  endfacet
  facet normal 0 -0.290272 0.956944
    outer loop
      vertex -19.5497 2.55671 4.7403
      vertex -18.35 2.08772 4.59804
      vertex -18.35 2.55671 4.7403
    endloop
  endfacet
  facet normal 0 -0.290272 0.956944
    outer loop
      vertex -18.35 2.08772 4.59804
      vertex -19.5497 2.55671 4.7403
      vertex -20.1699 2.08772 4.59804
    endloop
  endfacet
  facet normal -0 0.290272 0.956944
    outer loop
      vertex -20.9442 -8.38772 4.59804
      vertex -18.35 -8.85671 4.7403
      vertex -18.35 -8.38772 4.59804
    endloop
  endfacet
  facet normal 0 0.290272 0.956944
    outer loop
      vertex -18.35 -8.85671 4.7403
      vertex -20.9442 -8.38772 4.59804
      vertex -20.9442 -8.85671 4.7403
    endloop
  endfacet
  facet normal 0 0.290272 -0.956944
    outer loop
      vertex -20.9442 -8.85671 9.3597
      vertex -18.35 -8.38772 9.50196
      vertex -18.35 -8.85671 9.3597
    endloop
  endfacet
  facet normal 0 0.290272 -0.956944
    outer loop
      vertex -18.35 -8.38772 9.50196
      vertex -20.9442 -8.85671 9.3597
      vertex -20.9442 -8.38772 9.50196
    endloop
  endfacet
  facet normal 0 -0.290272 -0.956944
    outer loop
      vertex -18.35 2.08772 9.50196
      vertex -19.5497 2.55671 9.3597
      vertex -18.35 2.55671 9.3597
    endloop
  endfacet
  facet normal 0 -0.290272 -0.956944
    outer loop
      vertex -19.5497 2.55671 9.3597
      vertex -18.35 2.08772 9.50196
      vertex -20.1699 2.08772 9.50196
    endloop
  endfacet
  facet normal -0 0.634386 0.773016
    outer loop
      vertex -20.9442 -9.28893 4.97133
      vertex -18.35 -9.66777 5.28223
      vertex -18.35 -9.28893 4.97133
    endloop
  endfacet
  facet normal 0 0.634386 0.773016
    outer loop
      vertex -18.35 -9.66777 5.28223
      vertex -20.9442 -9.28893 4.97133
      vertex -20.9442 -9.66777 5.28223
    endloop
  endfacet
  facet normal 0 0.881918 0.471402
    outer loop
      vertex -18.35 -9.97867 5.66107
      vertex -20.9442 -10.2097 6.09329
      vertex -18.35 -10.2097 6.09329
    endloop
  endfacet
  facet normal 0 0.881918 0.471402
    outer loop
      vertex -20.9442 -10.2097 6.09329
      vertex -18.35 -9.97867 5.66107
      vertex -20.9442 -9.97867 5.66107
    endloop
  endfacet
  facet normal 0 -0.0980248 -0.995184
    outer loop
      vertex -18.35 1.6 9.55
      vertex -20.1699 2.08772 9.50196
      vertex -18.35 2.08772 9.50196
    endloop
  endfacet
  facet normal -2.65522e-05 -0.0981229 -0.995174
    outer loop
      vertex -18.35 1.6 9.55
      vertex -20.2131 2.05193 9.50549
      vertex -20.1699 2.08772 9.50196
    endloop
  endfacet
  facet normal -1.08343e-06 -0.0980189 -0.995185
    outer loop
      vertex -18.35 1.6 9.55
      vertex -20.7126 1.65404 9.54468
      vertex -20.2131 2.05193 9.50549
    endloop
  endfacet
  facet normal 0 -0.097972 -0.995189
    outer loop
      vertex -20.7126 1.65404 9.54468
      vertex -18.35 1.6 9.55
      vertex -20.7804 1.6 9.55
    endloop
  endfacet
  facet normal 0 0.956921 -0.290347
    outer loop
      vertex -18.35 -10.352 7.53772
      vertex -20.9442 -10.2097 8.00671
      vertex -18.35 -10.2097 8.00671
    endloop
  endfacet
  facet normal 0 0.956921 -0.290347
    outer loop
      vertex -20.9442 -10.2097 8.00671
      vertex -18.35 -10.352 7.53772
      vertex -20.9442 -10.352 7.53772
    endloop
  endfacet
  facet normal 0 0.995192 0.0979419
    outer loop
      vertex -18.35 -10.352 6.56227
      vertex -20.9442 -10.4 7.05
      vertex -18.35 -10.4 7.05
    endloop
  endfacet
  facet normal 0 0.995192 0.0979419
    outer loop
      vertex -20.9442 -10.4 7.05
      vertex -18.35 -10.352 6.56227
      vertex -20.9442 -10.352 6.56227
    endloop
  endfacet
  facet normal 0 -0.471409 0.881915
    outer loop
      vertex -19.36 2.68718 4.81004
      vertex -18.35 2.55671 4.7403
      vertex -18.35 2.68718 4.81004
    endloop
  endfacet
  facet normal 2.81392e-06 -0.471392 0.881924
    outer loop
      vertex -19.4489 2.62602 4.77735
      vertex -18.35 2.55671 4.7403
      vertex -19.36 2.68718 4.81004
    endloop
  endfacet
  facet normal 0 -0.471427 0.881905
    outer loop
      vertex -18.35 2.55671 4.7403
      vertex -19.4489 2.62602 4.77735
      vertex -19.5497 2.55671 4.7403
    endloop
  endfacet
  facet normal 0 0.773016 0.634386
    outer loop
      vertex -18.35 -9.66777 5.28223
      vertex -20.9442 -9.97867 5.66107
      vertex -18.35 -9.97867 5.66107
    endloop
  endfacet
  facet normal 0 0.773016 0.634386
    outer loop
      vertex -20.9442 -9.97867 5.66107
      vertex -18.35 -9.66777 5.28223
      vertex -20.9442 -9.66777 5.28223
    endloop
  endfacet
  facet normal 0 0.773025 -0.634376
    outer loop
      vertex -18.35 -9.97867 8.43892
      vertex -20.9442 -9.66777 8.81777
      vertex -18.35 -9.66777 8.81777
    endloop
  endfacet
  facet normal 0 0.773025 -0.634376
    outer loop
      vertex -20.9442 -9.66777 8.81777
      vertex -18.35 -9.97867 8.43892
      vertex -20.9442 -9.97867 8.43892
    endloop
  endfacet
  facet normal -0 0.471402 0.881918
    outer loop
      vertex -20.9442 -8.85671 4.7403
      vertex -18.35 -9.28893 4.97133
      vertex -18.35 -8.85671 4.7403
    endloop
  endfacet
  facet normal 0 0.471402 0.881918
    outer loop
      vertex -18.35 -9.28893 4.97133
      vertex -20.9442 -8.85671 4.7403
      vertex -20.9442 -9.28893 4.97133
    endloop
  endfacet
  facet normal 0 0.95692 0.290353
    outer loop
      vertex 20.0617 -33.2297 5.39329
      vertex -19.9562 -33.372 5.86227
      vertex 19.9562 -33.372 5.86227
    endloop
  endfacet
  facet normal 0 0.95692 0.290353
    outer loop
      vertex -19.9562 -33.372 5.86227
      vertex 20.0617 -33.2297 5.39329
      vertex -20.0617 -33.2297 5.39329
    endloop
  endfacet
  facet normal 0 -0.471419 0.881909
    outer loop
      vertex -20.9442 -29.5311 4.27133
      vertex 20.9442 -29.9633 4.0403
      vertex 20.9442 -29.5311 4.27133
    endloop
  endfacet
  facet normal 0 -0.471419 0.881909
    outer loop
      vertex 20.9442 -29.9633 4.0403
      vertex -20.9442 -29.5311 4.27133
      vertex -20.9442 -29.9633 4.0403
    endloop
  endfacet
  facet normal 0.000524483 0.0979526 0.995191
    outer loop
      vertex 20.8399 -31.4077 3.89804
      vertex 20.903 -31.0054 3.85841
      vertex 20.9114 -30.92 3.85
    endloop
  endfacet
  facet normal -6.06055e-05 0.0980435 0.995182
    outer loop
      vertex 20.903 -31.0054 3.85841
      vertex 20.8399 -31.4077 3.89804
      vertex 20.8482 -31.3743 3.89475
    endloop
  endfacet
  facet normal 0 0.0980287 0.995184
    outer loop
      vertex 20.9114 -30.92 3.85
      vertex -20.8399 -31.4077 3.89804
      vertex 20.8399 -31.4077 3.89804
    endloop
  endfacet
  facet normal -0 0.0980287 0.995184
    outer loop
      vertex -20.9114 -30.92 3.85
      vertex -20.8399 -31.4077 3.89804
      vertex 20.9114 -30.92 3.85
    endloop
  endfacet
  facet normal -0.000524483 0.0979526 0.995191
    outer loop
      vertex -20.903 -31.0054 3.85841
      vertex -20.8399 -31.4077 3.89804
      vertex -20.9114 -30.92 3.85
    endloop
  endfacet
  facet normal 6.06055e-05 0.0980435 0.995182
    outer loop
      vertex -20.8399 -31.4077 3.89804
      vertex -20.903 -31.0054 3.85841
      vertex -20.8482 -31.3743 3.89475
    endloop
  endfacet
  facet normal -0.00511518 0.882646 -0.47001
    outer loop
      vertex 20.0617 -33.2297 7.30671
      vertex 20.208 -32.9987 7.73892
      vertex 20.1025 -33.1746 7.40974
    endloop
  endfacet
  facet normal 0 0.881939 -0.471363
    outer loop
      vertex 20.208 -32.9987 7.73892
      vertex 20.0617 -33.2297 7.30671
      vertex -20.208 -32.9987 7.73892
    endloop
  endfacet
  facet normal 0 0.881939 -0.471363
    outer loop
      vertex -20.0617 -33.2297 7.30671
      vertex -20.208 -32.9987 7.73892
      vertex 20.0617 -33.2297 7.30671
    endloop
  endfacet
  facet normal 0.00511518 0.882646 -0.47001
    outer loop
      vertex -20.208 -32.9987 7.73892
      vertex -20.0617 -33.2297 7.30671
      vertex -20.1025 -33.1746 7.40974
    endloop
  endfacet
  facet normal 0 -0.995192 -0.0979419
    outer loop
      vertex -20.9442 -28.42 6.35
      vertex 20.9442 -28.468 6.83773
      vertex -20.9442 -28.468 6.83773
    endloop
  endfacet
  facet normal 0 -0.995192 -0.0979419
    outer loop
      vertex 20.9442 -28.468 6.83773
      vertex -20.9442 -28.42 6.35
      vertex 20.9442 -28.42 6.35
    endloop
  endfacet
  facet normal -0.00015353 -0.098019 0.995185
    outer loop
      vertex 20.9426 -30.4323 3.89804
      vertex 20.9114 -30.92 3.85
      vertex 20.9259 -30.7725 3.86453
    endloop
  endfacet
  facet normal 0 -0.0980287 0.995184
    outer loop
      vertex 20.9426 -30.4323 3.89804
      vertex -20.9114 -30.92 3.85
      vertex 20.9114 -30.92 3.85
    endloop
  endfacet
  facet normal 0 -0.0980287 0.995184
    outer loop
      vertex -20.9426 -30.4323 3.89804
      vertex -20.9114 -30.92 3.85
      vertex 20.9426 -30.4323 3.89804
    endloop
  endfacet
  facet normal 0.00015353 -0.098019 0.995185
    outer loop
      vertex -20.9114 -30.92 3.85
      vertex -20.9426 -30.4323 3.89804
      vertex -20.9259 -30.7725 3.86453
    endloop
  endfacet
  facet normal 0 0.995192 0.0979419
    outer loop
      vertex 19.9562 -33.372 5.86227
      vertex -19.9206 -33.42 6.35
      vertex 19.9206 -33.42 6.35
    endloop
  endfacet
  facet normal 0 0.995192 0.0979419
    outer loop
      vertex -19.9206 -33.42 6.35
      vertex 19.9562 -33.372 5.86227
      vertex -19.9562 -33.372 5.86227
    endloop
  endfacet
  facet normal 0 -0.95692 0.290353
    outer loop
      vertex -20.9442 -28.6103 5.39329
      vertex 20.9442 -28.468 5.86227
      vertex -20.9442 -28.468 5.86227
    endloop
  endfacet
  facet normal 0 -0.95692 0.290353
    outer loop
      vertex 20.9442 -28.468 5.86227
      vertex -20.9442 -28.6103 5.39329
      vertex 20.9442 -28.6103 5.39329
    endloop
  endfacet
  facet normal -0.00149214 0.29063 0.956834
    outer loop
      vertex 20.8399 -31.4077 3.89804
      vertex 20.715 -31.8767 4.0403
      vertex 20.7576 -31.736 3.99763
    endloop
  endfacet
  facet normal 0 0.290267 0.956946
    outer loop
      vertex 20.8399 -31.4077 3.89804
      vertex -20.715 -31.8767 4.0403
      vertex 20.715 -31.8767 4.0403
    endloop
  endfacet
  facet normal -0 0.290267 0.956946
    outer loop
      vertex -20.8399 -31.4077 3.89804
      vertex -20.715 -31.8767 4.0403
      vertex 20.8399 -31.4077 3.89804
    endloop
  endfacet
  facet normal 0.00149214 0.29063 0.956834
    outer loop
      vertex -20.715 -31.8767 4.0403
      vertex -20.8399 -31.4077 3.89804
      vertex -20.7576 -31.736 3.99763
    endloop
  endfacet
  facet normal 0.0755175 0.611001 0.78802
    outer loop
      vertex 20.5649 -32.3089 4.27133
      vertex 20.4046 -32.6483 4.54985
      vertex 20.5641 -32.3112 4.27319
    endloop
  endfacet
  facet normal -0.0109304 0.63741 0.770447
    outer loop
      vertex 20.5649 -32.3089 4.27133
      vertex 20.3835 -32.6878 4.58223
      vertex 20.4046 -32.6483 4.54985
    endloop
  endfacet
  facet normal 0 0.634326 0.773066
    outer loop
      vertex 20.5649 -32.3089 4.27133
      vertex -20.3835 -32.6878 4.58223
      vertex 20.3835 -32.6878 4.58223
    endloop
  endfacet
  facet normal -0 0.634326 0.773066
    outer loop
      vertex -20.5649 -32.3089 4.27133
      vertex -20.3835 -32.6878 4.58223
      vertex 20.5649 -32.3089 4.27133
    endloop
  endfacet
  facet normal 0.0109304 0.63741 0.770447
    outer loop
      vertex -20.3835 -32.6878 4.58223
      vertex -20.5649 -32.3089 4.27133
      vertex -20.4046 -32.6483 4.54985
    endloop
  endfacet
  facet normal -0.0755175 0.611001 0.78802
    outer loop
      vertex -20.4046 -32.6483 4.54985
      vertex -20.5649 -32.3089 4.27133
      vertex -20.5641 -32.3112 4.27319
    endloop
  endfacet
  facet normal 0 -0.773025 -0.634376
    outer loop
      vertex -20.9442 -28.8413 7.73892
      vertex 20.9442 -29.1522 8.11777
      vertex -20.9442 -29.1522 8.11777
    endloop
  endfacet
  facet normal 0 -0.773025 -0.634376
    outer loop
      vertex 20.9442 -29.1522 8.11777
      vertex -20.9442 -28.8413 7.73892
      vertex 20.9442 -28.8413 7.73892
    endloop
  endfacet
  facet normal 0 -0.995192 0.0979419
    outer loop
      vertex -20.9442 -28.468 5.86227
      vertex 20.9442 -28.42 6.35
      vertex -20.9442 -28.42 6.35
    endloop
  endfacet
  facet normal 0 -0.995192 0.0979419
    outer loop
      vertex 20.9442 -28.42 6.35
      vertex -20.9442 -28.468 5.86227
      vertex 20.9442 -28.468 5.86227
    endloop
  endfacet
  facet normal 0.00505495 0.470047 0.882627
    outer loop
      vertex 20.715 -31.8767 4.0403
      vertex 20.5649 -32.3089 4.27133
      vertex 20.6897 -31.9601 4.08486
    endloop
  endfacet
  facet normal 0 0.471419 0.881909
    outer loop
      vertex 20.715 -31.8767 4.0403
      vertex -20.5649 -32.3089 4.27133
      vertex 20.5649 -32.3089 4.27133
    endloop
  endfacet
  facet normal -0 0.471419 0.881909
    outer loop
      vertex -20.715 -31.8767 4.0403
      vertex -20.5649 -32.3089 4.27133
      vertex 20.715 -31.8767 4.0403
    endloop
  endfacet
  facet normal -0.00505495 0.470047 0.882627
    outer loop
      vertex -20.5649 -32.3089 4.27133
      vertex -20.715 -31.8767 4.0403
      vertex -20.6897 -31.9601 4.08486
    endloop
  endfacet
  facet normal -0.00530443 0.882677 0.469951
    outer loop
      vertex 20.208 -32.9987 4.96107
      vertex 20.0617 -33.2297 5.39329
      vertex 20.1025 -33.1746 5.29026
    endloop
  endfacet
  facet normal 0 0.881944 0.471355
    outer loop
      vertex 20.0617 -33.2297 5.39329
      vertex 20.208 -32.9987 4.96107
      vertex -20.0617 -33.2297 5.39329
    endloop
  endfacet
  facet normal -0 0.881944 0.471355
    outer loop
      vertex -20.208 -32.9987 4.96107
      vertex -20.0617 -33.2297 5.39329
      vertex 20.208 -32.9987 4.96107
    endloop
  endfacet
  facet normal 0.00530443 0.882677 0.469951
    outer loop
      vertex -20.0617 -33.2297 5.39329
      vertex -20.208 -32.9987 4.96107
      vertex -20.1025 -33.1746 5.29026
    endloop
  endfacet
  facet normal -0.00149214 0.29063 -0.956834
    outer loop
      vertex 20.715 -31.8767 8.6597
      vertex 20.8399 -31.4077 8.80196
      vertex 20.7576 -31.736 8.70237
    endloop
  endfacet
  facet normal 0 0.290267 -0.956946
    outer loop
      vertex -20.715 -31.8767 8.6597
      vertex 20.8399 -31.4077 8.80196
      vertex 20.715 -31.8767 8.6597
    endloop
  endfacet
  facet normal 0.00149214 0.29063 -0.956834
    outer loop
      vertex -20.8399 -31.4077 8.80196
      vertex -20.715 -31.8767 8.6597
      vertex -20.7576 -31.736 8.70237
    endloop
  endfacet
  facet normal 0 0.290267 -0.956946
    outer loop
      vertex -20.715 -31.8767 8.6597
      vertex -20.8399 -31.4077 8.80196
      vertex 20.8399 -31.4077 8.80196
    endloop
  endfacet
  facet normal 0 -0.634326 -0.773066
    outer loop
      vertex -20.9442 -29.5311 8.42867
      vertex 20.9442 -29.1522 8.11777
      vertex 20.9442 -29.5311 8.42867
    endloop
  endfacet
  facet normal -0 -0.634326 -0.773066
    outer loop
      vertex 20.9442 -29.1522 8.11777
      vertex -20.9442 -29.5311 8.42867
      vertex -20.9442 -29.1522 8.11777
    endloop
  endfacet
  facet normal 0 -0.634326 0.773066
    outer loop
      vertex -20.9442 -29.1522 4.58223
      vertex 20.9442 -29.5311 4.27133
      vertex 20.9442 -29.1522 4.58223
    endloop
  endfacet
  facet normal 0 -0.634326 0.773066
    outer loop
      vertex 20.9442 -29.5311 4.27133
      vertex -20.9442 -29.1522 4.58223
      vertex -20.9442 -29.5311 4.27133
    endloop
  endfacet
  facet normal 0 -0.881939 -0.471363
    outer loop
      vertex -20.9442 -28.6103 7.30671
      vertex 20.9442 -28.8413 7.73892
      vertex -20.9442 -28.8413 7.73892
    endloop
  endfacet
  facet normal 0 -0.881939 -0.471363
    outer loop
      vertex 20.9442 -28.8413 7.73892
      vertex -20.9442 -28.6103 7.30671
      vertex 20.9442 -28.6103 7.30671
    endloop
  endfacet
  facet normal 0 -0.95692 -0.290353
    outer loop
      vertex -20.9442 -28.468 6.83773
      vertex 20.9442 -28.6103 7.30671
      vertex -20.9442 -28.6103 7.30671
    endloop
  endfacet
  facet normal 0 -0.95692 -0.290353
    outer loop
      vertex 20.9442 -28.6103 7.30671
      vertex -20.9442 -28.468 6.83773
      vertex 20.9442 -28.468 6.83773
    endloop
  endfacet
  facet normal 0 0.95692 -0.290353
    outer loop
      vertex 19.9562 -33.372 6.83773
      vertex -20.0617 -33.2297 7.30671
      vertex 20.0617 -33.2297 7.30671
    endloop
  endfacet
  facet normal 0 0.95692 -0.290353
    outer loop
      vertex -20.0617 -33.2297 7.30671
      vertex 19.9562 -33.372 6.83773
      vertex -19.9562 -33.372 6.83773
    endloop
  endfacet
  facet normal 0.00477698 -0.290278 0.95693
    outer loop
      vertex 20.9442 -29.9633 4.0403
      vertex 20.9426 -30.4323 3.89804
      vertex 20.9442 -30.4 3.90783
    endloop
  endfacet
  facet normal 0 -0.290267 0.956946
    outer loop
      vertex 20.9442 -29.9633 4.0403
      vertex -20.9426 -30.4323 3.89804
      vertex 20.9426 -30.4323 3.89804
    endloop
  endfacet
  facet normal 0 -0.290267 0.956946
    outer loop
      vertex -20.9442 -29.9633 4.0403
      vertex -20.9426 -30.4323 3.89804
      vertex 20.9442 -29.9633 4.0403
    endloop
  endfacet
  facet normal -0.00477698 -0.290278 0.95693
    outer loop
      vertex -20.9426 -30.4323 3.89804
      vertex -20.9442 -29.9633 4.0403
      vertex -20.9442 -30.4 3.90783
    endloop
  endfacet
  facet normal -8.04905e-05 0.773043 -0.634354
    outer loop
      vertex 20.208 -32.9987 7.73892
      vertex 20.3835 -32.6878 8.11777
      vertex 20.2943 -32.8548 7.91427
    endloop
  endfacet
  facet normal 0 0.773025 -0.634376
    outer loop
      vertex 20.3835 -32.6878 8.11777
      vertex 20.208 -32.9987 7.73892
      vertex -20.3835 -32.6878 8.11777
    endloop
  endfacet
  facet normal 0 0.773025 -0.634376
    outer loop
      vertex -20.208 -32.9987 7.73892
      vertex -20.3835 -32.6878 8.11777
      vertex 20.208 -32.9987 7.73892
    endloop
  endfacet
  facet normal 8.04905e-05 0.773043 -0.634354
    outer loop
      vertex -20.3835 -32.6878 8.11777
      vertex -20.208 -32.9987 7.73892
      vertex -20.2943 -32.8548 7.91427
    endloop
  endfacet
  facet normal 0 -0.773016 0.634386
    outer loop
      vertex -20.9442 -29.1522 4.58223
      vertex 20.9442 -28.8413 4.96107
      vertex -20.9442 -28.8413 4.96107
    endloop
  endfacet
  facet normal 0 -0.773016 0.634386
    outer loop
      vertex 20.9442 -28.8413 4.96107
      vertex -20.9442 -29.1522 4.58223
      vertex 20.9442 -29.1522 4.58223
    endloop
  endfacet
  facet normal -0.000752377 0.773187 0.634178
    outer loop
      vertex 20.3835 -32.6878 4.58223
      vertex 20.208 -32.9987 4.96107
      vertex 20.2943 -32.8548 4.78573
    endloop
  endfacet
  facet normal 0 0.773016 0.634386
    outer loop
      vertex 20.208 -32.9987 4.96107
      vertex 20.3835 -32.6878 4.58223
      vertex -20.208 -32.9987 4.96107
    endloop
  endfacet
  facet normal -0 0.773016 0.634386
    outer loop
      vertex -20.3835 -32.6878 4.58223
      vertex -20.208 -32.9987 4.96107
      vertex 20.3835 -32.6878 4.58223
    endloop
  endfacet
  facet normal 0.000752377 0.773187 0.634178
    outer loop
      vertex -20.208 -32.9987 4.96107
      vertex -20.3835 -32.6878 4.58223
      vertex -20.2943 -32.8548 4.78573
    endloop
  endfacet
  facet normal -0.00015353 -0.098019 -0.995185
    outer loop
      vertex 20.9114 -30.92 8.85
      vertex 20.9426 -30.4323 8.80196
      vertex 20.9259 -30.7725 8.83547
    endloop
  endfacet
  facet normal 0 -0.0980287 -0.995184
    outer loop
      vertex -20.9114 -30.92 8.85
      vertex 20.9426 -30.4323 8.80196
      vertex 20.9114 -30.92 8.85
    endloop
  endfacet
  facet normal 0.00015353 -0.098019 -0.995185
    outer loop
      vertex -20.9426 -30.4323 8.80196
      vertex -20.9114 -30.92 8.85
      vertex -20.9259 -30.7725 8.83547
    endloop
  endfacet
  facet normal 0 -0.0980287 -0.995184
    outer loop
      vertex -20.9114 -30.92 8.85
      vertex -20.9426 -30.4323 8.80196
      vertex 20.9426 -30.4323 8.80196
    endloop
  endfacet
  facet normal 0 -0.881944 0.471355
    outer loop
      vertex -20.9442 -28.8413 4.96107
      vertex 20.9442 -28.6103 5.39329
      vertex -20.9442 -28.6103 5.39329
    endloop
  endfacet
  facet normal 0 -0.881944 0.471355
    outer loop
      vertex 20.9442 -28.6103 5.39329
      vertex -20.9442 -28.8413 4.96107
      vertex 20.9442 -28.8413 4.96107
    endloop
  endfacet
  facet normal 0.00505495 0.470047 -0.882627
    outer loop
      vertex 20.5649 -32.3089 8.42867
      vertex 20.715 -31.8767 8.6597
      vertex 20.6897 -31.9601 8.61514
    endloop
  endfacet
  facet normal 0 0.471419 -0.881909
    outer loop
      vertex -20.5649 -32.3089 8.42867
      vertex 20.715 -31.8767 8.6597
      vertex 20.5649 -32.3089 8.42867
    endloop
  endfacet
  facet normal -0.00505495 0.470047 -0.882627
    outer loop
      vertex -20.715 -31.8767 8.6597
      vertex -20.5649 -32.3089 8.42867
      vertex -20.6897 -31.9601 8.61514
    endloop
  endfacet
  facet normal 0 0.471419 -0.881909
    outer loop
      vertex -20.5649 -32.3089 8.42867
      vertex -20.715 -31.8767 8.6597
      vertex 20.715 -31.8767 8.6597
    endloop
  endfacet
  facet normal 0.0755175 0.611001 -0.78802
    outer loop
      vertex 20.4046 -32.6483 8.15015
      vertex 20.5649 -32.3089 8.42867
      vertex 20.5641 -32.3112 8.42681
    endloop
  endfacet
  facet normal -0.0109304 0.63741 -0.770447
    outer loop
      vertex 20.3835 -32.6878 8.11777
      vertex 20.5649 -32.3089 8.42867
      vertex 20.4046 -32.6483 8.15015
    endloop
  endfacet
  facet normal 0 0.634326 -0.773066
    outer loop
      vertex -20.3835 -32.6878 8.11777
      vertex 20.5649 -32.3089 8.42867
      vertex 20.3835 -32.6878 8.11777
    endloop
  endfacet
  facet normal 0.0109304 0.63741 -0.770447
    outer loop
      vertex -20.5649 -32.3089 8.42867
      vertex -20.3835 -32.6878 8.11777
      vertex -20.4046 -32.6483 8.15015
    endloop
  endfacet
  facet normal -0.0755175 0.611001 -0.78802
    outer loop
      vertex -20.5649 -32.3089 8.42867
      vertex -20.4046 -32.6483 8.15015
      vertex -20.5641 -32.3112 8.42681
    endloop
  endfacet
  facet normal 0 0.634326 -0.773066
    outer loop
      vertex -20.3835 -32.6878 8.11777
      vertex -20.5649 -32.3089 8.42867
      vertex 20.5649 -32.3089 8.42867
    endloop
  endfacet
  facet normal 0 0.995192 -0.0979419
    outer loop
      vertex 19.9206 -33.42 6.35
      vertex -19.9562 -33.372 6.83773
      vertex 19.9562 -33.372 6.83773
    endloop
  endfacet
  facet normal 0 0.995192 -0.0979419
    outer loop
      vertex -19.9562 -33.372 6.83773
      vertex 19.9206 -33.42 6.35
      vertex -19.9206 -33.42 6.35
    endloop
  endfacet
  facet normal 0.00477698 -0.290278 -0.95693
    outer loop
      vertex 20.9426 -30.4323 8.80196
      vertex 20.9442 -29.9633 8.6597
      vertex 20.9442 -30.4 8.79217
    endloop
  endfacet
  facet normal 0 -0.290267 -0.956946
    outer loop
      vertex -20.9426 -30.4323 8.80196
      vertex 20.9442 -29.9633 8.6597
      vertex 20.9426 -30.4323 8.80196
    endloop
  endfacet
  facet normal -0.00477698 -0.290278 -0.95693
    outer loop
      vertex -20.9442 -29.9633 8.6597
      vertex -20.9426 -30.4323 8.80196
      vertex -20.9442 -30.4 8.79217
    endloop
  endfacet
  facet normal 0 -0.290267 -0.956946
    outer loop
      vertex -20.9426 -30.4323 8.80196
      vertex -20.9442 -29.9633 8.6597
      vertex 20.9442 -29.9633 8.6597
    endloop
  endfacet
  facet normal 0 -0.471419 -0.881909
    outer loop
      vertex -20.9442 -29.9633 8.6597
      vertex 20.9442 -29.5311 8.42867
      vertex 20.9442 -29.9633 8.6597
    endloop
  endfacet
  facet normal -0 -0.471419 -0.881909
    outer loop
      vertex 20.9442 -29.5311 8.42867
      vertex -20.9442 -29.9633 8.6597
      vertex -20.9442 -29.5311 8.42867
    endloop
  endfacet
  facet normal 0.000209292 0.0979771 -0.995189
    outer loop
      vertex 20.8399 -31.4077 8.80196
      vertex 20.903 -31.0054 8.84158
      vertex 20.8482 -31.3743 8.80525
    endloop
  endfacet
  facet normal -0.00189084 0.0983031 -0.995155
    outer loop
      vertex 20.903 -31.0054 8.84158
      vertex 20.8399 -31.4077 8.80196
      vertex 20.9114 -30.92 8.85
    endloop
  endfacet
  facet normal 0 0.0980287 -0.995184
    outer loop
      vertex -20.8399 -31.4077 8.80196
      vertex 20.9114 -30.92 8.85
      vertex 20.8399 -31.4077 8.80196
    endloop
  endfacet
  facet normal -0.000209292 0.0979771 -0.995189
    outer loop
      vertex -20.903 -31.0054 8.84158
      vertex -20.8399 -31.4077 8.80196
      vertex -20.8482 -31.3743 8.80525
    endloop
  endfacet
  facet normal 0.00189084 0.0983031 -0.995155
    outer loop
      vertex -20.8399 -31.4077 8.80196
      vertex -20.903 -31.0054 8.84158
      vertex -20.9114 -30.92 8.85
    endloop
  endfacet
  facet normal 0 0.0980287 -0.995184
    outer loop
      vertex -20.8399 -31.4077 8.80196
      vertex -20.9114 -30.92 8.85
      vertex 20.9114 -30.92 8.85
    endloop
  endfacet
endsolid OpenSCAD_Model
