solid OpenSCAD_Model
  facet normal -0.793444 0.608644 0
    outer loop
      vertex 15.5339 23.8161 2.8
      vertex 15.7325 24.075 12.7
      vertex 15.7325 24.075 2.8
    endloop
  endfacet
  facet normal -0.793444 0.608644 0
    outer loop
      vertex 15.7325 24.075 12.7
      vertex 15.5339 23.8161 2.8
      vertex 15.5339 23.8161 12.7
    endloop
  endfacet
  facet normal 0.793444 -0.608644 0
    outer loop
      vertex 13.5675 25.325 12.7
      vertex 13.7661 25.5839 2.8
      vertex 13.7661 25.5839 12.7
    endloop
  endfacet
  facet normal 0.793444 -0.608644 0
    outer loop
      vertex 13.7661 25.5839 2.8
      vertex 13.5675 25.325 12.7
      vertex 13.5675 25.325 2.8
    endloop
  endfacet
  facet normal -0.923864 -0.382722 0
    outer loop
      vertex 15.8574 25.0235 2.8
      vertex 15.7325 25.325 12.7
      vertex 15.7325 25.325 2.8
    endloop
  endfacet
  facet normal -0.923864 -0.382722 0
    outer loop
      vertex 15.7325 25.325 12.7
      vertex 15.8574 25.0235 2.8
      vertex 15.8574 25.0235 12.7
    endloop
  endfacet
  facet normal -0.991441 -0.130558 0
    outer loop
      vertex 15.9 24.7 2.8
      vertex 15.8574 25.0235 12.7
      vertex 15.8574 25.0235 2.8
    endloop
  endfacet
  facet normal -0.991441 -0.130558 0
    outer loop
      vertex 15.8574 25.0235 12.7
      vertex 15.9 24.7 2.8
      vertex 15.9 24.7 12.7
    endloop
  endfacet
  facet normal -0.923864 0.382722 0
    outer loop
      vertex 15.7325 24.075 2.8
      vertex 15.8574 24.3765 12.7
      vertex 15.8574 24.3765 2.8
    endloop
  endfacet
  facet normal -0.923864 0.382722 0
    outer loop
      vertex 15.8574 24.3765 12.7
      vertex 15.7325 24.075 2.8
      vertex 15.7325 24.075 12.7
    endloop
  endfacet
  facet normal -0.382722 0.923864 0
    outer loop
      vertex 15.275 23.6175 2.8
      vertex 14.9735 23.4926 12.7
      vertex 15.275 23.6175 12.7
    endloop
  endfacet
  facet normal -0.382722 0.923864 0
    outer loop
      vertex 14.9735 23.4926 12.7
      vertex 15.275 23.6175 2.8
      vertex 14.9735 23.4926 2.8
    endloop
  endfacet
  facet normal 0.991441 -0.130558 0
    outer loop
      vertex 13.4 24.7 12.7
      vertex 13.4426 25.0235 2.8
      vertex 13.4426 25.0235 12.7
    endloop
  endfacet
  facet normal 0.991441 -0.130558 0
    outer loop
      vertex 13.4426 25.0235 2.8
      vertex 13.4 24.7 12.7
      vertex 13.4 24.7 2.8
    endloop
  endfacet
  facet normal 0 0 1
    outer loop
      vertex 15.8574 25.0235 2.8
      vertex 15.8574 24.3765 2.8
      vertex 15.9 24.7 2.8
    endloop
  endfacet
  facet normal 0 0 1
    outer loop
      vertex 15.7325 25.325 2.8
      vertex 15.8574 24.3765 2.8
      vertex 15.8574 25.0235 2.8
    endloop
  endfacet
  facet normal 0 0 1
    outer loop
      vertex 15.7325 25.325 2.8
      vertex 15.7325 24.075 2.8
      vertex 15.8574 24.3765 2.8
    endloop
  endfacet
  facet normal 0 0 1
    outer loop
      vertex 15.5339 25.5839 2.8
      vertex 15.7325 24.075 2.8
      vertex 15.7325 25.325 2.8
    endloop
  endfacet
  facet normal 0 0 1
    outer loop
      vertex 15.5339 25.5839 2.8
      vertex 15.5339 23.8161 2.8
      vertex 15.7325 24.075 2.8
    endloop
  endfacet
  facet normal 0 0 1
    outer loop
      vertex 15.275 25.7825 2.8
      vertex 15.5339 23.8161 2.8
      vertex 15.5339 25.5839 2.8
    endloop
  endfacet
  facet normal 0 0 1
    outer loop
      vertex 15.275 25.7825 2.8
      vertex 15.275 23.6175 2.8
      vertex 15.5339 23.8161 2.8
    endloop
  endfacet
  facet normal 0 0 1
    outer loop
      vertex 14.9735 25.9074 2.8
      vertex 15.275 23.6175 2.8
      vertex 15.275 25.7825 2.8
    endloop
  endfacet
  facet normal 0 0 1
    outer loop
      vertex 14.9735 25.9074 2.8
      vertex 14.9735 23.4926 2.8
      vertex 15.275 23.6175 2.8
    endloop
  endfacet
  facet normal 0 0 1
    outer loop
      vertex 14.65 25.95 2.8
      vertex 14.9735 23.4926 2.8
      vertex 14.9735 25.9074 2.8
    endloop
  endfacet
  facet normal 0 0 1
    outer loop
      vertex 14.65 25.95 2.8
      vertex 14.65 23.45 2.8
      vertex 14.9735 23.4926 2.8
    endloop
  endfacet
  facet normal -0 0 1
    outer loop
      vertex 14.3265 25.9074 2.8
      vertex 14.65 23.45 2.8
      vertex 14.65 25.95 2.8
    endloop
  endfacet
  facet normal 0 0 1
    outer loop
      vertex 14.3265 25.9074 2.8
      vertex 14.3265 23.4926 2.8
      vertex 14.65 23.45 2.8
    endloop
  endfacet
  facet normal -0 0 1
    outer loop
      vertex 14.025 25.7825 2.8
      vertex 14.3265 23.4926 2.8
      vertex 14.3265 25.9074 2.8
    endloop
  endfacet
  facet normal 0 0 1
    outer loop
      vertex 14.025 25.7825 2.8
      vertex 14.025 23.6175 2.8
      vertex 14.3265 23.4926 2.8
    endloop
  endfacet
  facet normal -0 0 1
    outer loop
      vertex 13.7661 25.5839 2.8
      vertex 14.025 23.6175 2.8
      vertex 14.025 25.7825 2.8
    endloop
  endfacet
  facet normal 0 0 1
    outer loop
      vertex 13.7661 25.5839 2.8
      vertex 13.7661 23.8161 2.8
      vertex 14.025 23.6175 2.8
    endloop
  endfacet
  facet normal -0 0 1
    outer loop
      vertex 13.5675 25.325 2.8
      vertex 13.7661 23.8161 2.8
      vertex 13.7661 25.5839 2.8
    endloop
  endfacet
  facet normal 0 0 1
    outer loop
      vertex 13.5675 25.325 2.8
      vertex 13.5675 24.075 2.8
      vertex 13.7661 23.8161 2.8
    endloop
  endfacet
  facet normal -0 0 1
    outer loop
      vertex 13.4426 25.0235 2.8
      vertex 13.5675 24.075 2.8
      vertex 13.5675 25.325 2.8
    endloop
  endfacet
  facet normal 0 0 1
    outer loop
      vertex 13.4426 25.0235 2.8
      vertex 13.4426 24.3765 2.8
      vertex 13.5675 24.075 2.8
    endloop
  endfacet
  facet normal 0 -0 1
    outer loop
      vertex 13.4426 24.3765 2.8
      vertex 13.4426 25.0235 2.8
      vertex 13.4 24.7 2.8
    endloop
  endfacet
  facet normal 0.991441 0.130558 0
    outer loop
      vertex 13.4426 24.3765 12.7
      vertex 13.4 24.7 2.8
      vertex 13.4 24.7 12.7
    endloop
  endfacet
  facet normal 0.991441 0.130558 0
    outer loop
      vertex 13.4 24.7 2.8
      vertex 13.4426 24.3765 12.7
      vertex 13.4426 24.3765 2.8
    endloop
  endfacet
  facet normal -0.608644 0.793444 0
    outer loop
      vertex 15.5339 23.8161 2.8
      vertex 15.275 23.6175 12.7
      vertex 15.5339 23.8161 12.7
    endloop
  endfacet
  facet normal -0.608644 0.793444 0
    outer loop
      vertex 15.275 23.6175 12.7
      vertex 15.5339 23.8161 2.8
      vertex 15.275 23.6175 2.8
    endloop
  endfacet
  facet normal 0.382722 0.923864 -0
    outer loop
      vertex 14.3265 23.4926 2.8
      vertex 14.025 23.6175 12.7
      vertex 14.3265 23.4926 12.7
    endloop
  endfacet
  facet normal 0.382722 0.923864 0
    outer loop
      vertex 14.025 23.6175 12.7
      vertex 14.3265 23.4926 2.8
      vertex 14.025 23.6175 2.8
    endloop
  endfacet
  facet normal -0.382722 -0.923864 0
    outer loop
      vertex 14.9735 25.9074 2.8
      vertex 15.275 25.7825 12.7
      vertex 14.9735 25.9074 12.7
    endloop
  endfacet
  facet normal -0.382722 -0.923864 -0
    outer loop
      vertex 15.275 25.7825 12.7
      vertex 14.9735 25.9074 2.8
      vertex 15.275 25.7825 2.8
    endloop
  endfacet
  facet normal 0.130558 -0.991441 0
    outer loop
      vertex 14.3265 25.9074 2.8
      vertex 14.65 25.95 12.7
      vertex 14.3265 25.9074 12.7
    endloop
  endfacet
  facet normal 0.130558 -0.991441 0
    outer loop
      vertex 14.65 25.95 12.7
      vertex 14.3265 25.9074 2.8
      vertex 14.65 25.95 2.8
    endloop
  endfacet
  facet normal 0.608644 -0.793444 0
    outer loop
      vertex 13.7661 25.5839 2.8
      vertex 14.025 25.7825 12.7
      vertex 13.7661 25.5839 12.7
    endloop
  endfacet
  facet normal 0.608644 -0.793444 0
    outer loop
      vertex 14.025 25.7825 12.7
      vertex 13.7661 25.5839 2.8
      vertex 14.025 25.7825 2.8
    endloop
  endfacet
  facet normal 0.382722 -0.923864 0
    outer loop
      vertex 14.025 25.7825 2.8
      vertex 14.3265 25.9074 12.7
      vertex 14.025 25.7825 12.7
    endloop
  endfacet
  facet normal 0.382722 -0.923864 0
    outer loop
      vertex 14.3265 25.9074 12.7
      vertex 14.025 25.7825 2.8
      vertex 14.3265 25.9074 2.8
    endloop
  endfacet
  facet normal 0.130558 0.991441 -0
    outer loop
      vertex 14.65 23.45 2.8
      vertex 14.3265 23.4926 12.7
      vertex 14.65 23.45 12.7
    endloop
  endfacet
  facet normal 0.130558 0.991441 0
    outer loop
      vertex 14.3265 23.4926 12.7
      vertex 14.65 23.45 2.8
      vertex 14.3265 23.4926 2.8
    endloop
  endfacet
  facet normal -0.991441 0.130558 0
    outer loop
      vertex 15.8574 24.3765 2.8
      vertex 15.9 24.7 12.7
      vertex 15.9 24.7 2.8
    endloop
  endfacet
  facet normal -0.991441 0.130558 0
    outer loop
      vertex 15.9 24.7 12.7
      vertex 15.8574 24.3765 2.8
      vertex 15.8574 24.3765 12.7
    endloop
  endfacet
  facet normal 0.923864 0.382722 0
    outer loop
      vertex 13.5675 24.075 12.7
      vertex 13.4426 24.3765 2.8
      vertex 13.4426 24.3765 12.7
    endloop
  endfacet
  facet normal 0.923864 0.382722 0
    outer loop
      vertex 13.4426 24.3765 2.8
      vertex 13.5675 24.075 12.7
      vertex 13.5675 24.075 2.8
    endloop
  endfacet
  facet normal -0.608644 -0.793444 0
    outer loop
      vertex 15.275 25.7825 2.8
      vertex 15.5339 25.5839 12.7
      vertex 15.275 25.7825 12.7
    endloop
  endfacet
  facet normal -0.608644 -0.793444 -0
    outer loop
      vertex 15.5339 25.5839 12.7
      vertex 15.275 25.7825 2.8
      vertex 15.5339 25.5839 2.8
    endloop
  endfacet
  facet normal -0.130558 -0.991441 0
    outer loop
      vertex 14.65 25.95 2.8
      vertex 14.9735 25.9074 12.7
      vertex 14.65 25.95 12.7
    endloop
  endfacet
  facet normal -0.130558 -0.991441 -0
    outer loop
      vertex 14.9735 25.9074 12.7
      vertex 14.65 25.95 2.8
      vertex 14.9735 25.9074 2.8
    endloop
  endfacet
  facet normal -0.130558 0.991441 0
    outer loop
      vertex 14.9735 23.4926 2.8
      vertex 14.65 23.45 12.7
      vertex 14.9735 23.4926 12.7
    endloop
  endfacet
  facet normal -0.130558 0.991441 0
    outer loop
      vertex 14.65 23.45 12.7
      vertex 14.9735 23.4926 2.8
      vertex 14.65 23.45 2.8
    endloop
  endfacet
  facet normal -0.793444 -0.608644 0
    outer loop
      vertex 15.7325 25.325 2.8
      vertex 15.5339 25.5839 12.7
      vertex 15.5339 25.5839 2.8
    endloop
  endfacet
  facet normal -0.793444 -0.608644 0
    outer loop
      vertex 15.5339 25.5839 12.7
      vertex 15.7325 25.325 2.8
      vertex 15.7325 25.325 12.7
    endloop
  endfacet
  facet normal 0.793444 0.608644 0
    outer loop
      vertex 13.7661 23.8161 12.7
      vertex 13.5675 24.075 2.8
      vertex 13.5675 24.075 12.7
    endloop
  endfacet
  facet normal 0.793444 0.608644 0
    outer loop
      vertex 13.5675 24.075 2.8
      vertex 13.7661 23.8161 12.7
      vertex 13.7661 23.8161 2.8
    endloop
  endfacet
  facet normal 0.923864 -0.382722 0
    outer loop
      vertex 13.4426 25.0235 12.7
      vertex 13.5675 25.325 2.8
      vertex 13.5675 25.325 12.7
    endloop
  endfacet
  facet normal 0.923864 -0.382722 0
    outer loop
      vertex 13.5675 25.325 2.8
      vertex 13.4426 25.0235 12.7
      vertex 13.4426 25.0235 2.8
    endloop
  endfacet
  facet normal 0.608644 0.793444 -0
    outer loop
      vertex 14.025 23.6175 2.8
      vertex 13.7661 23.8161 12.7
      vertex 14.025 23.6175 12.7
    endloop
  endfacet
  facet normal 0.608644 0.793444 0
    outer loop
      vertex 13.7661 23.8161 12.7
      vertex 14.025 23.6175 2.8
      vertex 13.7661 23.8161 2.8
    endloop
  endfacet
  facet normal -0.793444 0.608644 0
    outer loop
      vertex -13.7661 23.8161 2.8
      vertex -13.5675 24.075 12.7
      vertex -13.5675 24.075 2.8
    endloop
  endfacet
  facet normal -0.793444 0.608644 0
    outer loop
      vertex -13.5675 24.075 12.7
      vertex -13.7661 23.8161 2.8
      vertex -13.7661 23.8161 12.7
    endloop
  endfacet
  facet normal 0.793444 -0.608644 0
    outer loop
      vertex -15.7325 25.325 12.7
      vertex -15.5339 25.5839 2.8
      vertex -15.5339 25.5839 12.7
    endloop
  endfacet
  facet normal 0.793444 -0.608644 0
    outer loop
      vertex -15.5339 25.5839 2.8
      vertex -15.7325 25.325 12.7
      vertex -15.7325 25.325 2.8
    endloop
  endfacet
  facet normal -0.923864 -0.382722 0
    outer loop
      vertex -13.4426 25.0235 2.8
      vertex -13.5675 25.325 12.7
      vertex -13.5675 25.325 2.8
    endloop
  endfacet
  facet normal -0.923864 -0.382722 0
    outer loop
      vertex -13.5675 25.325 12.7
      vertex -13.4426 25.0235 2.8
      vertex -13.4426 25.0235 12.7
    endloop
  endfacet
  facet normal -0.991441 -0.130558 0
    outer loop
      vertex -13.4 24.7 2.8
      vertex -13.4426 25.0235 12.7
      vertex -13.4426 25.0235 2.8
    endloop
  endfacet
  facet normal -0.991441 -0.130558 0
    outer loop
      vertex -13.4426 25.0235 12.7
      vertex -13.4 24.7 2.8
      vertex -13.4 24.7 12.7
    endloop
  endfacet
  facet normal -0.923864 0.382722 0
    outer loop
      vertex -13.5675 24.075 2.8
      vertex -13.4426 24.3765 12.7
      vertex -13.4426 24.3765 2.8
    endloop
  endfacet
  facet normal -0.923864 0.382722 0
    outer loop
      vertex -13.4426 24.3765 12.7
      vertex -13.5675 24.075 2.8
      vertex -13.5675 24.075 12.7
    endloop
  endfacet
  facet normal -0.382722 0.923864 0
    outer loop
      vertex -14.025 23.6175 2.8
      vertex -14.3265 23.4926 12.7
      vertex -14.025 23.6175 12.7
    endloop
  endfacet
  facet normal -0.382722 0.923864 0
    outer loop
      vertex -14.3265 23.4926 12.7
      vertex -14.025 23.6175 2.8
      vertex -14.3265 23.4926 2.8
    endloop
  endfacet
  facet normal 0.991441 -0.130558 0
    outer loop
      vertex -15.9 24.7 12.7
      vertex -15.8574 25.0235 2.8
      vertex -15.8574 25.0235 12.7
    endloop
  endfacet
  facet normal 0.991441 -0.130558 0
    outer loop
      vertex -15.8574 25.0235 2.8
      vertex -15.9 24.7 12.7
      vertex -15.9 24.7 2.8
    endloop
  endfacet
  facet normal 0 0 1
    outer loop
      vertex -13.4426 25.0235 2.8
      vertex -13.4426 24.3765 2.8
      vertex -13.4 24.7 2.8
    endloop
  endfacet
  facet normal 0 0 1
    outer loop
      vertex -13.5675 25.325 2.8
      vertex -13.4426 24.3765 2.8
      vertex -13.4426 25.0235 2.8
    endloop
  endfacet
  facet normal 0 0 1
    outer loop
      vertex -13.5675 25.325 2.8
      vertex -13.5675 24.075 2.8
      vertex -13.4426 24.3765 2.8
    endloop
  endfacet
  facet normal 0 0 1
    outer loop
      vertex -13.7661 25.5839 2.8
      vertex -13.5675 24.075 2.8
      vertex -13.5675 25.325 2.8
    endloop
  endfacet
  facet normal 0 0 1
    outer loop
      vertex -13.7661 25.5839 2.8
      vertex -13.7661 23.8161 2.8
      vertex -13.5675 24.075 2.8
    endloop
  endfacet
  facet normal 0 0 1
    outer loop
      vertex -14.025 25.7825 2.8
      vertex -13.7661 23.8161 2.8
      vertex -13.7661 25.5839 2.8
    endloop
  endfacet
  facet normal 0 0 1
    outer loop
      vertex -14.025 25.7825 2.8
      vertex -14.025 23.6175 2.8
      vertex -13.7661 23.8161 2.8
    endloop
  endfacet
  facet normal 0 0 1
    outer loop
      vertex -14.3265 25.9074 2.8
      vertex -14.025 23.6175 2.8
      vertex -14.025 25.7825 2.8
    endloop
  endfacet
  facet normal 0 0 1
    outer loop
      vertex -14.3265 25.9074 2.8
      vertex -14.3265 23.4926 2.8
      vertex -14.025 23.6175 2.8
    endloop
  endfacet
  facet normal 0 0 1
    outer loop
      vertex -14.65 25.95 2.8
      vertex -14.3265 23.4926 2.8
      vertex -14.3265 25.9074 2.8
    endloop
  endfacet
  facet normal 0 0 1
    outer loop
      vertex -14.65 25.95 2.8
      vertex -14.65 23.45 2.8
      vertex -14.3265 23.4926 2.8
    endloop
  endfacet
  facet normal -0 0 1
    outer loop
      vertex -14.9735 25.9074 2.8
      vertex -14.65 23.45 2.8
      vertex -14.65 25.95 2.8
    endloop
  endfacet
  facet normal 0 0 1
    outer loop
      vertex -14.9735 25.9074 2.8
      vertex -14.9735 23.4926 2.8
      vertex -14.65 23.45 2.8
    endloop
  endfacet
  facet normal -0 0 1
    outer loop
      vertex -15.275 25.7825 2.8
      vertex -14.9735 23.4926 2.8
      vertex -14.9735 25.9074 2.8
    endloop
  endfacet
  facet normal 0 0 1
    outer loop
      vertex -15.275 25.7825 2.8
      vertex -15.275 23.6175 2.8
      vertex -14.9735 23.4926 2.8
    endloop
  endfacet
  facet normal -0 0 1
    outer loop
      vertex -15.5339 25.5839 2.8
      vertex -15.275 23.6175 2.8
      vertex -15.275 25.7825 2.8
    endloop
  endfacet
  facet normal 0 0 1
    outer loop
      vertex -15.5339 25.5839 2.8
      vertex -15.5339 23.8161 2.8
      vertex -15.275 23.6175 2.8
    endloop
  endfacet
  facet normal -0 0 1
    outer loop
      vertex -15.7325 25.325 2.8
      vertex -15.5339 23.8161 2.8
      vertex -15.5339 25.5839 2.8
    endloop
  endfacet
  facet normal 0 0 1
    outer loop
      vertex -15.7325 25.325 2.8
      vertex -15.7325 24.075 2.8
      vertex -15.5339 23.8161 2.8
    endloop
  endfacet
  facet normal -0 0 1
    outer loop
      vertex -15.8574 25.0235 2.8
      vertex -15.7325 24.075 2.8
      vertex -15.7325 25.325 2.8
    endloop
  endfacet
  facet normal 0 0 1
    outer loop
      vertex -15.8574 25.0235 2.8
      vertex -15.8574 24.3765 2.8
      vertex -15.7325 24.075 2.8
    endloop
  endfacet
  facet normal 0 -0 1
    outer loop
      vertex -15.8574 24.3765 2.8
      vertex -15.8574 25.0235 2.8
      vertex -15.9 24.7 2.8
    endloop
  endfacet
  facet normal 0.991441 0.130558 0
    outer loop
      vertex -15.8574 24.3765 12.7
      vertex -15.9 24.7 2.8
      vertex -15.9 24.7 12.7
    endloop
  endfacet
  facet normal 0.991441 0.130558 0
    outer loop
      vertex -15.9 24.7 2.8
      vertex -15.8574 24.3765 12.7
      vertex -15.8574 24.3765 2.8
    endloop
  endfacet
  facet normal -0.608644 0.793444 0
    outer loop
      vertex -13.7661 23.8161 2.8
      vertex -14.025 23.6175 12.7
      vertex -13.7661 23.8161 12.7
    endloop
  endfacet
  facet normal -0.608644 0.793444 0
    outer loop
      vertex -14.025 23.6175 12.7
      vertex -13.7661 23.8161 2.8
      vertex -14.025 23.6175 2.8
    endloop
  endfacet
  facet normal 0.382722 0.923864 -0
    outer loop
      vertex -14.9735 23.4926 2.8
      vertex -15.275 23.6175 12.7
      vertex -14.9735 23.4926 12.7
    endloop
  endfacet
  facet normal 0.382722 0.923864 0
    outer loop
      vertex -15.275 23.6175 12.7
      vertex -14.9735 23.4926 2.8
      vertex -15.275 23.6175 2.8
    endloop
  endfacet
  facet normal -0.382722 -0.923864 0
    outer loop
      vertex -14.3265 25.9074 2.8
      vertex -14.025 25.7825 12.7
      vertex -14.3265 25.9074 12.7
    endloop
  endfacet
  facet normal -0.382722 -0.923864 -0
    outer loop
      vertex -14.025 25.7825 12.7
      vertex -14.3265 25.9074 2.8
      vertex -14.025 25.7825 2.8
    endloop
  endfacet
  facet normal 0.130558 -0.991441 0
    outer loop
      vertex -14.9735 25.9074 2.8
      vertex -14.65 25.95 12.7
      vertex -14.9735 25.9074 12.7
    endloop
  endfacet
  facet normal 0.130558 -0.991441 0
    outer loop
      vertex -14.65 25.95 12.7
      vertex -14.9735 25.9074 2.8
      vertex -14.65 25.95 2.8
    endloop
  endfacet
  facet normal 0.608644 -0.793444 0
    outer loop
      vertex -15.5339 25.5839 2.8
      vertex -15.275 25.7825 12.7
      vertex -15.5339 25.5839 12.7
    endloop
  endfacet
  facet normal 0.608644 -0.793444 0
    outer loop
      vertex -15.275 25.7825 12.7
      vertex -15.5339 25.5839 2.8
      vertex -15.275 25.7825 2.8
    endloop
  endfacet
  facet normal 0.382722 -0.923864 0
    outer loop
      vertex -15.275 25.7825 2.8
      vertex -14.9735 25.9074 12.7
      vertex -15.275 25.7825 12.7
    endloop
  endfacet
  facet normal 0.382722 -0.923864 0
    outer loop
      vertex -14.9735 25.9074 12.7
      vertex -15.275 25.7825 2.8
      vertex -14.9735 25.9074 2.8
    endloop
  endfacet
  facet normal 0.130558 0.991441 -0
    outer loop
      vertex -14.65 23.45 2.8
      vertex -14.9735 23.4926 12.7
      vertex -14.65 23.45 12.7
    endloop
  endfacet
  facet normal 0.130558 0.991441 0
    outer loop
      vertex -14.9735 23.4926 12.7
      vertex -14.65 23.45 2.8
      vertex -14.9735 23.4926 2.8
    endloop
  endfacet
  facet normal -0.991441 0.130558 0
    outer loop
      vertex -13.4426 24.3765 2.8
      vertex -13.4 24.7 12.7
      vertex -13.4 24.7 2.8
    endloop
  endfacet
  facet normal -0.991441 0.130558 0
    outer loop
      vertex -13.4 24.7 12.7
      vertex -13.4426 24.3765 2.8
      vertex -13.4426 24.3765 12.7
    endloop
  endfacet
  facet normal 0.923864 -0.382722 0
    outer loop
      vertex -15.8574 25.0235 12.7
      vertex -15.7325 25.325 2.8
      vertex -15.7325 25.325 12.7
    endloop
  endfacet
  facet normal 0.923864 -0.382722 0
    outer loop
      vertex -15.7325 25.325 2.8
      vertex -15.8574 25.0235 12.7
      vertex -15.8574 25.0235 2.8
    endloop
  endfacet
  facet normal 0.923864 0.382722 0
    outer loop
      vertex -15.7325 24.075 12.7
      vertex -15.8574 24.3765 2.8
      vertex -15.8574 24.3765 12.7
    endloop
  endfacet
  facet normal 0.923864 0.382722 0
    outer loop
      vertex -15.8574 24.3765 2.8
      vertex -15.7325 24.075 12.7
      vertex -15.7325 24.075 2.8
    endloop
  endfacet
  facet normal -0.608644 -0.793444 0
    outer loop
      vertex -14.025 25.7825 2.8
      vertex -13.7661 25.5839 12.7
      vertex -14.025 25.7825 12.7
    endloop
  endfacet
  facet normal -0.608644 -0.793444 -0
    outer loop
      vertex -13.7661 25.5839 12.7
      vertex -14.025 25.7825 2.8
      vertex -13.7661 25.5839 2.8
    endloop
  endfacet
  facet normal -0.130558 -0.991441 0
    outer loop
      vertex -14.65 25.95 2.8
      vertex -14.3265 25.9074 12.7
      vertex -14.65 25.95 12.7
    endloop
  endfacet
  facet normal -0.130558 -0.991441 -0
    outer loop
      vertex -14.3265 25.9074 12.7
      vertex -14.65 25.95 2.8
      vertex -14.3265 25.9074 2.8
    endloop
  endfacet
  facet normal -0.130558 0.991441 0
    outer loop
      vertex -14.3265 23.4926 2.8
      vertex -14.65 23.45 12.7
      vertex -14.3265 23.4926 12.7
    endloop
  endfacet
  facet normal -0.130558 0.991441 0
    outer loop
      vertex -14.65 23.45 12.7
      vertex -14.3265 23.4926 2.8
      vertex -14.65 23.45 2.8
    endloop
  endfacet
  facet normal -0.793444 -0.608644 0
    outer loop
      vertex -13.5675 25.325 2.8
      vertex -13.7661 25.5839 12.7
      vertex -13.7661 25.5839 2.8
    endloop
  endfacet
  facet normal -0.793444 -0.608644 0
    outer loop
      vertex -13.7661 25.5839 12.7
      vertex -13.5675 25.325 2.8
      vertex -13.5675 25.325 12.7
    endloop
  endfacet
  facet normal 0.793444 0.608644 0
    outer loop
      vertex -15.5339 23.8161 12.7
      vertex -15.7325 24.075 2.8
      vertex -15.7325 24.075 12.7
    endloop
  endfacet
  facet normal 0.793444 0.608644 0
    outer loop
      vertex -15.7325 24.075 2.8
      vertex -15.5339 23.8161 12.7
      vertex -15.5339 23.8161 2.8
    endloop
  endfacet
  facet normal 0.608644 0.793444 -0
    outer loop
      vertex -15.275 23.6175 2.8
      vertex -15.5339 23.8161 12.7
      vertex -15.275 23.6175 12.7
    endloop
  endfacet
  facet normal 0.608644 0.793444 0
    outer loop
      vertex -15.5339 23.8161 12.7
      vertex -15.275 23.6175 2.8
      vertex -15.5339 23.8161 2.8
    endloop
  endfacet
  facet normal -0.923864 -0.382722 0
    outer loop
      vertex 15.8574 -26.0965 2.8
      vertex 15.7325 -25.795 12.7
      vertex 15.7325 -25.795 2.8
    endloop
  endfacet
  facet normal -0.923864 -0.382722 0
    outer loop
      vertex 15.7325 -25.795 12.7
      vertex 15.8574 -26.0965 2.8
      vertex 15.8574 -26.0965 12.7
    endloop
  endfacet
  facet normal -0.991441 -0.130558 0
    outer loop
      vertex 15.9 -26.42 2.8
      vertex 15.8574 -26.0965 12.7
      vertex 15.8574 -26.0965 2.8
    endloop
  endfacet
  facet normal -0.991441 -0.130558 0
    outer loop
      vertex 15.8574 -26.0965 12.7
      vertex 15.9 -26.42 2.8
      vertex 15.9 -26.42 12.7
    endloop
  endfacet
  facet normal -0.923864 0.382722 0
    outer loop
      vertex 15.7325 -27.045 2.8
      vertex 15.8574 -26.7435 12.7
      vertex 15.8574 -26.7435 2.8
    endloop
  endfacet
  facet normal -0.923864 0.382722 0
    outer loop
      vertex 15.8574 -26.7435 12.7
      vertex 15.7325 -27.045 2.8
      vertex 15.7325 -27.045 12.7
    endloop
  endfacet
  facet normal -0.382722 0.923864 0
    outer loop
      vertex 15.275 -27.5025 2.8
      vertex 14.9735 -27.6274 12.7
      vertex 15.275 -27.5025 12.7
    endloop
  endfacet
  facet normal -0.382722 0.923864 0
    outer loop
      vertex 14.9735 -27.6274 12.7
      vertex 15.275 -27.5025 2.8
      vertex 14.9735 -27.6274 2.8
    endloop
  endfacet
  facet normal 0 0 1
    outer loop
      vertex 15.8574 -26.0965 2.8
      vertex 15.8574 -26.7435 2.8
      vertex 15.9 -26.42 2.8
    endloop
  endfacet
  facet normal 0 0 1
    outer loop
      vertex 15.7325 -25.795 2.8
      vertex 15.8574 -26.7435 2.8
      vertex 15.8574 -26.0965 2.8
    endloop
  endfacet
  facet normal 0 0 1
    outer loop
      vertex 15.7325 -25.795 2.8
      vertex 15.7325 -27.045 2.8
      vertex 15.8574 -26.7435 2.8
    endloop
  endfacet
  facet normal 0 0 1
    outer loop
      vertex 15.5339 -25.5361 2.8
      vertex 15.7325 -27.045 2.8
      vertex 15.7325 -25.795 2.8
    endloop
  endfacet
  facet normal 0 0 1
    outer loop
      vertex 15.5339 -25.5361 2.8
      vertex 15.5339 -27.3039 2.8
      vertex 15.7325 -27.045 2.8
    endloop
  endfacet
  facet normal 0 0 1
    outer loop
      vertex 15.275 -25.3375 2.8
      vertex 15.5339 -27.3039 2.8
      vertex 15.5339 -25.5361 2.8
    endloop
  endfacet
  facet normal 0 0 1
    outer loop
      vertex 15.275 -25.3375 2.8
      vertex 15.275 -27.5025 2.8
      vertex 15.5339 -27.3039 2.8
    endloop
  endfacet
  facet normal 0 0 1
    outer loop
      vertex 14.9735 -25.2126 2.8
      vertex 15.275 -27.5025 2.8
      vertex 15.275 -25.3375 2.8
    endloop
  endfacet
  facet normal 0 0 1
    outer loop
      vertex 14.9735 -25.2126 2.8
      vertex 14.9735 -27.6274 2.8
      vertex 15.275 -27.5025 2.8
    endloop
  endfacet
  facet normal 0 0 1
    outer loop
      vertex 14.65 -25.17 2.8
      vertex 14.9735 -27.6274 2.8
      vertex 14.9735 -25.2126 2.8
    endloop
  endfacet
  facet normal 0 0 1
    outer loop
      vertex 14.65 -25.17 2.8
      vertex 14.65 -27.67 2.8
      vertex 14.9735 -27.6274 2.8
    endloop
  endfacet
  facet normal -0 0 1
    outer loop
      vertex 14.3265 -25.2126 2.8
      vertex 14.65 -27.67 2.8
      vertex 14.65 -25.17 2.8
    endloop
  endfacet
  facet normal 0 0 1
    outer loop
      vertex 14.3265 -25.2126 2.8
      vertex 14.3265 -27.6274 2.8
      vertex 14.65 -27.67 2.8
    endloop
  endfacet
  facet normal -0 0 1
    outer loop
      vertex 14.025 -25.3375 2.8
      vertex 14.3265 -27.6274 2.8
      vertex 14.3265 -25.2126 2.8
    endloop
  endfacet
  facet normal 0 0 1
    outer loop
      vertex 14.025 -25.3375 2.8
      vertex 14.025 -27.5025 2.8
      vertex 14.3265 -27.6274 2.8
    endloop
  endfacet
  facet normal -0 0 1
    outer loop
      vertex 13.7661 -25.5361 2.8
      vertex 14.025 -27.5025 2.8
      vertex 14.025 -25.3375 2.8
    endloop
  endfacet
  facet normal 0 0 1
    outer loop
      vertex 13.7661 -25.5361 2.8
      vertex 13.7661 -27.3039 2.8
      vertex 14.025 -27.5025 2.8
    endloop
  endfacet
  facet normal -0 0 1
    outer loop
      vertex 13.5675 -25.795 2.8
      vertex 13.7661 -27.3039 2.8
      vertex 13.7661 -25.5361 2.8
    endloop
  endfacet
  facet normal 0 0 1
    outer loop
      vertex 13.5675 -25.795 2.8
      vertex 13.5675 -27.045 2.8
      vertex 13.7661 -27.3039 2.8
    endloop
  endfacet
  facet normal -0 0 1
    outer loop
      vertex 13.4426 -26.0965 2.8
      vertex 13.5675 -27.045 2.8
      vertex 13.5675 -25.795 2.8
    endloop
  endfacet
  facet normal 0 0 1
    outer loop
      vertex 13.4426 -26.0965 2.8
      vertex 13.4426 -26.7435 2.8
      vertex 13.5675 -27.045 2.8
    endloop
  endfacet
  facet normal 0 -0 1
    outer loop
      vertex 13.4426 -26.7435 2.8
      vertex 13.4426 -26.0965 2.8
      vertex 13.4 -26.42 2.8
    endloop
  endfacet
  facet normal 0.793444 -0.608644 0
    outer loop
      vertex 13.5675 -25.795 12.7
      vertex 13.7661 -25.5361 2.8
      vertex 13.7661 -25.5361 12.7
    endloop
  endfacet
  facet normal 0.793444 -0.608644 0
    outer loop
      vertex 13.7661 -25.5361 2.8
      vertex 13.5675 -25.795 12.7
      vertex 13.5675 -25.795 2.8
    endloop
  endfacet
  facet normal 0.382722 -0.923864 0
    outer loop
      vertex 14.025 -25.3375 2.8
      vertex 14.3265 -25.2126 12.7
      vertex 14.025 -25.3375 12.7
    endloop
  endfacet
  facet normal 0.382722 -0.923864 0
    outer loop
      vertex 14.3265 -25.2126 12.7
      vertex 14.025 -25.3375 2.8
      vertex 14.3265 -25.2126 2.8
    endloop
  endfacet
  facet normal 0.991441 0.130558 0
    outer loop
      vertex 13.4426 -26.7435 12.7
      vertex 13.4 -26.42 2.8
      vertex 13.4 -26.42 12.7
    endloop
  endfacet
  facet normal 0.991441 0.130558 0
    outer loop
      vertex 13.4 -26.42 2.8
      vertex 13.4426 -26.7435 12.7
      vertex 13.4426 -26.7435 2.8
    endloop
  endfacet
  facet normal -0.608644 0.793444 0
    outer loop
      vertex 15.5339 -27.3039 2.8
      vertex 15.275 -27.5025 12.7
      vertex 15.5339 -27.3039 12.7
    endloop
  endfacet
  facet normal -0.608644 0.793444 0
    outer loop
      vertex 15.275 -27.5025 12.7
      vertex 15.5339 -27.3039 2.8
      vertex 15.275 -27.5025 2.8
    endloop
  endfacet
  facet normal 0.382722 0.923864 -0
    outer loop
      vertex 14.3265 -27.6274 2.8
      vertex 14.025 -27.5025 12.7
      vertex 14.3265 -27.6274 12.7
    endloop
  endfacet
  facet normal 0.382722 0.923864 0
    outer loop
      vertex 14.025 -27.5025 12.7
      vertex 14.3265 -27.6274 2.8
      vertex 14.025 -27.5025 2.8
    endloop
  endfacet
  facet normal 0.608644 -0.793444 0
    outer loop
      vertex 13.7661 -25.5361 2.8
      vertex 14.025 -25.3375 12.7
      vertex 13.7661 -25.5361 12.7
    endloop
  endfacet
  facet normal 0.608644 -0.793444 0
    outer loop
      vertex 14.025 -25.3375 12.7
      vertex 13.7661 -25.5361 2.8
      vertex 14.025 -25.3375 2.8
    endloop
  endfacet
  facet normal -0.382722 -0.923864 0
    outer loop
      vertex 14.9735 -25.2126 2.8
      vertex 15.275 -25.3375 12.7
      vertex 14.9735 -25.2126 12.7
    endloop
  endfacet
  facet normal -0.382722 -0.923864 -0
    outer loop
      vertex 15.275 -25.3375 12.7
      vertex 14.9735 -25.2126 2.8
      vertex 15.275 -25.3375 2.8
    endloop
  endfacet
  facet normal 0.130558 -0.991441 0
    outer loop
      vertex 14.3265 -25.2126 2.8
      vertex 14.65 -25.17 12.7
      vertex 14.3265 -25.2126 12.7
    endloop
  endfacet
  facet normal 0.130558 -0.991441 0
    outer loop
      vertex 14.65 -25.17 12.7
      vertex 14.3265 -25.2126 2.8
      vertex 14.65 -25.17 2.8
    endloop
  endfacet
  facet normal 0.991441 -0.130558 0
    outer loop
      vertex 13.4 -26.42 12.7
      vertex 13.4426 -26.0965 2.8
      vertex 13.4426 -26.0965 12.7
    endloop
  endfacet
  facet normal 0.991441 -0.130558 0
    outer loop
      vertex 13.4426 -26.0965 2.8
      vertex 13.4 -26.42 12.7
      vertex 13.4 -26.42 2.8
    endloop
  endfacet
  facet normal -0.991441 0.130558 0
    outer loop
      vertex 15.8574 -26.7435 2.8
      vertex 15.9 -26.42 12.7
      vertex 15.9 -26.42 2.8
    endloop
  endfacet
  facet normal -0.991441 0.130558 0
    outer loop
      vertex 15.9 -26.42 12.7
      vertex 15.8574 -26.7435 2.8
      vertex 15.8574 -26.7435 12.7
    endloop
  endfacet
  facet normal 0.130558 0.991441 -0
    outer loop
      vertex 14.65 -27.67 2.8
      vertex 14.3265 -27.6274 12.7
      vertex 14.65 -27.67 12.7
    endloop
  endfacet
  facet normal 0.130558 0.991441 0
    outer loop
      vertex 14.3265 -27.6274 12.7
      vertex 14.65 -27.67 2.8
      vertex 14.3265 -27.6274 2.8
    endloop
  endfacet
  facet normal -0.793444 0.608644 0
    outer loop
      vertex 15.5339 -27.3039 2.8
      vertex 15.7325 -27.045 12.7
      vertex 15.7325 -27.045 2.8
    endloop
  endfacet
  facet normal -0.793444 0.608644 0
    outer loop
      vertex 15.7325 -27.045 12.7
      vertex 15.5339 -27.3039 2.8
      vertex 15.5339 -27.3039 12.7
    endloop
  endfacet
  facet normal 0.923864 0.382722 0
    outer loop
      vertex 13.5675 -27.045 12.7
      vertex 13.4426 -26.7435 2.8
      vertex 13.4426 -26.7435 12.7
    endloop
  endfacet
  facet normal 0.923864 0.382722 0
    outer loop
      vertex 13.4426 -26.7435 2.8
      vertex 13.5675 -27.045 12.7
      vertex 13.5675 -27.045 2.8
    endloop
  endfacet
  facet normal -0.608644 -0.793444 0
    outer loop
      vertex 15.275 -25.3375 2.8
      vertex 15.5339 -25.5361 12.7
      vertex 15.275 -25.3375 12.7
    endloop
  endfacet
  facet normal -0.608644 -0.793444 -0
    outer loop
      vertex 15.5339 -25.5361 12.7
      vertex 15.275 -25.3375 2.8
      vertex 15.5339 -25.5361 2.8
    endloop
  endfacet
  facet normal -0.130558 -0.991441 0
    outer loop
      vertex 14.65 -25.17 2.8
      vertex 14.9735 -25.2126 12.7
      vertex 14.65 -25.17 12.7
    endloop
  endfacet
  facet normal -0.130558 -0.991441 -0
    outer loop
      vertex 14.9735 -25.2126 12.7
      vertex 14.65 -25.17 2.8
      vertex 14.9735 -25.2126 2.8
    endloop
  endfacet
  facet normal -0.130558 0.991441 0
    outer loop
      vertex 14.9735 -27.6274 2.8
      vertex 14.65 -27.67 12.7
      vertex 14.9735 -27.6274 12.7
    endloop
  endfacet
  facet normal -0.130558 0.991441 0
    outer loop
      vertex 14.65 -27.67 12.7
      vertex 14.9735 -27.6274 2.8
      vertex 14.65 -27.67 2.8
    endloop
  endfacet
  facet normal -0.793444 -0.608644 0
    outer loop
      vertex 15.7325 -25.795 2.8
      vertex 15.5339 -25.5361 12.7
      vertex 15.5339 -25.5361 2.8
    endloop
  endfacet
  facet normal -0.793444 -0.608644 0
    outer loop
      vertex 15.5339 -25.5361 12.7
      vertex 15.7325 -25.795 2.8
      vertex 15.7325 -25.795 12.7
    endloop
  endfacet
  facet normal 0.793444 0.608644 0
    outer loop
      vertex 13.7661 -27.3039 12.7
      vertex 13.5675 -27.045 2.8
      vertex 13.5675 -27.045 12.7
    endloop
  endfacet
  facet normal 0.793444 0.608644 0
    outer loop
      vertex 13.5675 -27.045 2.8
      vertex 13.7661 -27.3039 12.7
      vertex 13.7661 -27.3039 2.8
    endloop
  endfacet
  facet normal 0.923864 -0.382722 0
    outer loop
      vertex 13.4426 -26.0965 12.7
      vertex 13.5675 -25.795 2.8
      vertex 13.5675 -25.795 12.7
    endloop
  endfacet
  facet normal 0.923864 -0.382722 0
    outer loop
      vertex 13.5675 -25.795 2.8
      vertex 13.4426 -26.0965 12.7
      vertex 13.4426 -26.0965 2.8
    endloop
  endfacet
  facet normal 0.608644 0.793444 -0
    outer loop
      vertex 14.025 -27.5025 2.8
      vertex 13.7661 -27.3039 12.7
      vertex 14.025 -27.5025 12.7
    endloop
  endfacet
  facet normal 0.608644 0.793444 0
    outer loop
      vertex 13.7661 -27.3039 12.7
      vertex 14.025 -27.5025 2.8
      vertex 13.7661 -27.3039 2.8
    endloop
  endfacet
  facet normal -0.923864 -0.382722 0
    outer loop
      vertex -13.4426 -26.0965 2.8
      vertex -13.5675 -25.795 12.7
      vertex -13.5675 -25.795 2.8
    endloop
  endfacet
  facet normal -0.923864 -0.382722 0
    outer loop
      vertex -13.5675 -25.795 12.7
      vertex -13.4426 -26.0965 2.8
      vertex -13.4426 -26.0965 12.7
    endloop
  endfacet
  facet normal -0.991441 -0.130558 0
    outer loop
      vertex -13.4 -26.42 2.8
      vertex -13.4426 -26.0965 12.7
      vertex -13.4426 -26.0965 2.8
    endloop
  endfacet
  facet normal -0.991441 -0.130558 0
    outer loop
      vertex -13.4426 -26.0965 12.7
      vertex -13.4 -26.42 2.8
      vertex -13.4 -26.42 12.7
    endloop
  endfacet
  facet normal -0.923864 0.382722 0
    outer loop
      vertex -13.5675 -27.045 2.8
      vertex -13.4426 -26.7435 12.7
      vertex -13.4426 -26.7435 2.8
    endloop
  endfacet
  facet normal -0.923864 0.382722 0
    outer loop
      vertex -13.4426 -26.7435 12.7
      vertex -13.5675 -27.045 2.8
      vertex -13.5675 -27.045 12.7
    endloop
  endfacet
  facet normal -0.382722 0.923864 0
    outer loop
      vertex -14.025 -27.5025 2.8
      vertex -14.3265 -27.6274 12.7
      vertex -14.025 -27.5025 12.7
    endloop
  endfacet
  facet normal -0.382722 0.923864 0
    outer loop
      vertex -14.3265 -27.6274 12.7
      vertex -14.025 -27.5025 2.8
      vertex -14.3265 -27.6274 2.8
    endloop
  endfacet
  facet normal 0 0 1
    outer loop
      vertex -13.4426 -26.0965 2.8
      vertex -13.4426 -26.7435 2.8
      vertex -13.4 -26.42 2.8
    endloop
  endfacet
  facet normal 0 0 1
    outer loop
      vertex -13.5675 -25.795 2.8
      vertex -13.4426 -26.7435 2.8
      vertex -13.4426 -26.0965 2.8
    endloop
  endfacet
  facet normal 0 0 1
    outer loop
      vertex -13.5675 -25.795 2.8
      vertex -13.5675 -27.045 2.8
      vertex -13.4426 -26.7435 2.8
    endloop
  endfacet
  facet normal 0 0 1
    outer loop
      vertex -13.7661 -25.5361 2.8
      vertex -13.5675 -27.045 2.8
      vertex -13.5675 -25.795 2.8
    endloop
  endfacet
  facet normal 0 0 1
    outer loop
      vertex -13.7661 -25.5361 2.8
      vertex -13.7661 -27.3039 2.8
      vertex -13.5675 -27.045 2.8
    endloop
  endfacet
  facet normal 0 0 1
    outer loop
      vertex -14.025 -25.3375 2.8
      vertex -13.7661 -27.3039 2.8
      vertex -13.7661 -25.5361 2.8
    endloop
  endfacet
  facet normal 0 0 1
    outer loop
      vertex -14.025 -25.3375 2.8
      vertex -14.025 -27.5025 2.8
      vertex -13.7661 -27.3039 2.8
    endloop
  endfacet
  facet normal 0 0 1
    outer loop
      vertex -14.3265 -25.2126 2.8
      vertex -14.025 -27.5025 2.8
      vertex -14.025 -25.3375 2.8
    endloop
  endfacet
  facet normal 0 0 1
    outer loop
      vertex -14.3265 -25.2126 2.8
      vertex -14.3265 -27.6274 2.8
      vertex -14.025 -27.5025 2.8
    endloop
  endfacet
  facet normal 0 0 1
    outer loop
      vertex -14.65 -25.17 2.8
      vertex -14.3265 -27.6274 2.8
      vertex -14.3265 -25.2126 2.8
    endloop
  endfacet
  facet normal 0 0 1
    outer loop
      vertex -14.65 -25.17 2.8
      vertex -14.65 -27.67 2.8
      vertex -14.3265 -27.6274 2.8
    endloop
  endfacet
  facet normal -0 0 1
    outer loop
      vertex -14.9735 -25.2126 2.8
      vertex -14.65 -27.67 2.8
      vertex -14.65 -25.17 2.8
    endloop
  endfacet
  facet normal 0 0 1
    outer loop
      vertex -14.9735 -25.2126 2.8
      vertex -14.9735 -27.6274 2.8
      vertex -14.65 -27.67 2.8
    endloop
  endfacet
  facet normal -0 0 1
    outer loop
      vertex -15.275 -25.3375 2.8
      vertex -14.9735 -27.6274 2.8
      vertex -14.9735 -25.2126 2.8
    endloop
  endfacet
  facet normal 0 0 1
    outer loop
      vertex -15.275 -25.3375 2.8
      vertex -15.275 -27.5025 2.8
      vertex -14.9735 -27.6274 2.8
    endloop
  endfacet
  facet normal -0 0 1
    outer loop
      vertex -15.5339 -25.5361 2.8
      vertex -15.275 -27.5025 2.8
      vertex -15.275 -25.3375 2.8
    endloop
  endfacet
  facet normal 0 0 1
    outer loop
      vertex -15.5339 -25.5361 2.8
      vertex -15.5339 -27.3039 2.8
      vertex -15.275 -27.5025 2.8
    endloop
  endfacet
  facet normal -0 0 1
    outer loop
      vertex -15.7325 -25.795 2.8
      vertex -15.5339 -27.3039 2.8
      vertex -15.5339 -25.5361 2.8
    endloop
  endfacet
  facet normal 0 0 1
    outer loop
      vertex -15.7325 -25.795 2.8
      vertex -15.7325 -27.045 2.8
      vertex -15.5339 -27.3039 2.8
    endloop
  endfacet
  facet normal -0 0 1
    outer loop
      vertex -15.8574 -26.0965 2.8
      vertex -15.7325 -27.045 2.8
      vertex -15.7325 -25.795 2.8
    endloop
  endfacet
  facet normal 0 0 1
    outer loop
      vertex -15.8574 -26.0965 2.8
      vertex -15.8574 -26.7435 2.8
      vertex -15.7325 -27.045 2.8
    endloop
  endfacet
  facet normal 0 -0 1
    outer loop
      vertex -15.8574 -26.7435 2.8
      vertex -15.8574 -26.0965 2.8
      vertex -15.9 -26.42 2.8
    endloop
  endfacet
  facet normal 0.793444 -0.608644 0
    outer loop
      vertex -15.7325 -25.795 12.7
      vertex -15.5339 -25.5361 2.8
      vertex -15.5339 -25.5361 12.7
    endloop
  endfacet
  facet normal 0.793444 -0.608644 0
    outer loop
      vertex -15.5339 -25.5361 2.8
      vertex -15.7325 -25.795 12.7
      vertex -15.7325 -25.795 2.8
    endloop
  endfacet
  facet normal 0.382722 -0.923864 0
    outer loop
      vertex -15.275 -25.3375 2.8
      vertex -14.9735 -25.2126 12.7
      vertex -15.275 -25.3375 12.7
    endloop
  endfacet
  facet normal 0.382722 -0.923864 0
    outer loop
      vertex -14.9735 -25.2126 12.7
      vertex -15.275 -25.3375 2.8
      vertex -14.9735 -25.2126 2.8
    endloop
  endfacet
  facet normal 0.991441 0.130558 0
    outer loop
      vertex -15.8574 -26.7435 12.7
      vertex -15.9 -26.42 2.8
      vertex -15.9 -26.42 12.7
    endloop
  endfacet
  facet normal 0.991441 0.130558 0
    outer loop
      vertex -15.9 -26.42 2.8
      vertex -15.8574 -26.7435 12.7
      vertex -15.8574 -26.7435 2.8
    endloop
  endfacet
  facet normal -0.608644 0.793444 0
    outer loop
      vertex -13.7661 -27.3039 2.8
      vertex -14.025 -27.5025 12.7
      vertex -13.7661 -27.3039 12.7
    endloop
  endfacet
  facet normal -0.608644 0.793444 0
    outer loop
      vertex -14.025 -27.5025 12.7
      vertex -13.7661 -27.3039 2.8
      vertex -14.025 -27.5025 2.8
    endloop
  endfacet
  facet normal 0.382722 0.923864 -0
    outer loop
      vertex -14.9735 -27.6274 2.8
      vertex -15.275 -27.5025 12.7
      vertex -14.9735 -27.6274 12.7
    endloop
  endfacet
  facet normal 0.382722 0.923864 0
    outer loop
      vertex -15.275 -27.5025 12.7
      vertex -14.9735 -27.6274 2.8
      vertex -15.275 -27.5025 2.8
    endloop
  endfacet
  facet normal 0.608644 -0.793444 0
    outer loop
      vertex -15.5339 -25.5361 2.8
      vertex -15.275 -25.3375 12.7
      vertex -15.5339 -25.5361 12.7
    endloop
  endfacet
  facet normal 0.608644 -0.793444 0
    outer loop
      vertex -15.275 -25.3375 12.7
      vertex -15.5339 -25.5361 2.8
      vertex -15.275 -25.3375 2.8
    endloop
  endfacet
  facet normal -0.382722 -0.923864 0
    outer loop
      vertex -14.3265 -25.2126 2.8
      vertex -14.025 -25.3375 12.7
      vertex -14.3265 -25.2126 12.7
    endloop
  endfacet
  facet normal -0.382722 -0.923864 -0
    outer loop
      vertex -14.025 -25.3375 12.7
      vertex -14.3265 -25.2126 2.8
      vertex -14.025 -25.3375 2.8
    endloop
  endfacet
  facet normal 0.130558 -0.991441 0
    outer loop
      vertex -14.9735 -25.2126 2.8
      vertex -14.65 -25.17 12.7
      vertex -14.9735 -25.2126 12.7
    endloop
  endfacet
  facet normal 0.130558 -0.991441 0
    outer loop
      vertex -14.65 -25.17 12.7
      vertex -14.9735 -25.2126 2.8
      vertex -14.65 -25.17 2.8
    endloop
  endfacet
  facet normal 0.991441 -0.130558 0
    outer loop
      vertex -15.9 -26.42 12.7
      vertex -15.8574 -26.0965 2.8
      vertex -15.8574 -26.0965 12.7
    endloop
  endfacet
  facet normal 0.991441 -0.130558 0
    outer loop
      vertex -15.8574 -26.0965 2.8
      vertex -15.9 -26.42 12.7
      vertex -15.9 -26.42 2.8
    endloop
  endfacet
  facet normal -0.991441 0.130558 0
    outer loop
      vertex -13.4426 -26.7435 2.8
      vertex -13.4 -26.42 12.7
      vertex -13.4 -26.42 2.8
    endloop
  endfacet
  facet normal -0.991441 0.130558 0
    outer loop
      vertex -13.4 -26.42 12.7
      vertex -13.4426 -26.7435 2.8
      vertex -13.4426 -26.7435 12.7
    endloop
  endfacet
  facet normal 0.130558 0.991441 -0
    outer loop
      vertex -14.65 -27.67 2.8
      vertex -14.9735 -27.6274 12.7
      vertex -14.65 -27.67 12.7
    endloop
  endfacet
  facet normal 0.130558 0.991441 0
    outer loop
      vertex -14.9735 -27.6274 12.7
      vertex -14.65 -27.67 2.8
      vertex -14.9735 -27.6274 2.8
    endloop
  endfacet
  facet normal -0.793444 0.608644 0
    outer loop
      vertex -13.7661 -27.3039 2.8
      vertex -13.5675 -27.045 12.7
      vertex -13.5675 -27.045 2.8
    endloop
  endfacet
  facet normal -0.793444 0.608644 0
    outer loop
      vertex -13.5675 -27.045 12.7
      vertex -13.7661 -27.3039 2.8
      vertex -13.7661 -27.3039 12.7
    endloop
  endfacet
  facet normal 0.923864 0.382722 0
    outer loop
      vertex -15.7325 -27.045 12.7
      vertex -15.8574 -26.7435 2.8
      vertex -15.8574 -26.7435 12.7
    endloop
  endfacet
  facet normal 0.923864 0.382722 0
    outer loop
      vertex -15.8574 -26.7435 2.8
      vertex -15.7325 -27.045 12.7
      vertex -15.7325 -27.045 2.8
    endloop
  endfacet
  facet normal -0.608644 -0.793444 0
    outer loop
      vertex -14.025 -25.3375 2.8
      vertex -13.7661 -25.5361 12.7
      vertex -14.025 -25.3375 12.7
    endloop
  endfacet
  facet normal -0.608644 -0.793444 -0
    outer loop
      vertex -13.7661 -25.5361 12.7
      vertex -14.025 -25.3375 2.8
      vertex -13.7661 -25.5361 2.8
    endloop
  endfacet
  facet normal -0.130558 -0.991441 0
    outer loop
      vertex -14.65 -25.17 2.8
      vertex -14.3265 -25.2126 12.7
      vertex -14.65 -25.17 12.7
    endloop
  endfacet
  facet normal -0.130558 -0.991441 -0
    outer loop
      vertex -14.3265 -25.2126 12.7
      vertex -14.65 -25.17 2.8
      vertex -14.3265 -25.2126 2.8
    endloop
  endfacet
  facet normal -0.130558 0.991441 0
    outer loop
      vertex -14.3265 -27.6274 2.8
      vertex -14.65 -27.67 12.7
      vertex -14.3265 -27.6274 12.7
    endloop
  endfacet
  facet normal -0.130558 0.991441 0
    outer loop
      vertex -14.65 -27.67 12.7
      vertex -14.3265 -27.6274 2.8
      vertex -14.65 -27.67 2.8
    endloop
  endfacet
  facet normal -0.793444 -0.608644 0
    outer loop
      vertex -13.5675 -25.795 2.8
      vertex -13.7661 -25.5361 12.7
      vertex -13.7661 -25.5361 2.8
    endloop
  endfacet
  facet normal -0.793444 -0.608644 0
    outer loop
      vertex -13.7661 -25.5361 12.7
      vertex -13.5675 -25.795 2.8
      vertex -13.5675 -25.795 12.7
    endloop
  endfacet
  facet normal 0.793444 0.608644 0
    outer loop
      vertex -15.5339 -27.3039 12.7
      vertex -15.7325 -27.045 2.8
      vertex -15.7325 -27.045 12.7
    endloop
  endfacet
  facet normal 0.793444 0.608644 0
    outer loop
      vertex -15.7325 -27.045 2.8
      vertex -15.5339 -27.3039 12.7
      vertex -15.5339 -27.3039 2.8
    endloop
  endfacet
  facet normal 0.923864 -0.382722 0
    outer loop
      vertex -15.8574 -26.0965 12.7
      vertex -15.7325 -25.795 2.8
      vertex -15.7325 -25.795 12.7
    endloop
  endfacet
  facet normal 0.923864 -0.382722 0
    outer loop
      vertex -15.7325 -25.795 2.8
      vertex -15.8574 -26.0965 12.7
      vertex -15.8574 -26.0965 2.8
    endloop
  endfacet
  facet normal 0.608644 0.793444 -0
    outer loop
      vertex -15.275 -27.5025 2.8
      vertex -15.5339 -27.3039 12.7
      vertex -15.275 -27.5025 12.7
    endloop
  endfacet
  facet normal 0.608644 0.793444 0
    outer loop
      vertex -15.5339 -27.3039 12.7
      vertex -15.275 -27.5025 2.8
      vertex -15.5339 -27.3039 2.8
    endloop
  endfacet
  facet normal -0.989171 -0.14677 0
    outer loop
      vertex -19.5731 -32.4803 9.09806
      vertex -19.6307 -32.0921 12.7
      vertex -19.6307 -32.0921 9.05982
    endloop
  endfacet
  facet normal -0.989171 -0.14677 0
    outer loop
      vertex -19.6307 -32.0921 12.7
      vertex -19.5731 -32.4803 9.09806
      vertex -19.5731 -32.4803 12.7
    endloop
  endfacet
  facet normal -0.989171 -0.14677 -0
    outer loop
      vertex -19.5731 -32.4803 3.60194
      vertex -19.6307 -32.0921 0
      vertex -19.5731 -32.4803 0
    endloop
  endfacet
  facet normal -0.989171 -0.14677 0
    outer loop
      vertex -19.6307 -32.0921 0
      vertex -19.5731 -32.4803 3.60194
      vertex -19.6307 -32.0921 3.64018
    endloop
  endfacet
  facet normal 0.970083 0.242775 0
    outer loop
      vertex 19.5731 26.4803 12.7
      vertex 19.4778 26.8611 0
      vertex 19.4778 26.8611 12.7
    endloop
  endfacet
  facet normal 0.970083 0.242775 0
    outer loop
      vertex 19.4778 26.8611 0
      vertex 19.5731 26.4803 12.7
      vertex 19.5731 26.4803 0
    endloop
  endfacet
  facet normal -0.998804 -0.0488978 0
    outer loop
      vertex -19.6371 -31.9635 9.04716
      vertex -19.65 -31.7 12.7
      vertex -19.65 -31.7 8.96723
    endloop
  endfacet
  facet normal -0.998764 -0.0496995 5.79721e-05
    outer loop
      vertex -19.6307 -32.0921 9.05982
      vertex -19.65 -31.7 12.7
      vertex -19.6371 -31.9635 9.04716
    endloop
  endfacet
  facet normal -0.998791 -0.0491626 0
    outer loop
      vertex -19.65 -31.7 12.7
      vertex -19.6307 -32.0921 9.05982
      vertex -19.6307 -32.0921 12.7
    endloop
  endfacet
  facet normal -0.998804 -0.0488978 0
    outer loop
      vertex -19.65 -31.7 0
      vertex -19.6371 -31.9635 3.65284
      vertex -19.65 -31.7 3.73277
    endloop
  endfacet
  facet normal -0.998791 -0.0491626 -0
    outer loop
      vertex -19.6307 -32.0921 3.64018
      vertex -19.65 -31.7 0
      vertex -19.6307 -32.0921 0
    endloop
  endfacet
  facet normal -0.998764 -0.0496995 -5.79721e-05
    outer loop
      vertex -19.65 -31.7 0
      vertex -19.6307 -32.0921 3.64018
      vertex -19.6371 -31.9635 3.65284
    endloop
  endfacet
  facet normal 0.595794 0.803137 -0
    outer loop
      vertex 18.1876 28.792 0
      vertex 17.8723 29.0259 12.7
      vertex 18.1876 28.792 12.7
    endloop
  endfacet
  facet normal 0.595794 0.803137 0
    outer loop
      vertex 17.8723 29.0259 12.7
      vertex 18.1876 28.792 0
      vertex 17.8723 29.0259 0
    endloop
  endfacet
  facet normal 0.675725 -0.737154 0
    outer loop
      vertex 18.1876 -34.792 0
      vertex 18.1936 -34.7865 4.82218
      vertex 18.1876 -34.792 4.83247
    endloop
  endfacet
  facet normal 0.671525 -0.740982 9.59064e-06
    outer loop
      vertex 18.1876 -34.792 0
      vertex 18.4784 -34.5284 4.50767
      vertex 18.1936 -34.7865 4.82218
    endloop
  endfacet
  facet normal 0.671607 -0.740908 0
    outer loop
      vertex 18.4784 -34.5284 4.50767
      vertex 18.1876 -34.792 0
      vertex 18.4784 -34.5284 0
    endloop
  endfacet
  facet normal 0.671607 -0.740908 0
    outer loop
      vertex 18.1876 -34.792 12.7
      vertex 18.4784 -34.5284 8.19233
      vertex 18.4784 -34.5284 12.7
    endloop
  endfacet
  facet normal 0.671525 -0.740982 -9.59064e-06
    outer loop
      vertex 18.1876 -34.792 12.7
      vertex 18.1936 -34.7865 7.87782
      vertex 18.4784 -34.5284 8.19233
    endloop
  endfacet
  facet normal 0.675725 -0.737154 0
    outer loop
      vertex 18.1936 -34.7865 7.87782
      vertex 18.1876 -34.792 12.7
      vertex 18.1876 -34.792 7.86753
    endloop
  endfacet
  facet normal -0.998791 0.0491626 0
    outer loop
      vertex -19.65 25.7 0
      vertex -19.6307 26.0921 12.7
      vertex -19.6307 26.0921 0
    endloop
  endfacet
  facet normal -0.998791 0.0491626 0
    outer loop
      vertex -19.6307 26.0921 12.7
      vertex -19.65 25.7 0
      vertex -19.65 25.7 12.7
    endloop
  endfacet
  facet normal 1 0 0
    outer loop
      vertex 19.65 25.7 12.7
      vertex 19.65 8.5 7.05
      vertex 19.65 25.7 0
    endloop
  endfacet
  facet normal 1 0 0
    outer loop
      vertex 19.65 25.7 12.7
      vertex 19.65 8.45295 7.76789
      vertex 19.65 8.5 7.05
    endloop
  endfacet
  facet normal 1 0 0
    outer loop
      vertex 19.65 25.7 12.7
      vertex 19.65 8.31259 8.4735
      vertex 19.65 8.45295 7.76789
    endloop
  endfacet
  facet normal 1 0 0
    outer loop
      vertex 19.65 25.7 12.7
      vertex 19.65 8.08134 9.15476
      vertex 19.65 8.31259 8.4735
    endloop
  endfacet
  facet normal 1 0 0
    outer loop
      vertex 19.65 25.7 12.7
      vertex 19.65 7.76314 9.8
      vertex 19.65 8.08134 9.15476
    endloop
  endfacet
  facet normal 1 0 0
    outer loop
      vertex 19.65 25.7 12.7
      vertex 19.65 7.36344 10.3982
      vertex 19.65 7.76314 9.8
    endloop
  endfacet
  facet normal 1 0 0
    outer loop
      vertex 19.65 25.7 12.7
      vertex 19.65 6.88909 10.9391
      vertex 19.65 7.36344 10.3982
    endloop
  endfacet
  facet normal 1 0 0
    outer loop
      vertex 19.65 25.7 12.7
      vertex 19.65 6.34819 11.4134
      vertex 19.65 6.88909 10.9391
    endloop
  endfacet
  facet normal 1 0 0
    outer loop
      vertex 19.65 25.7 12.7
      vertex 19.65 5.75 11.8131
      vertex 19.65 6.34819 11.4134
    endloop
  endfacet
  facet normal 1 0 0
    outer loop
      vertex 19.65 25.7 12.7
      vertex 19.65 5.10476 12.1313
      vertex 19.65 5.75 11.8131
    endloop
  endfacet
  facet normal 1 0 0
    outer loop
      vertex 19.65 25.7 12.7
      vertex 19.65 4.4235 12.3626
      vertex 19.65 5.10476 12.1313
    endloop
  endfacet
  facet normal 1 0 0
    outer loop
      vertex 19.65 25.7 12.7
      vertex 19.65 3.71789 12.5029
      vertex 19.65 4.4235 12.3626
    endloop
  endfacet
  facet normal 1 0 0
    outer loop
      vertex 19.65 25.7 12.7
      vertex 19.65 3 12.55
      vertex 19.65 3.71789 12.5029
    endloop
  endfacet
  facet normal 1 0 0
    outer loop
      vertex 19.65 -1.76314 9.8
      vertex 19.65 -2.01227 9.50196
      vertex 19.65 -1.92341 9.475
    endloop
  endfacet
  facet normal 1 0 0
    outer loop
      vertex 19.65 -2.5 9.55
      vertex 19.65 -1.76314 9.8
      vertex 19.65 -1.36344 10.3982
    endloop
  endfacet
  facet normal 1 0 0
    outer loop
      vertex 19.65 -1.76314 9.8
      vertex 19.65 -2.5 9.55
      vertex 19.65 -2.01227 9.50196
    endloop
  endfacet
  facet normal 1 0 0
    outer loop
      vertex 19.65 -0.889087 10.9391
      vertex 19.65 -2.5 9.55
      vertex 19.65 -1.36344 10.3982
    endloop
  endfacet
  facet normal 1 0 0
    outer loop
      vertex 19.65 -11.5 9.55
      vertex 19.65 -0.889087 10.9391
      vertex 19.65 -0.348187 11.4134
    endloop
  endfacet
  facet normal 1 0 0
    outer loop
      vertex 19.65 -0.889087 10.9391
      vertex 19.65 -11.5 9.55
      vertex 19.65 -2.5 9.55
    endloop
  endfacet
  facet normal 1 0 0
    outer loop
      vertex 19.65 0.25 11.8131
      vertex 19.65 -11.5 9.55
      vertex 19.65 -0.348187 11.4134
    endloop
  endfacet
  facet normal 1 0 0
    outer loop
      vertex 19.65 0.895241 12.1313
      vertex 19.65 -11.5 9.55
      vertex 19.65 0.25 11.8131
    endloop
  endfacet
  facet normal 1 0 0
    outer loop
      vertex 19.65 -31.7 12.7
      vertex 19.65 0.895241 12.1313
      vertex 19.65 1.5765 12.3626
    endloop
  endfacet
  facet normal 1 0 0
    outer loop
      vertex 19.65 0.895241 12.1313
      vertex 19.65 -31.7 12.7
      vertex 19.65 -11.5 9.55
    endloop
  endfacet
  facet normal 1 0 0
    outer loop
      vertex 19.65 -29.8028 6.8865
      vertex 19.65 -14 7.05
      vertex 19.65 -13.952 7.53772
    endloop
  endfacet
  facet normal 1 0 0
    outer loop
      vertex 19.65 -29.9593 7.40238
      vertex 19.65 -13.952 7.53772
      vertex 19.65 -13.8097 8.00671
    endloop
  endfacet
  facet normal 1 0 0
    outer loop
      vertex 19.65 -30.2135 7.87782
      vertex 19.65 -13.8097 8.00671
      vertex 19.65 -13.5787 8.43892
    endloop
  endfacet
  facet normal 1 0 0
    outer loop
      vertex 19.65 -31.7 12.7
      vertex 19.65 -13.5787 8.43892
      vertex 19.65 -13.2678 8.81777
    endloop
  endfacet
  facet normal 1 0 0
    outer loop
      vertex 19.65 -31.7 12.7
      vertex 19.65 -13.2678 8.81777
      vertex 19.65 -12.8889 9.12867
    endloop
  endfacet
  facet normal 1 0 0
    outer loop
      vertex 19.65 -31.7 12.7
      vertex 19.65 -12.8889 9.12867
      vertex 19.65 -12.4567 9.3597
    endloop
  endfacet
  facet normal 1 0 0
    outer loop
      vertex 19.65 -31.7 12.7
      vertex 19.65 -12.4567 9.3597
      vertex 19.65 -11.9877 9.50196
    endloop
  endfacet
  facet normal 1 0 0
    outer loop
      vertex 19.65 -11.5 9.55
      vertex 19.65 -31.7 12.7
      vertex 19.65 -11.9877 9.50196
    endloop
  endfacet
  facet normal 1 0 0
    outer loop
      vertex 19.65 -31.7 12.7
      vertex 19.65 1.5765 12.3626
      vertex 19.65 2.28211 12.5029
    endloop
  endfacet
  facet normal 1 0 0
    outer loop
      vertex 19.65 -14 7.05
      vertex 19.65 -29.8028 6.8865
      vertex 19.65 -29.75 6.35
    endloop
  endfacet
  facet normal 1 0 0
    outer loop
      vertex 19.65 -13.952 7.53772
      vertex 19.65 -29.9593 7.40238
      vertex 19.65 -29.8028 6.8865
    endloop
  endfacet
  facet normal 1 0 0
    outer loop
      vertex 19.65 -13.5787 8.43892
      vertex 19.65 -31.7 12.7
      vertex 19.65 -30.2135 7.87782
    endloop
  endfacet
  facet normal 1 0 0
    outer loop
      vertex 19.65 -13.8097 8.00671
      vertex 19.65 -30.2135 7.87782
      vertex 19.65 -29.9593 7.40238
    endloop
  endfacet
  facet normal 1 0 0
    outer loop
      vertex 19.65 -30.2135 7.87782
      vertex 19.65 -31.7 12.7
      vertex 19.65 -30.5555 8.29454
    endloop
  endfacet
  facet normal 1 0 0
    outer loop
      vertex 19.65 -30.5555 8.29454
      vertex 19.65 -31.7 12.7
      vertex 19.65 -30.9722 8.63654
    endloop
  endfacet
  facet normal 1 -0 0
    outer loop
      vertex 19.65 -31.7 12.7
      vertex 19.65 3 12.55
      vertex 19.65 25.7 12.7
    endloop
  endfacet
  facet normal 1 0 0
    outer loop
      vertex 19.65 -31.7 12.7
      vertex 19.65 2.28211 12.5029
      vertex 19.65 3 12.55
    endloop
  endfacet
  facet normal 1 0 0
    outer loop
      vertex 19.65 -30.9722 8.63654
      vertex 19.65 -31.7 12.7
      vertex 19.65 -31.4476 8.89067
    endloop
  endfacet
  facet normal 1 0 0
    outer loop
      vertex 19.65 -31.4476 8.89067
      vertex 19.65 -31.7 12.7
      vertex 19.65 -31.7 8.96723
    endloop
  endfacet
  facet normal 1 -0 0
    outer loop
      vertex 19.65 8.45295 6.33211
      vertex 19.65 25.7 0
      vertex 19.65 8.5 7.05
    endloop
  endfacet
  facet normal 1 -0 0
    outer loop
      vertex 19.65 8.31259 5.62649
      vertex 19.65 25.7 0
      vertex 19.65 8.45295 6.33211
    endloop
  endfacet
  facet normal 1 -0 0
    outer loop
      vertex 19.65 8.08134 4.94524
      vertex 19.65 25.7 0
      vertex 19.65 8.31259 5.62649
    endloop
  endfacet
  facet normal 1 -0 0
    outer loop
      vertex 19.65 7.76314 4.3
      vertex 19.65 25.7 0
      vertex 19.65 8.08134 4.94524
    endloop
  endfacet
  facet normal 1 -0 0
    outer loop
      vertex 19.65 7.36344 3.70181
      vertex 19.65 25.7 0
      vertex 19.65 7.76314 4.3
    endloop
  endfacet
  facet normal 1 -0 0
    outer loop
      vertex 19.65 6.88909 3.16091
      vertex 19.65 25.7 0
      vertex 19.65 7.36344 3.70181
    endloop
  endfacet
  facet normal 1 -0 0
    outer loop
      vertex 19.65 6.34819 2.68656
      vertex 19.65 25.7 0
      vertex 19.65 6.88909 3.16091
    endloop
  endfacet
  facet normal 1 -0 0
    outer loop
      vertex 19.65 5.75 2.28686
      vertex 19.65 25.7 0
      vertex 19.65 6.34819 2.68656
    endloop
  endfacet
  facet normal 1 -0 0
    outer loop
      vertex 19.65 5.10476 1.96866
      vertex 19.65 25.7 0
      vertex 19.65 5.75 2.28686
    endloop
  endfacet
  facet normal 1 -0 0
    outer loop
      vertex 19.65 4.4235 1.73741
      vertex 19.65 25.7 0
      vertex 19.65 5.10476 1.96866
    endloop
  endfacet
  facet normal 1 -0 0
    outer loop
      vertex 19.65 3.71789 1.59705
      vertex 19.65 25.7 0
      vertex 19.65 4.4235 1.73741
    endloop
  endfacet
  facet normal 1 -0 0
    outer loop
      vertex 19.65 3 1.55
      vertex 19.65 25.7 0
      vertex 19.65 3.71789 1.59705
    endloop
  endfacet
  facet normal 1 0 0
    outer loop
      vertex 19.65 -31.7 0
      vertex 19.65 3 1.55
      vertex 19.65 2.28211 1.59705
    endloop
  endfacet
  facet normal 1 -0 0
    outer loop
      vertex 19.65 -2.01227 4.59804
      vertex 19.65 -1.76314 4.3
      vertex 19.65 -1.92341 4.62499
    endloop
  endfacet
  facet normal 1 -0 0
    outer loop
      vertex 19.65 -2.5 4.55
      vertex 19.65 -1.76314 4.3
      vertex 19.65 -2.01227 4.59804
    endloop
  endfacet
  facet normal 1 0 0
    outer loop
      vertex 19.65 -1.76314 4.3
      vertex 19.65 -2.5 4.55
      vertex 19.65 -1.36344 3.70181
    endloop
  endfacet
  facet normal 1 0 0
    outer loop
      vertex 19.65 -2.5 4.55
      vertex 19.65 -0.889087 3.16091
      vertex 19.65 -1.36344 3.70181
    endloop
  endfacet
  facet normal 1 -0 0
    outer loop
      vertex 19.65 -11.5 4.55
      vertex 19.65 -0.889087 3.16091
      vertex 19.65 -2.5 4.55
    endloop
  endfacet
  facet normal 1 0 0
    outer loop
      vertex 19.65 -0.889087 3.16091
      vertex 19.65 -11.5 4.55
      vertex 19.65 -0.348187 2.68656
    endloop
  endfacet
  facet normal 1 0 0
    outer loop
      vertex 19.65 -11.5 4.55
      vertex 19.65 0.25 2.28686
      vertex 19.65 -0.348187 2.68656
    endloop
  endfacet
  facet normal 1 0 0
    outer loop
      vertex 19.65 -11.5 4.55
      vertex 19.65 0.895241 1.96866
      vertex 19.65 0.25 2.28686
    endloop
  endfacet
  facet normal 1 0 0
    outer loop
      vertex 19.65 -31.7 0
      vertex 19.65 0.895241 1.96866
      vertex 19.65 -11.5 4.55
    endloop
  endfacet
  facet normal 1 0 0
    outer loop
      vertex 19.65 -31.7 0
      vertex 19.65 -11.5 4.55
      vertex 19.65 -11.9877 4.59804
    endloop
  endfacet
  facet normal 1 0 0
    outer loop
      vertex 19.65 -29.75 6.35
      vertex 19.65 -13.952 6.56227
      vertex 19.65 -14 7.05
    endloop
  endfacet
  facet normal 1 0 0
    outer loop
      vertex 19.65 -29.8028 5.8135
      vertex 19.65 -13.952 6.56227
      vertex 19.65 -29.75 6.35
    endloop
  endfacet
  facet normal 1 0 0
    outer loop
      vertex 19.65 -13.952 6.56227
      vertex 19.65 -29.8028 5.8135
      vertex 19.65 -13.8097 6.09329
    endloop
  endfacet
  facet normal 1 0 0
    outer loop
      vertex 19.65 -29.9593 5.29762
      vertex 19.65 -13.8097 6.09329
      vertex 19.65 -29.8028 5.8135
    endloop
  endfacet
  facet normal 1 0 0
    outer loop
      vertex 19.65 -13.8097 6.09329
      vertex 19.65 -29.9593 5.29762
      vertex 19.65 -13.5787 5.66107
    endloop
  endfacet
  facet normal 1 0 0
    outer loop
      vertex 19.65 -30.2135 4.82218
      vertex 19.65 -13.5787 5.66107
      vertex 19.65 -29.9593 5.29762
    endloop
  endfacet
  facet normal 1 0 0
    outer loop
      vertex 19.65 -31.7 0
      vertex 19.65 -13.5787 5.66107
      vertex 19.65 -30.2135 4.82218
    endloop
  endfacet
  facet normal 1 0 0
    outer loop
      vertex 19.65 -13.5787 5.66107
      vertex 19.65 -31.7 0
      vertex 19.65 -13.2678 5.28223
    endloop
  endfacet
  facet normal 1 0 0
    outer loop
      vertex 19.65 -13.2678 5.28223
      vertex 19.65 -31.7 0
      vertex 19.65 -12.8889 4.97133
    endloop
  endfacet
  facet normal 1 0 0
    outer loop
      vertex 19.65 -12.8889 4.97133
      vertex 19.65 -31.7 0
      vertex 19.65 -12.4567 4.7403
    endloop
  endfacet
  facet normal 1 0 0
    outer loop
      vertex 19.65 0.895241 1.96866
      vertex 19.65 -31.7 0
      vertex 19.65 1.5765 1.73741
    endloop
  endfacet
  facet normal 1 0 0
    outer loop
      vertex 19.65 -12.4567 4.7403
      vertex 19.65 -31.7 0
      vertex 19.65 -11.9877 4.59804
    endloop
  endfacet
  facet normal 1 0 0
    outer loop
      vertex 19.65 -31.7 0
      vertex 19.65 -30.2135 4.82218
      vertex 19.65 -30.5555 4.40546
    endloop
  endfacet
  facet normal 1 0 0
    outer loop
      vertex 19.65 -31.7 0
      vertex 19.65 -30.5555 4.40546
      vertex 19.65 -30.9722 4.06346
    endloop
  endfacet
  facet normal 1 0 0
    outer loop
      vertex 19.65 -31.7 0
      vertex 19.65 -30.9722 4.06346
      vertex 19.65 -31.4476 3.80933
    endloop
  endfacet
  facet normal 1 0 0
    outer loop
      vertex 19.65 1.5765 1.73741
      vertex 19.65 -31.7 0
      vertex 19.65 2.28211 1.59705
    endloop
  endfacet
  facet normal 1 0 0
    outer loop
      vertex 19.65 -31.7 0
      vertex 19.65 -31.4476 3.80933
      vertex 19.65 -31.7 3.73277
    endloop
  endfacet
  facet normal 1 0 0
    outer loop
      vertex 19.65 3 1.55
      vertex 19.65 -31.7 0
      vertex 19.65 25.7 0
    endloop
  endfacet
  facet normal -0.904044 0.42744 0
    outer loop
      vertex -19.3455 27.2307 0
      vertex -19.1777 27.5856 12.7
      vertex -19.1777 27.5856 0
    endloop
  endfacet
  facet normal -0.904044 0.42744 0
    outer loop
      vertex -19.1777 27.5856 12.7
      vertex -19.3455 27.2307 0
      vertex -19.3455 27.2307 12.7
    endloop
  endfacet
  facet normal 0.941475 -0.337084 7.9813e-06
    outer loop
      vertex 19.3455 -33.2307 0
      vertex 19.4778 -32.8611 3.63557
      vertex 19.415 -33.0365 3.65284
    endloop
  endfacet
  facet normal 0.941522 -0.336951 0
    outer loop
      vertex 19.3455 -33.2307 0
      vertex 19.415 -33.0365 3.65284
      vertex 19.3455 -33.2307 3.71176
    endloop
  endfacet
  facet normal 0.9415 -0.337014 0
    outer loop
      vertex 19.4778 -32.8611 3.63557
      vertex 19.3455 -33.2307 0
      vertex 19.4778 -32.8611 0
    endloop
  endfacet
  facet normal 0.9415 -0.337014 0
    outer loop
      vertex 19.3455 -33.2307 12.7
      vertex 19.4778 -32.8611 9.06443
      vertex 19.4778 -32.8611 12.7
    endloop
  endfacet
  facet normal 0.941475 -0.337084 -7.9813e-06
    outer loop
      vertex 19.4778 -32.8611 9.06443
      vertex 19.3455 -33.2307 12.7
      vertex 19.415 -33.0365 9.04716
    endloop
  endfacet
  facet normal 0.941522 -0.336951 0
    outer loop
      vertex 19.415 -33.0365 9.04716
      vertex 19.3455 -33.2307 12.7
      vertex 19.3455 -33.2307 8.98824
    endloop
  endfacet
  facet normal 0.9415 0.337014 0
    outer loop
      vertex 19.4778 26.8611 12.7
      vertex 19.3455 27.2307 0
      vertex 19.3455 27.2307 12.7
    endloop
  endfacet
  facet normal 0.9415 0.337014 0
    outer loop
      vertex 19.3455 27.2307 0
      vertex 19.4778 26.8611 12.7
      vertex 19.4778 26.8611 0
    endloop
  endfacet
  facet normal -0.671607 -0.740908 0
    outer loop
      vertex -18.1876 -34.792 0
      vertex -18.4784 -34.5284 4.50767
      vertex -18.4784 -34.5284 0
    endloop
  endfacet
  facet normal -0.671525 -0.740982 9.59064e-06
    outer loop
      vertex -18.4784 -34.5284 4.50767
      vertex -18.1876 -34.792 0
      vertex -18.1936 -34.7865 4.82218
    endloop
  endfacet
  facet normal -0.675725 -0.737154 0
    outer loop
      vertex -18.1936 -34.7865 4.82218
      vertex -18.1876 -34.792 0
      vertex -18.1876 -34.792 4.83247
    endloop
  endfacet
  facet normal -0.671607 -0.740908 0
    outer loop
      vertex -18.4784 -34.5284 8.19233
      vertex -18.1876 -34.792 12.7
      vertex -18.4784 -34.5284 12.7
    endloop
  endfacet
  facet normal -0.671525 -0.740982 -9.59064e-06
    outer loop
      vertex -18.1936 -34.7865 7.87782
      vertex -18.1876 -34.792 12.7
      vertex -18.4784 -34.5284 8.19233
    endloop
  endfacet
  facet normal -0.675725 -0.737154 -0
    outer loop
      vertex -18.1876 -34.792 12.7
      vertex -18.1936 -34.7865 7.87782
      vertex -18.1876 -34.792 7.86753
    endloop
  endfacet
  facet normal -1 0 0
    outer loop
      vertex -19.65 25.7 0
      vertex -19.65 -29.75 6.35
      vertex -19.65 25.7 12.7
    endloop
  endfacet
  facet normal -1 0 0
    outer loop
      vertex -19.65 25.7 0
      vertex -19.65 -29.8028 5.8135
      vertex -19.65 -29.75 6.35
    endloop
  endfacet
  facet normal -1 0 0
    outer loop
      vertex -19.65 25.7 0
      vertex -19.65 -29.9593 5.29762
      vertex -19.65 -29.8028 5.8135
    endloop
  endfacet
  facet normal -1 0 0
    outer loop
      vertex -19.65 -31.7 0
      vertex -19.65 -29.9593 5.29762
      vertex -19.65 25.7 0
    endloop
  endfacet
  facet normal -1 0 0
    outer loop
      vertex -19.65 -29.9593 5.29762
      vertex -19.65 -31.7 0
      vertex -19.65 -30.2135 4.82218
    endloop
  endfacet
  facet normal -1 0 0
    outer loop
      vertex -19.65 -30.2135 4.82218
      vertex -19.65 -31.7 0
      vertex -19.65 -30.5555 4.40546
    endloop
  endfacet
  facet normal -1 0 0
    outer loop
      vertex -19.65 -30.5555 4.40546
      vertex -19.65 -31.7 0
      vertex -19.65 -30.9722 4.06346
    endloop
  endfacet
  facet normal -1 0 0
    outer loop
      vertex -19.65 -30.9722 4.06346
      vertex -19.65 -31.7 0
      vertex -19.65 -31.4476 3.80933
    endloop
  endfacet
  facet normal -1 0 0
    outer loop
      vertex -19.65 -31.4476 3.80933
      vertex -19.65 -31.7 0
      vertex -19.65 -31.7 3.73277
    endloop
  endfacet
  facet normal -1 0 0
    outer loop
      vertex -19.65 -29.8028 6.8865
      vertex -19.65 25.7 12.7
      vertex -19.65 -29.75 6.35
    endloop
  endfacet
  facet normal -1 0 0
    outer loop
      vertex -19.65 -29.9593 7.40238
      vertex -19.65 25.7 12.7
      vertex -19.65 -29.8028 6.8865
    endloop
  endfacet
  facet normal -1 0 0
    outer loop
      vertex -19.65 -31.7 12.7
      vertex -19.65 -29.9593 7.40238
      vertex -19.65 -30.2135 7.87782
    endloop
  endfacet
  facet normal -1 0 0
    outer loop
      vertex -19.65 -31.7 12.7
      vertex -19.65 -30.2135 7.87782
      vertex -19.65 -30.5555 8.29454
    endloop
  endfacet
  facet normal -1 0 0
    outer loop
      vertex -19.65 -31.7 12.7
      vertex -19.65 -30.5555 8.29454
      vertex -19.65 -30.9722 8.63654
    endloop
  endfacet
  facet normal -1 0 0
    outer loop
      vertex -19.65 -31.7 12.7
      vertex -19.65 -30.9722 8.63654
      vertex -19.65 -31.4476 8.89067
    endloop
  endfacet
  facet normal -1 0 0
    outer loop
      vertex -19.65 -31.7 12.7
      vertex -19.65 -31.4476 8.89067
      vertex -19.65 -31.7 8.96723
    endloop
  endfacet
  facet normal -1 0 0
    outer loop
      vertex -19.65 -29.9593 7.40238
      vertex -19.65 -31.7 12.7
      vertex -19.65 25.7 12.7
    endloop
  endfacet
  facet normal -0.85774 0.514084 0
    outer loop
      vertex -19.1777 27.5856 0
      vertex -18.9759 27.9223 12.7
      vertex -18.9759 27.9223 0
    endloop
  endfacet
  facet normal -0.85774 0.514084 0
    outer loop
      vertex -18.9759 27.9223 12.7
      vertex -19.1777 27.5856 0
      vertex -19.1777 27.5856 12.7
    endloop
  endfacet
  facet normal 0 1 -0
    outer loop
      vertex 15.65 29.7 0
      vertex -15.65 29.7 12.7
      vertex 15.65 29.7 12.7
    endloop
  endfacet
  facet normal 0 1 0
    outer loop
      vertex -15.65 29.7 12.7
      vertex 15.65 29.7 0
      vertex -15.65 29.7 0
    endloop
  endfacet
  facet normal -0.42744 0.904044 0
    outer loop
      vertex -17.1807 29.3955 0
      vertex -17.5356 29.2277 12.7
      vertex -17.1807 29.3955 12.7
    endloop
  endfacet
  facet normal -0.42744 0.904044 0
    outer loop
      vertex -17.5356 29.2277 12.7
      vertex -17.1807 29.3955 0
      vertex -17.5356 29.2277 0
    endloop
  endfacet
  facet normal 0.42744 -0.904044 0
    outer loop
      vertex 17.1807 -35.3955 12.7
      vertex 17.5356 -35.2277 6.57665
      vertex 17.5356 -35.2277 12.7
    endloop
  endfacet
  facet normal 0.427237 -0.90414 -1.4414e-05
    outer loop
      vertex 17.1807 -35.3955 12.7
      vertex 17.4884 -35.25 6.35
      vertex 17.5356 -35.2277 6.57665
    endloop
  endfacet
  facet normal 0.42748 -0.904025 0
    outer loop
      vertex 17.1807 -35.3955 0
      vertex 17.4884 -35.25 6.35
      vertex 17.1807 -35.3955 12.7
    endloop
  endfacet
  facet normal 0.427237 -0.90414 1.4414e-05
    outer loop
      vertex 17.1807 -35.3955 0
      vertex 17.5356 -35.2277 6.12335
      vertex 17.4884 -35.25 6.35
    endloop
  endfacet
  facet normal 0.42744 -0.904044 0
    outer loop
      vertex 17.5356 -35.2277 6.12335
      vertex 17.1807 -35.3955 0
      vertex 17.5356 -35.2277 0
    endloop
  endfacet
  facet normal -0.514084 -0.85774 0
    outer loop
      vertex -17.8723 -35.0259 7.43008
      vertex -17.5356 -35.2277 12.7
      vertex -17.8723 -35.0259 12.7
    endloop
  endfacet
  facet normal -0.513992 -0.857795 -7.99416e-06
    outer loop
      vertex -17.8476 -35.0407 7.40238
      vertex -17.5356 -35.2277 12.7
      vertex -17.8723 -35.0259 7.43008
    endloop
  endfacet
  facet normal -0.514107 -0.857726 1.27757e-06
    outer loop
      vertex -17.5865 -35.1972 6.8865
      vertex -17.5356 -35.2277 12.7
      vertex -17.8476 -35.0407 7.40238
    endloop
  endfacet
  facet normal -0.514 -0.85779 -0
    outer loop
      vertex -17.5356 -35.2277 12.7
      vertex -17.5865 -35.1972 6.8865
      vertex -17.5356 -35.2277 6.57665
    endloop
  endfacet
  facet normal -0.514084 -0.85774 0
    outer loop
      vertex -17.5356 -35.2277 0
      vertex -17.8723 -35.0259 5.26992
      vertex -17.8723 -35.0259 0
    endloop
  endfacet
  facet normal -0.513992 -0.857795 7.99416e-06
    outer loop
      vertex -17.8723 -35.0259 5.26992
      vertex -17.5356 -35.2277 0
      vertex -17.8476 -35.0407 5.29762
    endloop
  endfacet
  facet normal -0.514107 -0.857726 -1.27757e-06
    outer loop
      vertex -17.8476 -35.0407 5.29762
      vertex -17.5356 -35.2277 0
      vertex -17.5865 -35.1972 5.8135
    endloop
  endfacet
  facet normal -0.514 -0.85779 0
    outer loop
      vertex -17.5865 -35.1972 5.8135
      vertex -17.5356 -35.2277 0
      vertex -17.5356 -35.2277 6.12335
    endloop
  endfacet
  facet normal 0.671607 0.740908 -0
    outer loop
      vertex 18.4784 28.5284 0
      vertex 18.1876 28.792 12.7
      vertex 18.4784 28.5284 12.7
    endloop
  endfacet
  facet normal 0.671607 0.740908 0
    outer loop
      vertex 18.1876 28.792 12.7
      vertex 18.4784 28.5284 0
      vertex 18.1876 28.792 0
    endloop
  endfacet
  facet normal 0.989171 -0.14677 0
    outer loop
      vertex 19.5731 -32.4803 9.09806
      vertex 19.6307 -32.0921 12.7
      vertex 19.5731 -32.4803 12.7
    endloop
  endfacet
  facet normal 0.989171 -0.14677 0
    outer loop
      vertex 19.6307 -32.0921 12.7
      vertex 19.5731 -32.4803 9.09806
      vertex 19.6307 -32.0921 9.05982
    endloop
  endfacet
  facet normal 0.989171 -0.14677 0
    outer loop
      vertex 19.5731 -32.4803 3.60194
      vertex 19.6307 -32.0921 0
      vertex 19.6307 -32.0921 3.64018
    endloop
  endfacet
  facet normal 0.989171 -0.14677 0
    outer loop
      vertex 19.6307 -32.0921 0
      vertex 19.5731 -32.4803 3.60194
      vertex 19.5731 -32.4803 0
    endloop
  endfacet
  facet normal 0.85774 -0.514084 0
    outer loop
      vertex 18.9759 -33.9223 0
      vertex 19.1777 -33.5856 3.82708
      vertex 18.9759 -33.9223 4.00704
    endloop
  endfacet
  facet normal 0.85774 -0.514084 0
    outer loop
      vertex 19.1777 -33.5856 3.82708
      vertex 18.9759 -33.9223 0
      vertex 19.1777 -33.5856 0
    endloop
  endfacet
  facet normal 0.85774 -0.514084 0
    outer loop
      vertex 18.9759 -33.9223 12.7
      vertex 19.1777 -33.5856 8.87292
      vertex 19.1777 -33.5856 12.7
    endloop
  endfacet
  facet normal 0.85774 -0.514084 0
    outer loop
      vertex 19.1777 -33.5856 8.87292
      vertex 18.9759 -33.9223 12.7
      vertex 18.9759 -33.9223 8.69296
    endloop
  endfacet
  facet normal -0.740908 0.671607 0
    outer loop
      vertex -18.742 28.2376 0
      vertex -18.4784 28.5284 12.7
      vertex -18.4784 28.5284 0
    endloop
  endfacet
  facet normal -0.740908 0.671607 0
    outer loop
      vertex -18.4784 28.5284 12.7
      vertex -18.742 28.2376 0
      vertex -18.742 28.2376 12.7
    endloop
  endfacet
  facet normal 0.904044 0.42744 0
    outer loop
      vertex 19.3455 27.2307 12.7
      vertex 19.1777 27.5856 0
      vertex 19.1777 27.5856 12.7
    endloop
  endfacet
  facet normal 0.904044 0.42744 0
    outer loop
      vertex 19.1777 27.5856 0
      vertex 19.3455 27.2307 12.7
      vertex 19.3455 27.2307 0
    endloop
  endfacet
  facet normal 0.514 -0.85779 0
    outer loop
      vertex 17.5356 -35.2277 0
      vertex 17.5865 -35.1972 5.8135
      vertex 17.5356 -35.2277 6.12335
    endloop
  endfacet
  facet normal 0.514107 -0.857726 -1.27757e-06
    outer loop
      vertex 17.5356 -35.2277 0
      vertex 17.8476 -35.0407 5.29762
      vertex 17.5865 -35.1972 5.8135
    endloop
  endfacet
  facet normal 0.513992 -0.857795 7.99416e-06
    outer loop
      vertex 17.5356 -35.2277 0
      vertex 17.8723 -35.0259 5.26992
      vertex 17.8476 -35.0407 5.29762
    endloop
  endfacet
  facet normal 0.514084 -0.85774 0
    outer loop
      vertex 17.8723 -35.0259 5.26992
      vertex 17.5356 -35.2277 0
      vertex 17.8723 -35.0259 0
    endloop
  endfacet
  facet normal 0.514084 -0.85774 0
    outer loop
      vertex 17.5356 -35.2277 12.7
      vertex 17.8723 -35.0259 7.43008
      vertex 17.8723 -35.0259 12.7
    endloop
  endfacet
  facet normal 0.513992 -0.857795 -7.99416e-06
    outer loop
      vertex 17.5356 -35.2277 12.7
      vertex 17.8476 -35.0407 7.40238
      vertex 17.8723 -35.0259 7.43008
    endloop
  endfacet
  facet normal 0.514107 -0.857726 1.27757e-06
    outer loop
      vertex 17.5356 -35.2277 12.7
      vertex 17.5865 -35.1972 6.8865
      vertex 17.8476 -35.0407 7.40238
    endloop
  endfacet
  facet normal 0.514 -0.85779 0
    outer loop
      vertex 17.5865 -35.1972 6.8865
      vertex 17.5356 -35.2277 12.7
      vertex 17.5356 -35.2277 6.57665
    endloop
  endfacet
  facet normal 0.998791 0.0491626 0
    outer loop
      vertex 19.65 25.7 12.7
      vertex 19.6307 26.0921 0
      vertex 19.6307 26.0921 12.7
    endloop
  endfacet
  facet normal 0.998791 0.0491626 0
    outer loop
      vertex 19.6307 26.0921 0
      vertex 19.65 25.7 12.7
      vertex 19.65 25.7 0
    endloop
  endfacet
  facet normal -0.970083 0.242775 0
    outer loop
      vertex -19.5731 26.4803 0
      vertex -19.4778 26.8611 12.7
      vertex -19.4778 26.8611 0
    endloop
  endfacet
  facet normal -0.970083 0.242775 0
    outer loop
      vertex -19.4778 26.8611 12.7
      vertex -19.5731 26.4803 0
      vertex -19.5731 26.4803 12.7
    endloop
  endfacet
  facet normal 0.146733 0.989176 -0
    outer loop
      vertex 16.4304 29.6231 0
      vertex 16.0421 29.6807 12.7
      vertex 16.4304 29.6231 12.7
    endloop
  endfacet
  facet normal 0.146733 0.989176 0
    outer loop
      vertex 16.0421 29.6807 12.7
      vertex 16.4304 29.6231 0
      vertex 16.0421 29.6807 0
    endloop
  endfacet
  facet normal 0.904047 -0.427434 -7.13701e-07
    outer loop
      vertex 19.1777 -33.5856 0
      vertex 19.3455 -33.2307 3.71176
      vertex 19.1934 -33.5524 3.80933
    endloop
  endfacet
  facet normal 0.904015 -0.427501 0
    outer loop
      vertex 19.1777 -33.5856 0
      vertex 19.1934 -33.5524 3.80933
      vertex 19.1777 -33.5856 3.82708
    endloop
  endfacet
  facet normal 0.904044 -0.42744 0
    outer loop
      vertex 19.3455 -33.2307 3.71176
      vertex 19.1777 -33.5856 0
      vertex 19.3455 -33.2307 0
    endloop
  endfacet
  facet normal 0.904044 -0.42744 0
    outer loop
      vertex 19.1777 -33.5856 12.7
      vertex 19.3455 -33.2307 8.98824
      vertex 19.3455 -33.2307 12.7
    endloop
  endfacet
  facet normal 0.904047 -0.427434 7.13701e-07
    outer loop
      vertex 19.3455 -33.2307 8.98824
      vertex 19.1777 -33.5856 12.7
      vertex 19.1934 -33.5524 8.89067
    endloop
  endfacet
  facet normal 0.904015 -0.427501 0
    outer loop
      vertex 19.1934 -33.5524 8.89067
      vertex 19.1777 -33.5856 12.7
      vertex 19.1777 -33.5856 8.87292
    endloop
  endfacet
  facet normal -0.0491626 0.998791 0
    outer loop
      vertex -15.65 29.7 0
      vertex -16.0421 29.6807 12.7
      vertex -15.65 29.7 12.7
    endloop
  endfacet
  facet normal -0.0491626 0.998791 0
    outer loop
      vertex -16.0421 29.6807 12.7
      vertex -15.65 29.7 0
      vertex -16.0421 29.6807 0
    endloop
  endfacet
  facet normal -0.337014 -0.9415 0
    outer loop
      vertex -17.1807 -35.3955 0
      vertex -16.8111 -35.5278 12.7
      vertex -17.1807 -35.3955 12.7
    endloop
  endfacet
  facet normal -0.337014 -0.9415 -0
    outer loop
      vertex -16.8111 -35.5278 12.7
      vertex -17.1807 -35.3955 0
      vertex -16.8111 -35.5278 0
    endloop
  endfacet
  facet normal 0.337014 0.9415 -0
    outer loop
      vertex 17.1807 29.3955 0
      vertex 16.8111 29.5278 12.7
      vertex 17.1807 29.3955 12.7
    endloop
  endfacet
  facet normal 0.337014 0.9415 0
    outer loop
      vertex 16.8111 29.5278 12.7
      vertex 17.1807 29.3955 0
      vertex 16.8111 29.5278 0
    endloop
  endfacet
  facet normal 0.85774 0.514084 0
    outer loop
      vertex 19.1777 27.5856 12.7
      vertex 18.9759 27.9223 0
      vertex 18.9759 27.9223 12.7
    endloop
  endfacet
  facet normal 0.85774 0.514084 0
    outer loop
      vertex 18.9759 27.9223 0
      vertex 19.1777 27.5856 12.7
      vertex 19.1777 27.5856 0
    endloop
  endfacet
  facet normal -0.989171 0.14677 0
    outer loop
      vertex -19.6307 26.0921 0
      vertex -19.5731 26.4803 12.7
      vertex -19.5731 26.4803 0
    endloop
  endfacet
  facet normal -0.989171 0.14677 0
    outer loop
      vertex -19.5731 26.4803 12.7
      vertex -19.6307 26.0921 0
      vertex -19.6307 26.0921 12.7
    endloop
  endfacet
  facet normal 0.0491626 -0.998791 0
    outer loop
      vertex 15.65 -35.7 0
      vertex 16.0421 -35.6807 12.7
      vertex 15.65 -35.7 12.7
    endloop
  endfacet
  facet normal 0.0491626 -0.998791 0
    outer loop
      vertex 16.0421 -35.6807 12.7
      vertex 15.65 -35.7 0
      vertex 16.0421 -35.6807 0
    endloop
  endfacet
  facet normal 0 -1 0
    outer loop
      vertex -15.65 -35.7 0
      vertex 15.65 -35.7 12.7
      vertex -15.65 -35.7 12.7
    endloop
  endfacet
  facet normal 0 -1 -0
    outer loop
      vertex 15.65 -35.7 12.7
      vertex -15.65 -35.7 0
      vertex 15.65 -35.7 0
    endloop
  endfacet
  facet normal 0.989171 0.14677 0
    outer loop
      vertex 19.6307 26.0921 12.7
      vertex 19.5731 26.4803 0
      vertex 19.5731 26.4803 12.7
    endloop
  endfacet
  facet normal 0.989171 0.14677 0
    outer loop
      vertex 19.5731 26.4803 0
      vertex 19.6307 26.0921 12.7
      vertex 19.6307 26.0921 0
    endloop
  endfacet
  facet normal 0.998804 -0.0488978 0
    outer loop
      vertex 19.6371 -31.9635 3.65284
      vertex 19.65 -31.7 0
      vertex 19.65 -31.7 3.73277
    endloop
  endfacet
  facet normal 0.998764 -0.0496995 -5.79721e-05
    outer loop
      vertex 19.6307 -32.0921 3.64018
      vertex 19.65 -31.7 0
      vertex 19.6371 -31.9635 3.65284
    endloop
  endfacet
  facet normal 0.998791 -0.0491626 0
    outer loop
      vertex 19.65 -31.7 0
      vertex 19.6307 -32.0921 3.64018
      vertex 19.6307 -32.0921 0
    endloop
  endfacet
  facet normal 0.998804 -0.0488978 0
    outer loop
      vertex 19.65 -31.7 12.7
      vertex 19.6371 -31.9635 9.04716
      vertex 19.65 -31.7 8.96723
    endloop
  endfacet
  facet normal 0.998791 -0.0491626 0
    outer loop
      vertex 19.6307 -32.0921 9.05982
      vertex 19.65 -31.7 12.7
      vertex 19.6307 -32.0921 12.7
    endloop
  endfacet
  facet normal 0.998764 -0.0496995 5.79721e-05
    outer loop
      vertex 19.65 -31.7 12.7
      vertex 19.6307 -32.0921 9.05982
      vertex 19.6371 -31.9635 9.04716
    endloop
  endfacet
  facet normal 0.242835 0.970068 -0
    outer loop
      vertex 16.8111 29.5278 0
      vertex 16.4304 29.6231 12.7
      vertex 16.8111 29.5278 12.7
    endloop
  endfacet
  facet normal 0.242835 0.970068 0
    outer loop
      vertex 16.4304 29.6231 12.7
      vertex 16.8111 29.5278 0
      vertex 16.4304 29.6231 0
    endloop
  endfacet
  facet normal -0.242835 -0.970068 0
    outer loop
      vertex -16.8111 -35.5278 0
      vertex -16.4304 -35.6231 12.7
      vertex -16.8111 -35.5278 12.7
    endloop
  endfacet
  facet normal -0.242835 -0.970068 -0
    outer loop
      vertex -16.4304 -35.6231 12.7
      vertex -16.8111 -35.5278 0
      vertex -16.4304 -35.6231 0
    endloop
  endfacet
  facet normal 0.803137 0.595794 0
    outer loop
      vertex 18.9759 27.9223 12.7
      vertex 18.742 28.2376 0
      vertex 18.742 28.2376 12.7
    endloop
  endfacet
  facet normal 0.803137 0.595794 0
    outer loop
      vertex 18.742 28.2376 0
      vertex 18.9759 27.9223 12.7
      vertex 18.9759 27.9223 0
    endloop
  endfacet
  facet normal -0.42744 -0.904044 0
    outer loop
      vertex -17.5356 -35.2277 6.57665
      vertex -17.1807 -35.3955 12.7
      vertex -17.5356 -35.2277 12.7
    endloop
  endfacet
  facet normal -0.427237 -0.90414 -1.4414e-05
    outer loop
      vertex -17.4884 -35.25 6.35
      vertex -17.1807 -35.3955 12.7
      vertex -17.5356 -35.2277 6.57665
    endloop
  endfacet
  facet normal -0.42744 -0.904044 0
    outer loop
      vertex -17.1807 -35.3955 0
      vertex -17.5356 -35.2277 6.12335
      vertex -17.5356 -35.2277 0
    endloop
  endfacet
  facet normal -0.427237 -0.90414 1.4414e-05
    outer loop
      vertex -17.5356 -35.2277 6.12335
      vertex -17.1807 -35.3955 0
      vertex -17.4884 -35.25 6.35
    endloop
  endfacet
  facet normal -0.42748 -0.904025 0
    outer loop
      vertex -17.4884 -35.25 6.35
      vertex -17.1807 -35.3955 0
      vertex -17.1807 -35.3955 12.7
    endloop
  endfacet
  facet normal -0.9415 0.337014 0
    outer loop
      vertex -19.4778 26.8611 0
      vertex -19.3455 27.2307 12.7
      vertex -19.3455 27.2307 0
    endloop
  endfacet
  facet normal -0.9415 0.337014 0
    outer loop
      vertex -19.3455 27.2307 12.7
      vertex -19.4778 26.8611 0
      vertex -19.4778 26.8611 12.7
    endloop
  endfacet
  facet normal 0.0491626 0.998791 -0
    outer loop
      vertex 16.0421 29.6807 0
      vertex 15.65 29.7 12.7
      vertex 16.0421 29.6807 12.7
    endloop
  endfacet
  facet normal 0.0491626 0.998791 0
    outer loop
      vertex 15.65 29.7 12.7
      vertex 16.0421 29.6807 0
      vertex 15.65 29.7 0
    endloop
  endfacet
  facet normal -0.803137 0.595794 0
    outer loop
      vertex -18.9759 27.9223 0
      vertex -18.742 28.2376 12.7
      vertex -18.742 28.2376 0
    endloop
  endfacet
  facet normal -0.803137 0.595794 0
    outer loop
      vertex -18.742 28.2376 12.7
      vertex -18.9759 27.9223 0
      vertex -18.9759 27.9223 12.7
    endloop
  endfacet
  facet normal 0 0 -1
    outer loop
      vertex 15.65 -35.7 0
      vertex 19.65 -31.7 0
      vertex 19.6307 -32.0921 0
    endloop
  endfacet
  facet normal 0 0 -1
    outer loop
      vertex 19.65 -31.7 0
      vertex 14.45 -10.5 0
      vertex 19.65 25.7 0
    endloop
  endfacet
  facet normal 0 0 -1
    outer loop
      vertex 15.65 -35.7 0
      vertex 19.6307 -32.0921 0
      vertex 19.5731 -32.4803 0
    endloop
  endfacet
  facet normal 0 0 -1
    outer loop
      vertex 14.45 10.5 0
      vertex 19.65 25.7 0
      vertex 14.45 -10.5 0
    endloop
  endfacet
  facet normal 0 0 -1
    outer loop
      vertex 15.65 -35.7 0
      vertex 19.5731 -32.4803 0
      vertex 19.4778 -32.8611 0
    endloop
  endfacet
  facet normal 0 0 -1
    outer loop
      vertex 14.4182 11.1469 0
      vertex 19.65 25.7 0
      vertex 14.45 10.5 0
    endloop
  endfacet
  facet normal 0 0 -1
    outer loop
      vertex 15.65 -35.7 0
      vertex 19.4778 -32.8611 0
      vertex 19.3455 -33.2307 0
    endloop
  endfacet
  facet normal 0 0 -1
    outer loop
      vertex 14.3232 11.7876 0
      vertex 19.65 25.7 0
      vertex 14.4182 11.1469 0
    endloop
  endfacet
  facet normal 0 0 -1
    outer loop
      vertex 15.65 -35.7 0
      vertex 19.3455 -33.2307 0
      vertex 19.1777 -33.5856 0
    endloop
  endfacet
  facet normal 0 0 -1
    outer loop
      vertex 14.1658 12.4159 0
      vertex 19.65 25.7 0
      vertex 14.3232 11.7876 0
    endloop
  endfacet
  facet normal 0 0 -1
    outer loop
      vertex 15.65 -35.7 0
      vertex 19.1777 -33.5856 0
      vertex 18.9759 -33.9223 0
    endloop
  endfacet
  facet normal 0 0 -1
    outer loop
      vertex 13.9476 13.0257 0
      vertex 19.65 25.7 0
      vertex 14.1658 12.4159 0
    endloop
  endfacet
  facet normal 0 0 -1
    outer loop
      vertex 15.65 -35.7 0
      vertex 18.9759 -33.9223 0
      vertex 18.742 -34.2376 0
    endloop
  endfacet
  facet normal 0 0 -1
    outer loop
      vertex 13.6707 13.6112 0
      vertex 19.65 25.7 0
      vertex 13.9476 13.0257 0
    endloop
  endfacet
  facet normal 0 0 -1
    outer loop
      vertex 15.65 -35.7 0
      vertex 18.742 -34.2376 0
      vertex 18.4784 -34.5284 0
    endloop
  endfacet
  facet normal 0 0 -1
    outer loop
      vertex 13.3377 14.1668 0
      vertex 19.65 25.7 0
      vertex 13.6707 13.6112 0
    endloop
  endfacet
  facet normal 0 0 -1
    outer loop
      vertex 15.65 -35.7 0
      vertex 18.4784 -34.5284 0
      vertex 18.1876 -34.792 0
    endloop
  endfacet
  facet normal 0 0 -1
    outer loop
      vertex 12.9519 14.687 0
      vertex 19.65 25.7 0
      vertex 13.3377 14.1668 0
    endloop
  endfacet
  facet normal 0 0 -1
    outer loop
      vertex 15.65 -35.7 0
      vertex 18.1876 -34.792 0
      vertex 17.8723 -35.0259 0
    endloop
  endfacet
  facet normal 0 0 -1
    outer loop
      vertex 12.5169 15.1669 0
      vertex 19.65 25.7 0
      vertex 12.9519 14.687 0
    endloop
  endfacet
  facet normal 0 0 -1
    outer loop
      vertex 15.65 -35.7 0
      vertex 17.8723 -35.0259 0
      vertex 17.5356 -35.2277 0
    endloop
  endfacet
  facet normal 0 0 -1
    outer loop
      vertex 12.037 15.6019 0
      vertex 19.65 25.7 0
      vertex 12.5169 15.1669 0
    endloop
  endfacet
  facet normal 0 0 -1
    outer loop
      vertex 15.65 -35.7 0
      vertex 17.5356 -35.2277 0
      vertex 17.1807 -35.3955 0
    endloop
  endfacet
  facet normal 0 0 -1
    outer loop
      vertex 11.5168 15.9877 0
      vertex 19.65 25.7 0
      vertex 12.037 15.6019 0
    endloop
  endfacet
  facet normal 0 0 -1
    outer loop
      vertex 15.65 -35.7 0
      vertex 17.1807 -35.3955 0
      vertex 16.8111 -35.5278 0
    endloop
  endfacet
  facet normal 0 0 -1
    outer loop
      vertex 10.9612 16.3207 0
      vertex 19.65 25.7 0
      vertex 11.5168 15.9877 0
    endloop
  endfacet
  facet normal 0 0 -1
    outer loop
      vertex 15.65 -35.7 0
      vertex 16.8111 -35.5278 0
      vertex 16.4304 -35.6231 0
    endloop
  endfacet
  facet normal 0 0 -1
    outer loop
      vertex 10.3757 16.5976 0
      vertex 19.65 25.7 0
      vertex 10.9612 16.3207 0
    endloop
  endfacet
  facet normal 0 0 -1
    outer loop
      vertex 15.65 -35.7 0
      vertex 16.4304 -35.6231 0
      vertex 16.0421 -35.6807 0
    endloop
  endfacet
  facet normal 0 -0 -1
    outer loop
      vertex 15.65 29.7 0
      vertex 19.65 25.7 0
      vertex 10.3757 16.5976 0
    endloop
  endfacet
  facet normal -0 0 -1
    outer loop
      vertex 19.65 -31.7 0
      vertex 15.65 -35.7 0
      vertex 9.13759 -16.9732 0
    endloop
  endfacet
  facet normal 0 0 -1
    outer loop
      vertex 19.65 25.7 0
      vertex 15.65 29.7 0
      vertex 19.6307 26.0921 0
    endloop
  endfacet
  facet normal 0 0 -1
    outer loop
      vertex 19.6307 26.0921 0
      vertex 15.65 29.7 0
      vertex 19.5731 26.4803 0
    endloop
  endfacet
  facet normal 0 0 -1
    outer loop
      vertex 19.65 -31.7 0
      vertex 14.4182 -11.1469 0
      vertex 14.45 -10.5 0
    endloop
  endfacet
  facet normal 0 0 -1
    outer loop
      vertex 19.65 -31.7 0
      vertex 14.3232 -11.7876 0
      vertex 14.4182 -11.1469 0
    endloop
  endfacet
  facet normal 0 0 -1
    outer loop
      vertex 19.65 -31.7 0
      vertex 14.1658 -12.4159 0
      vertex 14.3232 -11.7876 0
    endloop
  endfacet
  facet normal 0 0 -1
    outer loop
      vertex 19.65 -31.7 0
      vertex 13.9476 -13.0257 0
      vertex 14.1658 -12.4159 0
    endloop
  endfacet
  facet normal 0 0 -1
    outer loop
      vertex 19.65 -31.7 0
      vertex 13.6707 -13.6112 0
      vertex 13.9476 -13.0257 0
    endloop
  endfacet
  facet normal 0 0 -1
    outer loop
      vertex 19.65 -31.7 0
      vertex 13.3377 -14.1668 0
      vertex 13.6707 -13.6112 0
    endloop
  endfacet
  facet normal 0 0 -1
    outer loop
      vertex 19.65 -31.7 0
      vertex 12.9519 -14.687 0
      vertex 13.3377 -14.1668 0
    endloop
  endfacet
  facet normal 0 0 -1
    outer loop
      vertex 19.65 -31.7 0
      vertex 12.5169 -15.1669 0
      vertex 12.9519 -14.687 0
    endloop
  endfacet
  facet normal 0 0 -1
    outer loop
      vertex 19.65 -31.7 0
      vertex 12.037 -15.6019 0
      vertex 12.5169 -15.1669 0
    endloop
  endfacet
  facet normal 0 0 -1
    outer loop
      vertex 19.65 -31.7 0
      vertex 11.5168 -15.9877 0
      vertex 12.037 -15.6019 0
    endloop
  endfacet
  facet normal 0 0 -1
    outer loop
      vertex 19.65 -31.7 0
      vertex 10.9612 -16.3207 0
      vertex 11.5168 -15.9877 0
    endloop
  endfacet
  facet normal 0 0 -1
    outer loop
      vertex 19.65 -31.7 0
      vertex 10.3757 -16.5976 0
      vertex 10.9612 -16.3207 0
    endloop
  endfacet
  facet normal 0 0 -1
    outer loop
      vertex 19.65 -31.7 0
      vertex 9.76587 -16.8158 0
      vertex 10.3757 -16.5976 0
    endloop
  endfacet
  facet normal 0 0 -1
    outer loop
      vertex 19.65 -31.7 0
      vertex 9.13759 -16.9732 0
      vertex 9.76587 -16.8158 0
    endloop
  endfacet
  facet normal 0 0 -1
    outer loop
      vertex 15.65 -35.7 0
      vertex 8.4969 -17.0682 0
      vertex 9.13759 -16.9732 0
    endloop
  endfacet
  facet normal 0 0 -1
    outer loop
      vertex 15.65 -35.7 0
      vertex 7.84999 -17.1 0
      vertex 8.4969 -17.0682 0
    endloop
  endfacet
  facet normal 0 0 -1
    outer loop
      vertex 15.65 -35.7 0
      vertex -7.84999 -17.1 0
      vertex 7.84999 -17.1 0
    endloop
  endfacet
  facet normal 0 0 -1
    outer loop
      vertex -15.65 -35.7 0
      vertex -7.84999 -17.1 0
      vertex 15.65 -35.7 0
    endloop
  endfacet
  facet normal -0 0 -1
    outer loop
      vertex -7.84999 -17.1 0
      vertex -15.65 -35.7 0
      vertex -8.4969 -17.0682 0
    endloop
  endfacet
  facet normal -0 0 -1
    outer loop
      vertex -8.4969 -17.0682 0
      vertex -15.65 -35.7 0
      vertex -9.13759 -16.9732 0
    endloop
  endfacet
  facet normal 0 0 -1
    outer loop
      vertex -19.65 -31.7 0
      vertex -9.13759 -16.9732 0
      vertex -15.65 -35.7 0
    endloop
  endfacet
  facet normal -0 0 -1
    outer loop
      vertex -9.13759 -16.9732 0
      vertex -19.65 -31.7 0
      vertex -9.76587 -16.8158 0
    endloop
  endfacet
  facet normal -0 0 -1
    outer loop
      vertex -9.76587 -16.8158 0
      vertex -19.65 -31.7 0
      vertex -10.3757 -16.5976 0
    endloop
  endfacet
  facet normal -0 0 -1
    outer loop
      vertex -14.4182 -11.1469 0
      vertex -19.65 -31.7 0
      vertex -14.45 -10.5 0
    endloop
  endfacet
  facet normal -0 0 -1
    outer loop
      vertex -14.3232 -11.7876 0
      vertex -19.65 -31.7 0
      vertex -14.4182 -11.1469 0
    endloop
  endfacet
  facet normal -0 0 -1
    outer loop
      vertex -14.1658 -12.4159 0
      vertex -19.65 -31.7 0
      vertex -14.3232 -11.7876 0
    endloop
  endfacet
  facet normal -0 0 -1
    outer loop
      vertex -13.9476 -13.0257 0
      vertex -19.65 -31.7 0
      vertex -14.1658 -12.4159 0
    endloop
  endfacet
  facet normal -0 0 -1
    outer loop
      vertex -13.6707 -13.6112 0
      vertex -19.65 -31.7 0
      vertex -13.9476 -13.0257 0
    endloop
  endfacet
  facet normal -0 0 -1
    outer loop
      vertex -13.3377 -14.1668 0
      vertex -19.65 -31.7 0
      vertex -13.6707 -13.6112 0
    endloop
  endfacet
  facet normal -0 0 -1
    outer loop
      vertex -12.9519 -14.687 0
      vertex -19.65 -31.7 0
      vertex -13.3377 -14.1668 0
    endloop
  endfacet
  facet normal -0 0 -1
    outer loop
      vertex -12.5169 -15.1669 0
      vertex -19.65 -31.7 0
      vertex -12.9519 -14.687 0
    endloop
  endfacet
  facet normal -0 0 -1
    outer loop
      vertex -12.037 -15.6019 0
      vertex -19.65 -31.7 0
      vertex -12.5169 -15.1669 0
    endloop
  endfacet
  facet normal -0 0 -1
    outer loop
      vertex -11.5168 -15.9877 0
      vertex -19.65 -31.7 0
      vertex -12.037 -15.6019 0
    endloop
  endfacet
  facet normal -0 0 -1
    outer loop
      vertex -10.9612 -16.3207 0
      vertex -19.65 -31.7 0
      vertex -11.5168 -15.9877 0
    endloop
  endfacet
  facet normal -0 0 -1
    outer loop
      vertex -10.3757 -16.5976 0
      vertex -19.65 -31.7 0
      vertex -10.9612 -16.3207 0
    endloop
  endfacet
  facet normal 0 0 -1
    outer loop
      vertex 19.4778 26.8611 0
      vertex 15.65 29.7 0
      vertex 19.3455 27.2307 0
    endloop
  endfacet
  facet normal 0 0 -1
    outer loop
      vertex 19.3455 27.2307 0
      vertex 15.65 29.7 0
      vertex 19.1777 27.5856 0
    endloop
  endfacet
  facet normal 0 0 -1
    outer loop
      vertex 19.1777 27.5856 0
      vertex 15.65 29.7 0
      vertex 18.9759 27.9223 0
    endloop
  endfacet
  facet normal 0 0 -1
    outer loop
      vertex 18.9759 27.9223 0
      vertex 15.65 29.7 0
      vertex 18.742 28.2376 0
    endloop
  endfacet
  facet normal 0 0 -1
    outer loop
      vertex 18.742 28.2376 0
      vertex 15.65 29.7 0
      vertex 18.4784 28.5284 0
    endloop
  endfacet
  facet normal 0 0 -1
    outer loop
      vertex 18.4784 28.5284 0
      vertex 15.65 29.7 0
      vertex 18.1876 28.792 0
    endloop
  endfacet
  facet normal 0 0 -1
    outer loop
      vertex 18.1876 28.792 0
      vertex 15.65 29.7 0
      vertex 17.8723 29.0259 0
    endloop
  endfacet
  facet normal 0 0 -1
    outer loop
      vertex 17.5356 29.2277 0
      vertex 15.65 29.7 0
      vertex 17.1807 29.3955 0
    endloop
  endfacet
  facet normal 0 0 -1
    outer loop
      vertex 17.1807 29.3955 0
      vertex 15.65 29.7 0
      vertex 16.8111 29.5278 0
    endloop
  endfacet
  facet normal 0 0 -1
    outer loop
      vertex 16.8111 29.5278 0
      vertex 15.65 29.7 0
      vertex 16.4304 29.6231 0
    endloop
  endfacet
  facet normal 0 0 -1
    outer loop
      vertex 16.4304 29.6231 0
      vertex 15.65 29.7 0
      vertex 16.0421 29.6807 0
    endloop
  endfacet
  facet normal 0 0 -1
    outer loop
      vertex 17.8723 29.0259 0
      vertex 15.65 29.7 0
      vertex 17.5356 29.2277 0
    endloop
  endfacet
  facet normal 0 0 -1
    outer loop
      vertex 19.5731 26.4803 0
      vertex 15.65 29.7 0
      vertex 19.4778 26.8611 0
    endloop
  endfacet
  facet normal 0 0 -1
    outer loop
      vertex 9.76587 16.8158 0
      vertex 15.65 29.7 0
      vertex 10.3757 16.5976 0
    endloop
  endfacet
  facet normal 0 0 -1
    outer loop
      vertex 9.13759 16.9732 0
      vertex 15.65 29.7 0
      vertex 9.76587 16.8158 0
    endloop
  endfacet
  facet normal 0 0 -1
    outer loop
      vertex 8.4969 17.0682 0
      vertex 15.65 29.7 0
      vertex 9.13759 16.9732 0
    endloop
  endfacet
  facet normal 0 0 -1
    outer loop
      vertex 7.84999 17.1 0
      vertex 15.65 29.7 0
      vertex 8.4969 17.0682 0
    endloop
  endfacet
  facet normal 0 0 -1
    outer loop
      vertex -7.84999 17.1 0
      vertex 15.65 29.7 0
      vertex 7.84999 17.1 0
    endloop
  endfacet
  facet normal 0 0 -1
    outer loop
      vertex -15.65 29.7 0
      vertex -7.84999 17.1 0
      vertex -8.4969 17.0682 0
    endloop
  endfacet
  facet normal 0 0 -1
    outer loop
      vertex -15.65 29.7 0
      vertex -8.4969 17.0682 0
      vertex -9.13759 16.9732 0
    endloop
  endfacet
  facet normal 0 0 -1
    outer loop
      vertex -15.65 29.7 0
      vertex -9.13759 16.9732 0
      vertex -9.76587 16.8158 0
    endloop
  endfacet
  facet normal 0 0 -1
    outer loop
      vertex -15.65 29.7 0
      vertex -9.76587 16.8158 0
      vertex -10.3757 16.5976 0
    endloop
  endfacet
  facet normal 0 0 -1
    outer loop
      vertex -19.65 25.7 0
      vertex -10.3757 16.5976 0
      vertex -10.9612 16.3207 0
    endloop
  endfacet
  facet normal 0 0 -1
    outer loop
      vertex -7.84999 17.1 0
      vertex -15.65 29.7 0
      vertex 15.65 29.7 0
    endloop
  endfacet
  facet normal 0 0 -1
    outer loop
      vertex -19.65 25.7 0
      vertex -10.9612 16.3207 0
      vertex -11.5168 15.9877 0
    endloop
  endfacet
  facet normal 0 0 -1
    outer loop
      vertex -19.65 25.7 0
      vertex -11.5168 15.9877 0
      vertex -12.037 15.6019 0
    endloop
  endfacet
  facet normal 0 0 -1
    outer loop
      vertex -19.65 25.7 0
      vertex -12.037 15.6019 0
      vertex -12.5169 15.1669 0
    endloop
  endfacet
  facet normal 0 0 -1
    outer loop
      vertex -19.65 25.7 0
      vertex -12.5169 15.1669 0
      vertex -12.9519 14.687 0
    endloop
  endfacet
  facet normal 0 0 -1
    outer loop
      vertex -19.65 25.7 0
      vertex -12.9519 14.687 0
      vertex -13.3377 14.1668 0
    endloop
  endfacet
  facet normal 0 0 -1
    outer loop
      vertex -19.65 25.7 0
      vertex -13.3377 14.1668 0
      vertex -13.6707 13.6112 0
    endloop
  endfacet
  facet normal 0 0 -1
    outer loop
      vertex -19.65 25.7 0
      vertex -13.6707 13.6112 0
      vertex -13.9476 13.0257 0
    endloop
  endfacet
  facet normal 0 0 -1
    outer loop
      vertex -19.65 25.7 0
      vertex -13.9476 13.0257 0
      vertex -14.1658 12.4159 0
    endloop
  endfacet
  facet normal 0 0 -1
    outer loop
      vertex -19.65 25.7 0
      vertex -14.1658 12.4159 0
      vertex -14.3232 11.7876 0
    endloop
  endfacet
  facet normal 0 0 -1
    outer loop
      vertex -19.65 25.7 0
      vertex -14.3232 11.7876 0
      vertex -14.4182 11.1469 0
    endloop
  endfacet
  facet normal 0 0 -1
    outer loop
      vertex -19.65 25.7 0
      vertex -14.4182 11.1469 0
      vertex -14.45 10.5 0
    endloop
  endfacet
  facet normal 0 0 -1
    outer loop
      vertex -19.65 25.7 0
      vertex -14.45 -10.5 0
      vertex -19.65 -31.7 0
    endloop
  endfacet
  facet normal 0 0 -1
    outer loop
      vertex -19.65 -31.7 0
      vertex -15.65 -35.7 0
      vertex -16.0421 -35.6807 0
    endloop
  endfacet
  facet normal 0 0 -1
    outer loop
      vertex -14.45 -10.5 0
      vertex -19.65 25.7 0
      vertex -14.45 10.5 0
    endloop
  endfacet
  facet normal 0 0 -1
    outer loop
      vertex -19.65 -31.7 0
      vertex -16.0421 -35.6807 0
      vertex -16.4304 -35.6231 0
    endloop
  endfacet
  facet normal 0 0 -1
    outer loop
      vertex -10.3757 16.5976 0
      vertex -19.65 25.7 0
      vertex -15.65 29.7 0
    endloop
  endfacet
  facet normal 0 0 -1
    outer loop
      vertex -19.65 -31.7 0
      vertex -16.4304 -35.6231 0
      vertex -16.8111 -35.5278 0
    endloop
  endfacet
  facet normal 0 0 -1
    outer loop
      vertex -15.65 29.7 0
      vertex -19.65 25.7 0
      vertex -16.0421 29.6807 0
    endloop
  endfacet
  facet normal 0 0 -1
    outer loop
      vertex -19.65 -31.7 0
      vertex -16.8111 -35.5278 0
      vertex -17.1807 -35.3955 0
    endloop
  endfacet
  facet normal 0 0 -1
    outer loop
      vertex -16.0421 29.6807 0
      vertex -19.65 25.7 0
      vertex -16.4304 29.6231 0
    endloop
  endfacet
  facet normal 0 0 -1
    outer loop
      vertex -19.65 -31.7 0
      vertex -17.1807 -35.3955 0
      vertex -17.5356 -35.2277 0
    endloop
  endfacet
  facet normal 0 0 -1
    outer loop
      vertex -16.4304 29.6231 0
      vertex -19.65 25.7 0
      vertex -16.8111 29.5278 0
    endloop
  endfacet
  facet normal 0 0 -1
    outer loop
      vertex -19.65 -31.7 0
      vertex -17.5356 -35.2277 0
      vertex -17.8723 -35.0259 0
    endloop
  endfacet
  facet normal 0 0 -1
    outer loop
      vertex -16.8111 29.5278 0
      vertex -19.65 25.7 0
      vertex -17.1807 29.3955 0
    endloop
  endfacet
  facet normal 0 0 -1
    outer loop
      vertex -19.65 -31.7 0
      vertex -17.8723 -35.0259 0
      vertex -18.1876 -34.792 0
    endloop
  endfacet
  facet normal 0 0 -1
    outer loop
      vertex -17.1807 29.3955 0
      vertex -19.65 25.7 0
      vertex -17.5356 29.2277 0
    endloop
  endfacet
  facet normal 0 0 -1
    outer loop
      vertex -19.65 -31.7 0
      vertex -18.1876 -34.792 0
      vertex -18.4784 -34.5284 0
    endloop
  endfacet
  facet normal 0 0 -1
    outer loop
      vertex -17.5356 29.2277 0
      vertex -19.65 25.7 0
      vertex -17.8723 29.0259 0
    endloop
  endfacet
  facet normal 0 0 -1
    outer loop
      vertex -19.65 -31.7 0
      vertex -18.4784 -34.5284 0
      vertex -18.742 -34.2376 0
    endloop
  endfacet
  facet normal 0 0 -1
    outer loop
      vertex -17.8723 29.0259 0
      vertex -19.65 25.7 0
      vertex -18.1876 28.792 0
    endloop
  endfacet
  facet normal 0 0 -1
    outer loop
      vertex -19.65 -31.7 0
      vertex -18.742 -34.2376 0
      vertex -18.9759 -33.9223 0
    endloop
  endfacet
  facet normal 0 0 -1
    outer loop
      vertex -18.1876 28.792 0
      vertex -19.65 25.7 0
      vertex -18.4784 28.5284 0
    endloop
  endfacet
  facet normal 0 0 -1
    outer loop
      vertex -19.65 -31.7 0
      vertex -18.9759 -33.9223 0
      vertex -19.1777 -33.5856 0
    endloop
  endfacet
  facet normal 0 0 -1
    outer loop
      vertex -18.4784 28.5284 0
      vertex -19.65 25.7 0
      vertex -18.742 28.2376 0
    endloop
  endfacet
  facet normal 0 0 -1
    outer loop
      vertex -19.65 -31.7 0
      vertex -19.1777 -33.5856 0
      vertex -19.3455 -33.2307 0
    endloop
  endfacet
  facet normal 0 0 -1
    outer loop
      vertex -18.742 28.2376 0
      vertex -19.65 25.7 0
      vertex -18.9759 27.9223 0
    endloop
  endfacet
  facet normal 0 0 -1
    outer loop
      vertex -19.65 -31.7 0
      vertex -19.3455 -33.2307 0
      vertex -19.4778 -32.8611 0
    endloop
  endfacet
  facet normal 0 0 -1
    outer loop
      vertex -18.9759 27.9223 0
      vertex -19.65 25.7 0
      vertex -19.1777 27.5856 0
    endloop
  endfacet
  facet normal 0 0 -1
    outer loop
      vertex -19.65 -31.7 0
      vertex -19.4778 -32.8611 0
      vertex -19.5731 -32.4803 0
    endloop
  endfacet
  facet normal 0 0 -1
    outer loop
      vertex -19.1777 27.5856 0
      vertex -19.65 25.7 0
      vertex -19.3455 27.2307 0
    endloop
  endfacet
  facet normal 0 0 -1
    outer loop
      vertex -19.65 -31.7 0
      vertex -19.5731 -32.4803 0
      vertex -19.6307 -32.0921 0
    endloop
  endfacet
  facet normal 0 0 -1
    outer loop
      vertex -19.3455 27.2307 0
      vertex -19.65 25.7 0
      vertex -19.4778 26.8611 0
    endloop
  endfacet
  facet normal 0 0 -1
    outer loop
      vertex -19.4778 26.8611 0
      vertex -19.65 25.7 0
      vertex -19.5731 26.4803 0
    endloop
  endfacet
  facet normal 0 0 -1
    outer loop
      vertex -19.5731 26.4803 0
      vertex -19.65 25.7 0
      vertex -19.6307 26.0921 0
    endloop
  endfacet
  facet normal 0.42744 0.904044 -0
    outer loop
      vertex 17.5356 29.2277 0
      vertex 17.1807 29.3955 12.7
      vertex 17.5356 29.2277 12.7
    endloop
  endfacet
  facet normal 0.42744 0.904044 0
    outer loop
      vertex 17.1807 29.3955 12.7
      vertex 17.5356 29.2277 0
      vertex 17.1807 29.3955 0
    endloop
  endfacet
  facet normal 0.242835 -0.970068 0
    outer loop
      vertex 16.4304 -35.6231 0
      vertex 16.8111 -35.5278 12.7
      vertex 16.4304 -35.6231 12.7
    endloop
  endfacet
  facet normal 0.242835 -0.970068 0
    outer loop
      vertex 16.8111 -35.5278 12.7
      vertex 16.4304 -35.6231 0
      vertex 16.8111 -35.5278 0
    endloop
  endfacet
  facet normal -0.146733 0.989176 0
    outer loop
      vertex -16.0421 29.6807 0
      vertex -16.4304 29.6231 12.7
      vertex -16.0421 29.6807 12.7
    endloop
  endfacet
  facet normal -0.146733 0.989176 0
    outer loop
      vertex -16.4304 29.6231 12.7
      vertex -16.0421 29.6807 0
      vertex -16.4304 29.6231 0
    endloop
  endfacet
  facet normal 0.337014 -0.9415 0
    outer loop
      vertex 16.8111 -35.5278 0
      vertex 17.1807 -35.3955 12.7
      vertex 16.8111 -35.5278 12.7
    endloop
  endfacet
  facet normal 0.337014 -0.9415 0
    outer loop
      vertex 17.1807 -35.3955 12.7
      vertex 16.8111 -35.5278 0
      vertex 17.1807 -35.3955 0
    endloop
  endfacet
  facet normal 0.514084 0.85774 -0
    outer loop
      vertex 17.8723 29.0259 0
      vertex 17.5356 29.2277 12.7
      vertex 17.8723 29.0259 12.7
    endloop
  endfacet
  facet normal 0.514084 0.85774 0
    outer loop
      vertex 17.5356 29.2277 12.7
      vertex 17.8723 29.0259 0
      vertex 17.5356 29.2277 0
    endloop
  endfacet
  facet normal 0.595794 -0.803137 0
    outer loop
      vertex 17.8723 -35.0259 0
      vertex 18.1876 -34.792 4.83247
      vertex 17.8723 -35.0259 5.26992
    endloop
  endfacet
  facet normal 0.595794 -0.803137 0
    outer loop
      vertex 18.1876 -34.792 4.83247
      vertex 17.8723 -35.0259 0
      vertex 18.1876 -34.792 0
    endloop
  endfacet
  facet normal 0.595794 -0.803137 0
    outer loop
      vertex 17.8723 -35.0259 12.7
      vertex 18.1876 -34.792 7.86753
      vertex 18.1876 -34.792 12.7
    endloop
  endfacet
  facet normal 0.595794 -0.803137 0
    outer loop
      vertex 18.1876 -34.792 7.86753
      vertex 17.8723 -35.0259 12.7
      vertex 17.8723 -35.0259 7.43008
    endloop
  endfacet
  facet normal -0.740908 -0.671607 0
    outer loop
      vertex -18.4784 -34.5284 0
      vertex -18.742 -34.2376 4.23559
      vertex -18.742 -34.2376 0
    endloop
  endfacet
  facet normal -0.740819 -0.671704 1.21957e-05
    outer loop
      vertex -18.742 -34.2376 4.23559
      vertex -18.4784 -34.5284 0
      vertex -18.5544 -34.4445 4.40546
    endloop
  endfacet
  facet normal -0.741138 -0.671353 0
    outer loop
      vertex -18.5544 -34.4445 4.40546
      vertex -18.4784 -34.5284 0
      vertex -18.4784 -34.5284 4.50767
    endloop
  endfacet
  facet normal -0.740819 -0.671704 -1.21957e-05
    outer loop
      vertex -18.4784 -34.5284 12.7
      vertex -18.742 -34.2376 8.46441
      vertex -18.5544 -34.4445 8.29454
    endloop
  endfacet
  facet normal -0.741138 -0.671353 -0
    outer loop
      vertex -18.4784 -34.5284 12.7
      vertex -18.5544 -34.4445 8.29454
      vertex -18.4784 -34.5284 8.19233
    endloop
  endfacet
  facet normal -0.740908 -0.671607 0
    outer loop
      vertex -18.742 -34.2376 8.46441
      vertex -18.4784 -34.5284 12.7
      vertex -18.742 -34.2376 12.7
    endloop
  endfacet
  facet normal 0.740908 0.671607 0
    outer loop
      vertex 18.742 28.2376 12.7
      vertex 18.4784 28.5284 0
      vertex 18.4784 28.5284 12.7
    endloop
  endfacet
  facet normal 0.740908 0.671607 0
    outer loop
      vertex 18.4784 28.5284 0
      vertex 18.742 28.2376 12.7
      vertex 18.742 28.2376 0
    endloop
  endfacet
  facet normal 0.740819 -0.671704 1.21957e-05
    outer loop
      vertex 18.4784 -34.5284 0
      vertex 18.742 -34.2376 4.23559
      vertex 18.5544 -34.4445 4.40546
    endloop
  endfacet
  facet normal 0.741138 -0.671353 0
    outer loop
      vertex 18.4784 -34.5284 0
      vertex 18.5544 -34.4445 4.40546
      vertex 18.4784 -34.5284 4.50767
    endloop
  endfacet
  facet normal 0.740908 -0.671607 0
    outer loop
      vertex 18.742 -34.2376 4.23559
      vertex 18.4784 -34.5284 0
      vertex 18.742 -34.2376 0
    endloop
  endfacet
  facet normal 0.740908 -0.671607 0
    outer loop
      vertex 18.4784 -34.5284 12.7
      vertex 18.742 -34.2376 8.46441
      vertex 18.742 -34.2376 12.7
    endloop
  endfacet
  facet normal 0.740819 -0.671704 -1.21957e-05
    outer loop
      vertex 18.742 -34.2376 8.46441
      vertex 18.4784 -34.5284 12.7
      vertex 18.5544 -34.4445 8.29454
    endloop
  endfacet
  facet normal 0.741138 -0.671353 0
    outer loop
      vertex 18.5544 -34.4445 8.29454
      vertex 18.4784 -34.5284 12.7
      vertex 18.4784 -34.5284 8.19233
    endloop
  endfacet
  facet normal 0.803137 -0.595794 0
    outer loop
      vertex 18.742 -34.2376 12.7
      vertex 18.9759 -33.9223 8.69296
      vertex 18.9759 -33.9223 12.7
    endloop
  endfacet
  facet normal 0.803009 -0.595966 -2.10353e-05
    outer loop
      vertex 18.9759 -33.9223 8.69296
      vertex 18.742 -34.2376 12.7
      vertex 18.8976 -34.0278 8.63654
    endloop
  endfacet
  facet normal 0.803204 -0.595704 0
    outer loop
      vertex 18.8976 -34.0278 8.63654
      vertex 18.742 -34.2376 12.7
      vertex 18.742 -34.2376 8.46441
    endloop
  endfacet
  facet normal 0.803009 -0.595966 2.10353e-05
    outer loop
      vertex 18.742 -34.2376 0
      vertex 18.9759 -33.9223 4.00704
      vertex 18.8976 -34.0278 4.06346
    endloop
  endfacet
  facet normal 0.803204 -0.595704 0
    outer loop
      vertex 18.742 -34.2376 0
      vertex 18.8976 -34.0278 4.06346
      vertex 18.742 -34.2376 4.23559
    endloop
  endfacet
  facet normal 0.803137 -0.595794 0
    outer loop
      vertex 18.9759 -33.9223 4.00704
      vertex 18.742 -34.2376 0
      vertex 18.9759 -33.9223 0
    endloop
  endfacet
  facet normal -0.595794 -0.803137 0
    outer loop
      vertex -18.1876 -34.792 7.86753
      vertex -17.8723 -35.0259 12.7
      vertex -18.1876 -34.792 12.7
    endloop
  endfacet
  facet normal -0.595794 -0.803137 -0
    outer loop
      vertex -17.8723 -35.0259 12.7
      vertex -18.1876 -34.792 7.86753
      vertex -17.8723 -35.0259 7.43008
    endloop
  endfacet
  facet normal -0.595794 -0.803137 0
    outer loop
      vertex -17.8723 -35.0259 0
      vertex -18.1876 -34.792 4.83247
      vertex -18.1876 -34.792 0
    endloop
  endfacet
  facet normal -0.595794 -0.803137 0
    outer loop
      vertex -18.1876 -34.792 4.83247
      vertex -17.8723 -35.0259 0
      vertex -17.8723 -35.0259 5.26992
    endloop
  endfacet
  facet normal 0.970432 -0.241376 0
    outer loop
      vertex 19.5731 -32.4803 12.7
      vertex 19.5682 -32.5 9.1
      vertex 19.5731 -32.4803 9.09806
    endloop
  endfacet
  facet normal 0.970083 -0.242775 8.13072e-06
    outer loop
      vertex 19.4778 -32.8611 12.7
      vertex 19.5682 -32.5 9.1
      vertex 19.5731 -32.4803 12.7
    endloop
  endfacet
  facet normal 0.970063 -0.242852 0
    outer loop
      vertex 19.5682 -32.5 9.1
      vertex 19.4778 -32.8611 12.7
      vertex 19.4778 -32.8611 9.06443
    endloop
  endfacet
  facet normal 0.970432 -0.241376 0
    outer loop
      vertex 19.5682 -32.5 3.6
      vertex 19.5731 -32.4803 0
      vertex 19.5731 -32.4803 3.60194
    endloop
  endfacet
  facet normal 0.970063 -0.242852 0
    outer loop
      vertex 19.4778 -32.8611 0
      vertex 19.5682 -32.5 3.6
      vertex 19.4778 -32.8611 3.63557
    endloop
  endfacet
  facet normal 0.970083 -0.242775 -8.13072e-06
    outer loop
      vertex 19.5682 -32.5 3.6
      vertex 19.4778 -32.8611 0
      vertex 19.5731 -32.4803 0
    endloop
  endfacet
  facet normal 0.146733 -0.989176 0
    outer loop
      vertex 16.0421 -35.6807 0
      vertex 16.4304 -35.6231 12.7
      vertex 16.0421 -35.6807 12.7
    endloop
  endfacet
  facet normal 0.146733 -0.989176 0
    outer loop
      vertex 16.4304 -35.6231 12.7
      vertex 16.0421 -35.6807 0
      vertex 16.4304 -35.6231 0
    endloop
  endfacet
  facet normal 0 0 1
    outer loop
      vertex -7.84999 -19.7 12.7
      vertex -13.4426 -26.0965 12.7
      vertex -13.4 -26.42 12.7
    endloop
  endfacet
  facet normal 0 0 1
    outer loop
      vertex -12.1868 -18.6137 12.7
      vertex -13.5675 -25.795 12.7
      vertex -13.4426 -26.0965 12.7
    endloop
  endfacet
  facet normal 0 0 1
    outer loop
      vertex -14.9735 -25.2126 12.7
      vertex -12.9612 -18.1495 12.7
      vertex -13.6864 -17.6117 12.7
    endloop
  endfacet
  facet normal 0 0 1
    outer loop
      vertex -12.1868 -18.6137 12.7
      vertex -13.7661 -25.5361 12.7
      vertex -13.5675 -25.795 12.7
    endloop
  endfacet
  facet normal 0 0 1
    outer loop
      vertex -12.1868 -18.6137 12.7
      vertex -14.025 -25.3375 12.7
      vertex -13.7661 -25.5361 12.7
    endloop
  endfacet
  facet normal 0 0 1
    outer loop
      vertex -12.1868 -18.6137 12.7
      vertex -14.3265 -25.2126 12.7
      vertex -14.025 -25.3375 12.7
    endloop
  endfacet
  facet normal 0 0 1
    outer loop
      vertex -15.275 -25.3375 12.7
      vertex -13.6864 -17.6117 12.7
      vertex -14.3554 -17.0054 12.7
    endloop
  endfacet
  facet normal 0 0 1
    outer loop
      vertex -12.1868 -18.6137 12.7
      vertex -14.65 -25.17 12.7
      vertex -14.3265 -25.2126 12.7
    endloop
  endfacet
  facet normal 0 0 1
    outer loop
      vertex -15.275 -25.3375 12.7
      vertex -14.3554 -17.0054 12.7
      vertex -14.9617 -16.3364 12.7
    endloop
  endfacet
  facet normal 0 0 1
    outer loop
      vertex -12.9612 -18.1495 12.7
      vertex -14.9735 -25.2126 12.7
      vertex -14.65 -25.17 12.7
    endloop
  endfacet
  facet normal 0 0 1
    outer loop
      vertex -13.6864 -17.6117 12.7
      vertex -15.275 -25.3375 12.7
      vertex -14.9735 -25.2126 12.7
    endloop
  endfacet
  facet normal 0 0 1
    outer loop
      vertex -15.5339 -25.5361 12.7
      vertex -14.9617 -16.3364 12.7
      vertex -15.4995 -15.6112 12.7
    endloop
  endfacet
  facet normal 0 0 1
    outer loop
      vertex -14.9617 -16.3364 12.7
      vertex -15.5339 -25.5361 12.7
      vertex -15.275 -25.3375 12.7
    endloop
  endfacet
  facet normal 0 0 1
    outer loop
      vertex -15.4995 -15.6112 12.7
      vertex -15.7325 -25.795 12.7
      vertex -15.5339 -25.5361 12.7
    endloop
  endfacet
  facet normal 0 0 1
    outer loop
      vertex -15.9637 -14.8368 12.7
      vertex -15.7325 -25.795 12.7
      vertex -15.4995 -15.6112 12.7
    endloop
  endfacet
  facet normal 0 0 1
    outer loop
      vertex -15.7325 -25.795 12.7
      vertex -15.9637 -14.8368 12.7
      vertex -15.8574 -26.0965 12.7
    endloop
  endfacet
  facet normal 0 0 1
    outer loop
      vertex -16.3497 -14.0207 12.7
      vertex -15.8574 -26.0965 12.7
      vertex -15.9637 -14.8368 12.7
    endloop
  endfacet
  facet normal 0 0 1
    outer loop
      vertex -10.5206 19.3038 12.7
      vertex -13.7661 23.8161 12.7
      vertex -11.3707 18.9997 12.7
    endloop
  endfacet
  facet normal -0 0 1
    outer loop
      vertex -14.025 23.6175 12.7
      vertex -11.3707 18.9997 12.7
      vertex -13.7661 23.8161 12.7
    endloop
  endfacet
  facet normal 0 0 1
    outer loop
      vertex -11.3707 18.9997 12.7
      vertex -14.025 23.6175 12.7
      vertex -12.1868 18.6137 12.7
    endloop
  endfacet
  facet normal -0 0 1
    outer loop
      vertex -14.3265 23.4926 12.7
      vertex -12.1868 18.6137 12.7
      vertex -14.025 23.6175 12.7
    endloop
  endfacet
  facet normal 0 0 1
    outer loop
      vertex -12.1868 18.6137 12.7
      vertex -14.3265 23.4926 12.7
      vertex -12.9612 18.1495 12.7
    endloop
  endfacet
  facet normal -0 0 1
    outer loop
      vertex -14.65 23.45 12.7
      vertex -12.9612 18.1495 12.7
      vertex -14.3265 23.4926 12.7
    endloop
  endfacet
  facet normal 0 0 1
    outer loop
      vertex -12.9612 18.1495 12.7
      vertex -14.65 23.45 12.7
      vertex -13.6864 17.6117 12.7
    endloop
  endfacet
  facet normal 0 0 1
    outer loop
      vertex -14.9735 23.4926 12.7
      vertex -13.6864 17.6117 12.7
      vertex -14.65 23.45 12.7
    endloop
  endfacet
  facet normal 0 0 1
    outer loop
      vertex -13.6864 17.6117 12.7
      vertex -14.9735 23.4926 12.7
      vertex -14.3554 17.0054 12.7
    endloop
  endfacet
  facet normal 0 0 1
    outer loop
      vertex -15.275 23.6175 12.7
      vertex -14.3554 17.0054 12.7
      vertex -14.9735 23.4926 12.7
    endloop
  endfacet
  facet normal 0 0 1
    outer loop
      vertex -14.3554 17.0054 12.7
      vertex -15.275 23.6175 12.7
      vertex -14.9617 16.3364 12.7
    endloop
  endfacet
  facet normal 0 0 1
    outer loop
      vertex -15.5339 23.8161 12.7
      vertex -14.9617 16.3364 12.7
      vertex -15.275 23.6175 12.7
    endloop
  endfacet
  facet normal 0 0 1
    outer loop
      vertex -19.65 25.7 12.7
      vertex -14.9617 16.3364 12.7
      vertex -15.5339 23.8161 12.7
    endloop
  endfacet
  facet normal 0 0 1
    outer loop
      vertex -19.65 25.7 12.7
      vertex -15.5339 23.8161 12.7
      vertex -15.7325 24.075 12.7
    endloop
  endfacet
  facet normal 0 0 1
    outer loop
      vertex -19.65 25.7 12.7
      vertex -15.7325 24.075 12.7
      vertex -15.8574 24.3765 12.7
    endloop
  endfacet
  facet normal 0 0 1
    outer loop
      vertex -19.65 25.7 12.7
      vertex -15.8574 24.3765 12.7
      vertex -15.9 24.7 12.7
    endloop
  endfacet
  facet normal 0 0 1
    outer loop
      vertex -14.9617 16.3364 12.7
      vertex -19.65 25.7 12.7
      vertex -15.4995 15.6112 12.7
    endloop
  endfacet
  facet normal 0 0 1
    outer loop
      vertex 19.65 -31.7 12.7
      vertex 15.8574 -26.0965 12.7
      vertex 15.9 -26.42 12.7
    endloop
  endfacet
  facet normal 0 0 1
    outer loop
      vertex 15.9637 -14.8368 12.7
      vertex 15.7325 -25.795 12.7
      vertex 15.8574 -26.0965 12.7
    endloop
  endfacet
  facet normal -0 0 1
    outer loop
      vertex 15.4995 -15.6112 12.7
      vertex 15.7325 -25.795 12.7
      vertex 15.9637 -14.8368 12.7
    endloop
  endfacet
  facet normal 0 0 1
    outer loop
      vertex 15.7325 -25.795 12.7
      vertex 15.4995 -15.6112 12.7
      vertex 15.5339 -25.5361 12.7
    endloop
  endfacet
  facet normal -0 0 1
    outer loop
      vertex 14.9617 -16.3364 12.7
      vertex 15.5339 -25.5361 12.7
      vertex 15.4995 -15.6112 12.7
    endloop
  endfacet
  facet normal 0 0 1
    outer loop
      vertex 15.5339 -25.5361 12.7
      vertex 14.9617 -16.3364 12.7
      vertex 15.275 -25.3375 12.7
    endloop
  endfacet
  facet normal -0 0 1
    outer loop
      vertex 14.3554 -17.0054 12.7
      vertex 15.275 -25.3375 12.7
      vertex 14.9617 -16.3364 12.7
    endloop
  endfacet
  facet normal -0 0 1
    outer loop
      vertex 13.6864 -17.6117 12.7
      vertex 15.275 -25.3375 12.7
      vertex 14.3554 -17.0054 12.7
    endloop
  endfacet
  facet normal 0 0 1
    outer loop
      vertex 15.275 -25.3375 12.7
      vertex 13.6864 -17.6117 12.7
      vertex 14.9735 -25.2126 12.7
    endloop
  endfacet
  facet normal -0 0 1
    outer loop
      vertex 12.9612 -18.1495 12.7
      vertex 14.9735 -25.2126 12.7
      vertex 13.6864 -17.6117 12.7
    endloop
  endfacet
  facet normal 0 0 1
    outer loop
      vertex 14.9735 -25.2126 12.7
      vertex 12.9612 -18.1495 12.7
      vertex 14.65 -25.17 12.7
    endloop
  endfacet
  facet normal -0 0 1
    outer loop
      vertex 12.1868 -18.6137 12.7
      vertex 14.65 -25.17 12.7
      vertex 12.9612 -18.1495 12.7
    endloop
  endfacet
  facet normal 0 0 1
    outer loop
      vertex 14.65 -25.17 12.7
      vertex 12.1868 -18.6137 12.7
      vertex 14.3265 -25.2126 12.7
    endloop
  endfacet
  facet normal -0 0 1
    outer loop
      vertex 11.3707 -18.9997 12.7
      vertex 14.3265 -25.2126 12.7
      vertex 12.1868 -18.6137 12.7
    endloop
  endfacet
  facet normal 0 0 1
    outer loop
      vertex 14.3265 -25.2126 12.7
      vertex 11.3707 -18.9997 12.7
      vertex 14.025 -25.3375 12.7
    endloop
  endfacet
  facet normal -0 0 1
    outer loop
      vertex 10.5206 -19.3038 12.7
      vertex 14.025 -25.3375 12.7
      vertex 11.3707 -18.9997 12.7
    endloop
  endfacet
  facet normal 0 0 1
    outer loop
      vertex 14.025 -25.3375 12.7
      vertex 10.5206 -19.3038 12.7
      vertex 13.7661 -25.5361 12.7
    endloop
  endfacet
  facet normal 0 0 1
    outer loop
      vertex 15.8574 25.0235 12.7
      vertex 19.65 25.7 12.7
      vertex 19.6307 26.0921 12.7
    endloop
  endfacet
  facet normal 0 0 1
    outer loop
      vertex 19.65 25.7 12.7
      vertex 17.05 -10.5 12.7
      vertex 19.65 -31.7 12.7
    endloop
  endfacet
  facet normal 0 0 1
    outer loop
      vertex 15.7325 25.325 12.7
      vertex 19.6307 26.0921 12.7
      vertex 19.5731 26.4803 12.7
    endloop
  endfacet
  facet normal -0 0 1
    outer loop
      vertex 17.0057 -11.4017 12.7
      vertex 19.65 -31.7 12.7
      vertex 17.05 -10.5 12.7
    endloop
  endfacet
  facet normal 0 0 1
    outer loop
      vertex 15.7325 25.325 12.7
      vertex 19.5731 26.4803 12.7
      vertex 19.4778 26.8611 12.7
    endloop
  endfacet
  facet normal -0 0 1
    outer loop
      vertex 16.8732 -12.2948 12.7
      vertex 19.65 -31.7 12.7
      vertex 17.0057 -11.4017 12.7
    endloop
  endfacet
  facet normal 0 0 1
    outer loop
      vertex 15.7325 25.325 12.7
      vertex 19.4778 26.8611 12.7
      vertex 19.3455 27.2307 12.7
    endloop
  endfacet
  facet normal -0 0 1
    outer loop
      vertex 16.6538 -13.1706 12.7
      vertex 19.65 -31.7 12.7
      vertex 16.8732 -12.2948 12.7
    endloop
  endfacet
  facet normal 0 0 1
    outer loop
      vertex 15.7325 25.325 12.7
      vertex 19.3455 27.2307 12.7
      vertex 19.1777 27.5856 12.7
    endloop
  endfacet
  facet normal -0 0 1
    outer loop
      vertex 16.3497 -14.0207 12.7
      vertex 19.65 -31.7 12.7
      vertex 16.6538 -13.1706 12.7
    endloop
  endfacet
  facet normal 0 0 1
    outer loop
      vertex 15.7325 25.325 12.7
      vertex 19.1777 27.5856 12.7
      vertex 18.9759 27.9223 12.7
    endloop
  endfacet
  facet normal -0 0 1
    outer loop
      vertex 15.8574 -26.0965 12.7
      vertex 19.65 -31.7 12.7
      vertex 16.3497 -14.0207 12.7
    endloop
  endfacet
  facet normal 0 0 1
    outer loop
      vertex 15.5339 25.5839 12.7
      vertex 18.9759 27.9223 12.7
      vertex 18.742 28.2376 12.7
    endloop
  endfacet
  facet normal -0 0 1
    outer loop
      vertex 15.8574 -26.7435 12.7
      vertex 19.65 -31.7 12.7
      vertex 15.9 -26.42 12.7
    endloop
  endfacet
  facet normal 0 0 1
    outer loop
      vertex 15.5339 25.5839 12.7
      vertex 18.742 28.2376 12.7
      vertex 18.4784 28.5284 12.7
    endloop
  endfacet
  facet normal -0 0 1
    outer loop
      vertex 15.7325 -27.045 12.7
      vertex 19.65 -31.7 12.7
      vertex 15.8574 -26.7435 12.7
    endloop
  endfacet
  facet normal 0 0 1
    outer loop
      vertex 15.5339 25.5839 12.7
      vertex 18.4784 28.5284 12.7
      vertex 18.1876 28.792 12.7
    endloop
  endfacet
  facet normal -0 0 1
    outer loop
      vertex 15.5339 -27.3039 12.7
      vertex 19.65 -31.7 12.7
      vertex 15.7325 -27.045 12.7
    endloop
  endfacet
  facet normal 0 0 1
    outer loop
      vertex 15.5339 25.5839 12.7
      vertex 18.1876 28.792 12.7
      vertex 17.8723 29.0259 12.7
    endloop
  endfacet
  facet normal -0 0 1
    outer loop
      vertex 14.9735 -27.6274 12.7
      vertex 19.65 -31.7 12.7
      vertex 15.275 -27.5025 12.7
    endloop
  endfacet
  facet normal 0 0 1
    outer loop
      vertex 15.275 25.7825 12.7
      vertex 17.8723 29.0259 12.7
      vertex 17.5356 29.2277 12.7
    endloop
  endfacet
  facet normal 0 0 1
    outer loop
      vertex 19.65 25.7 12.7
      vertex 17.05 10.5 12.7
      vertex 17.05 -10.5 12.7
    endloop
  endfacet
  facet normal 0 0 1
    outer loop
      vertex 15.275 25.7825 12.7
      vertex 17.5356 29.2277 12.7
      vertex 17.1807 29.3955 12.7
    endloop
  endfacet
  facet normal 0 0 1
    outer loop
      vertex 19.65 -31.7 12.7
      vertex 14.9735 -27.6274 12.7
      vertex 19.6307 -32.0921 12.7
    endloop
  endfacet
  facet normal 0 0 1
    outer loop
      vertex 19.6307 -32.0921 12.7
      vertex 14.9735 -27.6274 12.7
      vertex 19.5731 -32.4803 12.7
    endloop
  endfacet
  facet normal 0 0 1
    outer loop
      vertex 19.65 25.7 12.7
      vertex 17.0057 11.4017 12.7
      vertex 17.05 10.5 12.7
    endloop
  endfacet
  facet normal 0 0 1
    outer loop
      vertex 19.65 25.7 12.7
      vertex 16.8732 12.2948 12.7
      vertex 17.0057 11.4017 12.7
    endloop
  endfacet
  facet normal 0 0 1
    outer loop
      vertex 15.275 25.7825 12.7
      vertex 17.1807 29.3955 12.7
      vertex 16.8111 29.5278 12.7
    endloop
  endfacet
  facet normal 0 0 1
    outer loop
      vertex 19.65 25.7 12.7
      vertex 16.6538 13.1706 12.7
      vertex 16.8732 12.2948 12.7
    endloop
  endfacet
  facet normal 0 0 1
    outer loop
      vertex 15.275 25.7825 12.7
      vertex 16.8111 29.5278 12.7
      vertex 16.4304 29.6231 12.7
    endloop
  endfacet
  facet normal 0 0 1
    outer loop
      vertex 19.65 25.7 12.7
      vertex 15.9 24.7 12.7
      vertex 15.8574 24.3765 12.7
    endloop
  endfacet
  facet normal 0 0 1
    outer loop
      vertex 15.275 25.7825 12.7
      vertex 16.4304 29.6231 12.7
      vertex 16.0421 29.6807 12.7
    endloop
  endfacet
  facet normal 0 0 1
    outer loop
      vertex 19.65 25.7 12.7
      vertex 15.8574 24.3765 12.7
      vertex 15.7325 24.075 12.7
    endloop
  endfacet
  facet normal 0 0 1
    outer loop
      vertex 19.65 25.7 12.7
      vertex 16.3497 14.0207 12.7
      vertex 16.6538 13.1706 12.7
    endloop
  endfacet
  facet normal 0 0 1
    outer loop
      vertex 19.65 25.7 12.7
      vertex 15.8574 25.0235 12.7
      vertex 15.9 24.7 12.7
    endloop
  endfacet
  facet normal 0 0 1
    outer loop
      vertex 19.6307 26.0921 12.7
      vertex 15.7325 25.325 12.7
      vertex 15.8574 25.0235 12.7
    endloop
  endfacet
  facet normal 0 0 1
    outer loop
      vertex 14.9735 25.9074 12.7
      vertex 16.0421 29.6807 12.7
      vertex 15.65 29.7 12.7
    endloop
  endfacet
  facet normal 0 0 1
    outer loop
      vertex 18.9759 27.9223 12.7
      vertex 15.5339 25.5839 12.7
      vertex 15.7325 25.325 12.7
    endloop
  endfacet
  facet normal 0 0 1
    outer loop
      vertex 17.8723 29.0259 12.7
      vertex 15.275 25.7825 12.7
      vertex 15.5339 25.5839 12.7
    endloop
  endfacet
  facet normal 0 0 1
    outer loop
      vertex 16.0421 29.6807 12.7
      vertex 14.9735 25.9074 12.7
      vertex 15.275 25.7825 12.7
    endloop
  endfacet
  facet normal 0 0 1
    outer loop
      vertex 15.65 29.7 12.7
      vertex 14.65 25.95 12.7
      vertex 14.9735 25.9074 12.7
    endloop
  endfacet
  facet normal 0 0 1
    outer loop
      vertex 15.65 29.7 12.7
      vertex 14.3265 25.9074 12.7
      vertex 14.65 25.95 12.7
    endloop
  endfacet
  facet normal 0 0 1
    outer loop
      vertex 15.65 29.7 12.7
      vertex 14.025 25.7825 12.7
      vertex 14.3265 25.9074 12.7
    endloop
  endfacet
  facet normal 0 0 1
    outer loop
      vertex 15.65 29.7 12.7
      vertex 13.7661 25.5839 12.7
      vertex 14.025 25.7825 12.7
    endloop
  endfacet
  facet normal 0 0 1
    outer loop
      vertex 15.65 29.7 12.7
      vertex 13.5675 25.325 12.7
      vertex 13.7661 25.5839 12.7
    endloop
  endfacet
  facet normal 0 0 1
    outer loop
      vertex 14.3265 23.4926 12.7
      vertex 12.1868 18.6137 12.7
      vertex 12.9612 18.1495 12.7
    endloop
  endfacet
  facet normal 0 0 1
    outer loop
      vertex 7.84999 19.7 12.7
      vertex 13.4 24.7 12.7
      vertex 13.4426 25.0235 12.7
    endloop
  endfacet
  facet normal 0 0 1
    outer loop
      vertex 13.4426 24.3765 12.7
      vertex 11.3707 18.9997 12.7
      vertex 12.1868 18.6137 12.7
    endloop
  endfacet
  facet normal 0 0 1
    outer loop
      vertex 13.4426 24.3765 12.7
      vertex 10.5206 19.3038 12.7
      vertex 11.3707 18.9997 12.7
    endloop
  endfacet
  facet normal 0 0 1
    outer loop
      vertex 7.84999 19.7 12.7
      vertex 13.4426 25.0235 12.7
      vertex 13.5675 25.325 12.7
    endloop
  endfacet
  facet normal 0 0 1
    outer loop
      vertex -13.5675 25.325 12.7
      vertex 13.5675 25.325 12.7
      vertex 15.65 29.7 12.7
    endloop
  endfacet
  facet normal 0 0 1
    outer loop
      vertex 13.4426 24.3765 12.7
      vertex 9.64482 19.5232 12.7
      vertex 10.5206 19.3038 12.7
    endloop
  endfacet
  facet normal 0 0 1
    outer loop
      vertex 13.4426 24.3765 12.7
      vertex 8.75175 19.6557 12.7
      vertex 9.64482 19.5232 12.7
    endloop
  endfacet
  facet normal 0 0 1
    outer loop
      vertex 13.4 24.7 12.7
      vertex 7.84999 19.7 12.7
      vertex 8.75175 19.6557 12.7
    endloop
  endfacet
  facet normal 0 0 1
    outer loop
      vertex 13.5675 25.325 12.7
      vertex -13.5675 25.325 12.7
      vertex 7.84999 19.7 12.7
    endloop
  endfacet
  facet normal 0 0 1
    outer loop
      vertex 7.84999 19.7 12.7
      vertex -13.5675 25.325 12.7
      vertex -7.84999 19.7 12.7
    endloop
  endfacet
  facet normal -0 -0 1
    outer loop
      vertex -13.4426 25.0235 12.7
      vertex -7.84999 19.7 12.7
      vertex -13.5675 25.325 12.7
    endloop
  endfacet
  facet normal 0 0 1
    outer loop
      vertex -7.84999 19.7 12.7
      vertex -13.4 24.7 12.7
      vertex -8.75175 19.6557 12.7
    endloop
  endfacet
  facet normal -0 0 1
    outer loop
      vertex -13.4426 24.3765 12.7
      vertex -8.75175 19.6557 12.7
      vertex -13.4 24.7 12.7
    endloop
  endfacet
  facet normal -0 0 1
    outer loop
      vertex -13.7661 23.8161 12.7
      vertex -10.5206 19.3038 12.7
      vertex -13.5675 24.075 12.7
    endloop
  endfacet
  facet normal 0 0 1
    outer loop
      vertex -9.64482 19.5232 12.7
      vertex -13.5675 24.075 12.7
      vertex -10.5206 19.3038 12.7
    endloop
  endfacet
  facet normal -0 0 1
    outer loop
      vertex -13.5675 24.075 12.7
      vertex -9.64482 19.5232 12.7
      vertex -13.4426 24.3765 12.7
    endloop
  endfacet
  facet normal 0 0 1
    outer loop
      vertex -8.75175 19.6557 12.7
      vertex -13.4426 24.3765 12.7
      vertex -9.64482 19.5232 12.7
    endloop
  endfacet
  facet normal -0 -0 1
    outer loop
      vertex -13.4 24.7 12.7
      vertex -7.84999 19.7 12.7
      vertex -13.4426 25.0235 12.7
    endloop
  endfacet
  facet normal -0 0 1
    outer loop
      vertex -15.65 29.7 12.7
      vertex -13.5675 25.325 12.7
      vertex 15.65 29.7 12.7
    endloop
  endfacet
  facet normal 0 0 1
    outer loop
      vertex -13.5675 25.325 12.7
      vertex -15.65 29.7 12.7
      vertex -13.7661 25.5839 12.7
    endloop
  endfacet
  facet normal 0 0 1
    outer loop
      vertex -13.7661 25.5839 12.7
      vertex -15.65 29.7 12.7
      vertex -14.025 25.7825 12.7
    endloop
  endfacet
  facet normal 0 0 1
    outer loop
      vertex -14.025 25.7825 12.7
      vertex -15.65 29.7 12.7
      vertex -14.3265 25.9074 12.7
    endloop
  endfacet
  facet normal 0 0 1
    outer loop
      vertex -14.3265 25.9074 12.7
      vertex -15.65 29.7 12.7
      vertex -14.65 25.95 12.7
    endloop
  endfacet
  facet normal 0 0 1
    outer loop
      vertex -15.65 29.7 12.7
      vertex -14.9735 25.9074 12.7
      vertex -14.65 25.95 12.7
    endloop
  endfacet
  facet normal -0 0 1
    outer loop
      vertex -16.0421 29.6807 12.7
      vertex -14.9735 25.9074 12.7
      vertex -15.65 29.7 12.7
    endloop
  endfacet
  facet normal 0 0 1
    outer loop
      vertex -14.9735 25.9074 12.7
      vertex -16.0421 29.6807 12.7
      vertex -15.275 25.7825 12.7
    endloop
  endfacet
  facet normal -0 0 1
    outer loop
      vertex -16.4304 29.6231 12.7
      vertex -15.275 25.7825 12.7
      vertex -16.0421 29.6807 12.7
    endloop
  endfacet
  facet normal -0 0 1
    outer loop
      vertex -16.8111 29.5278 12.7
      vertex -15.275 25.7825 12.7
      vertex -16.4304 29.6231 12.7
    endloop
  endfacet
  facet normal -0 0 1
    outer loop
      vertex -17.1807 29.3955 12.7
      vertex -15.275 25.7825 12.7
      vertex -16.8111 29.5278 12.7
    endloop
  endfacet
  facet normal -0 0 1
    outer loop
      vertex -17.5356 29.2277 12.7
      vertex -15.275 25.7825 12.7
      vertex -17.1807 29.3955 12.7
    endloop
  endfacet
  facet normal -0 0 1
    outer loop
      vertex -17.8723 29.0259 12.7
      vertex -15.275 25.7825 12.7
      vertex -17.5356 29.2277 12.7
    endloop
  endfacet
  facet normal 0 0 1
    outer loop
      vertex -15.4995 15.6112 12.7
      vertex -19.65 25.7 12.7
      vertex -15.9637 14.8368 12.7
    endloop
  endfacet
  facet normal 0 0 1
    outer loop
      vertex -15.275 25.7825 12.7
      vertex -17.8723 29.0259 12.7
      vertex -15.5339 25.5839 12.7
    endloop
  endfacet
  facet normal 0 0 1
    outer loop
      vertex -15.9637 14.8368 12.7
      vertex -19.65 25.7 12.7
      vertex -16.3497 14.0207 12.7
    endloop
  endfacet
  facet normal -0 0 1
    outer loop
      vertex -18.1876 28.792 12.7
      vertex -15.5339 25.5839 12.7
      vertex -17.8723 29.0259 12.7
    endloop
  endfacet
  facet normal 0 0 1
    outer loop
      vertex -16.3497 14.0207 12.7
      vertex -19.65 25.7 12.7
      vertex -16.6538 13.1706 12.7
    endloop
  endfacet
  facet normal 0 0 1
    outer loop
      vertex -16.6538 13.1706 12.7
      vertex -19.65 25.7 12.7
      vertex -16.8732 12.2948 12.7
    endloop
  endfacet
  facet normal 0 0 1
    outer loop
      vertex -16.8732 12.2948 12.7
      vertex -19.65 25.7 12.7
      vertex -17.0057 11.4017 12.7
    endloop
  endfacet
  facet normal 0 0 1
    outer loop
      vertex -17.0057 11.4017 12.7
      vertex -19.65 25.7 12.7
      vertex -17.05 10.5 12.7
    endloop
  endfacet
  facet normal -0 0 1
    outer loop
      vertex -18.4784 28.5284 12.7
      vertex -15.5339 25.5839 12.7
      vertex -18.1876 28.792 12.7
    endloop
  endfacet
  facet normal 0 0 1
    outer loop
      vertex 19.5731 -32.4803 12.7
      vertex 14.9735 -27.6274 12.7
      vertex 19.4778 -32.8611 12.7
    endloop
  endfacet
  facet normal 0 0 1
    outer loop
      vertex 19.3455 -33.2307 12.7
      vertex 14.9735 -27.6274 12.7
      vertex 19.1777 -33.5856 12.7
    endloop
  endfacet
  facet normal 0 0 1
    outer loop
      vertex 19.1777 -33.5856 12.7
      vertex 14.9735 -27.6274 12.7
      vertex 18.9759 -33.9223 12.7
    endloop
  endfacet
  facet normal 0 0 1
    outer loop
      vertex 18.9759 -33.9223 12.7
      vertex 14.9735 -27.6274 12.7
      vertex 18.742 -34.2376 12.7
    endloop
  endfacet
  facet normal 0 0 1
    outer loop
      vertex 19.4778 -32.8611 12.7
      vertex 14.9735 -27.6274 12.7
      vertex 19.3455 -33.2307 12.7
    endloop
  endfacet
  facet normal 0 0 1
    outer loop
      vertex 18.742 -34.2376 12.7
      vertex 14.9735 -27.6274 12.7
      vertex 18.4784 -34.5284 12.7
    endloop
  endfacet
  facet normal -0 0 1
    outer loop
      vertex 15.275 -27.5025 12.7
      vertex 19.65 -31.7 12.7
      vertex 15.5339 -27.3039 12.7
    endloop
  endfacet
  facet normal 0 0 1
    outer loop
      vertex 18.4784 -34.5284 12.7
      vertex 14.9735 -27.6274 12.7
      vertex 18.1876 -34.792 12.7
    endloop
  endfacet
  facet normal 0 0 1
    outer loop
      vertex 15.8574 -26.0965 12.7
      vertex 16.3497 -14.0207 12.7
      vertex 15.9637 -14.8368 12.7
    endloop
  endfacet
  facet normal 0 0 1
    outer loop
      vertex 18.1876 -34.792 12.7
      vertex 14.9735 -27.6274 12.7
      vertex 17.8723 -35.0259 12.7
    endloop
  endfacet
  facet normal 0 0 1
    outer loop
      vertex 17.8723 -35.0259 12.7
      vertex 14.9735 -27.6274 12.7
      vertex 17.5356 -35.2277 12.7
    endloop
  endfacet
  facet normal 0 0 1
    outer loop
      vertex 17.5356 -35.2277 12.7
      vertex 14.9735 -27.6274 12.7
      vertex 17.1807 -35.3955 12.7
    endloop
  endfacet
  facet normal 0 0 1
    outer loop
      vertex 17.1807 -35.3955 12.7
      vertex 14.9735 -27.6274 12.7
      vertex 16.8111 -35.5278 12.7
    endloop
  endfacet
  facet normal 0 0 1
    outer loop
      vertex 16.8111 -35.5278 12.7
      vertex 14.9735 -27.6274 12.7
      vertex 16.4304 -35.6231 12.7
    endloop
  endfacet
  facet normal 0 0 1
    outer loop
      vertex 16.4304 -35.6231 12.7
      vertex 14.9735 -27.6274 12.7
      vertex 16.0421 -35.6807 12.7
    endloop
  endfacet
  facet normal 0 0 1
    outer loop
      vertex 16.0421 -35.6807 12.7
      vertex 14.9735 -27.6274 12.7
      vertex 15.65 -35.7 12.7
    endloop
  endfacet
  facet normal -0 0 1
    outer loop
      vertex 14.65 -27.67 12.7
      vertex 15.65 -35.7 12.7
      vertex 14.9735 -27.6274 12.7
    endloop
  endfacet
  facet normal 0 0 1
    outer loop
      vertex 14.3265 -27.6274 12.7
      vertex 15.65 -35.7 12.7
      vertex 14.65 -27.67 12.7
    endloop
  endfacet
  facet normal 0 0 1
    outer loop
      vertex 14.025 -27.5025 12.7
      vertex 15.65 -35.7 12.7
      vertex 14.3265 -27.6274 12.7
    endloop
  endfacet
  facet normal 0 0 1
    outer loop
      vertex 13.7661 -27.3039 12.7
      vertex 15.65 -35.7 12.7
      vertex 14.025 -27.5025 12.7
    endloop
  endfacet
  facet normal 0 0 1
    outer loop
      vertex 13.5675 -27.045 12.7
      vertex 15.65 -35.7 12.7
      vertex 13.7661 -27.3039 12.7
    endloop
  endfacet
  facet normal 0 0 1
    outer loop
      vertex -13.5675 -27.045 12.7
      vertex 13.5675 -27.045 12.7
      vertex 13.4426 -26.7435 12.7
    endloop
  endfacet
  facet normal -0 0 1
    outer loop
      vertex 9.64482 -19.5232 12.7
      vertex 13.7661 -25.5361 12.7
      vertex 10.5206 -19.3038 12.7
    endloop
  endfacet
  facet normal 0 0 1
    outer loop
      vertex 13.7661 -25.5361 12.7
      vertex 9.64482 -19.5232 12.7
      vertex 13.5675 -25.795 12.7
    endloop
  endfacet
  facet normal -0 0 1
    outer loop
      vertex 8.75175 -19.6557 12.7
      vertex 13.5675 -25.795 12.7
      vertex 9.64482 -19.5232 12.7
    endloop
  endfacet
  facet normal 0 0 1
    outer loop
      vertex 13.5675 -25.795 12.7
      vertex 8.75175 -19.6557 12.7
      vertex 13.4426 -26.0965 12.7
    endloop
  endfacet
  facet normal -0 0 1
    outer loop
      vertex 7.84999 -19.7 12.7
      vertex 13.4426 -26.0965 12.7
      vertex 8.75175 -19.6557 12.7
    endloop
  endfacet
  facet normal 0 0 1
    outer loop
      vertex 13.4426 -26.0965 12.7
      vertex 7.84999 -19.7 12.7
      vertex 13.4 -26.42 12.7
    endloop
  endfacet
  facet normal 0 0 1
    outer loop
      vertex 13.4 -26.42 12.7
      vertex 7.84999 -19.7 12.7
      vertex 13.4426 -26.7435 12.7
    endloop
  endfacet
  facet normal 0 0 1
    outer loop
      vertex -13.4426 -26.7435 12.7
      vertex 13.4426 -26.7435 12.7
      vertex 7.84999 -19.7 12.7
    endloop
  endfacet
  facet normal 0 0 1
    outer loop
      vertex -13.4426 -26.7435 12.7
      vertex 7.84999 -19.7 12.7
      vertex -7.84999 -19.7 12.7
    endloop
  endfacet
  facet normal 0 0 1
    outer loop
      vertex -13.4426 -26.0965 12.7
      vertex -7.84999 -19.7 12.7
      vertex -8.75175 -19.6557 12.7
    endloop
  endfacet
  facet normal 0 0 1
    outer loop
      vertex -13.4426 -26.0965 12.7
      vertex -8.75175 -19.6557 12.7
      vertex -9.64482 -19.5232 12.7
    endloop
  endfacet
  facet normal 0 0 1
    outer loop
      vertex -13.4426 -26.0965 12.7
      vertex -9.64482 -19.5232 12.7
      vertex -10.5206 -19.3038 12.7
    endloop
  endfacet
  facet normal 0 0 1
    outer loop
      vertex -13.4426 -26.0965 12.7
      vertex -10.5206 -19.3038 12.7
      vertex -11.3707 -18.9997 12.7
    endloop
  endfacet
  facet normal 0 0 1
    outer loop
      vertex -13.4426 -26.0965 12.7
      vertex -11.3707 -18.9997 12.7
      vertex -12.1868 -18.6137 12.7
    endloop
  endfacet
  facet normal 0 0 1
    outer loop
      vertex -14.65 -25.17 12.7
      vertex -12.1868 -18.6137 12.7
      vertex -12.9612 -18.1495 12.7
    endloop
  endfacet
  facet normal 0 0 1
    outer loop
      vertex -7.84999 -19.7 12.7
      vertex -13.4 -26.42 12.7
      vertex -13.4426 -26.7435 12.7
    endloop
  endfacet
  facet normal 0 0 1
    outer loop
      vertex 13.4426 -26.7435 12.7
      vertex -13.4426 -26.7435 12.7
      vertex -13.5675 -27.045 12.7
    endloop
  endfacet
  facet normal 0 0 1
    outer loop
      vertex 13.5675 -27.045 12.7
      vertex -13.5675 -27.045 12.7
      vertex 15.65 -35.7 12.7
    endloop
  endfacet
  facet normal 0 0 1
    outer loop
      vertex -15.65 -35.7 12.7
      vertex -13.5675 -27.045 12.7
      vertex -13.7661 -27.3039 12.7
    endloop
  endfacet
  facet normal 0 0 1
    outer loop
      vertex -15.65 -35.7 12.7
      vertex -13.7661 -27.3039 12.7
      vertex -14.025 -27.5025 12.7
    endloop
  endfacet
  facet normal 0 0 1
    outer loop
      vertex -15.65 -35.7 12.7
      vertex -14.025 -27.5025 12.7
      vertex -14.3265 -27.6274 12.7
    endloop
  endfacet
  facet normal 0 0 1
    outer loop
      vertex -15.65 -35.7 12.7
      vertex -14.3265 -27.6274 12.7
      vertex -14.65 -27.67 12.7
    endloop
  endfacet
  facet normal 0 0 1
    outer loop
      vertex -15.65 -35.7 12.7
      vertex -14.65 -27.67 12.7
      vertex -14.9735 -27.6274 12.7
    endloop
  endfacet
  facet normal 0 0 1
    outer loop
      vertex -13.5675 -27.045 12.7
      vertex -15.65 -35.7 12.7
      vertex 15.65 -35.7 12.7
    endloop
  endfacet
  facet normal 0 0 1
    outer loop
      vertex -19.65 -31.7 12.7
      vertex -14.9735 -27.6274 12.7
      vertex -15.275 -27.5025 12.7
    endloop
  endfacet
  facet normal 0 0 1
    outer loop
      vertex -19.65 -31.7 12.7
      vertex -15.275 -27.5025 12.7
      vertex -15.5339 -27.3039 12.7
    endloop
  endfacet
  facet normal 0 0 1
    outer loop
      vertex -19.65 -31.7 12.7
      vertex -15.5339 -27.3039 12.7
      vertex -15.7325 -27.045 12.7
    endloop
  endfacet
  facet normal 0 0 1
    outer loop
      vertex -19.65 -31.7 12.7
      vertex -15.7325 -27.045 12.7
      vertex -15.8574 -26.7435 12.7
    endloop
  endfacet
  facet normal 0 0 1
    outer loop
      vertex -19.65 -31.7 12.7
      vertex -15.8574 -26.7435 12.7
      vertex -15.9 -26.42 12.7
    endloop
  endfacet
  facet normal 0 0 1
    outer loop
      vertex -14.9735 -27.6274 12.7
      vertex -19.65 -31.7 12.7
      vertex -15.65 -35.7 12.7
    endloop
  endfacet
  facet normal 0 0 1
    outer loop
      vertex -15.8574 -26.0965 12.7
      vertex -19.65 -31.7 12.7
      vertex -15.9 -26.42 12.7
    endloop
  endfacet
  facet normal 0 0 1
    outer loop
      vertex -15.8574 -26.0965 12.7
      vertex -16.3497 -14.0207 12.7
      vertex -19.65 -31.7 12.7
    endloop
  endfacet
  facet normal 0 0 1
    outer loop
      vertex -15.65 -35.7 12.7
      vertex -19.65 -31.7 12.7
      vertex -16.0421 -35.6807 12.7
    endloop
  endfacet
  facet normal 0 0 1
    outer loop
      vertex -19.65 -31.7 12.7
      vertex -16.3497 -14.0207 12.7
      vertex -16.6538 -13.1706 12.7
    endloop
  endfacet
  facet normal 0 0 1
    outer loop
      vertex -16.0421 -35.6807 12.7
      vertex -19.65 -31.7 12.7
      vertex -16.4304 -35.6231 12.7
    endloop
  endfacet
  facet normal 0 0 1
    outer loop
      vertex -19.65 -31.7 12.7
      vertex -16.6538 -13.1706 12.7
      vertex -16.8732 -12.2948 12.7
    endloop
  endfacet
  facet normal 0 0 1
    outer loop
      vertex -19.65 -31.7 12.7
      vertex -16.8732 -12.2948 12.7
      vertex -17.0057 -11.4017 12.7
    endloop
  endfacet
  facet normal 0 0 1
    outer loop
      vertex -19.65 -31.7 12.7
      vertex -17.0057 -11.4017 12.7
      vertex -17.05 -10.5 12.7
    endloop
  endfacet
  facet normal 0 0 1
    outer loop
      vertex -16.4304 -35.6231 12.7
      vertex -19.65 -31.7 12.7
      vertex -16.8111 -35.5278 12.7
    endloop
  endfacet
  facet normal 0 0 1
    outer loop
      vertex -17.05 10.5 12.7
      vertex -19.65 25.7 12.7
      vertex -17.05 -10.5 12.7
    endloop
  endfacet
  facet normal -0 0 1
    outer loop
      vertex -18.742 28.2376 12.7
      vertex -15.5339 25.5839 12.7
      vertex -18.4784 28.5284 12.7
    endloop
  endfacet
  facet normal 0 0 1
    outer loop
      vertex -19.65 -31.7 12.7
      vertex -17.05 -10.5 12.7
      vertex -19.65 25.7 12.7
    endloop
  endfacet
  facet normal -0 0 1
    outer loop
      vertex -18.9759 27.9223 12.7
      vertex -15.5339 25.5839 12.7
      vertex -18.742 28.2376 12.7
    endloop
  endfacet
  facet normal 0 0 1
    outer loop
      vertex -16.8111 -35.5278 12.7
      vertex -19.65 -31.7 12.7
      vertex -17.1807 -35.3955 12.7
    endloop
  endfacet
  facet normal 0 0 1
    outer loop
      vertex -15.5339 25.5839 12.7
      vertex -18.9759 27.9223 12.7
      vertex -15.7325 25.325 12.7
    endloop
  endfacet
  facet normal 0 0 1
    outer loop
      vertex -17.1807 -35.3955 12.7
      vertex -19.65 -31.7 12.7
      vertex -17.5356 -35.2277 12.7
    endloop
  endfacet
  facet normal -0 0 1
    outer loop
      vertex -19.1777 27.5856 12.7
      vertex -15.7325 25.325 12.7
      vertex -18.9759 27.9223 12.7
    endloop
  endfacet
  facet normal 0 0 1
    outer loop
      vertex -17.5356 -35.2277 12.7
      vertex -19.65 -31.7 12.7
      vertex -17.8723 -35.0259 12.7
    endloop
  endfacet
  facet normal -0 0 1
    outer loop
      vertex -19.3455 27.2307 12.7
      vertex -15.7325 25.325 12.7
      vertex -19.1777 27.5856 12.7
    endloop
  endfacet
  facet normal 0 0 1
    outer loop
      vertex -17.8723 -35.0259 12.7
      vertex -19.65 -31.7 12.7
      vertex -18.1876 -34.792 12.7
    endloop
  endfacet
  facet normal -0 0 1
    outer loop
      vertex -19.4778 26.8611 12.7
      vertex -15.7325 25.325 12.7
      vertex -19.3455 27.2307 12.7
    endloop
  endfacet
  facet normal 0 0 1
    outer loop
      vertex -18.1876 -34.792 12.7
      vertex -19.65 -31.7 12.7
      vertex -18.4784 -34.5284 12.7
    endloop
  endfacet
  facet normal -0 0 1
    outer loop
      vertex -19.5731 26.4803 12.7
      vertex -15.7325 25.325 12.7
      vertex -19.4778 26.8611 12.7
    endloop
  endfacet
  facet normal 0 0 1
    outer loop
      vertex -18.4784 -34.5284 12.7
      vertex -19.65 -31.7 12.7
      vertex -18.742 -34.2376 12.7
    endloop
  endfacet
  facet normal -0 0 1
    outer loop
      vertex -19.6307 26.0921 12.7
      vertex -15.7325 25.325 12.7
      vertex -19.5731 26.4803 12.7
    endloop
  endfacet
  facet normal 0 0 1
    outer loop
      vertex -18.742 -34.2376 12.7
      vertex -19.65 -31.7 12.7
      vertex -18.9759 -33.9223 12.7
    endloop
  endfacet
  facet normal 0 0 1
    outer loop
      vertex -15.7325 25.325 12.7
      vertex -19.6307 26.0921 12.7
      vertex -15.8574 25.0235 12.7
    endloop
  endfacet
  facet normal 0 0 1
    outer loop
      vertex -18.9759 -33.9223 12.7
      vertex -19.65 -31.7 12.7
      vertex -19.1777 -33.5856 12.7
    endloop
  endfacet
  facet normal -0 0 1
    outer loop
      vertex -19.65 25.7 12.7
      vertex -15.8574 25.0235 12.7
      vertex -19.6307 26.0921 12.7
    endloop
  endfacet
  facet normal 0 0 1
    outer loop
      vertex -19.1777 -33.5856 12.7
      vertex -19.65 -31.7 12.7
      vertex -19.3455 -33.2307 12.7
    endloop
  endfacet
  facet normal 0 0 1
    outer loop
      vertex -15.8574 25.0235 12.7
      vertex -19.65 25.7 12.7
      vertex -15.9 24.7 12.7
    endloop
  endfacet
  facet normal 0 0 1
    outer loop
      vertex -19.3455 -33.2307 12.7
      vertex -19.65 -31.7 12.7
      vertex -19.4778 -32.8611 12.7
    endloop
  endfacet
  facet normal 0 0 1
    outer loop
      vertex -19.4778 -32.8611 12.7
      vertex -19.65 -31.7 12.7
      vertex -19.5731 -32.4803 12.7
    endloop
  endfacet
  facet normal 0 0 1
    outer loop
      vertex -19.5731 -32.4803 12.7
      vertex -19.65 -31.7 12.7
      vertex -19.6307 -32.0921 12.7
    endloop
  endfacet
  facet normal 0 0 1
    outer loop
      vertex 19.65 25.7 12.7
      vertex 15.9637 14.8368 12.7
      vertex 16.3497 14.0207 12.7
    endloop
  endfacet
  facet normal 0 0 1
    outer loop
      vertex 19.65 25.7 12.7
      vertex 15.7325 24.075 12.7
      vertex 15.5339 23.8161 12.7
    endloop
  endfacet
  facet normal 0 0 1
    outer loop
      vertex 14.9617 16.3364 12.7
      vertex 19.65 25.7 12.7
      vertex 15.5339 23.8161 12.7
    endloop
  endfacet
  facet normal 0 0 1
    outer loop
      vertex 19.65 25.7 12.7
      vertex 15.4995 15.6112 12.7
      vertex 15.9637 14.8368 12.7
    endloop
  endfacet
  facet normal 0 0 1
    outer loop
      vertex 14.9617 16.3364 12.7
      vertex 15.5339 23.8161 12.7
      vertex 15.275 23.6175 12.7
    endloop
  endfacet
  facet normal 0 0 1
    outer loop
      vertex 14.3554 17.0054 12.7
      vertex 15.275 23.6175 12.7
      vertex 14.9735 23.4926 12.7
    endloop
  endfacet
  facet normal 0 0 1
    outer loop
      vertex 19.65 25.7 12.7
      vertex 14.9617 16.3364 12.7
      vertex 15.4995 15.6112 12.7
    endloop
  endfacet
  facet normal 0 0 1
    outer loop
      vertex 13.6864 17.6117 12.7
      vertex 14.9735 23.4926 12.7
      vertex 14.65 23.45 12.7
    endloop
  endfacet
  facet normal 0 0 1
    outer loop
      vertex 15.275 23.6175 12.7
      vertex 14.3554 17.0054 12.7
      vertex 14.9617 16.3364 12.7
    endloop
  endfacet
  facet normal 0 0 1
    outer loop
      vertex 12.9612 18.1495 12.7
      vertex 14.65 23.45 12.7
      vertex 14.3265 23.4926 12.7
    endloop
  endfacet
  facet normal 0 0 1
    outer loop
      vertex 12.1868 18.6137 12.7
      vertex 14.3265 23.4926 12.7
      vertex 14.025 23.6175 12.7
    endloop
  endfacet
  facet normal 0 0 1
    outer loop
      vertex 12.1868 18.6137 12.7
      vertex 14.025 23.6175 12.7
      vertex 13.7661 23.8161 12.7
    endloop
  endfacet
  facet normal 0 0 1
    outer loop
      vertex 14.9735 23.4926 12.7
      vertex 13.6864 17.6117 12.7
      vertex 14.3554 17.0054 12.7
    endloop
  endfacet
  facet normal 0 0 1
    outer loop
      vertex 12.1868 18.6137 12.7
      vertex 13.7661 23.8161 12.7
      vertex 13.5675 24.075 12.7
    endloop
  endfacet
  facet normal 0 0 1
    outer loop
      vertex 12.1868 18.6137 12.7
      vertex 13.5675 24.075 12.7
      vertex 13.4426 24.3765 12.7
    endloop
  endfacet
  facet normal 0 0 1
    outer loop
      vertex 8.75175 19.6557 12.7
      vertex 13.4426 24.3765 12.7
      vertex 13.4 24.7 12.7
    endloop
  endfacet
  facet normal 0 0 1
    outer loop
      vertex 14.65 23.45 12.7
      vertex 12.9612 18.1495 12.7
      vertex 13.6864 17.6117 12.7
    endloop
  endfacet
  facet normal -0.671607 0.740908 0
    outer loop
      vertex -18.1876 28.792 0
      vertex -18.4784 28.5284 12.7
      vertex -18.1876 28.792 12.7
    endloop
  endfacet
  facet normal -0.671607 0.740908 0
    outer loop
      vertex -18.4784 28.5284 12.7
      vertex -18.1876 28.792 0
      vertex -18.4784 28.5284 0
    endloop
  endfacet
  facet normal -0.514084 0.85774 0
    outer loop
      vertex -17.5356 29.2277 0
      vertex -17.8723 29.0259 12.7
      vertex -17.5356 29.2277 12.7
    endloop
  endfacet
  facet normal -0.514084 0.85774 0
    outer loop
      vertex -17.8723 29.0259 12.7
      vertex -17.5356 29.2277 0
      vertex -17.8723 29.0259 0
    endloop
  endfacet
  facet normal -0.242835 0.970068 0
    outer loop
      vertex -16.4304 29.6231 0
      vertex -16.8111 29.5278 12.7
      vertex -16.4304 29.6231 12.7
    endloop
  endfacet
  facet normal -0.242835 0.970068 0
    outer loop
      vertex -16.8111 29.5278 12.7
      vertex -16.4304 29.6231 0
      vertex -16.8111 29.5278 0
    endloop
  endfacet
  facet normal -0.337014 0.9415 0
    outer loop
      vertex -16.8111 29.5278 0
      vertex -17.1807 29.3955 12.7
      vertex -16.8111 29.5278 12.7
    endloop
  endfacet
  facet normal -0.337014 0.9415 0
    outer loop
      vertex -17.1807 29.3955 12.7
      vertex -16.8111 29.5278 0
      vertex -17.1807 29.3955 0
    endloop
  endfacet
  facet normal -0.803137 -0.595794 0
    outer loop
      vertex -18.742 -34.2376 0
      vertex -18.9759 -33.9223 4.00704
      vertex -18.9759 -33.9223 0
    endloop
  endfacet
  facet normal -0.803009 -0.595966 2.10353e-05
    outer loop
      vertex -18.9759 -33.9223 4.00704
      vertex -18.742 -34.2376 0
      vertex -18.8976 -34.0278 4.06346
    endloop
  endfacet
  facet normal -0.803204 -0.595704 0
    outer loop
      vertex -18.8976 -34.0278 4.06346
      vertex -18.742 -34.2376 0
      vertex -18.742 -34.2376 4.23559
    endloop
  endfacet
  facet normal -0.803009 -0.595966 -2.10353e-05
    outer loop
      vertex -18.742 -34.2376 12.7
      vertex -18.9759 -33.9223 8.69296
      vertex -18.8976 -34.0278 8.63654
    endloop
  endfacet
  facet normal -0.803204 -0.595704 -0
    outer loop
      vertex -18.742 -34.2376 12.7
      vertex -18.8976 -34.0278 8.63654
      vertex -18.742 -34.2376 8.46441
    endloop
  endfacet
  facet normal -0.803137 -0.595794 0
    outer loop
      vertex -18.9759 -33.9223 8.69296
      vertex -18.742 -34.2376 12.7
      vertex -18.9759 -33.9223 12.7
    endloop
  endfacet
  facet normal -0.595794 0.803137 0
    outer loop
      vertex -17.8723 29.0259 0
      vertex -18.1876 28.792 12.7
      vertex -17.8723 29.0259 12.7
    endloop
  endfacet
  facet normal -0.595794 0.803137 0
    outer loop
      vertex -18.1876 28.792 12.7
      vertex -17.8723 29.0259 0
      vertex -18.1876 28.792 0
    endloop
  endfacet
  facet normal -0.904044 -0.42744 0
    outer loop
      vertex -19.1777 -33.5856 0
      vertex -19.3455 -33.2307 3.71176
      vertex -19.3455 -33.2307 0
    endloop
  endfacet
  facet normal -0.904047 -0.427434 -7.13701e-07
    outer loop
      vertex -19.3455 -33.2307 3.71176
      vertex -19.1777 -33.5856 0
      vertex -19.1934 -33.5524 3.80933
    endloop
  endfacet
  facet normal -0.904015 -0.427501 0
    outer loop
      vertex -19.1934 -33.5524 3.80933
      vertex -19.1777 -33.5856 0
      vertex -19.1777 -33.5856 3.82708
    endloop
  endfacet
  facet normal -0.904047 -0.427434 7.13701e-07
    outer loop
      vertex -19.1777 -33.5856 12.7
      vertex -19.3455 -33.2307 8.98824
      vertex -19.1934 -33.5524 8.89067
    endloop
  endfacet
  facet normal -0.904015 -0.427501 -0
    outer loop
      vertex -19.1777 -33.5856 12.7
      vertex -19.1934 -33.5524 8.89067
      vertex -19.1777 -33.5856 8.87292
    endloop
  endfacet
  facet normal -0.904044 -0.42744 0
    outer loop
      vertex -19.3455 -33.2307 8.98824
      vertex -19.1777 -33.5856 12.7
      vertex -19.3455 -33.2307 12.7
    endloop
  endfacet
  facet normal -0.0491626 -0.998791 0
    outer loop
      vertex -16.0421 -35.6807 0
      vertex -15.65 -35.7 12.7
      vertex -16.0421 -35.6807 12.7
    endloop
  endfacet
  facet normal -0.0491626 -0.998791 -0
    outer loop
      vertex -15.65 -35.7 12.7
      vertex -16.0421 -35.6807 0
      vertex -15.65 -35.7 0
    endloop
  endfacet
  facet normal -0.146733 -0.989176 0
    outer loop
      vertex -16.4304 -35.6231 0
      vertex -16.0421 -35.6807 12.7
      vertex -16.4304 -35.6231 12.7
    endloop
  endfacet
  facet normal -0.146733 -0.989176 -0
    outer loop
      vertex -16.0421 -35.6807 12.7
      vertex -16.4304 -35.6231 0
      vertex -16.0421 -35.6807 0
    endloop
  endfacet
  facet normal -0.970432 -0.241376 0
    outer loop
      vertex -19.5682 -32.5 9.1
      vertex -19.5731 -32.4803 12.7
      vertex -19.5731 -32.4803 9.09806
    endloop
  endfacet
  facet normal -0.970063 -0.242852 -0
    outer loop
      vertex -19.4778 -32.8611 12.7
      vertex -19.5682 -32.5 9.1
      vertex -19.4778 -32.8611 9.06443
    endloop
  endfacet
  facet normal -0.970083 -0.242775 8.13072e-06
    outer loop
      vertex -19.5682 -32.5 9.1
      vertex -19.4778 -32.8611 12.7
      vertex -19.5731 -32.4803 12.7
    endloop
  endfacet
  facet normal -0.970432 -0.241376 0
    outer loop
      vertex -19.5731 -32.4803 0
      vertex -19.5682 -32.5 3.6
      vertex -19.5731 -32.4803 3.60194
    endloop
  endfacet
  facet normal -0.970083 -0.242775 -8.13072e-06
    outer loop
      vertex -19.4778 -32.8611 0
      vertex -19.5682 -32.5 3.6
      vertex -19.5731 -32.4803 0
    endloop
  endfacet
  facet normal -0.970063 -0.242852 0
    outer loop
      vertex -19.5682 -32.5 3.6
      vertex -19.4778 -32.8611 0
      vertex -19.4778 -32.8611 3.63557
    endloop
  endfacet
  facet normal -0.85774 -0.514084 0
    outer loop
      vertex -18.9759 -33.9223 0
      vertex -19.1777 -33.5856 3.82708
      vertex -19.1777 -33.5856 0
    endloop
  endfacet
  facet normal -0.85774 -0.514084 0
    outer loop
      vertex -19.1777 -33.5856 3.82708
      vertex -18.9759 -33.9223 0
      vertex -18.9759 -33.9223 4.00704
    endloop
  endfacet
  facet normal -0.85774 -0.514084 -0
    outer loop
      vertex -18.9759 -33.9223 12.7
      vertex -19.1777 -33.5856 8.87292
      vertex -18.9759 -33.9223 8.69296
    endloop
  endfacet
  facet normal -0.85774 -0.514084 0
    outer loop
      vertex -19.1777 -33.5856 8.87292
      vertex -18.9759 -33.9223 12.7
      vertex -19.1777 -33.5856 12.7
    endloop
  endfacet
  facet normal -0.941475 -0.337084 -7.9813e-06
    outer loop
      vertex -19.3455 -33.2307 12.7
      vertex -19.4778 -32.8611 9.06443
      vertex -19.415 -33.0365 9.04716
    endloop
  endfacet
  facet normal -0.941522 -0.336951 -0
    outer loop
      vertex -19.3455 -33.2307 12.7
      vertex -19.415 -33.0365 9.04716
      vertex -19.3455 -33.2307 8.98824
    endloop
  endfacet
  facet normal -0.9415 -0.337014 0
    outer loop
      vertex -19.4778 -32.8611 9.06443
      vertex -19.3455 -33.2307 12.7
      vertex -19.4778 -32.8611 12.7
    endloop
  endfacet
  facet normal -0.9415 -0.337014 0
    outer loop
      vertex -19.3455 -33.2307 0
      vertex -19.4778 -32.8611 3.63557
      vertex -19.4778 -32.8611 0
    endloop
  endfacet
  facet normal -0.941475 -0.337084 7.9813e-06
    outer loop
      vertex -19.4778 -32.8611 3.63557
      vertex -19.3455 -33.2307 0
      vertex -19.415 -33.0365 3.65284
    endloop
  endfacet
  facet normal -0.941522 -0.336951 0
    outer loop
      vertex -19.415 -33.0365 3.65284
      vertex -19.3455 -33.2307 0
      vertex -19.3455 -33.2307 3.71176
    endloop
  endfacet
  facet normal 0.989173 0.146753 0
    outer loop
      vertex -16.8732 -12.2948 12.7
      vertex -17.0057 -11.4017 1.8
      vertex -17.0057 -11.4017 12.7
    endloop
  endfacet
  facet normal 0.989173 0.146753 0
    outer loop
      vertex -17.0057 -11.4017 1.8
      vertex -16.8732 -12.2948 12.7
      vertex -16.8732 -12.2948 1.8
    endloop
  endfacet
  facet normal 0.998795 0.0490702 0
    outer loop
      vertex -17.0057 -11.4017 12.7
      vertex -17.05 -10.5 1.8
      vertex -17.05 -10.5 12.7
    endloop
  endfacet
  facet normal 0.998795 0.0490702 0
    outer loop
      vertex -17.05 -10.5 1.8
      vertex -17.0057 -11.4017 12.7
      vertex -17.0057 -11.4017 1.8
    endloop
  endfacet
  facet normal -0.989173 -0.146753 0
    outer loop
      vertex 17.0057 11.4017 1.8
      vertex 16.8732 12.2948 12.7
      vertex 16.8732 12.2948 1.8
    endloop
  endfacet
  facet normal -0.989173 -0.146753 0
    outer loop
      vertex 16.8732 12.2948 12.7
      vertex 17.0057 11.4017 1.8
      vertex 17.0057 11.4017 12.7
    endloop
  endfacet
  facet normal 0.803231 -0.595667 0
    outer loop
      vertex -15.4995 15.6112 12.7
      vertex -14.9617 16.3364 1.8
      vertex -14.9617 16.3364 12.7
    endloop
  endfacet
  facet normal 0.803231 -0.595667 0
    outer loop
      vertex -14.9617 16.3364 1.8
      vertex -15.4995 15.6112 12.7
      vertex -15.4995 15.6112 1.8
    endloop
  endfacet
  facet normal -0.671531 0.740977 0
    outer loop
      vertex 14.3554 -17.0054 1.8
      vertex 13.6864 -17.6117 12.7
      vertex 14.3554 -17.0054 12.7
    endloop
  endfacet
  facet normal -0.671531 0.740977 0
    outer loop
      vertex 13.6864 -17.6117 12.7
      vertex 14.3554 -17.0054 1.8
      vertex 13.6864 -17.6117 1.8
    endloop
  endfacet
  facet normal -0.24301 0.970024 0
    outer loop
      vertex 10.5206 -19.3038 1.8
      vertex 9.64482 -19.5232 12.7
      vertex 10.5206 -19.3038 12.7
    endloop
  endfacet
  facet normal -0.24301 0.970024 0
    outer loop
      vertex 9.64482 -19.5232 12.7
      vertex 10.5206 -19.3038 1.8
      vertex 9.64482 -19.5232 1.8
    endloop
  endfacet
  facet normal 0.595667 -0.803231 0
    outer loop
      vertex -13.6864 17.6117 1.8
      vertex -12.9612 18.1495 12.7
      vertex -13.6864 17.6117 12.7
    endloop
  endfacet
  facet normal 0.595667 -0.803231 0
    outer loop
      vertex -12.9612 18.1495 12.7
      vertex -13.6864 17.6117 1.8
      vertex -12.9612 18.1495 1.8
    endloop
  endfacet
  facet normal 0.146758 0.989172 -0
    outer loop
      vertex -8.75175 -19.6557 1.8
      vertex -9.64482 -19.5232 12.7
      vertex -8.75175 -19.6557 12.7
    endloop
  endfacet
  facet normal 0.146758 0.989172 0
    outer loop
      vertex -9.64482 -19.5232 12.7
      vertex -8.75175 -19.6557 1.8
      vertex -9.64482 -19.5232 1.8
    endloop
  endfacet
  facet normal 0.514137 0.857708 -0
    outer loop
      vertex -12.1868 -18.6137 1.8
      vertex -12.9612 -18.1495 12.7
      vertex -12.1868 -18.6137 12.7
    endloop
  endfacet
  facet normal 0.514137 0.857708 0
    outer loop
      vertex -12.9612 -18.1495 12.7
      vertex -12.1868 -18.6137 1.8
      vertex -12.9612 -18.1495 1.8
    endloop
  endfacet
  facet normal -0.33682 0.941569 0
    outer loop
      vertex 11.3707 -18.9997 1.8
      vertex 10.5206 -19.3038 12.7
      vertex 11.3707 -18.9997 12.7
    endloop
  endfacet
  facet normal -0.33682 0.941569 0
    outer loop
      vertex 10.5206 -19.3038 12.7
      vertex 11.3707 -18.9997 1.8
      vertex 10.5206 -19.3038 1.8
    endloop
  endfacet
  facet normal 0.857708 -0.514137 0
    outer loop
      vertex -15.9637 14.8368 12.7
      vertex -15.4995 15.6112 1.8
      vertex -15.4995 15.6112 12.7
    endloop
  endfacet
  facet normal 0.857708 -0.514137 0
    outer loop
      vertex -15.4995 15.6112 1.8
      vertex -15.9637 14.8368 12.7
      vertex -15.9637 14.8368 1.8
    endloop
  endfacet
  facet normal 0.998795 -0.0490702 0
    outer loop
      vertex -17.05 10.5 12.7
      vertex -17.0057 11.4017 1.8
      vertex -17.0057 11.4017 12.7
    endloop
  endfacet
  facet normal 0.998795 -0.0490702 0
    outer loop
      vertex -17.0057 11.4017 1.8
      vertex -17.05 10.5 12.7
      vertex -17.05 10.5 1.8
    endloop
  endfacet
  facet normal 1 -0 0
    outer loop
      vertex -17.05 -10.5 12.7
      vertex -17.05 10.5 1.8
      vertex -17.05 10.5 12.7
    endloop
  endfacet
  facet normal 1 0 0
    outer loop
      vertex -17.05 10.5 1.8
      vertex -17.05 -10.5 12.7
      vertex -17.05 -10.5 1.8
    endloop
  endfacet
  facet normal -0.671531 -0.740977 0
    outer loop
      vertex 13.6864 17.6117 1.8
      vertex 14.3554 17.0054 12.7
      vertex 13.6864 17.6117 12.7
    endloop
  endfacet
  facet normal -0.671531 -0.740977 -0
    outer loop
      vertex 14.3554 17.0054 12.7
      vertex 13.6864 17.6117 1.8
      vertex 14.3554 17.0054 1.8
    endloop
  endfacet
  facet normal -0.903984 -0.427567 0
    outer loop
      vertex 16.3497 14.0207 1.8
      vertex 15.9637 14.8368 12.7
      vertex 15.9637 14.8368 1.8
    endloop
  endfacet
  facet normal -0.903984 -0.427567 0
    outer loop
      vertex 15.9637 14.8368 12.7
      vertex 16.3497 14.0207 1.8
      vertex 16.3497 14.0207 12.7
    endloop
  endfacet
  facet normal -0.903984 0.427567 0
    outer loop
      vertex 15.9637 -14.8368 1.8
      vertex 16.3497 -14.0207 12.7
      vertex 16.3497 -14.0207 1.8
    endloop
  endfacet
  facet normal -0.903984 0.427567 0
    outer loop
      vertex 16.3497 -14.0207 12.7
      vertex 15.9637 -14.8368 1.8
      vertex 15.9637 -14.8368 12.7
    endloop
  endfacet
  facet normal -0.998795 -0.0490702 0
    outer loop
      vertex 17.05 10.5 1.8
      vertex 17.0057 11.4017 12.7
      vertex 17.0057 11.4017 1.8
    endloop
  endfacet
  facet normal -0.998795 -0.0490702 0
    outer loop
      vertex 17.0057 11.4017 12.7
      vertex 17.05 10.5 1.8
      vertex 17.05 10.5 12.7
    endloop
  endfacet
  facet normal -0.049067 -0.998795 0
    outer loop
      vertex 7.84999 19.7 1.8
      vertex 8.75175 19.6557 12.7
      vertex 7.84999 19.7 12.7
    endloop
  endfacet
  facet normal -0.049067 -0.998795 -0
    outer loop
      vertex 8.75175 19.6557 12.7
      vertex 7.84999 19.7 1.8
      vertex 8.75175 19.6557 1.8
    endloop
  endfacet
  facet normal -0.514137 -0.857708 0
    outer loop
      vertex 12.1868 18.6137 1.8
      vertex 12.9612 18.1495 12.7
      vertex 12.1868 18.6137 12.7
    endloop
  endfacet
  facet normal -0.514137 -0.857708 -0
    outer loop
      vertex 12.9612 18.1495 12.7
      vertex 12.1868 18.6137 1.8
      vertex 12.9612 18.1495 1.8
    endloop
  endfacet
  facet normal 0.427567 -0.903984 0
    outer loop
      vertex -12.1868 18.6137 1.8
      vertex -11.3707 18.9997 12.7
      vertex -12.1868 18.6137 12.7
    endloop
  endfacet
  facet normal 0.427567 -0.903984 0
    outer loop
      vertex -11.3707 18.9997 12.7
      vertex -12.1868 18.6137 1.8
      vertex -11.3707 18.9997 1.8
    endloop
  endfacet
  facet normal -0.803231 -0.595667 0
    outer loop
      vertex 15.4995 15.6112 1.8
      vertex 14.9617 16.3364 12.7
      vertex 14.9617 16.3364 1.8
    endloop
  endfacet
  facet normal -0.803231 -0.595667 0
    outer loop
      vertex 14.9617 16.3364 12.7
      vertex 15.4995 15.6112 1.8
      vertex 15.4995 15.6112 12.7
    endloop
  endfacet
  facet normal -0.33682 -0.941569 0
    outer loop
      vertex 10.5206 19.3038 1.8
      vertex 11.3707 18.9997 12.7
      vertex 10.5206 19.3038 12.7
    endloop
  endfacet
  facet normal -0.33682 -0.941569 -0
    outer loop
      vertex 11.3707 18.9997 12.7
      vertex 10.5206 19.3038 1.8
      vertex 11.3707 18.9997 1.8
    endloop
  endfacet
  facet normal 0.33682 -0.941569 0
    outer loop
      vertex -11.3707 18.9997 1.8
      vertex -10.5206 19.3038 12.7
      vertex -11.3707 18.9997 12.7
    endloop
  endfacet
  facet normal 0.33682 -0.941569 0
    outer loop
      vertex -10.5206 19.3038 12.7
      vertex -11.3707 18.9997 1.8
      vertex -10.5206 19.3038 1.8
    endloop
  endfacet
  facet normal -0.857708 -0.514137 0
    outer loop
      vertex 15.9637 14.8368 1.8
      vertex 15.4995 15.6112 12.7
      vertex 15.4995 15.6112 1.8
    endloop
  endfacet
  facet normal -0.857708 -0.514137 0
    outer loop
      vertex 15.4995 15.6112 12.7
      vertex 15.9637 14.8368 1.8
      vertex 15.9637 14.8368 12.7
    endloop
  endfacet
  facet normal 0.514137 -0.857708 0
    outer loop
      vertex -12.9612 18.1495 1.8
      vertex -12.1868 18.6137 12.7
      vertex -12.9612 18.1495 12.7
    endloop
  endfacet
  facet normal 0.514137 -0.857708 0
    outer loop
      vertex -12.1868 18.6137 12.7
      vertex -12.9612 18.1495 1.8
      vertex -12.1868 18.6137 1.8
    endloop
  endfacet
  facet normal -0.146758 0.989172 0
    outer loop
      vertex 9.64482 -19.5232 1.8
      vertex 8.75175 -19.6557 12.7
      vertex 9.64482 -19.5232 12.7
    endloop
  endfacet
  facet normal -0.146758 0.989172 0
    outer loop
      vertex 8.75175 -19.6557 12.7
      vertex 9.64482 -19.5232 1.8
      vertex 8.75175 -19.6557 1.8
    endloop
  endfacet
  facet normal -0.970025 -0.243005 0
    outer loop
      vertex 16.8732 12.2948 1.8
      vertex 16.6538 13.1706 12.7
      vertex 16.6538 13.1706 1.8
    endloop
  endfacet
  facet normal -0.970025 -0.243005 0
    outer loop
      vertex 16.6538 13.1706 12.7
      vertex 16.8732 12.2948 1.8
      vertex 16.8732 12.2948 12.7
    endloop
  endfacet
  facet normal 0.671531 -0.740977 0
    outer loop
      vertex -14.3554 17.0054 1.8
      vertex -13.6864 17.6117 12.7
      vertex -14.3554 17.0054 12.7
    endloop
  endfacet
  facet normal 0.671531 -0.740977 0
    outer loop
      vertex -13.6864 17.6117 12.7
      vertex -14.3554 17.0054 1.8
      vertex -13.6864 17.6117 1.8
    endloop
  endfacet
  facet normal 0 -1 0
    outer loop
      vertex -7.84999 19.7 1.8
      vertex 7.84999 19.7 12.7
      vertex -7.84999 19.7 12.7
    endloop
  endfacet
  facet normal 0 -1 -0
    outer loop
      vertex 7.84999 19.7 12.7
      vertex -7.84999 19.7 1.8
      vertex 7.84999 19.7 1.8
    endloop
  endfacet
  facet normal -0.998795 0.0490702 0
    outer loop
      vertex 17.0057 -11.4017 1.8
      vertex 17.05 -10.5 4.55
      vertex 17.05 -10.5 1.8
    endloop
  endfacet
  facet normal -0.998795 0.0490702 0
    outer loop
      vertex 17.05 -10.5 4.55
      vertex 17.0057 -11.4017 1.8
      vertex 17.0057 -11.4017 4.55
    endloop
  endfacet
  facet normal -0.998795 0.0490702 0
    outer loop
      vertex 17.0057 -11.4017 9.55
      vertex 17.05 -10.5 12.7
      vertex 17.05 -10.5 9.55
    endloop
  endfacet
  facet normal -0.998795 0.0490702 0
    outer loop
      vertex 17.05 -10.5 12.7
      vertex 17.0057 -11.4017 9.55
      vertex 17.0057 -11.4017 12.7
    endloop
  endfacet
  facet normal 0.24301 -0.970024 0
    outer loop
      vertex -10.5206 19.3038 1.8
      vertex -9.64482 19.5232 12.7
      vertex -10.5206 19.3038 12.7
    endloop
  endfacet
  facet normal 0.24301 -0.970024 0
    outer loop
      vertex -9.64482 19.5232 12.7
      vertex -10.5206 19.3038 1.8
      vertex -9.64482 19.5232 1.8
    endloop
  endfacet
  facet normal -0.595667 0.803231 0
    outer loop
      vertex 13.6864 -17.6117 1.8
      vertex 12.9612 -18.1495 12.7
      vertex 13.6864 -17.6117 12.7
    endloop
  endfacet
  facet normal -0.595667 0.803231 0
    outer loop
      vertex 12.9612 -18.1495 12.7
      vertex 13.6864 -17.6117 1.8
      vertex 12.9612 -18.1495 1.8
    endloop
  endfacet
  facet normal -1 0 0
    outer loop
      vertex 17.05 10.5 1.8
      vertex 17.05 8.5 7.05
      vertex 17.05 10.5 12.7
    endloop
  endfacet
  facet normal -1 0 0
    outer loop
      vertex 17.05 10.5 1.8
      vertex 17.05 8.45295 6.33211
      vertex 17.05 8.5 7.05
    endloop
  endfacet
  facet normal -1 0 0
    outer loop
      vertex 17.05 10.5 1.8
      vertex 17.05 8.31259 5.62649
      vertex 17.05 8.45295 6.33211
    endloop
  endfacet
  facet normal -1 0 0
    outer loop
      vertex 17.05 10.5 1.8
      vertex 17.05 8.08134 4.94524
      vertex 17.05 8.31259 5.62649
    endloop
  endfacet
  facet normal -1 0 0
    outer loop
      vertex 17.05 10.5 1.8
      vertex 17.05 7.76314 4.3
      vertex 17.05 8.08134 4.94524
    endloop
  endfacet
  facet normal -1 0 0
    outer loop
      vertex 17.05 10.5 1.8
      vertex 17.05 7.36344 3.70181
      vertex 17.05 7.76314 4.3
    endloop
  endfacet
  facet normal -1 0 0
    outer loop
      vertex 17.05 10.5 1.8
      vertex 17.05 6.88909 3.16091
      vertex 17.05 7.36344 3.70181
    endloop
  endfacet
  facet normal -1 0 0
    outer loop
      vertex 17.05 10.5 1.8
      vertex 17.05 6.34819 2.68656
      vertex 17.05 6.88909 3.16091
    endloop
  endfacet
  facet normal -1 0 0
    outer loop
      vertex 17.05 10.5 1.8
      vertex 17.05 5.75 2.28686
      vertex 17.05 6.34819 2.68656
    endloop
  endfacet
  facet normal -1 0 0
    outer loop
      vertex 17.05 10.5 1.8
      vertex 17.05 5.10476 1.96866
      vertex 17.05 5.75 2.28686
    endloop
  endfacet
  facet normal -1 0 -0
    outer loop
      vertex 17.05 5.10476 1.96866
      vertex 17.05 10.5 1.8
      vertex 17.05 4.60789 1.8
    endloop
  endfacet
  facet normal -1 0 0
    outer loop
      vertex 17.05 8.45295 7.76789
      vertex 17.05 10.5 12.7
      vertex 17.05 8.5 7.05
    endloop
  endfacet
  facet normal -1 0 0
    outer loop
      vertex 17.05 8.31259 8.4735
      vertex 17.05 10.5 12.7
      vertex 17.05 8.45295 7.76789
    endloop
  endfacet
  facet normal -1 0 0
    outer loop
      vertex 17.05 8.08134 9.15476
      vertex 17.05 10.5 12.7
      vertex 17.05 8.31259 8.4735
    endloop
  endfacet
  facet normal -1 0 0
    outer loop
      vertex 17.05 7.76314 9.8
      vertex 17.05 10.5 12.7
      vertex 17.05 8.08134 9.15476
    endloop
  endfacet
  facet normal -1 0 0
    outer loop
      vertex 17.05 7.36344 10.3982
      vertex 17.05 10.5 12.7
      vertex 17.05 7.76314 9.8
    endloop
  endfacet
  facet normal -1 0 0
    outer loop
      vertex 17.05 6.88909 10.9391
      vertex 17.05 10.5 12.7
      vertex 17.05 7.36344 10.3982
    endloop
  endfacet
  facet normal -1 0 0
    outer loop
      vertex 17.05 6.34819 11.4134
      vertex 17.05 10.5 12.7
      vertex 17.05 6.88909 10.9391
    endloop
  endfacet
  facet normal -1 0 0
    outer loop
      vertex 17.05 5.75 11.8131
      vertex 17.05 10.5 12.7
      vertex 17.05 6.34819 11.4134
    endloop
  endfacet
  facet normal -1 0 0
    outer loop
      vertex 17.05 5.10476 12.1313
      vertex 17.05 10.5 12.7
      vertex 17.05 5.75 11.8131
    endloop
  endfacet
  facet normal -1 0 0
    outer loop
      vertex 17.05 4.4235 12.3626
      vertex 17.05 10.5 12.7
      vertex 17.05 5.10476 12.1313
    endloop
  endfacet
  facet normal -1 0 0
    outer loop
      vertex 17.05 3.71789 12.5029
      vertex 17.05 10.5 12.7
      vertex 17.05 4.4235 12.3626
    endloop
  endfacet
  facet normal -1 0 0
    outer loop
      vertex 17.05 3 12.55
      vertex 17.05 10.5 12.7
      vertex 17.05 3.71789 12.5029
    endloop
  endfacet
  facet normal -1 0 0
    outer loop
      vertex 17.05 -2.01227 9.50196
      vertex 17.05 -1.76314 9.8
      vertex 17.05 -1.92341 9.475
    endloop
  endfacet
  facet normal -1 0 0
    outer loop
      vertex 17.05 -2.5 9.55
      vertex 17.05 -1.76314 9.8
      vertex 17.05 -2.01227 9.50196
    endloop
  endfacet
  facet normal -1 -0 0
    outer loop
      vertex 17.05 -1.76314 9.8
      vertex 17.05 -2.5 9.55
      vertex 17.05 -1.36344 10.3982
    endloop
  endfacet
  facet normal -1 0 0
    outer loop
      vertex 17.05 -2.5 9.55
      vertex 17.05 -0.889087 10.9391
      vertex 17.05 -1.36344 10.3982
    endloop
  endfacet
  facet normal -1 0 0
    outer loop
      vertex 17.05 -10.5 12.7
      vertex 17.05 -0.889087 10.9391
      vertex 17.05 -2.5 9.55
    endloop
  endfacet
  facet normal -1 0 0
    outer loop
      vertex 17.05 -10.5 12.7
      vertex 17.05 -2.5 9.55
      vertex 17.05 -10.5 9.55
    endloop
  endfacet
  facet normal -1 0 0
    outer loop
      vertex 17.05 -0.889087 10.9391
      vertex 17.05 -10.5 12.7
      vertex 17.05 -0.348187 11.4134
    endloop
  endfacet
  facet normal -1 0 0
    outer loop
      vertex 17.05 -0.348187 11.4134
      vertex 17.05 -10.5 12.7
      vertex 17.05 0.25 11.8131
    endloop
  endfacet
  facet normal -1 0 0
    outer loop
      vertex 17.05 0.25 11.8131
      vertex 17.05 -10.5 12.7
      vertex 17.05 0.895241 12.1313
    endloop
  endfacet
  facet normal -1 0 0
    outer loop
      vertex 17.05 3 12.55
      vertex 17.05 -10.5 12.7
      vertex 17.05 10.5 12.7
    endloop
  endfacet
  facet normal -1 0 0
    outer loop
      vertex 17.05 2.28211 12.5029
      vertex 17.05 -10.5 12.7
      vertex 17.05 3 12.55
    endloop
  endfacet
  facet normal -1 0 0
    outer loop
      vertex 17.05 1.5765 12.3626
      vertex 17.05 -10.5 12.7
      vertex 17.05 2.28211 12.5029
    endloop
  endfacet
  facet normal -1 0 0
    outer loop
      vertex 17.05 0.895241 12.1313
      vertex 17.05 -10.5 12.7
      vertex 17.05 1.5765 12.3626
    endloop
  endfacet
  facet normal -1 0 0
    outer loop
      vertex 17.05 -1.76314 4.3
      vertex 17.05 -2.01227 4.59804
      vertex 17.05 -1.92341 4.62499
    endloop
  endfacet
  facet normal -1 0 0
    outer loop
      vertex 17.05 -2.5 4.55
      vertex 17.05 -1.76314 4.3
      vertex 17.05 -1.36344 3.70181
    endloop
  endfacet
  facet normal -1 0 0
    outer loop
      vertex 17.05 -1.76314 4.3
      vertex 17.05 -2.5 4.55
      vertex 17.05 -2.01227 4.59804
    endloop
  endfacet
  facet normal -1 0 0
    outer loop
      vertex 17.05 -0.889087 3.16091
      vertex 17.05 -2.5 4.55
      vertex 17.05 -1.36344 3.70181
    endloop
  endfacet
  facet normal -1 0 0
    outer loop
      vertex 17.05 -10.5 1.8
      vertex 17.05 -0.889087 3.16091
      vertex 17.05 -0.348187 2.68656
    endloop
  endfacet
  facet normal -1 0 0
    outer loop
      vertex 17.05 -10.5 1.8
      vertex 17.05 0.895241 1.96866
      vertex 17.05 1.39211 1.8
    endloop
  endfacet
  facet normal -1 0 0
    outer loop
      vertex 17.05 -10.5 1.8
      vertex 17.05 0.25 2.28686
      vertex 17.05 0.895241 1.96866
    endloop
  endfacet
  facet normal -1 0 0
    outer loop
      vertex 17.05 -10.5 1.8
      vertex 17.05 -0.348187 2.68656
      vertex 17.05 0.25 2.28686
    endloop
  endfacet
  facet normal -1 -0 0
    outer loop
      vertex 17.05 -0.889087 3.16091
      vertex 17.05 -10.5 1.8
      vertex 17.05 -2.5 4.55
    endloop
  endfacet
  facet normal -1 -0 0
    outer loop
      vertex 17.05 -2.5 4.55
      vertex 17.05 -10.5 1.8
      vertex 17.05 -10.5 4.55
    endloop
  endfacet
  facet normal -0.514137 0.857708 0
    outer loop
      vertex 12.9612 -18.1495 1.8
      vertex 12.1868 -18.6137 12.7
      vertex 12.9612 -18.1495 12.7
    endloop
  endfacet
  facet normal -0.514137 0.857708 0
    outer loop
      vertex 12.1868 -18.6137 12.7
      vertex 12.9612 -18.1495 1.8
      vertex 12.1868 -18.6137 1.8
    endloop
  endfacet
  facet normal -0.740977 -0.671531 0
    outer loop
      vertex 14.9617 16.3364 1.8
      vertex 14.3554 17.0054 12.7
      vertex 14.3554 17.0054 1.8
    endloop
  endfacet
  facet normal -0.740977 -0.671531 0
    outer loop
      vertex 14.3554 17.0054 12.7
      vertex 14.9617 16.3364 1.8
      vertex 14.9617 16.3364 12.7
    endloop
  endfacet
  facet normal 0.049067 -0.998795 0
    outer loop
      vertex -8.75175 19.6557 1.8
      vertex -7.84999 19.7 12.7
      vertex -8.75175 19.6557 12.7
    endloop
  endfacet
  facet normal 0.049067 -0.998795 0
    outer loop
      vertex -7.84999 19.7 12.7
      vertex -8.75175 19.6557 1.8
      vertex -7.84999 19.7 1.8
    endloop
  endfacet
  facet normal 0.903984 -0.427567 0
    outer loop
      vertex -16.3497 14.0207 12.7
      vertex -15.9637 14.8368 1.8
      vertex -15.9637 14.8368 12.7
    endloop
  endfacet
  facet normal 0.903984 -0.427567 0
    outer loop
      vertex -15.9637 14.8368 1.8
      vertex -16.3497 14.0207 12.7
      vertex -16.3497 14.0207 1.8
    endloop
  endfacet
  facet normal 0.903984 0.427567 0
    outer loop
      vertex -15.9637 -14.8368 12.7
      vertex -16.3497 -14.0207 1.8
      vertex -16.3497 -14.0207 12.7
    endloop
  endfacet
  facet normal 0.903984 0.427567 0
    outer loop
      vertex -16.3497 -14.0207 1.8
      vertex -15.9637 -14.8368 12.7
      vertex -15.9637 -14.8368 1.8
    endloop
  endfacet
  facet normal -0.595667 -0.803231 0
    outer loop
      vertex 12.9612 18.1495 1.8
      vertex 13.6864 17.6117 12.7
      vertex 12.9612 18.1495 12.7
    endloop
  endfacet
  facet normal -0.595667 -0.803231 -0
    outer loop
      vertex 13.6864 17.6117 12.7
      vertex 12.9612 18.1495 1.8
      vertex 13.6864 17.6117 1.8
    endloop
  endfacet
  facet normal 0.671531 0.740977 -0
    outer loop
      vertex -13.6864 -17.6117 1.8
      vertex -14.3554 -17.0054 12.7
      vertex -13.6864 -17.6117 12.7
    endloop
  endfacet
  facet normal 0.671531 0.740977 0
    outer loop
      vertex -14.3554 -17.0054 12.7
      vertex -13.6864 -17.6117 1.8
      vertex -14.3554 -17.0054 1.8
    endloop
  endfacet
  facet normal 0 1 -0
    outer loop
      vertex 7.84999 -19.7 1.8
      vertex -7.84999 -19.7 12.7
      vertex 7.84999 -19.7 12.7
    endloop
  endfacet
  facet normal 0 1 0
    outer loop
      vertex -7.84999 -19.7 12.7
      vertex 7.84999 -19.7 1.8
      vertex -7.84999 -19.7 1.8
    endloop
  endfacet
  facet normal -0.146758 -0.989172 0
    outer loop
      vertex 8.75175 19.6557 1.8
      vertex 9.64482 19.5232 12.7
      vertex 8.75175 19.6557 12.7
    endloop
  endfacet
  facet normal -0.146758 -0.989172 -0
    outer loop
      vertex 9.64482 19.5232 12.7
      vertex 8.75175 19.6557 1.8
      vertex 9.64482 19.5232 1.8
    endloop
  endfacet
  facet normal -0.049067 0.998795 0
    outer loop
      vertex 8.75175 -19.6557 1.8
      vertex 7.84999 -19.7 12.7
      vertex 8.75175 -19.6557 12.7
    endloop
  endfacet
  facet normal -0.049067 0.998795 0
    outer loop
      vertex 7.84999 -19.7 12.7
      vertex 8.75175 -19.6557 1.8
      vertex 7.84999 -19.7 1.8
    endloop
  endfacet
  facet normal -0.941569 -0.33682 0
    outer loop
      vertex 16.6538 13.1706 1.8
      vertex 16.3497 14.0207 12.7
      vertex 16.3497 14.0207 1.8
    endloop
  endfacet
  facet normal -0.941569 -0.33682 0
    outer loop
      vertex 16.3497 14.0207 12.7
      vertex 16.6538 13.1706 1.8
      vertex 16.6538 13.1706 12.7
    endloop
  endfacet
  facet normal -0.857708 0.514137 0
    outer loop
      vertex 15.4995 -15.6112 1.8
      vertex 15.9637 -14.8368 12.7
      vertex 15.9637 -14.8368 1.8
    endloop
  endfacet
  facet normal -0.857708 0.514137 0
    outer loop
      vertex 15.9637 -14.8368 12.7
      vertex 15.4995 -15.6112 1.8
      vertex 15.4995 -15.6112 12.7
    endloop
  endfacet
  facet normal -0.427567 0.903984 0
    outer loop
      vertex 12.1868 -18.6137 1.8
      vertex 11.3707 -18.9997 12.7
      vertex 12.1868 -18.6137 12.7
    endloop
  endfacet
  facet normal -0.427567 0.903984 0
    outer loop
      vertex 11.3707 -18.9997 12.7
      vertex 12.1868 -18.6137 1.8
      vertex 11.3707 -18.9997 1.8
    endloop
  endfacet
  facet normal -0.24301 -0.970024 0
    outer loop
      vertex 9.64482 19.5232 1.8
      vertex 10.5206 19.3038 12.7
      vertex 9.64482 19.5232 12.7
    endloop
  endfacet
  facet normal -0.24301 -0.970024 -0
    outer loop
      vertex 10.5206 19.3038 12.7
      vertex 9.64482 19.5232 1.8
      vertex 10.5206 19.3038 1.8
    endloop
  endfacet
  facet normal 0.941569 -0.33682 0
    outer loop
      vertex -16.6538 13.1706 12.7
      vertex -16.3497 14.0207 1.8
      vertex -16.3497 14.0207 12.7
    endloop
  endfacet
  facet normal 0.941569 -0.33682 0
    outer loop
      vertex -16.3497 14.0207 1.8
      vertex -16.6538 13.1706 12.7
      vertex -16.6538 13.1706 1.8
    endloop
  endfacet
  facet normal 0.049067 0.998795 -0
    outer loop
      vertex -7.84999 -19.7 1.8
      vertex -8.75175 -19.6557 12.7
      vertex -7.84999 -19.7 12.7
    endloop
  endfacet
  facet normal 0.049067 0.998795 0
    outer loop
      vertex -8.75175 -19.6557 12.7
      vertex -7.84999 -19.7 1.8
      vertex -8.75175 -19.6557 1.8
    endloop
  endfacet
  facet normal 0.989173 -0.146753 0
    outer loop
      vertex -17.0057 11.4017 12.7
      vertex -16.8732 12.2948 1.8
      vertex -16.8732 12.2948 12.7
    endloop
  endfacet
  facet normal 0.989173 -0.146753 0
    outer loop
      vertex -16.8732 12.2948 1.8
      vertex -17.0057 11.4017 12.7
      vertex -17.0057 11.4017 1.8
    endloop
  endfacet
  facet normal 0.970025 -0.243005 0
    outer loop
      vertex -16.8732 12.2948 12.7
      vertex -16.6538 13.1706 1.8
      vertex -16.6538 13.1706 12.7
    endloop
  endfacet
  facet normal 0.970025 -0.243005 0
    outer loop
      vertex -16.6538 13.1706 1.8
      vertex -16.8732 12.2948 12.7
      vertex -16.8732 12.2948 1.8
    endloop
  endfacet
  facet normal 0.857708 0.514137 0
    outer loop
      vertex -15.4995 -15.6112 12.7
      vertex -15.9637 -14.8368 1.8
      vertex -15.9637 -14.8368 12.7
    endloop
  endfacet
  facet normal 0.857708 0.514137 0
    outer loop
      vertex -15.9637 -14.8368 1.8
      vertex -15.4995 -15.6112 12.7
      vertex -15.4995 -15.6112 1.8
    endloop
  endfacet
  facet normal 0 0 1
    outer loop
      vertex 14.45 10.5 1.8
      vertex 17.05 10.5 1.8
      vertex 17.0057 11.4017 1.8
    endloop
  endfacet
  facet normal 0 0 1
    outer loop
      vertex 14.4182 11.1469 1.8
      vertex 17.0057 11.4017 1.8
      vertex 16.8732 12.2948 1.8
    endloop
  endfacet
  facet normal 0 0 1
    outer loop
      vertex 14.3232 11.7876 1.8
      vertex 16.8732 12.2948 1.8
      vertex 16.6538 13.1706 1.8
    endloop
  endfacet
  facet normal 0 0 1
    outer loop
      vertex 14.1658 12.4159 1.8
      vertex 16.6538 13.1706 1.8
      vertex 16.3497 14.0207 1.8
    endloop
  endfacet
  facet normal 0 0 1
    outer loop
      vertex 13.9476 13.0257 1.8
      vertex 16.3497 14.0207 1.8
      vertex 15.9637 14.8368 1.8
    endloop
  endfacet
  facet normal 0 0 1
    outer loop
      vertex 13.6707 13.6112 1.8
      vertex 15.9637 14.8368 1.8
      vertex 15.4995 15.6112 1.8
    endloop
  endfacet
  facet normal 0 0 1
    outer loop
      vertex 13.3377 14.1668 1.8
      vertex 15.4995 15.6112 1.8
      vertex 14.9617 16.3364 1.8
    endloop
  endfacet
  facet normal 0 0 1
    outer loop
      vertex 17.0057 11.4017 1.8
      vertex 14.4182 11.1469 1.8
      vertex 14.45 10.5 1.8
    endloop
  endfacet
  facet normal 0 0 -0
    outer loop
      vertex 14.45 4.60789 1.8
      vertex 14.45 10.5 1.8
      vertex 14.45 1.39211 1.8
    endloop
  endfacet
  facet normal 0 0 1
    outer loop
      vertex 17.05 4.60789 1.8
      vertex 14.45 10.5 1.8
      vertex 14.45 4.60789 1.8
    endloop
  endfacet
  facet normal 0 0 1
    outer loop
      vertex 17.05 10.5 1.8
      vertex 14.45 10.5 1.8
      vertex 17.05 4.60789 1.8
    endloop
  endfacet
  facet normal 0 0 1
    outer loop
      vertex 12.9519 14.687 1.8
      vertex 14.9617 16.3364 1.8
      vertex 14.3554 17.0054 1.8
    endloop
  endfacet
  facet normal 0 0 1
    outer loop
      vertex 16.8732 12.2948 1.8
      vertex 14.3232 11.7876 1.8
      vertex 14.4182 11.1469 1.8
    endloop
  endfacet
  facet normal 0 0 1
    outer loop
      vertex 16.6538 13.1706 1.8
      vertex 14.1658 12.4159 1.8
      vertex 14.3232 11.7876 1.8
    endloop
  endfacet
  facet normal 0 0 1
    outer loop
      vertex 16.3497 14.0207 1.8
      vertex 13.9476 13.0257 1.8
      vertex 14.1658 12.4159 1.8
    endloop
  endfacet
  facet normal 0 0 1
    outer loop
      vertex 12.5169 15.1669 1.8
      vertex 14.3554 17.0054 1.8
      vertex 13.6864 17.6117 1.8
    endloop
  endfacet
  facet normal 0 0 1
    outer loop
      vertex 15.9637 14.8368 1.8
      vertex 13.6707 13.6112 1.8
      vertex 13.9476 13.0257 1.8
    endloop
  endfacet
  facet normal 0 0 1
    outer loop
      vertex 15.4995 15.6112 1.8
      vertex 13.3377 14.1668 1.8
      vertex 13.6707 13.6112 1.8
    endloop
  endfacet
  facet normal 0 0 1
    outer loop
      vertex 12.037 15.6019 1.8
      vertex 13.6864 17.6117 1.8
      vertex 12.9612 18.1495 1.8
    endloop
  endfacet
  facet normal 0 0 1
    outer loop
      vertex 14.9617 16.3364 1.8
      vertex 12.9519 14.687 1.8
      vertex 13.3377 14.1668 1.8
    endloop
  endfacet
  facet normal 0 0 1
    outer loop
      vertex 14.3554 17.0054 1.8
      vertex 12.5169 15.1669 1.8
      vertex 12.9519 14.687 1.8
    endloop
  endfacet
  facet normal 0 0 1
    outer loop
      vertex 11.5168 15.9877 1.8
      vertex 12.9612 18.1495 1.8
      vertex 12.1868 18.6137 1.8
    endloop
  endfacet
  facet normal 0 0 1
    outer loop
      vertex 13.6864 17.6117 1.8
      vertex 12.037 15.6019 1.8
      vertex 12.5169 15.1669 1.8
    endloop
  endfacet
  facet normal 0 0 1
    outer loop
      vertex 12.9612 18.1495 1.8
      vertex 11.5168 15.9877 1.8
      vertex 12.037 15.6019 1.8
    endloop
  endfacet
  facet normal 0 0 1
    outer loop
      vertex 10.9612 16.3207 1.8
      vertex 12.1868 18.6137 1.8
      vertex 11.3707 18.9997 1.8
    endloop
  endfacet
  facet normal 0 0 1
    outer loop
      vertex 12.1868 18.6137 1.8
      vertex 10.9612 16.3207 1.8
      vertex 11.5168 15.9877 1.8
    endloop
  endfacet
  facet normal 0 0 1
    outer loop
      vertex 10.3757 16.5976 1.8
      vertex 11.3707 18.9997 1.8
      vertex 10.5206 19.3038 1.8
    endloop
  endfacet
  facet normal 0 0 1
    outer loop
      vertex 11.3707 18.9997 1.8
      vertex 10.3757 16.5976 1.8
      vertex 10.9612 16.3207 1.8
    endloop
  endfacet
  facet normal 0 0 1
    outer loop
      vertex 10.5206 19.3038 1.8
      vertex 9.76587 16.8158 1.8
      vertex 10.3757 16.5976 1.8
    endloop
  endfacet
  facet normal 0 0 1
    outer loop
      vertex 9.64482 19.5232 1.8
      vertex 9.76587 16.8158 1.8
      vertex 10.5206 19.3038 1.8
    endloop
  endfacet
  facet normal 0 0 1
    outer loop
      vertex 9.64482 19.5232 1.8
      vertex 9.13759 16.9732 1.8
      vertex 9.76587 16.8158 1.8
    endloop
  endfacet
  facet normal 0 0 1
    outer loop
      vertex 8.75175 19.6557 1.8
      vertex 9.13759 16.9732 1.8
      vertex 9.64482 19.5232 1.8
    endloop
  endfacet
  facet normal 0 0 1
    outer loop
      vertex 8.75175 19.6557 1.8
      vertex 8.4969 17.0682 1.8
      vertex 9.13759 16.9732 1.8
    endloop
  endfacet
  facet normal 0 0 1
    outer loop
      vertex 7.84999 19.7 1.8
      vertex 8.4969 17.0682 1.8
      vertex 8.75175 19.6557 1.8
    endloop
  endfacet
  facet normal 0 0 1
    outer loop
      vertex 7.84999 19.7 1.8
      vertex 7.84999 17.1 1.8
      vertex 8.4969 17.0682 1.8
    endloop
  endfacet
  facet normal -0 0 1
    outer loop
      vertex -7.84999 19.7 1.8
      vertex 7.84999 17.1 1.8
      vertex 7.84999 19.7 1.8
    endloop
  endfacet
  facet normal 0 0 1
    outer loop
      vertex -7.84999 19.7 1.8
      vertex -7.84999 17.1 1.8
      vertex 7.84999 17.1 1.8
    endloop
  endfacet
  facet normal 0 0 1
    outer loop
      vertex -7.84999 19.7 1.8
      vertex -8.4969 17.0682 1.8
      vertex -7.84999 17.1 1.8
    endloop
  endfacet
  facet normal -0 0 1
    outer loop
      vertex -8.75175 19.6557 1.8
      vertex -8.4969 17.0682 1.8
      vertex -7.84999 19.7 1.8
    endloop
  endfacet
  facet normal 0 0 1
    outer loop
      vertex -8.75175 19.6557 1.8
      vertex -9.13759 16.9732 1.8
      vertex -8.4969 17.0682 1.8
    endloop
  endfacet
  facet normal -0 0 1
    outer loop
      vertex -9.64482 19.5232 1.8
      vertex -9.13759 16.9732 1.8
      vertex -8.75175 19.6557 1.8
    endloop
  endfacet
  facet normal 0 0 1
    outer loop
      vertex -9.64482 19.5232 1.8
      vertex -9.76587 16.8158 1.8
      vertex -9.13759 16.9732 1.8
    endloop
  endfacet
  facet normal -0 0 1
    outer loop
      vertex -10.5206 19.3038 1.8
      vertex -9.76587 16.8158 1.8
      vertex -9.64482 19.5232 1.8
    endloop
  endfacet
  facet normal 0 0 1
    outer loop
      vertex -9.76587 16.8158 1.8
      vertex -10.5206 19.3038 1.8
      vertex -10.3757 16.5976 1.8
    endloop
  endfacet
  facet normal -0 0 1
    outer loop
      vertex -11.3707 18.9997 1.8
      vertex -10.3757 16.5976 1.8
      vertex -10.5206 19.3038 1.8
    endloop
  endfacet
  facet normal 0 0 1
    outer loop
      vertex -10.3757 16.5976 1.8
      vertex -11.3707 18.9997 1.8
      vertex -10.9612 16.3207 1.8
    endloop
  endfacet
  facet normal -0 0 1
    outer loop
      vertex -12.1868 18.6137 1.8
      vertex -10.9612 16.3207 1.8
      vertex -11.3707 18.9997 1.8
    endloop
  endfacet
  facet normal 0 0 1
    outer loop
      vertex -10.9612 16.3207 1.8
      vertex -12.1868 18.6137 1.8
      vertex -11.5168 15.9877 1.8
    endloop
  endfacet
  facet normal -0 0 1
    outer loop
      vertex -12.9612 18.1495 1.8
      vertex -11.5168 15.9877 1.8
      vertex -12.1868 18.6137 1.8
    endloop
  endfacet
  facet normal 0 0 1
    outer loop
      vertex -11.5168 15.9877 1.8
      vertex -12.9612 18.1495 1.8
      vertex -12.037 15.6019 1.8
    endloop
  endfacet
  facet normal -0 0 1
    outer loop
      vertex -13.6864 17.6117 1.8
      vertex -12.037 15.6019 1.8
      vertex -12.9612 18.1495 1.8
    endloop
  endfacet
  facet normal 0 0 1
    outer loop
      vertex -12.037 15.6019 1.8
      vertex -13.6864 17.6117 1.8
      vertex -12.5169 15.1669 1.8
    endloop
  endfacet
  facet normal -0 0 1
    outer loop
      vertex -14.3554 17.0054 1.8
      vertex -12.5169 15.1669 1.8
      vertex -13.6864 17.6117 1.8
    endloop
  endfacet
  facet normal 0 0 1
    outer loop
      vertex -12.5169 15.1669 1.8
      vertex -14.3554 17.0054 1.8
      vertex -12.9519 14.687 1.8
    endloop
  endfacet
  facet normal -0 0 1
    outer loop
      vertex -14.9617 16.3364 1.8
      vertex -12.9519 14.687 1.8
      vertex -14.3554 17.0054 1.8
    endloop
  endfacet
  facet normal 0 0 1
    outer loop
      vertex -12.9519 14.687 1.8
      vertex -14.9617 16.3364 1.8
      vertex -13.3377 14.1668 1.8
    endloop
  endfacet
  facet normal -0 0 1
    outer loop
      vertex -15.4995 15.6112 1.8
      vertex -13.3377 14.1668 1.8
      vertex -14.9617 16.3364 1.8
    endloop
  endfacet
  facet normal 0 0 1
    outer loop
      vertex -13.3377 14.1668 1.8
      vertex -15.4995 15.6112 1.8
      vertex -13.6707 13.6112 1.8
    endloop
  endfacet
  facet normal -0 0 1
    outer loop
      vertex -15.9637 14.8368 1.8
      vertex -13.6707 13.6112 1.8
      vertex -15.4995 15.6112 1.8
    endloop
  endfacet
  facet normal 0 0 1
    outer loop
      vertex -13.6707 13.6112 1.8
      vertex -15.9637 14.8368 1.8
      vertex -13.9476 13.0257 1.8
    endloop
  endfacet
  facet normal -0 0 1
    outer loop
      vertex -16.3497 14.0207 1.8
      vertex -13.9476 13.0257 1.8
      vertex -15.9637 14.8368 1.8
    endloop
  endfacet
  facet normal -0 0 1
    outer loop
      vertex -16.6538 13.1706 1.8
      vertex -14.1658 12.4159 1.8
      vertex -16.3497 14.0207 1.8
    endloop
  endfacet
  facet normal 0 0 1
    outer loop
      vertex -13.9476 13.0257 1.8
      vertex -16.3497 14.0207 1.8
      vertex -14.1658 12.4159 1.8
    endloop
  endfacet
  facet normal 0 0 1
    outer loop
      vertex 14.45 -10.5 1.8
      vertex 17.05 -10.5 1.8
      vertex 17.05 1.39211 1.8
    endloop
  endfacet
  facet normal 0 0 1
    outer loop
      vertex 17.05 -10.5 1.8
      vertex 14.45 -10.5 1.8
      vertex 17.0057 -11.4017 1.8
    endloop
  endfacet
  facet normal -0 0 1
    outer loop
      vertex 14.4182 -11.1469 1.8
      vertex 17.0057 -11.4017 1.8
      vertex 14.45 -10.5 1.8
    endloop
  endfacet
  facet normal 0 0 1
    outer loop
      vertex 17.0057 -11.4017 1.8
      vertex 14.4182 -11.1469 1.8
      vertex 16.8732 -12.2948 1.8
    endloop
  endfacet
  facet normal -0 0 1
    outer loop
      vertex 14.3232 -11.7876 1.8
      vertex 16.8732 -12.2948 1.8
      vertex 14.4182 -11.1469 1.8
    endloop
  endfacet
  facet normal 0 0 1
    outer loop
      vertex 16.8732 -12.2948 1.8
      vertex 14.3232 -11.7876 1.8
      vertex 16.6538 -13.1706 1.8
    endloop
  endfacet
  facet normal -0 0 1
    outer loop
      vertex 14.1658 -12.4159 1.8
      vertex 16.6538 -13.1706 1.8
      vertex 14.3232 -11.7876 1.8
    endloop
  endfacet
  facet normal 0 0 1
    outer loop
      vertex 14.45 -10.5 1.8
      vertex 17.05 1.39211 1.8
      vertex 14.45 1.39211 1.8
    endloop
  endfacet
  facet normal 0 0 0
    outer loop
      vertex 14.45 -10.5 1.8
      vertex 14.45 1.39211 1.8
      vertex 14.45 10.5 1.8
    endloop
  endfacet
  facet normal 0 0 1
    outer loop
      vertex 16.6538 -13.1706 1.8
      vertex 14.1658 -12.4159 1.8
      vertex 16.3497 -14.0207 1.8
    endloop
  endfacet
  facet normal -0 0 1
    outer loop
      vertex 13.9476 -13.0257 1.8
      vertex 16.3497 -14.0207 1.8
      vertex 14.1658 -12.4159 1.8
    endloop
  endfacet
  facet normal 0 0 1
    outer loop
      vertex 16.3497 -14.0207 1.8
      vertex 13.9476 -13.0257 1.8
      vertex 15.9637 -14.8368 1.8
    endloop
  endfacet
  facet normal -0 0 1
    outer loop
      vertex 13.6707 -13.6112 1.8
      vertex 15.9637 -14.8368 1.8
      vertex 13.9476 -13.0257 1.8
    endloop
  endfacet
  facet normal 0 0 1
    outer loop
      vertex 15.9637 -14.8368 1.8
      vertex 13.6707 -13.6112 1.8
      vertex 15.4995 -15.6112 1.8
    endloop
  endfacet
  facet normal -0 0 1
    outer loop
      vertex 13.3377 -14.1668 1.8
      vertex 15.4995 -15.6112 1.8
      vertex 13.6707 -13.6112 1.8
    endloop
  endfacet
  facet normal 0 0 1
    outer loop
      vertex 15.4995 -15.6112 1.8
      vertex 13.3377 -14.1668 1.8
      vertex 14.9617 -16.3364 1.8
    endloop
  endfacet
  facet normal -0 0 1
    outer loop
      vertex 12.9519 -14.687 1.8
      vertex 14.9617 -16.3364 1.8
      vertex 13.3377 -14.1668 1.8
    endloop
  endfacet
  facet normal 0 0 1
    outer loop
      vertex 14.9617 -16.3364 1.8
      vertex 12.9519 -14.687 1.8
      vertex 14.3554 -17.0054 1.8
    endloop
  endfacet
  facet normal -0 0 1
    outer loop
      vertex 12.5169 -15.1669 1.8
      vertex 14.3554 -17.0054 1.8
      vertex 12.9519 -14.687 1.8
    endloop
  endfacet
  facet normal 0 0 1
    outer loop
      vertex 14.3554 -17.0054 1.8
      vertex 12.5169 -15.1669 1.8
      vertex 13.6864 -17.6117 1.8
    endloop
  endfacet
  facet normal -0 0 1
    outer loop
      vertex 12.037 -15.6019 1.8
      vertex 13.6864 -17.6117 1.8
      vertex 12.5169 -15.1669 1.8
    endloop
  endfacet
  facet normal 0 0 1
    outer loop
      vertex 13.6864 -17.6117 1.8
      vertex 12.037 -15.6019 1.8
      vertex 12.9612 -18.1495 1.8
    endloop
  endfacet
  facet normal -0 0 1
    outer loop
      vertex 11.5168 -15.9877 1.8
      vertex 12.9612 -18.1495 1.8
      vertex 12.037 -15.6019 1.8
    endloop
  endfacet
  facet normal 0 0 1
    outer loop
      vertex 12.9612 -18.1495 1.8
      vertex 11.5168 -15.9877 1.8
      vertex 12.1868 -18.6137 1.8
    endloop
  endfacet
  facet normal -0 0 1
    outer loop
      vertex 10.9612 -16.3207 1.8
      vertex 12.1868 -18.6137 1.8
      vertex 11.5168 -15.9877 1.8
    endloop
  endfacet
  facet normal 0 0 1
    outer loop
      vertex 12.1868 -18.6137 1.8
      vertex 10.9612 -16.3207 1.8
      vertex 11.3707 -18.9997 1.8
    endloop
  endfacet
  facet normal -0 0 1
    outer loop
      vertex 10.3757 -16.5976 1.8
      vertex 11.3707 -18.9997 1.8
      vertex 10.9612 -16.3207 1.8
    endloop
  endfacet
  facet normal 0 0 1
    outer loop
      vertex 11.3707 -18.9997 1.8
      vertex 10.3757 -16.5976 1.8
      vertex 10.5206 -19.3038 1.8
    endloop
  endfacet
  facet normal -0 0 1
    outer loop
      vertex 9.76587 -16.8158 1.8
      vertex 10.5206 -19.3038 1.8
      vertex 10.3757 -16.5976 1.8
    endloop
  endfacet
  facet normal 0 0 1
    outer loop
      vertex 9.76587 -16.8158 1.8
      vertex 9.64482 -19.5232 1.8
      vertex 10.5206 -19.3038 1.8
    endloop
  endfacet
  facet normal -0 0 1
    outer loop
      vertex 9.13759 -16.9732 1.8
      vertex 9.64482 -19.5232 1.8
      vertex 9.76587 -16.8158 1.8
    endloop
  endfacet
  facet normal 0 0 1
    outer loop
      vertex 9.13759 -16.9732 1.8
      vertex 8.75175 -19.6557 1.8
      vertex 9.64482 -19.5232 1.8
    endloop
  endfacet
  facet normal -0 0 1
    outer loop
      vertex 8.4969 -17.0682 1.8
      vertex 8.75175 -19.6557 1.8
      vertex 9.13759 -16.9732 1.8
    endloop
  endfacet
  facet normal -0 0 1
    outer loop
      vertex 7.84999 -17.1 1.8
      vertex 8.75175 -19.6557 1.8
      vertex 8.4969 -17.0682 1.8
    endloop
  endfacet
  facet normal 0 0 1
    outer loop
      vertex 7.84999 -17.1 1.8
      vertex 7.84999 -19.7 1.8
      vertex 8.75175 -19.6557 1.8
    endloop
  endfacet
  facet normal -0 0 1
    outer loop
      vertex -7.84999 -17.1 1.8
      vertex 7.84999 -19.7 1.8
      vertex 7.84999 -17.1 1.8
    endloop
  endfacet
  facet normal 0 0 1
    outer loop
      vertex -7.84999 -17.1 1.8
      vertex -7.84999 -19.7 1.8
      vertex 7.84999 -19.7 1.8
    endloop
  endfacet
  facet normal 0 0 1
    outer loop
      vertex -8.4969 -17.0682 1.8
      vertex -7.84999 -19.7 1.8
      vertex -7.84999 -17.1 1.8
    endloop
  endfacet
  facet normal 0 0 1
    outer loop
      vertex -8.4969 -17.0682 1.8
      vertex -8.75175 -19.6557 1.8
      vertex -7.84999 -19.7 1.8
    endloop
  endfacet
  facet normal 0 0 1
    outer loop
      vertex -9.13759 -16.9732 1.8
      vertex -8.75175 -19.6557 1.8
      vertex -8.4969 -17.0682 1.8
    endloop
  endfacet
  facet normal 0 0 1
    outer loop
      vertex -9.13759 -16.9732 1.8
      vertex -9.64482 -19.5232 1.8
      vertex -8.75175 -19.6557 1.8
    endloop
  endfacet
  facet normal 0 0 1
    outer loop
      vertex -9.76587 -16.8158 1.8
      vertex -9.64482 -19.5232 1.8
      vertex -9.13759 -16.9732 1.8
    endloop
  endfacet
  facet normal 0 0 1
    outer loop
      vertex -10.5206 -19.3038 1.8
      vertex -9.76587 -16.8158 1.8
      vertex -10.3757 -16.5976 1.8
    endloop
  endfacet
  facet normal 0 0 1
    outer loop
      vertex -9.76587 -16.8158 1.8
      vertex -10.5206 -19.3038 1.8
      vertex -9.64482 -19.5232 1.8
    endloop
  endfacet
  facet normal 0 0 1
    outer loop
      vertex -11.3707 -18.9997 1.8
      vertex -10.3757 -16.5976 1.8
      vertex -10.9612 -16.3207 1.8
    endloop
  endfacet
  facet normal 0 0 1
    outer loop
      vertex -10.3757 -16.5976 1.8
      vertex -11.3707 -18.9997 1.8
      vertex -10.5206 -19.3038 1.8
    endloop
  endfacet
  facet normal 0 0 1
    outer loop
      vertex -12.1868 -18.6137 1.8
      vertex -10.9612 -16.3207 1.8
      vertex -11.5168 -15.9877 1.8
    endloop
  endfacet
  facet normal 0 0 1
    outer loop
      vertex -12.9612 -18.1495 1.8
      vertex -11.5168 -15.9877 1.8
      vertex -12.037 -15.6019 1.8
    endloop
  endfacet
  facet normal 0 0 1
    outer loop
      vertex -10.9612 -16.3207 1.8
      vertex -12.1868 -18.6137 1.8
      vertex -11.3707 -18.9997 1.8
    endloop
  endfacet
  facet normal 0 0 1
    outer loop
      vertex -13.6864 -17.6117 1.8
      vertex -12.037 -15.6019 1.8
      vertex -12.5169 -15.1669 1.8
    endloop
  endfacet
  facet normal 0 0 1
    outer loop
      vertex -14.3554 -17.0054 1.8
      vertex -12.5169 -15.1669 1.8
      vertex -12.9519 -14.687 1.8
    endloop
  endfacet
  facet normal 0 0 1
    outer loop
      vertex -11.5168 -15.9877 1.8
      vertex -12.9612 -18.1495 1.8
      vertex -12.1868 -18.6137 1.8
    endloop
  endfacet
  facet normal 0 0 1
    outer loop
      vertex -14.9617 -16.3364 1.8
      vertex -12.9519 -14.687 1.8
      vertex -13.3377 -14.1668 1.8
    endloop
  endfacet
  facet normal 0 0 1
    outer loop
      vertex -15.4995 -15.6112 1.8
      vertex -13.3377 -14.1668 1.8
      vertex -13.6707 -13.6112 1.8
    endloop
  endfacet
  facet normal 0 0 1
    outer loop
      vertex -12.037 -15.6019 1.8
      vertex -13.6864 -17.6117 1.8
      vertex -12.9612 -18.1495 1.8
    endloop
  endfacet
  facet normal 0 0 1
    outer loop
      vertex -15.9637 -14.8368 1.8
      vertex -13.6707 -13.6112 1.8
      vertex -13.9476 -13.0257 1.8
    endloop
  endfacet
  facet normal 0 0 1
    outer loop
      vertex -16.3497 -14.0207 1.8
      vertex -13.9476 -13.0257 1.8
      vertex -14.1658 -12.4159 1.8
    endloop
  endfacet
  facet normal 0 0 1
    outer loop
      vertex -16.6538 -13.1706 1.8
      vertex -14.1658 -12.4159 1.8
      vertex -14.3232 -11.7876 1.8
    endloop
  endfacet
  facet normal 0 0 1
    outer loop
      vertex -12.5169 -15.1669 1.8
      vertex -14.3554 -17.0054 1.8
      vertex -13.6864 -17.6117 1.8
    endloop
  endfacet
  facet normal 0 0 1
    outer loop
      vertex -16.8732 -12.2948 1.8
      vertex -14.3232 -11.7876 1.8
      vertex -14.4182 -11.1469 1.8
    endloop
  endfacet
  facet normal 0 0 1
    outer loop
      vertex -17.0057 -11.4017 1.8
      vertex -14.4182 -11.1469 1.8
      vertex -14.45 -10.5 1.8
    endloop
  endfacet
  facet normal 0 0 1
    outer loop
      vertex -14.45 10.5 1.8
      vertex -17.05 10.5 1.8
      vertex -14.45 -10.5 1.8
    endloop
  endfacet
  facet normal 0 0 1
    outer loop
      vertex -17.05 -10.5 1.8
      vertex -14.45 -10.5 1.8
      vertex -17.05 10.5 1.8
    endloop
  endfacet
  facet normal 0 0 1
    outer loop
      vertex -14.1658 12.4159 1.8
      vertex -16.6538 13.1706 1.8
      vertex -14.3232 11.7876 1.8
    endloop
  endfacet
  facet normal 0 -0 1
    outer loop
      vertex -17.0057 -11.4017 1.8
      vertex -14.45 -10.5 1.8
      vertex -17.05 -10.5 1.8
    endloop
  endfacet
  facet normal -0 0 1
    outer loop
      vertex -16.8732 12.2948 1.8
      vertex -14.3232 11.7876 1.8
      vertex -16.6538 13.1706 1.8
    endloop
  endfacet
  facet normal 0 0 1
    outer loop
      vertex -12.9519 -14.687 1.8
      vertex -14.9617 -16.3364 1.8
      vertex -14.3554 -17.0054 1.8
    endloop
  endfacet
  facet normal 0 0 1
    outer loop
      vertex -14.3232 11.7876 1.8
      vertex -16.8732 12.2948 1.8
      vertex -14.4182 11.1469 1.8
    endloop
  endfacet
  facet normal 0 0 1
    outer loop
      vertex -13.3377 -14.1668 1.8
      vertex -15.4995 -15.6112 1.8
      vertex -14.9617 -16.3364 1.8
    endloop
  endfacet
  facet normal -0 0 1
    outer loop
      vertex -17.0057 11.4017 1.8
      vertex -14.4182 11.1469 1.8
      vertex -16.8732 12.2948 1.8
    endloop
  endfacet
  facet normal 0 0 1
    outer loop
      vertex -13.6707 -13.6112 1.8
      vertex -15.9637 -14.8368 1.8
      vertex -15.4995 -15.6112 1.8
    endloop
  endfacet
  facet normal 0 0 1
    outer loop
      vertex -14.4182 11.1469 1.8
      vertex -17.0057 11.4017 1.8
      vertex -14.45 10.5 1.8
    endloop
  endfacet
  facet normal 0 0 1
    outer loop
      vertex -13.9476 -13.0257 1.8
      vertex -16.3497 -14.0207 1.8
      vertex -15.9637 -14.8368 1.8
    endloop
  endfacet
  facet normal 0 0 1
    outer loop
      vertex -14.45 10.5 1.8
      vertex -17.0057 11.4017 1.8
      vertex -17.05 10.5 1.8
    endloop
  endfacet
  facet normal 0 0 1
    outer loop
      vertex -14.1658 -12.4159 1.8
      vertex -16.6538 -13.1706 1.8
      vertex -16.3497 -14.0207 1.8
    endloop
  endfacet
  facet normal 0 0 1
    outer loop
      vertex -14.3232 -11.7876 1.8
      vertex -16.8732 -12.2948 1.8
      vertex -16.6538 -13.1706 1.8
    endloop
  endfacet
  facet normal 0 0 1
    outer loop
      vertex -14.4182 -11.1469 1.8
      vertex -17.0057 -11.4017 1.8
      vertex -16.8732 -12.2948 1.8
    endloop
  endfacet
  facet normal 0.740977 -0.671531 0
    outer loop
      vertex -14.9617 16.3364 12.7
      vertex -14.3554 17.0054 1.8
      vertex -14.3554 17.0054 12.7
    endloop
  endfacet
  facet normal 0.740977 -0.671531 0
    outer loop
      vertex -14.3554 17.0054 1.8
      vertex -14.9617 16.3364 12.7
      vertex -14.9617 16.3364 1.8
    endloop
  endfacet
  facet normal 0.146758 -0.989172 0
    outer loop
      vertex -9.64482 19.5232 1.8
      vertex -8.75175 19.6557 12.7
      vertex -9.64482 19.5232 12.7
    endloop
  endfacet
  facet normal 0.146758 -0.989172 0
    outer loop
      vertex -8.75175 19.6557 12.7
      vertex -9.64482 19.5232 1.8
      vertex -8.75175 19.6557 1.8
    endloop
  endfacet
  facet normal -0.970025 0.243005 0
    outer loop
      vertex 16.6538 -13.1706 1.8
      vertex 16.8732 -12.2948 4.6912
      vertex 16.8732 -12.2948 1.8
    endloop
  endfacet
  facet normal -0.9701 0.242704 9.67278e-05
    outer loop
      vertex 16.8732 -12.2948 4.6912
      vertex 16.6538 -13.1706 1.8
      vertex 16.8327 -12.4567 4.7403
    endloop
  endfacet
  facet normal -0.97001 0.243065 3.51999e-06
    outer loop
      vertex 16.8327 -12.4567 4.7403
      vertex 16.6538 -13.1706 1.8
      vertex 16.7244 -12.8889 4.97133
    endloop
  endfacet
  facet normal -0.970001 0.243103 0
    outer loop
      vertex 16.7244 -12.8889 4.97133
      vertex 16.6538 -13.1706 1.8
      vertex 16.6538 -13.1706 5.2025
    endloop
  endfacet
  facet normal -0.970101 0.242701 -8.58498e-05
    outer loop
      vertex 16.6538 -13.1706 12.7
      vertex 16.8732 -12.2948 9.4088
      vertex 16.8327 -12.4567 9.3597
    endloop
  endfacet
  facet normal -0.97001 0.243065 -3.14169e-06
    outer loop
      vertex 16.6538 -13.1706 12.7
      vertex 16.8327 -12.4567 9.3597
      vertex 16.7244 -12.8889 9.12867
    endloop
  endfacet
  facet normal -0.970001 0.243103 0
    outer loop
      vertex 16.6538 -13.1706 12.7
      vertex 16.7244 -12.8889 9.12867
      vertex 16.6538 -13.1706 8.8975
    endloop
  endfacet
  facet normal -0.970025 0.243005 0
    outer loop
      vertex 16.8732 -12.2948 9.4088
      vertex 16.6538 -13.1706 12.7
      vertex 16.8732 -12.2948 12.7
    endloop
  endfacet
  facet normal 0.803231 0.595667 0
    outer loop
      vertex -14.9617 -16.3364 12.7
      vertex -15.4995 -15.6112 1.8
      vertex -15.4995 -15.6112 12.7
    endloop
  endfacet
  facet normal 0.803231 0.595667 0
    outer loop
      vertex -15.4995 -15.6112 1.8
      vertex -14.9617 -16.3364 12.7
      vertex -14.9617 -16.3364 1.8
    endloop
  endfacet
  facet normal 0.970025 0.243005 0
    outer loop
      vertex -16.6538 -13.1706 12.7
      vertex -16.8732 -12.2948 1.8
      vertex -16.8732 -12.2948 12.7
    endloop
  endfacet
  facet normal 0.970025 0.243005 0
    outer loop
      vertex -16.8732 -12.2948 1.8
      vertex -16.6538 -13.1706 12.7
      vertex -16.6538 -13.1706 1.8
    endloop
  endfacet
  facet normal -0.427567 -0.903984 0
    outer loop
      vertex 11.3707 18.9997 1.8
      vertex 12.1868 18.6137 12.7
      vertex 11.3707 18.9997 12.7
    endloop
  endfacet
  facet normal -0.427567 -0.903984 -0
    outer loop
      vertex 12.1868 18.6137 12.7
      vertex 11.3707 18.9997 1.8
      vertex 12.1868 18.6137 1.8
    endloop
  endfacet
  facet normal 0.33682 0.941569 -0
    outer loop
      vertex -10.5206 -19.3038 1.8
      vertex -11.3707 -18.9997 12.7
      vertex -10.5206 -19.3038 12.7
    endloop
  endfacet
  facet normal 0.33682 0.941569 0
    outer loop
      vertex -11.3707 -18.9997 12.7
      vertex -10.5206 -19.3038 1.8
      vertex -11.3707 -18.9997 1.8
    endloop
  endfacet
  facet normal 0.740977 0.671531 0
    outer loop
      vertex -14.3554 -17.0054 12.7
      vertex -14.9617 -16.3364 1.8
      vertex -14.9617 -16.3364 12.7
    endloop
  endfacet
  facet normal 0.740977 0.671531 0
    outer loop
      vertex -14.9617 -16.3364 1.8
      vertex -14.3554 -17.0054 12.7
      vertex -14.3554 -17.0054 1.8
    endloop
  endfacet
  facet normal 0.427567 0.903984 -0
    outer loop
      vertex -11.3707 -18.9997 1.8
      vertex -12.1868 -18.6137 12.7
      vertex -11.3707 -18.9997 12.7
    endloop
  endfacet
  facet normal 0.427567 0.903984 0
    outer loop
      vertex -12.1868 -18.6137 12.7
      vertex -11.3707 -18.9997 1.8
      vertex -12.1868 -18.6137 1.8
    endloop
  endfacet
  facet normal -0.989149 0.146913 0
    outer loop
      vertex 17.0057 -11.4017 1.8
      vertex 16.9911 -11.5 4.55
      vertex 17.0057 -11.4017 4.55
    endloop
  endfacet
  facet normal -0.989173 0.146753 -5.84396e-06
    outer loop
      vertex 16.8732 -12.2948 1.8
      vertex 16.9911 -11.5 4.55
      vertex 17.0057 -11.4017 1.8
    endloop
  endfacet
  facet normal -0.989189 0.146647 2.56664e-05
    outer loop
      vertex 16.9911 -11.5 4.55
      vertex 16.8732 -12.2948 1.8
      vertex 16.9188 -11.9877 4.59804
    endloop
  endfacet
  facet normal -0.989155 0.146876 0
    outer loop
      vertex 16.9188 -11.9877 4.59804
      vertex 16.8732 -12.2948 1.8
      vertex 16.8732 -12.2948 4.6912
    endloop
  endfacet
  facet normal -0.989149 0.146913 0
    outer loop
      vertex 16.9911 -11.5 9.55
      vertex 17.0057 -11.4017 12.7
      vertex 17.0057 -11.4017 9.55
    endloop
  endfacet
  facet normal -0.989189 0.146646 -2.24862e-05
    outer loop
      vertex 16.8732 -12.2948 12.7
      vertex 16.9911 -11.5 9.55
      vertex 16.9188 -11.9877 9.50196
    endloop
  endfacet
  facet normal -0.989155 0.146876 0
    outer loop
      vertex 16.8732 -12.2948 12.7
      vertex 16.9188 -11.9877 9.50196
      vertex 16.8732 -12.2948 9.4088
    endloop
  endfacet
  facet normal -0.989173 0.146753 5.10187e-06
    outer loop
      vertex 16.9911 -11.5 9.55
      vertex 16.8732 -12.2948 12.7
      vertex 17.0057 -11.4017 12.7
    endloop
  endfacet
  facet normal -0.740977 0.671531 0
    outer loop
      vertex 14.3554 -17.0054 1.8
      vertex 14.9617 -16.3364 12.7
      vertex 14.9617 -16.3364 1.8
    endloop
  endfacet
  facet normal -0.740977 0.671531 0
    outer loop
      vertex 14.9617 -16.3364 12.7
      vertex 14.3554 -17.0054 1.8
      vertex 14.3554 -17.0054 12.7
    endloop
  endfacet
  facet normal 0.24301 0.970024 -0
    outer loop
      vertex -9.64482 -19.5232 1.8
      vertex -10.5206 -19.3038 12.7
      vertex -9.64482 -19.5232 12.7
    endloop
  endfacet
  facet normal 0.24301 0.970024 0
    outer loop
      vertex -10.5206 -19.3038 12.7
      vertex -9.64482 -19.5232 1.8
      vertex -10.5206 -19.3038 1.8
    endloop
  endfacet
  facet normal -0.803231 0.595667 0
    outer loop
      vertex 14.9617 -16.3364 1.8
      vertex 15.4995 -15.6112 12.7
      vertex 15.4995 -15.6112 1.8
    endloop
  endfacet
  facet normal -0.803231 0.595667 0
    outer loop
      vertex 15.4995 -15.6112 12.7
      vertex 14.9617 -16.3364 1.8
      vertex 14.9617 -16.3364 12.7
    endloop
  endfacet
  facet normal -0.941569 0.33682 0
    outer loop
      vertex 16.3497 -14.0207 1.8
      vertex 16.6538 -13.1706 5.2025
      vertex 16.6538 -13.1706 1.8
    endloop
  endfacet
  facet normal -0.941749 0.336317 0.000141912
    outer loop
      vertex 16.6538 -13.1706 5.2025
      vertex 16.3497 -14.0207 1.8
      vertex 16.6191 -13.2678 5.28223
    endloop
  endfacet
  facet normal -0.941499 0.337015 -2.84338e-05
    outer loop
      vertex 16.6191 -13.2678 5.28223
      vertex 16.3497 -14.0207 1.8
      vertex 16.5078 -13.5787 5.66107
    endloop
  endfacet
  facet normal -0.941607 0.336715 1.03469e-05
    outer loop
      vertex 16.5078 -13.5787 5.66107
      vertex 16.3497 -14.0207 1.8
      vertex 16.4252 -13.8097 6.09329
    endloop
  endfacet
  facet normal -0.941396 0.337303 -3.01711e-06
    outer loop
      vertex 16.3743 -13.952 6.56227
      vertex 16.3497 -14.0207 1.8
      vertex 16.3571 -14 7.05
    endloop
  endfacet
  facet normal -0.941572 0.336812 4.97386e-06
    outer loop
      vertex 16.4252 -13.8097 6.09329
      vertex 16.3497 -14.0207 1.8
      vertex 16.3743 -13.952 6.56227
    endloop
  endfacet
  facet normal -0.941752 0.336308 -0.000129297
    outer loop
      vertex 16.3497 -14.0207 12.7
      vertex 16.6538 -13.1706 8.8975
      vertex 16.6191 -13.2678 8.81777
    endloop
  endfacet
  facet normal -0.941498 0.337018 2.6064e-05
    outer loop
      vertex 16.3497 -14.0207 12.7
      vertex 16.6191 -13.2678 8.81777
      vertex 16.5078 -13.5787 8.43892
    endloop
  endfacet
  facet normal -0.941607 0.336714 -9.53347e-06
    outer loop
      vertex 16.3497 -14.0207 12.7
      vertex 16.5078 -13.5787 8.43892
      vertex 16.4252 -13.8097 8.00671
    endloop
  endfacet
  facet normal -0.941572 0.336811 -4.60464e-06
    outer loop
      vertex 16.3497 -14.0207 12.7
      vertex 16.4252 -13.8097 8.00671
      vertex 16.3743 -13.952 7.53772
    endloop
  endfacet
  facet normal -0.941569 0.33682 0
    outer loop
      vertex 16.6538 -13.1706 8.8975
      vertex 16.3497 -14.0207 12.7
      vertex 16.6538 -13.1706 12.7
    endloop
  endfacet
  facet normal -0.941395 0.337305 2.81118e-06
    outer loop
      vertex 16.3571 -14 7.05
      vertex 16.3497 -14.0207 12.7
      vertex 16.3743 -13.952 7.53772
    endloop
  endfacet
  facet normal -0.941639 0.336625 0
    outer loop
      vertex 16.3497 -14.0207 12.7
      vertex 16.3571 -14 7.05
      vertex 16.3497 -14.0207 1.8
    endloop
  endfacet
  facet normal 0.595667 0.803231 -0
    outer loop
      vertex -12.9612 -18.1495 1.8
      vertex -13.6864 -17.6117 12.7
      vertex -12.9612 -18.1495 12.7
    endloop
  endfacet
  facet normal 0.595667 0.803231 0
    outer loop
      vertex -13.6864 -17.6117 12.7
      vertex -12.9612 -18.1495 1.8
      vertex -13.6864 -17.6117 1.8
    endloop
  endfacet
  facet normal 0.941569 0.33682 0
    outer loop
      vertex -16.3497 -14.0207 12.7
      vertex -16.6538 -13.1706 1.8
      vertex -16.6538 -13.1706 12.7
    endloop
  endfacet
  facet normal 0.941569 0.33682 0
    outer loop
      vertex -16.6538 -13.1706 1.8
      vertex -16.3497 -14.0207 12.7
      vertex -16.3497 -14.0207 1.8
    endloop
  endfacet
  facet normal 0.989185 -0.146672 0
    outer loop
      vertex -14.4182 11.1469 1.8
      vertex -14.3232 11.7876 0
      vertex -14.3232 11.7876 1.8
    endloop
  endfacet
  facet normal 0.989185 -0.146672 0
    outer loop
      vertex -14.3232 11.7876 0
      vertex -14.4182 11.1469 1.8
      vertex -14.4182 11.1469 0
    endloop
  endfacet
  facet normal 0.970024 0.243008 0
    outer loop
      vertex -14.1658 -12.4159 1.8
      vertex -14.3232 -11.7876 0
      vertex -14.3232 -11.7876 1.8
    endloop
  endfacet
  facet normal 0.970024 0.243008 0
    outer loop
      vertex -14.3232 -11.7876 0
      vertex -14.1658 -12.4159 1.8
      vertex -14.1658 -12.4159 0
    endloop
  endfacet
  facet normal -0.146674 0.989185 0
    outer loop
      vertex 9.13759 -16.9732 0
      vertex 8.4969 -17.0682 1.8
      vertex 9.13759 -16.9732 1.8
    endloop
  endfacet
  facet normal -0.146674 0.989185 0
    outer loop
      vertex 8.4969 -17.0682 1.8
      vertex 9.13759 -16.9732 0
      vertex 8.4969 -17.0682 0
    endloop
  endfacet
  facet normal -0.970024 0.243008 0
    outer loop
      vertex 14.1658 -12.4159 0
      vertex 14.3232 -11.7876 1.8
      vertex 14.3232 -11.7876 0
    endloop
  endfacet
  facet normal -0.970024 0.243008 0
    outer loop
      vertex 14.3232 -11.7876 1.8
      vertex 14.1658 -12.4159 0
      vertex 14.1658 -12.4159 1.8
    endloop
  endfacet
  facet normal 0.998794 -0.0490982 0
    outer loop
      vertex -14.45 10.5 1.8
      vertex -14.4182 11.1469 0
      vertex -14.4182 11.1469 1.8
    endloop
  endfacet
  facet normal 0.998794 -0.0490982 0
    outer loop
      vertex -14.4182 11.1469 0
      vertex -14.45 10.5 1.8
      vertex -14.45 10.5 0
    endloop
  endfacet
  facet normal -0.595693 0.803212 0
    outer loop
      vertex 12.037 -15.6019 0
      vertex 11.5168 -15.9877 1.8
      vertex 12.037 -15.6019 1.8
    endloop
  endfacet
  facet normal -0.595693 0.803212 0
    outer loop
      vertex 11.5168 -15.9877 1.8
      vertex 12.037 -15.6019 0
      vertex 11.5168 -15.9877 0
    endloop
  endfacet
  facet normal -0.427529 0.904002 0
    outer loop
      vertex 10.9612 -16.3207 0
      vertex 10.3757 -16.5976 1.8
      vertex 10.9612 -16.3207 1.8
    endloop
  endfacet
  facet normal -0.427529 0.904002 0
    outer loop
      vertex 10.3757 -16.5976 1.8
      vertex 10.9612 -16.3207 0
      vertex 10.3757 -16.5976 0
    endloop
  endfacet
  facet normal -0.427529 -0.904002 0
    outer loop
      vertex 10.3757 16.5976 0
      vertex 10.9612 16.3207 1.8
      vertex 10.3757 16.5976 1.8
    endloop
  endfacet
  facet normal -0.427529 -0.904002 -0
    outer loop
      vertex 10.9612 16.3207 1.8
      vertex 10.3757 16.5976 0
      vertex 10.9612 16.3207 0
    endloop
  endfacet
  facet normal -0.941539 0.336904 0
    outer loop
      vertex 13.9476 -13.0257 0
      vertex 14.1658 -12.4159 1.8
      vertex 14.1658 -12.4159 0
    endloop
  endfacet
  facet normal -0.941539 0.336904 0
    outer loop
      vertex 14.1658 -12.4159 1.8
      vertex 13.9476 -13.0257 0
      vertex 13.9476 -13.0257 1.8
    endloop
  endfacet
  facet normal -0.998794 0.0490982 0
    outer loop
      vertex 14.4182 -11.1469 0
      vertex 14.45 -10.5 1.8
      vertex 14.45 -10.5 0
    endloop
  endfacet
  facet normal -0.998794 0.0490982 0
    outer loop
      vertex 14.45 -10.5 1.8
      vertex 14.4182 -11.1469 0
      vertex 14.4182 -11.1469 1.8
    endloop
  endfacet
  facet normal 0.243015 -0.970022 0
    outer loop
      vertex -9.76587 16.8158 0
      vertex -9.13759 16.9732 1.8
      vertex -9.76587 16.8158 1.8
    endloop
  endfacet
  facet normal 0.243015 -0.970022 0
    outer loop
      vertex -9.13759 16.9732 1.8
      vertex -9.76587 16.8158 0
      vertex -9.13759 16.9732 0
    endloop
  endfacet
  facet normal 1 -0 0
    outer loop
      vertex -14.45 -10.5 1.8
      vertex -14.45 10.5 0
      vertex -14.45 10.5 1.8
    endloop
  endfacet
  facet normal 1 0 0
    outer loop
      vertex -14.45 10.5 0
      vertex -14.45 -10.5 1.8
      vertex -14.45 -10.5 0
    endloop
  endfacet
  facet normal 0.514087 -0.857738 0
    outer loop
      vertex -11.5168 15.9877 0
      vertex -10.9612 16.3207 1.8
      vertex -11.5168 15.9877 1.8
    endloop
  endfacet
  facet normal 0.514087 -0.857738 0
    outer loop
      vertex -10.9612 16.3207 1.8
      vertex -11.5168 15.9877 0
      vertex -10.9612 16.3207 0
    endloop
  endfacet
  facet normal 0.941539 -0.336904 0
    outer loop
      vertex -14.1658 12.4159 1.8
      vertex -13.9476 13.0257 0
      vertex -13.9476 13.0257 1.8
    endloop
  endfacet
  facet normal 0.941539 -0.336904 0
    outer loop
      vertex -13.9476 13.0257 0
      vertex -14.1658 12.4159 1.8
      vertex -14.1658 12.4159 0
    endloop
  endfacet
  facet normal -0.514087 0.857738 0
    outer loop
      vertex 11.5168 -15.9877 0
      vertex 10.9612 -16.3207 1.8
      vertex 11.5168 -15.9877 1.8
    endloop
  endfacet
  facet normal -0.514087 0.857738 0
    outer loop
      vertex 10.9612 -16.3207 1.8
      vertex 11.5168 -15.9877 0
      vertex 10.9612 -16.3207 0
    endloop
  endfacet
  facet normal -0.941539 -0.336904 0
    outer loop
      vertex 14.1658 12.4159 0
      vertex 13.9476 13.0257 1.8
      vertex 13.9476 13.0257 0
    endloop
  endfacet
  facet normal -0.941539 -0.336904 0
    outer loop
      vertex 13.9476 13.0257 1.8
      vertex 14.1658 12.4159 0
      vertex 14.1658 12.4159 1.8
    endloop
  endfacet
  facet normal -0.243015 -0.970022 0
    outer loop
      vertex 9.13759 16.9732 0
      vertex 9.76587 16.8158 1.8
      vertex 9.13759 16.9732 1.8
    endloop
  endfacet
  facet normal -0.243015 -0.970022 -0
    outer loop
      vertex 9.76587 16.8158 1.8
      vertex 9.13759 16.9732 0
      vertex 9.76587 16.8158 0
    endloop
  endfacet
  facet normal 0.989185 0.146672 0
    outer loop
      vertex -14.3232 -11.7876 1.8
      vertex -14.4182 -11.1469 0
      vertex -14.4182 -11.1469 1.8
    endloop
  endfacet
  facet normal 0.989185 0.146672 0
    outer loop
      vertex -14.4182 -11.1469 0
      vertex -14.3232 -11.7876 1.8
      vertex -14.3232 -11.7876 0
    endloop
  endfacet
  facet normal 0.970024 -0.243008 0
    outer loop
      vertex -14.3232 11.7876 1.8
      vertex -14.1658 12.4159 0
      vertex -14.1658 12.4159 1.8
    endloop
  endfacet
  facet normal 0.970024 -0.243008 0
    outer loop
      vertex -14.1658 12.4159 0
      vertex -14.3232 11.7876 1.8
      vertex -14.3232 11.7876 0
    endloop
  endfacet
  facet normal -0.671596 0.740917 0
    outer loop
      vertex 12.5169 -15.1669 0
      vertex 12.037 -15.6019 1.8
      vertex 12.5169 -15.1669 1.8
    endloop
  endfacet
  facet normal -0.671596 0.740917 0
    outer loop
      vertex 12.037 -15.6019 1.8
      vertex 12.5169 -15.1669 0
      vertex 12.037 -15.6019 0
    endloop
  endfacet
  facet normal -0.243015 0.970022 0
    outer loop
      vertex 9.76587 -16.8158 0
      vertex 9.13759 -16.9732 1.8
      vertex 9.76587 -16.8158 1.8
    endloop
  endfacet
  facet normal -0.243015 0.970022 0
    outer loop
      vertex 9.13759 -16.9732 1.8
      vertex 9.76587 -16.8158 0
      vertex 9.13759 -16.9732 0
    endloop
  endfacet
  facet normal -0.803212 -0.595693 0
    outer loop
      vertex 13.3377 14.1668 0
      vertex 12.9519 14.687 1.8
      vertex 12.9519 14.687 0
    endloop
  endfacet
  facet normal -0.803212 -0.595693 0
    outer loop
      vertex 12.9519 14.687 1.8
      vertex 13.3377 14.1668 0
      vertex 13.3377 14.1668 1.8
    endloop
  endfacet
  facet normal 0.0490975 0.998794 -0
    outer loop
      vertex -7.84999 -17.1 0
      vertex -8.4969 -17.0682 1.8
      vertex -7.84999 -17.1 1.8
    endloop
  endfacet
  facet normal 0.0490975 0.998794 0
    outer loop
      vertex -8.4969 -17.0682 1.8
      vertex -7.84999 -17.1 0
      vertex -8.4969 -17.0682 0
    endloop
  endfacet
  facet normal -0.989185 -0.146672 0
    outer loop
      vertex 14.4182 11.1469 0
      vertex 14.3232 11.7876 1.8
      vertex 14.3232 11.7876 0
    endloop
  endfacet
  facet normal -0.989185 -0.146672 0
    outer loop
      vertex 14.3232 11.7876 1.8
      vertex 14.4182 11.1469 0
      vertex 14.4182 11.1469 1.8
    endloop
  endfacet
  facet normal -0.595693 -0.803212 0
    outer loop
      vertex 11.5168 15.9877 0
      vertex 12.037 15.6019 1.8
      vertex 11.5168 15.9877 1.8
    endloop
  endfacet
  facet normal -0.595693 -0.803212 -0
    outer loop
      vertex 12.037 15.6019 1.8
      vertex 11.5168 15.9877 0
      vertex 12.037 15.6019 0
    endloop
  endfacet
  facet normal 0.998794 0.0490982 0
    outer loop
      vertex -14.4182 -11.1469 1.8
      vertex -14.45 -10.5 0
      vertex -14.45 -10.5 1.8
    endloop
  endfacet
  facet normal 0.998794 0.0490982 0
    outer loop
      vertex -14.45 -10.5 0
      vertex -14.4182 -11.1469 1.8
      vertex -14.4182 -11.1469 0
    endloop
  endfacet
  facet normal 0.904002 -0.427529 0
    outer loop
      vertex -13.9476 13.0257 1.8
      vertex -13.6707 13.6112 0
      vertex -13.6707 13.6112 1.8
    endloop
  endfacet
  facet normal 0.904002 -0.427529 0
    outer loop
      vertex -13.6707 13.6112 0
      vertex -13.9476 13.0257 1.8
      vertex -13.9476 13.0257 0
    endloop
  endfacet
  facet normal -0.989185 0.146672 0
    outer loop
      vertex 14.3232 -11.7876 0
      vertex 14.4182 -11.1469 1.8
      vertex 14.4182 -11.1469 0
    endloop
  endfacet
  facet normal -0.989185 0.146672 0
    outer loop
      vertex 14.4182 -11.1469 1.8
      vertex 14.3232 -11.7876 0
      vertex 14.3232 -11.7876 1.8
    endloop
  endfacet
  facet normal -0.998794 -0.0490982 0
    outer loop
      vertex 14.45 10.5 0
      vertex 14.4182 11.1469 1.8
      vertex 14.4182 11.1469 0
    endloop
  endfacet
  facet normal -0.998794 -0.0490982 0
    outer loop
      vertex 14.4182 11.1469 1.8
      vertex 14.45 10.5 0
      vertex 14.45 10.5 1.8
    endloop
  endfacet
  facet normal -0.970024 -0.243008 0
    outer loop
      vertex 14.3232 11.7876 0
      vertex 14.1658 12.4159 1.8
      vertex 14.1658 12.4159 0
    endloop
  endfacet
  facet normal -0.970024 -0.243008 0
    outer loop
      vertex 14.1658 12.4159 1.8
      vertex 14.3232 11.7876 0
      vertex 14.3232 11.7876 1.8
    endloop
  endfacet
  facet normal 0.514087 0.857738 -0
    outer loop
      vertex -10.9612 -16.3207 0
      vertex -11.5168 -15.9877 1.8
      vertex -10.9612 -16.3207 1.8
    endloop
  endfacet
  facet normal 0.514087 0.857738 0
    outer loop
      vertex -11.5168 -15.9877 1.8
      vertex -10.9612 -16.3207 0
      vertex -11.5168 -15.9877 0
    endloop
  endfacet
  facet normal 0.857738 -0.514087 0
    outer loop
      vertex -13.6707 13.6112 1.8
      vertex -13.3377 14.1668 0
      vertex -13.3377 14.1668 1.8
    endloop
  endfacet
  facet normal 0.857738 -0.514087 0
    outer loop
      vertex -13.3377 14.1668 0
      vertex -13.6707 13.6112 1.8
      vertex -13.6707 13.6112 0
    endloop
  endfacet
  facet normal -0.803212 0.595693 0
    outer loop
      vertex 12.9519 -14.687 0
      vertex 13.3377 -14.1668 1.8
      vertex 13.3377 -14.1668 0
    endloop
  endfacet
  facet normal -0.803212 0.595693 0
    outer loop
      vertex 13.3377 -14.1668 1.8
      vertex 12.9519 -14.687 0
      vertex 12.9519 -14.687 1.8
    endloop
  endfacet
  facet normal -0.146674 -0.989185 0
    outer loop
      vertex 8.4969 17.0682 0
      vertex 9.13759 16.9732 1.8
      vertex 8.4969 17.0682 1.8
    endloop
  endfacet
  facet normal -0.146674 -0.989185 -0
    outer loop
      vertex 9.13759 16.9732 1.8
      vertex 8.4969 17.0682 0
      vertex 9.13759 16.9732 0
    endloop
  endfacet
  facet normal -0.514087 -0.857738 0
    outer loop
      vertex 10.9612 16.3207 0
      vertex 11.5168 15.9877 1.8
      vertex 10.9612 16.3207 1.8
    endloop
  endfacet
  facet normal -0.514087 -0.857738 -0
    outer loop
      vertex 11.5168 15.9877 1.8
      vertex 10.9612 16.3207 0
      vertex 11.5168 15.9877 0
    endloop
  endfacet
  facet normal 0.0490975 -0.998794 0
    outer loop
      vertex -8.4969 17.0682 0
      vertex -7.84999 17.1 1.8
      vertex -8.4969 17.0682 1.8
    endloop
  endfacet
  facet normal 0.0490975 -0.998794 0
    outer loop
      vertex -7.84999 17.1 1.8
      vertex -8.4969 17.0682 0
      vertex -7.84999 17.1 0
    endloop
  endfacet
  facet normal -0.740917 0.671596 0
    outer loop
      vertex 12.5169 -15.1669 0
      vertex 12.9519 -14.687 1.8
      vertex 12.9519 -14.687 0
    endloop
  endfacet
  facet normal -0.740917 0.671596 0
    outer loop
      vertex 12.9519 -14.687 1.8
      vertex 12.5169 -15.1669 0
      vertex 12.5169 -15.1669 1.8
    endloop
  endfacet
  facet normal -0.671596 -0.740917 0
    outer loop
      vertex 12.037 15.6019 0
      vertex 12.5169 15.1669 1.8
      vertex 12.037 15.6019 1.8
    endloop
  endfacet
  facet normal -0.671596 -0.740917 -0
    outer loop
      vertex 12.5169 15.1669 1.8
      vertex 12.037 15.6019 0
      vertex 12.5169 15.1669 0
    endloop
  endfacet
  facet normal -0.857738 0.514087 0
    outer loop
      vertex 13.3377 -14.1668 0
      vertex 13.6707 -13.6112 1.8
      vertex 13.6707 -13.6112 0
    endloop
  endfacet
  facet normal -0.857738 0.514087 0
    outer loop
      vertex 13.6707 -13.6112 1.8
      vertex 13.3377 -14.1668 0
      vertex 13.3377 -14.1668 1.8
    endloop
  endfacet
  facet normal -0.0490975 0.998794 0
    outer loop
      vertex 8.4969 -17.0682 0
      vertex 7.84999 -17.1 1.8
      vertex 8.4969 -17.0682 1.8
    endloop
  endfacet
  facet normal -0.0490975 0.998794 0
    outer loop
      vertex 7.84999 -17.1 1.8
      vertex 8.4969 -17.0682 0
      vertex 7.84999 -17.1 0
    endloop
  endfacet
  facet normal -1 0 0
    outer loop
      vertex 14.45 -10.5 0
      vertex 14.45 10.5 1.8
      vertex 14.45 10.5 0
    endloop
  endfacet
  facet normal -1 -0 0
    outer loop
      vertex 14.45 10.5 1.8
      vertex 14.45 -10.5 0
      vertex 14.45 -10.5 1.8
    endloop
  endfacet
  facet normal 0.595693 0.803212 -0
    outer loop
      vertex -11.5168 -15.9877 0
      vertex -12.037 -15.6019 1.8
      vertex -11.5168 -15.9877 1.8
    endloop
  endfacet
  facet normal 0.595693 0.803212 0
    outer loop
      vertex -12.037 -15.6019 1.8
      vertex -11.5168 -15.9877 0
      vertex -12.037 -15.6019 0
    endloop
  endfacet
  facet normal 0.146674 -0.989185 0
    outer loop
      vertex -9.13759 16.9732 0
      vertex -8.4969 17.0682 1.8
      vertex -9.13759 16.9732 1.8
    endloop
  endfacet
  facet normal 0.146674 -0.989185 0
    outer loop
      vertex -8.4969 17.0682 1.8
      vertex -9.13759 16.9732 0
      vertex -8.4969 17.0682 0
    endloop
  endfacet
  facet normal 0 -1 0
    outer loop
      vertex -7.84999 17.1 0
      vertex 7.84999 17.1 1.8
      vertex -7.84999 17.1 1.8
    endloop
  endfacet
  facet normal 0 -1 -0
    outer loop
      vertex 7.84999 17.1 1.8
      vertex -7.84999 17.1 0
      vertex 7.84999 17.1 0
    endloop
  endfacet
  facet normal 0.336889 -0.941544 0
    outer loop
      vertex -10.3757 16.5976 0
      vertex -9.76587 16.8158 1.8
      vertex -10.3757 16.5976 1.8
    endloop
  endfacet
  facet normal 0.336889 -0.941544 0
    outer loop
      vertex -9.76587 16.8158 1.8
      vertex -10.3757 16.5976 0
      vertex -9.76587 16.8158 0
    endloop
  endfacet
  facet normal 0.427529 -0.904002 0
    outer loop
      vertex -10.9612 16.3207 0
      vertex -10.3757 16.5976 1.8
      vertex -10.9612 16.3207 1.8
    endloop
  endfacet
  facet normal 0.427529 -0.904002 0
    outer loop
      vertex -10.3757 16.5976 1.8
      vertex -10.9612 16.3207 0
      vertex -10.3757 16.5976 0
    endloop
  endfacet
  facet normal 0.671596 0.740917 -0
    outer loop
      vertex -12.037 -15.6019 0
      vertex -12.5169 -15.1669 1.8
      vertex -12.037 -15.6019 1.8
    endloop
  endfacet
  facet normal 0.671596 0.740917 0
    outer loop
      vertex -12.5169 -15.1669 1.8
      vertex -12.037 -15.6019 0
      vertex -12.5169 -15.1669 0
    endloop
  endfacet
  facet normal 0.941539 0.336904 0
    outer loop
      vertex -13.9476 -13.0257 1.8
      vertex -14.1658 -12.4159 0
      vertex -14.1658 -12.4159 1.8
    endloop
  endfacet
  facet normal 0.941539 0.336904 0
    outer loop
      vertex -14.1658 -12.4159 0
      vertex -13.9476 -13.0257 1.8
      vertex -13.9476 -13.0257 0
    endloop
  endfacet
  facet normal 0.671596 -0.740917 0
    outer loop
      vertex -12.5169 15.1669 0
      vertex -12.037 15.6019 1.8
      vertex -12.5169 15.1669 1.8
    endloop
  endfacet
  facet normal 0.671596 -0.740917 0
    outer loop
      vertex -12.037 15.6019 1.8
      vertex -12.5169 15.1669 0
      vertex -12.037 15.6019 0
    endloop
  endfacet
  facet normal 0.740917 -0.671596 0
    outer loop
      vertex -12.9519 14.687 1.8
      vertex -12.5169 15.1669 0
      vertex -12.5169 15.1669 1.8
    endloop
  endfacet
  facet normal 0.740917 -0.671596 0
    outer loop
      vertex -12.5169 15.1669 0
      vertex -12.9519 14.687 1.8
      vertex -12.9519 14.687 0
    endloop
  endfacet
  facet normal -0.0490975 -0.998794 0
    outer loop
      vertex 7.84999 17.1 0
      vertex 8.4969 17.0682 1.8
      vertex 7.84999 17.1 1.8
    endloop
  endfacet
  facet normal -0.0490975 -0.998794 -0
    outer loop
      vertex 8.4969 17.0682 1.8
      vertex 7.84999 17.1 0
      vertex 8.4969 17.0682 0
    endloop
  endfacet
  facet normal -0.740917 -0.671596 0
    outer loop
      vertex 12.9519 14.687 0
      vertex 12.5169 15.1669 1.8
      vertex 12.5169 15.1669 0
    endloop
  endfacet
  facet normal -0.740917 -0.671596 0
    outer loop
      vertex 12.5169 15.1669 1.8
      vertex 12.9519 14.687 0
      vertex 12.9519 14.687 1.8
    endloop
  endfacet
  facet normal -0.336889 -0.941544 0
    outer loop
      vertex 9.76587 16.8158 0
      vertex 10.3757 16.5976 1.8
      vertex 9.76587 16.8158 1.8
    endloop
  endfacet
  facet normal -0.336889 -0.941544 -0
    outer loop
      vertex 10.3757 16.5976 1.8
      vertex 9.76587 16.8158 0
      vertex 10.3757 16.5976 0
    endloop
  endfacet
  facet normal 0.803212 0.595693 0
    outer loop
      vertex -12.9519 -14.687 1.8
      vertex -13.3377 -14.1668 0
      vertex -13.3377 -14.1668 1.8
    endloop
  endfacet
  facet normal 0.803212 0.595693 0
    outer loop
      vertex -13.3377 -14.1668 0
      vertex -12.9519 -14.687 1.8
      vertex -12.9519 -14.687 0
    endloop
  endfacet
  facet normal 0.243015 0.970022 -0
    outer loop
      vertex -9.13759 -16.9732 0
      vertex -9.76587 -16.8158 1.8
      vertex -9.13759 -16.9732 1.8
    endloop
  endfacet
  facet normal 0.243015 0.970022 0
    outer loop
      vertex -9.76587 -16.8158 1.8
      vertex -9.13759 -16.9732 0
      vertex -9.76587 -16.8158 0
    endloop
  endfacet
  facet normal 0.595693 -0.803212 0
    outer loop
      vertex -12.037 15.6019 0
      vertex -11.5168 15.9877 1.8
      vertex -12.037 15.6019 1.8
    endloop
  endfacet
  facet normal 0.595693 -0.803212 0
    outer loop
      vertex -11.5168 15.9877 1.8
      vertex -12.037 15.6019 0
      vertex -11.5168 15.9877 0
    endloop
  endfacet
  facet normal 0.857738 0.514087 0
    outer loop
      vertex -13.3377 -14.1668 1.8
      vertex -13.6707 -13.6112 0
      vertex -13.6707 -13.6112 1.8
    endloop
  endfacet
  facet normal 0.857738 0.514087 0
    outer loop
      vertex -13.6707 -13.6112 0
      vertex -13.3377 -14.1668 1.8
      vertex -13.3377 -14.1668 0
    endloop
  endfacet
  facet normal -0.904002 -0.427529 0
    outer loop
      vertex 13.9476 13.0257 0
      vertex 13.6707 13.6112 1.8
      vertex 13.6707 13.6112 0
    endloop
  endfacet
  facet normal -0.904002 -0.427529 0
    outer loop
      vertex 13.6707 13.6112 1.8
      vertex 13.9476 13.0257 0
      vertex 13.9476 13.0257 1.8
    endloop
  endfacet
  facet normal 0.803212 -0.595693 0
    outer loop
      vertex -13.3377 14.1668 1.8
      vertex -12.9519 14.687 0
      vertex -12.9519 14.687 1.8
    endloop
  endfacet
  facet normal 0.803212 -0.595693 0
    outer loop
      vertex -12.9519 14.687 0
      vertex -13.3377 14.1668 1.8
      vertex -13.3377 14.1668 0
    endloop
  endfacet
  facet normal -0.904002 0.427529 0
    outer loop
      vertex 13.6707 -13.6112 0
      vertex 13.9476 -13.0257 1.8
      vertex 13.9476 -13.0257 0
    endloop
  endfacet
  facet normal -0.904002 0.427529 0
    outer loop
      vertex 13.9476 -13.0257 1.8
      vertex 13.6707 -13.6112 0
      vertex 13.6707 -13.6112 1.8
    endloop
  endfacet
  facet normal 0.427529 0.904002 -0
    outer loop
      vertex -10.3757 -16.5976 0
      vertex -10.9612 -16.3207 1.8
      vertex -10.3757 -16.5976 1.8
    endloop
  endfacet
  facet normal 0.427529 0.904002 0
    outer loop
      vertex -10.9612 -16.3207 1.8
      vertex -10.3757 -16.5976 0
      vertex -10.9612 -16.3207 0
    endloop
  endfacet
  facet normal -0.336889 0.941544 0
    outer loop
      vertex 10.3757 -16.5976 0
      vertex 9.76587 -16.8158 1.8
      vertex 10.3757 -16.5976 1.8
    endloop
  endfacet
  facet normal -0.336889 0.941544 0
    outer loop
      vertex 9.76587 -16.8158 1.8
      vertex 10.3757 -16.5976 0
      vertex 9.76587 -16.8158 0
    endloop
  endfacet
  facet normal 0.146674 0.989185 -0
    outer loop
      vertex -8.4969 -17.0682 0
      vertex -9.13759 -16.9732 1.8
      vertex -8.4969 -17.0682 1.8
    endloop
  endfacet
  facet normal 0.146674 0.989185 0
    outer loop
      vertex -9.13759 -16.9732 1.8
      vertex -8.4969 -17.0682 0
      vertex -9.13759 -16.9732 0
    endloop
  endfacet
  facet normal -0.857738 -0.514087 0
    outer loop
      vertex 13.6707 13.6112 0
      vertex 13.3377 14.1668 1.8
      vertex 13.3377 14.1668 0
    endloop
  endfacet
  facet normal -0.857738 -0.514087 0
    outer loop
      vertex 13.3377 14.1668 1.8
      vertex 13.6707 13.6112 0
      vertex 13.6707 13.6112 1.8
    endloop
  endfacet
  facet normal 0.904002 0.427529 0
    outer loop
      vertex -13.6707 -13.6112 1.8
      vertex -13.9476 -13.0257 0
      vertex -13.9476 -13.0257 1.8
    endloop
  endfacet
  facet normal 0.904002 0.427529 0
    outer loop
      vertex -13.9476 -13.0257 0
      vertex -13.6707 -13.6112 1.8
      vertex -13.6707 -13.6112 0
    endloop
  endfacet
  facet normal 0 1 -0
    outer loop
      vertex 7.84999 -17.1 0
      vertex -7.84999 -17.1 1.8
      vertex 7.84999 -17.1 1.8
    endloop
  endfacet
  facet normal 0 1 0
    outer loop
      vertex -7.84999 -17.1 1.8
      vertex 7.84999 -17.1 0
      vertex -7.84999 -17.1 0
    endloop
  endfacet
  facet normal 0.740917 0.671596 0
    outer loop
      vertex -12.5169 -15.1669 1.8
      vertex -12.9519 -14.687 0
      vertex -12.9519 -14.687 1.8
    endloop
  endfacet
  facet normal 0.740917 0.671596 0
    outer loop
      vertex -12.9519 -14.687 0
      vertex -12.5169 -15.1669 1.8
      vertex -12.5169 -15.1669 0
    endloop
  endfacet
  facet normal 0.336889 0.941544 -0
    outer loop
      vertex -9.76587 -16.8158 0
      vertex -10.3757 -16.5976 1.8
      vertex -9.76587 -16.8158 1.8
    endloop
  endfacet
  facet normal 0.336889 0.941544 0
    outer loop
      vertex -10.3757 -16.5976 1.8
      vertex -9.76587 -16.8158 0
      vertex -10.3757 -16.5976 0
    endloop
  endfacet
  facet normal -0 0.442291 0.896871
    outer loop
      vertex 17.05 0.895241 1.96866
      vertex 19.65 0.25 2.28686
      vertex 19.65 0.895241 1.96866
    endloop
  endfacet
  facet normal 0 0.442291 0.896871
    outer loop
      vertex 19.65 0.25 2.28686
      vertex 17.05 0.895241 1.96866
      vertex 17.05 0.25 2.28686
    endloop
  endfacet
  facet normal 0 -0.321432 0.946933
    outer loop
      vertex 17.05 4.60789 1.8
      vertex 19.65 5.10476 1.96866
      vertex 17.05 5.10476 1.96866
    endloop
  endfacet
  facet normal -6.63445e-08 -0.321431 0.946933
    outer loop
      vertex 19.65 5.10476 1.96866
      vertex 17.05 4.60789 1.8
      vertex 19.65 4.4235 1.73741
    endloop
  endfacet
  facet normal 0 -0.32143 0.946933
    outer loop
      vertex 14.45 4.4235 1.73741
      vertex 17.05 4.60789 1.8
      vertex 14.45 4.60789 1.8
    endloop
  endfacet
  facet normal 0 -0.32143 0.946933
    outer loop
      vertex 17.05 4.60789 1.8
      vertex 14.45 4.4235 1.73741
      vertex 19.65 4.4235 1.73741
    endloop
  endfacet
  facet normal 0 -0.555572 0.831468
    outer loop
      vertex 17.05 6.34819 2.68656
      vertex 19.65 5.75 2.28686
      vertex 19.65 6.34819 2.68656
    endloop
  endfacet
  facet normal 0 -0.555572 0.831468
    outer loop
      vertex 19.65 5.75 2.28686
      vertex 17.05 6.34819 2.68656
      vertex 17.05 5.75 2.28686
    endloop
  endfacet
  facet normal -0 0.065399 0.997859
    outer loop
      vertex 14.45 3 1.55
      vertex 19.65 2.28211 1.59705
      vertex 19.65 3 1.55
    endloop
  endfacet
  facet normal 0 0.065399 0.997859
    outer loop
      vertex 19.65 2.28211 1.59705
      vertex 14.45 3 1.55
      vertex 14.45 2.28211 1.59705
    endloop
  endfacet
  facet normal 0 -0.442292 0.896871
    outer loop
      vertex 17.05 5.75 2.28686
      vertex 19.65 5.10476 1.96866
      vertex 19.65 5.75 2.28686
    endloop
  endfacet
  facet normal 0 -0.442292 0.896871
    outer loop
      vertex 19.65 5.10476 1.96866
      vertex 17.05 5.75 2.28686
      vertex 17.05 5.10476 1.96866
    endloop
  endfacet
  facet normal 0 0.89687 0.442295
    outer loop
      vertex 19.65 -1.76314 4.3
      vertex 17.05 -1.92341 4.62499
      vertex 19.65 -1.92341 4.62499
    endloop
  endfacet
  facet normal 0 0.89687 0.442295
    outer loop
      vertex 17.05 -1.92341 4.62499
      vertex 19.65 -1.76314 4.3
      vertex 17.05 -1.76314 4.3
    endloop
  endfacet
  facet normal 0 -0.065399 0.997859
    outer loop
      vertex 14.45 3.71789 1.59705
      vertex 19.65 3 1.55
      vertex 19.65 3.71789 1.59705
    endloop
  endfacet
  facet normal 0 -0.065399 0.997859
    outer loop
      vertex 19.65 3 1.55
      vertex 14.45 3.71789 1.59705
      vertex 14.45 3 1.55
    endloop
  endfacet
  facet normal 0 -0.195017 -0.9808
    outer loop
      vertex 17.05 3.71789 12.5029
      vertex 19.65 4.4235 12.3626
      vertex 19.65 3.71789 12.5029
    endloop
  endfacet
  facet normal -0 -0.195017 -0.9808
    outer loop
      vertex 19.65 4.4235 12.3626
      vertex 17.05 3.71789 12.5029
      vertex 17.05 4.4235 12.3626
    endloop
  endfacet
  facet normal 0 0.442291 -0.896871
    outer loop
      vertex 17.05 0.25 11.8131
      vertex 19.65 0.895241 12.1313
      vertex 19.65 0.25 11.8131
    endloop
  endfacet
  facet normal 0 0.442291 -0.896871
    outer loop
      vertex 19.65 0.895241 12.1313
      vertex 17.05 0.25 11.8131
      vertex 17.05 0.895241 12.1313
    endloop
  endfacet
  facet normal 0 -0.946933 -0.321431
    outer loop
      vertex 17.05 8.31259 8.4735
      vertex 19.65 8.08134 9.15476
      vertex 17.05 8.08134 9.15476
    endloop
  endfacet
  facet normal 0 -0.946933 -0.321431
    outer loop
      vertex 19.65 8.08134 9.15476
      vertex 17.05 8.31259 8.4735
      vertex 19.65 8.31259 8.4735
    endloop
  endfacet
  facet normal 0 -0.659301 -0.751879
    outer loop
      vertex 17.05 6.34819 11.4134
      vertex 19.65 6.88909 10.9391
      vertex 19.65 6.34819 11.4134
    endloop
  endfacet
  facet normal -0 -0.659301 -0.751879
    outer loop
      vertex 19.65 6.88909 10.9391
      vertex 17.05 6.34819 11.4134
      vertex 17.05 6.88909 10.9391
    endloop
  endfacet
  facet normal -9.98055e-08 0.321432 0.946933
    outer loop
      vertex 19.65 1.5765 1.73741
      vertex 17.05 1.39211 1.8
      vertex 19.65 0.895241 1.96866
    endloop
  endfacet
  facet normal -0 0.32143 0.946933
    outer loop
      vertex 14.45 1.5765 1.73741
      vertex 17.05 1.39211 1.8
      vertex 19.65 1.5765 1.73741
    endloop
  endfacet
  facet normal 0 0.32143 0.946933
    outer loop
      vertex 17.05 1.39211 1.8
      vertex 14.45 1.5765 1.73741
      vertex 14.45 1.39211 1.8
    endloop
  endfacet
  facet normal 0 0.321432 0.946933
    outer loop
      vertex 19.65 0.895241 1.96866
      vertex 17.05 1.39211 1.8
      vertex 17.05 0.895241 1.96866
    endloop
  endfacet
  facet normal 0 -0.946931 0.321435
    outer loop
      vertex 17.05 8.08134 4.94524
      vertex 19.65 8.31259 5.62649
      vertex 17.05 8.31259 5.62649
    endloop
  endfacet
  facet normal 0 -0.946931 0.321435
    outer loop
      vertex 19.65 8.31259 5.62649
      vertex 17.05 8.08134 4.94524
      vertex 19.65 8.08134 4.94524
    endloop
  endfacet
  facet normal 0 -0.751844 0.659341
    outer loop
      vertex 17.05 6.88909 3.16091
      vertex 19.65 7.36344 3.70181
      vertex 17.05 7.36344 3.70181
    endloop
  endfacet
  facet normal 0 -0.751844 0.659341
    outer loop
      vertex 19.65 7.36344 3.70181
      vertex 17.05 6.88909 3.16091
      vertex 19.65 6.88909 3.16091
    endloop
  endfacet
  facet normal 0 -0.321494 -0.946912
    outer loop
      vertex 17.05 4.4235 12.3626
      vertex 19.65 5.10476 12.1313
      vertex 19.65 4.4235 12.3626
    endloop
  endfacet
  facet normal -0 -0.321494 -0.946912
    outer loop
      vertex 19.65 5.10476 12.1313
      vertex 17.05 4.4235 12.3626
      vertex 17.05 5.10476 12.1313
    endloop
  endfacet
  facet normal 0 -0.831468 0.555572
    outer loop
      vertex 17.05 7.36344 3.70181
      vertex 19.65 7.76314 4.3
      vertex 17.05 7.76314 4.3
    endloop
  endfacet
  facet normal 0 -0.831468 0.555572
    outer loop
      vertex 19.65 7.76314 4.3
      vertex 17.05 7.36344 3.70181
      vertex 19.65 7.36344 3.70181
    endloop
  endfacet
  facet normal 0 0.831468 0.555572
    outer loop
      vertex 19.65 -1.36344 3.70181
      vertex 17.05 -1.76314 4.3
      vertex 19.65 -1.76314 4.3
    endloop
  endfacet
  facet normal 0 0.831468 0.555572
    outer loop
      vertex 17.05 -1.76314 4.3
      vertex 19.65 -1.36344 3.70181
      vertex 17.05 -1.36344 3.70181
    endloop
  endfacet
  facet normal -0 0.555574 0.831467
    outer loop
      vertex 17.05 0.25 2.28686
      vertex 19.65 -0.348187 2.68656
      vertex 19.65 0.25 2.28686
    endloop
  endfacet
  facet normal 0 0.555574 0.831467
    outer loop
      vertex 19.65 -0.348187 2.68656
      vertex 17.05 0.25 2.28686
      vertex 17.05 -0.348187 2.68656
    endloop
  endfacet
  facet normal 0 -0.980784 0.195095
    outer loop
      vertex 17.05 8.31259 5.62649
      vertex 19.65 8.45295 6.33211
      vertex 17.05 8.45295 6.33211
    endloop
  endfacet
  facet normal 0 -0.980784 0.195095
    outer loop
      vertex 19.65 8.45295 6.33211
      vertex 17.05 8.31259 5.62649
      vertex 19.65 8.31259 5.62649
    endloop
  endfacet
  facet normal 0 0.0654682 -0.997855
    outer loop
      vertex 17.05 2.28211 12.5029
      vertex 19.65 3 12.55
      vertex 19.65 2.28211 12.5029
    endloop
  endfacet
  facet normal 0 0.0654682 -0.997855
    outer loop
      vertex 19.65 3 12.55
      vertex 17.05 2.28211 12.5029
      vertex 17.05 3 12.55
    endloop
  endfacet
  facet normal -0 0.659341 0.751844
    outer loop
      vertex 17.05 -0.348187 2.68656
      vertex 19.65 -0.889087 3.16091
      vertex 19.65 -0.348187 2.68656
    endloop
  endfacet
  facet normal 0 0.659341 0.751844
    outer loop
      vertex 19.65 -0.889087 3.16091
      vertex 17.05 -0.348187 2.68656
      vertex 17.05 -0.889087 3.16091
    endloop
  endfacet
  facet normal 0 -0.896871 -0.442292
    outer loop
      vertex 17.05 8.08134 9.15476
      vertex 19.65 7.76314 9.8
      vertex 17.05 7.76314 9.8
    endloop
  endfacet
  facet normal 0 -0.896871 -0.442292
    outer loop
      vertex 19.65 7.76314 9.8
      vertex 17.05 8.08134 9.15476
      vertex 19.65 8.08134 9.15476
    endloop
  endfacet
  facet normal 0 0.321494 -0.946912
    outer loop
      vertex 17.05 0.895241 12.1313
      vertex 19.65 1.5765 12.3626
      vertex 19.65 0.895241 12.1313
    endloop
  endfacet
  facet normal 0 0.321494 -0.946912
    outer loop
      vertex 19.65 1.5765 12.3626
      vertex 17.05 0.895241 12.1313
      vertex 17.05 1.5765 12.3626
    endloop
  endfacet
  facet normal 0 -0.997859 -0.065399
    outer loop
      vertex 17.05 8.5 7.05
      vertex 19.65 8.45295 7.76789
      vertex 17.05 8.45295 7.76789
    endloop
  endfacet
  facet normal 0 -0.997859 -0.065399
    outer loop
      vertex 19.65 8.45295 7.76789
      vertex 17.05 8.5 7.05
      vertex 19.65 8.5 7.05
    endloop
  endfacet
  facet normal 0 -0.195098 0.980784
    outer loop
      vertex 14.45 4.4235 1.73741
      vertex 19.65 3.71789 1.59705
      vertex 19.65 4.4235 1.73741
    endloop
  endfacet
  facet normal 0 -0.195098 0.980784
    outer loop
      vertex 19.65 3.71789 1.59705
      vertex 14.45 4.4235 1.73741
      vertex 14.45 3.71789 1.59705
    endloop
  endfacet
  facet normal 0 -0.659341 0.751844
    outer loop
      vertex 17.05 6.88909 3.16091
      vertex 19.65 6.34819 2.68656
      vertex 19.65 6.88909 3.16091
    endloop
  endfacet
  facet normal 0 -0.659341 0.751844
    outer loop
      vertex 19.65 6.34819 2.68656
      vertex 17.05 6.88909 3.16091
      vertex 17.05 6.34819 2.68656
    endloop
  endfacet
  facet normal 0 -0.555572 -0.831468
    outer loop
      vertex 17.05 5.75 11.8131
      vertex 19.65 6.34819 11.4134
      vertex 19.65 5.75 11.8131
    endloop
  endfacet
  facet normal -0 -0.555572 -0.831468
    outer loop
      vertex 19.65 6.34819 11.4134
      vertex 17.05 5.75 11.8131
      vertex 17.05 6.34819 11.4134
    endloop
  endfacet
  facet normal 0 0.195017 -0.9808
    outer loop
      vertex 17.05 1.5765 12.3626
      vertex 19.65 2.28211 12.5029
      vertex 19.65 1.5765 12.3626
    endloop
  endfacet
  facet normal 0 0.195017 -0.9808
    outer loop
      vertex 19.65 2.28211 12.5029
      vertex 17.05 1.5765 12.3626
      vertex 17.05 2.28211 12.5029
    endloop
  endfacet
  facet normal 0 0.555574 -0.831467
    outer loop
      vertex 17.05 -0.348187 11.4134
      vertex 19.65 0.25 11.8131
      vertex 19.65 -0.348187 11.4134
    endloop
  endfacet
  facet normal 0 0.555574 -0.831467
    outer loop
      vertex 19.65 0.25 11.8131
      vertex 17.05 -0.348187 11.4134
      vertex 17.05 0.25 11.8131
    endloop
  endfacet
  facet normal 0 0.751842 0.659343
    outer loop
      vertex 19.65 -0.889087 3.16091
      vertex 17.05 -1.36344 3.70181
      vertex 19.65 -1.36344 3.70181
    endloop
  endfacet
  facet normal 0 0.751842 0.659343
    outer loop
      vertex 17.05 -1.36344 3.70181
      vertex 19.65 -0.889087 3.16091
      vertex 17.05 -0.889087 3.16091
    endloop
  endfacet
  facet normal 0 -0.831472 -0.555566
    outer loop
      vertex 17.05 7.76314 9.8
      vertex 19.65 7.36344 10.3982
      vertex 17.05 7.36344 10.3982
    endloop
  endfacet
  facet normal 0 -0.831472 -0.555566
    outer loop
      vertex 19.65 7.36344 10.3982
      vertex 17.05 7.76314 9.8
      vertex 19.65 7.76314 9.8
    endloop
  endfacet
  facet normal 0 0.896875 -0.442284
    outer loop
      vertex 19.65 -1.92341 9.475
      vertex 17.05 -1.76314 9.8
      vertex 19.65 -1.76314 9.8
    endloop
  endfacet
  facet normal 0 0.896875 -0.442284
    outer loop
      vertex 17.05 -1.76314 9.8
      vertex 19.65 -1.92341 9.475
      vertex 17.05 -1.92341 9.475
    endloop
  endfacet
  facet normal 0 0.751842 -0.659343
    outer loop
      vertex 19.65 -1.36344 10.3982
      vertex 17.05 -0.889087 10.9391
      vertex 19.65 -0.889087 10.9391
    endloop
  endfacet
  facet normal 0 0.751842 -0.659343
    outer loop
      vertex 17.05 -0.889087 10.9391
      vertex 19.65 -1.36344 10.3982
      vertex 17.05 -1.36344 10.3982
    endloop
  endfacet
  facet normal 0 -0.896871 0.442292
    outer loop
      vertex 17.05 7.76314 4.3
      vertex 19.65 8.08134 4.94524
      vertex 17.05 8.08134 4.94524
    endloop
  endfacet
  facet normal 0 -0.896871 0.442292
    outer loop
      vertex 19.65 8.08134 4.94524
      vertex 17.05 7.76314 4.3
      vertex 19.65 7.76314 4.3
    endloop
  endfacet
  facet normal -0 0.195098 0.980784
    outer loop
      vertex 14.45 2.28211 1.59705
      vertex 19.65 1.5765 1.73741
      vertex 19.65 2.28211 1.59705
    endloop
  endfacet
  facet normal 0 0.195098 0.980784
    outer loop
      vertex 19.65 1.5765 1.73741
      vertex 14.45 2.28211 1.59705
      vertex 14.45 1.5765 1.73741
    endloop
  endfacet
  facet normal 0 0.831472 -0.555566
    outer loop
      vertex 19.65 -1.76314 9.8
      vertex 17.05 -1.36344 10.3982
      vertex 19.65 -1.36344 10.3982
    endloop
  endfacet
  facet normal 0 0.831472 -0.555566
    outer loop
      vertex 17.05 -1.36344 10.3982
      vertex 19.65 -1.76314 9.8
      vertex 17.05 -1.76314 9.8
    endloop
  endfacet
  facet normal 0 -0.980784 -0.195098
    outer loop
      vertex 17.05 8.45295 7.76789
      vertex 19.65 8.31259 8.4735
      vertex 17.05 8.31259 8.4735
    endloop
  endfacet
  facet normal 0 -0.980784 -0.195098
    outer loop
      vertex 19.65 8.31259 8.4735
      vertex 17.05 8.45295 7.76789
      vertex 19.65 8.45295 7.76789
    endloop
  endfacet
  facet normal 0 0.659301 -0.751879
    outer loop
      vertex 17.05 -0.889087 10.9391
      vertex 19.65 -0.348187 11.4134
      vertex 19.65 -0.889087 10.9391
    endloop
  endfacet
  facet normal 0 0.659301 -0.751879
    outer loop
      vertex 19.65 -0.348187 11.4134
      vertex 17.05 -0.889087 10.9391
      vertex 17.05 -0.348187 11.4134
    endloop
  endfacet
  facet normal 1 0 0
    outer loop
      vertex 14.45 4.60789 1.8
      vertex 14.45 3.71789 1.59705
      vertex 14.45 4.4235 1.73741
    endloop
  endfacet
  facet normal 1 0 0
    outer loop
      vertex 14.45 4.60789 1.8
      vertex 14.45 3 1.55
      vertex 14.45 3.71789 1.59705
    endloop
  endfacet
  facet normal 1 0 0
    outer loop
      vertex 14.45 4.60789 1.8
      vertex 14.45 2.28211 1.59705
      vertex 14.45 3 1.55
    endloop
  endfacet
  facet normal 1 -0 0
    outer loop
      vertex 14.45 1.39211 1.8
      vertex 14.45 2.28211 1.59705
      vertex 14.45 4.60789 1.8
    endloop
  endfacet
  facet normal 1 0 0
    outer loop
      vertex 14.45 2.28211 1.59705
      vertex 14.45 1.39211 1.8
      vertex 14.45 1.5765 1.73741
    endloop
  endfacet
  facet normal 0 -0.997859 0.065399
    outer loop
      vertex 17.05 8.45295 6.33211
      vertex 19.65 8.5 7.05
      vertex 17.05 8.5 7.05
    endloop
  endfacet
  facet normal 0 -0.997859 0.065399
    outer loop
      vertex 19.65 8.5 7.05
      vertex 17.05 8.45295 6.33211
      vertex 19.65 8.45295 6.33211
    endloop
  endfacet
  facet normal 0 -0.0654682 -0.997855
    outer loop
      vertex 17.05 3 12.55
      vertex 19.65 3.71789 12.5029
      vertex 19.65 3 12.55
    endloop
  endfacet
  facet normal -0 -0.0654682 -0.997855
    outer loop
      vertex 19.65 3.71789 12.5029
      vertex 17.05 3 12.55
      vertex 17.05 3.71789 12.5029
    endloop
  endfacet
  facet normal 0 -0.751844 -0.659341
    outer loop
      vertex 17.05 7.36344 10.3982
      vertex 19.65 6.88909 10.9391
      vertex 17.05 6.88909 10.9391
    endloop
  endfacet
  facet normal 0 -0.751844 -0.659341
    outer loop
      vertex 19.65 6.88909 10.9391
      vertex 17.05 7.36344 10.3982
      vertex 19.65 7.36344 10.3982
    endloop
  endfacet
  facet normal 0 -0.442292 -0.896871
    outer loop
      vertex 17.05 5.10476 12.1313
      vertex 19.65 5.75 11.8131
      vertex 19.65 5.10476 12.1313
    endloop
  endfacet
  facet normal -0 -0.442292 -0.896871
    outer loop
      vertex 19.65 5.75 11.8131
      vertex 17.05 5.10476 12.1313
      vertex 17.05 5.75 11.8131
    endloop
  endfacet
  facet normal -0 0.290267 0.956946
    outer loop
      vertex 16.9188 -11.9877 4.59804
      vertex 19.65 -12.4567 4.7403
      vertex 19.65 -11.9877 4.59804
    endloop
  endfacet
  facet normal 4.44349e-06 0.29029 0.956939
    outer loop
      vertex 16.8732 -12.2948 4.6912
      vertex 19.65 -12.4567 4.7403
      vertex 16.9188 -11.9877 4.59804
    endloop
  endfacet
  facet normal 0 0.290221 0.95696
    outer loop
      vertex 19.65 -12.4567 4.7403
      vertex 16.8732 -12.2948 4.6912
      vertex 16.8327 -12.4567 4.7403
    endloop
  endfacet
  facet normal 0 0.881939 -0.471363
    outer loop
      vertex 19.65 -13.8097 8.00671
      vertex 16.5078 -13.5787 8.43892
      vertex 19.65 -13.5787 8.43892
    endloop
  endfacet
  facet normal 0 0.881939 -0.471363
    outer loop
      vertex 16.5078 -13.5787 8.43892
      vertex 19.65 -13.8097 8.00671
      vertex 16.4252 -13.8097 8.00671
    endloop
  endfacet
  facet normal -0 0.995192 0.0979419
    outer loop
      vertex 16.3743 -13.952 6.56227
      vertex 19.65 -14 7.05
      vertex 19.65 -13.952 6.56227
    endloop
  endfacet
  facet normal 0 0.995192 0.0979419
    outer loop
      vertex 19.65 -14 7.05
      vertex 16.3743 -13.952 6.56227
      vertex 16.3571 -14 7.05
    endloop
  endfacet
  facet normal -0 0.773016 0.634386
    outer loop
      vertex 16.6191 -13.2678 5.28223
      vertex 19.65 -13.5787 5.66107
      vertex 19.65 -13.2678 5.28223
    endloop
  endfacet
  facet normal 0 0.773016 0.634386
    outer loop
      vertex 19.65 -13.5787 5.66107
      vertex 16.6191 -13.2678 5.28223
      vertex 16.5078 -13.5787 5.66107
    endloop
  endfacet
  facet normal 0 0.956921 -0.290347
    outer loop
      vertex 19.65 -13.952 7.53772
      vertex 16.4252 -13.8097 8.00671
      vertex 19.65 -13.8097 8.00671
    endloop
  endfacet
  facet normal 0 0.956921 -0.290347
    outer loop
      vertex 16.4252 -13.8097 8.00671
      vertex 19.65 -13.952 7.53772
      vertex 16.3743 -13.952 7.53772
    endloop
  endfacet
  facet normal 0 0.773025 -0.634376
    outer loop
      vertex 19.65 -13.5787 8.43892
      vertex 16.6191 -13.2678 8.81777
      vertex 19.65 -13.2678 8.81777
    endloop
  endfacet
  facet normal 0 0.773025 -0.634376
    outer loop
      vertex 16.6191 -13.2678 8.81777
      vertex 19.65 -13.5787 8.43892
      vertex 16.5078 -13.5787 8.43892
    endloop
  endfacet
  facet normal 0 -0.0980228 -0.995184
    outer loop
      vertex 17.05 -2.5 9.55
      vertex 19.65 -2.01227 9.50196
      vertex 19.65 -2.5 9.55
    endloop
  endfacet
  facet normal -0 -0.0980228 -0.995184
    outer loop
      vertex 19.65 -2.01227 9.50196
      vertex 17.05 -2.5 9.55
      vertex 17.05 -2.01227 9.50196
    endloop
  endfacet
  facet normal 0 0.0980287 -0.995184
    outer loop
      vertex 19.65 -11.9877 9.50196
      vertex 16.9911 -11.5 9.55
      vertex 19.65 -11.5 9.55
    endloop
  endfacet
  facet normal 0 0.0980287 -0.995184
    outer loop
      vertex 16.9911 -11.5 9.55
      vertex 19.65 -11.9877 9.50196
      vertex 16.9188 -11.9877 9.50196
    endloop
  endfacet
  facet normal -0 0.634326 0.773066
    outer loop
      vertex 16.7244 -12.8889 4.97133
      vertex 19.65 -13.2678 5.28223
      vertex 19.65 -12.8889 4.97133
    endloop
  endfacet
  facet normal 8.88782e-06 0.634367 0.773032
    outer loop
      vertex 16.6538 -13.1706 5.2025
      vertex 19.65 -13.2678 5.28223
      vertex 16.7244 -12.8889 4.97133
    endloop
  endfacet
  facet normal 0 0.634203 0.773166
    outer loop
      vertex 19.65 -13.2678 5.28223
      vertex 16.6538 -13.1706 5.2025
      vertex 16.6191 -13.2678 5.28223
    endloop
  endfacet
  facet normal 0 0.995192 -0.0979439
    outer loop
      vertex 19.65 -14 7.05
      vertex 16.3743 -13.952 7.53772
      vertex 19.65 -13.952 7.53772
    endloop
  endfacet
  facet normal 0 0.995192 -0.0979439
    outer loop
      vertex 16.3743 -13.952 7.53772
      vertex 19.65 -14 7.05
      vertex 16.3571 -14 7.05
    endloop
  endfacet
  facet normal -0 0.95692 0.290353
    outer loop
      vertex 16.4252 -13.8097 6.09329
      vertex 19.65 -13.952 6.56227
      vertex 19.65 -13.8097 6.09329
    endloop
  endfacet
  facet normal 0 0.95692 0.290353
    outer loop
      vertex 19.65 -13.952 6.56227
      vertex 16.4252 -13.8097 6.09329
      vertex 16.3743 -13.952 6.56227
    endloop
  endfacet
  facet normal 0 -0.290232 0.956956
    outer loop
      vertex 17.05 -1.92341 4.62499
      vertex 19.65 -2.01227 4.59804
      vertex 19.65 -1.92341 4.62499
    endloop
  endfacet
  facet normal 0 -0.290232 0.956956
    outer loop
      vertex 19.65 -2.01227 4.59804
      vertex 17.05 -1.92341 4.62499
      vertex 17.05 -2.01227 4.59804
    endloop
  endfacet
  facet normal 0 0 1
    outer loop
      vertex 17.05 -10.5 4.55
      vertex 19.65 -2.5 4.55
      vertex 17.05 -2.5 4.55
    endloop
  endfacet
  facet normal 0 0 1
    outer loop
      vertex 19.65 -2.5 4.55
      vertex 17.05 -10.5 4.55
      vertex 19.65 -11.5 4.55
    endloop
  endfacet
  facet normal -0 0 1
    outer loop
      vertex 17.0057 -11.4017 4.55
      vertex 19.65 -11.5 4.55
      vertex 17.05 -10.5 4.55
    endloop
  endfacet
  facet normal 0 0 1
    outer loop
      vertex 19.65 -11.5 4.55
      vertex 17.0057 -11.4017 4.55
      vertex 16.9911 -11.5 4.55
    endloop
  endfacet
  facet normal 0 0 -1
    outer loop
      vertex 19.65 -11.5 9.55
      vertex 17.05 -10.5 9.55
      vertex 19.65 -2.5 9.55
    endloop
  endfacet
  facet normal 0 0 -1
    outer loop
      vertex 19.65 -11.5 9.55
      vertex 17.0057 -11.4017 9.55
      vertex 17.05 -10.5 9.55
    endloop
  endfacet
  facet normal 0 -0 -1
    outer loop
      vertex 17.0057 -11.4017 9.55
      vertex 19.65 -11.5 9.55
      vertex 16.9911 -11.5 9.55
    endloop
  endfacet
  facet normal -0 0 -1
    outer loop
      vertex 19.65 -2.5 9.55
      vertex 17.05 -10.5 9.55
      vertex 17.05 -2.5 9.55
    endloop
  endfacet
  facet normal 0 -0.0980228 0.995184
    outer loop
      vertex 17.05 -2.01227 4.59804
      vertex 19.65 -2.5 4.55
      vertex 19.65 -2.01227 4.59804
    endloop
  endfacet
  facet normal 0 -0.0980228 0.995184
    outer loop
      vertex 19.65 -2.5 4.55
      vertex 17.05 -2.01227 4.59804
      vertex 17.05 -2.5 4.55
    endloop
  endfacet
  facet normal 0 0.471419 -0.881909
    outer loop
      vertex 19.65 -12.8889 9.12867
      vertex 16.8327 -12.4567 9.3597
      vertex 19.65 -12.4567 9.3597
    endloop
  endfacet
  facet normal 0 0.471419 -0.881909
    outer loop
      vertex 16.8327 -12.4567 9.3597
      vertex 19.65 -12.8889 9.12867
      vertex 16.7244 -12.8889 9.12867
    endloop
  endfacet
  facet normal -0 0.881944 0.471355
    outer loop
      vertex 16.5078 -13.5787 5.66107
      vertex 19.65 -13.8097 6.09329
      vertex 19.65 -13.5787 5.66107
    endloop
  endfacet
  facet normal 0 0.881944 0.471355
    outer loop
      vertex 19.65 -13.8097 6.09329
      vertex 16.5078 -13.5787 5.66107
      vertex 16.4252 -13.8097 6.09329
    endloop
  endfacet
  facet normal 0 0.634326 -0.773066
    outer loop
      vertex 19.65 -13.2678 8.81777
      vertex 16.7244 -12.8889 9.12867
      vertex 19.65 -12.8889 9.12867
    endloop
  endfacet
  facet normal 8.88782e-06 0.634367 -0.773032
    outer loop
      vertex 19.65 -13.2678 8.81777
      vertex 16.6538 -13.1706 8.8975
      vertex 16.7244 -12.8889 9.12867
    endloop
  endfacet
  facet normal 0 0.634203 -0.773166
    outer loop
      vertex 16.6538 -13.1706 8.8975
      vertex 19.65 -13.2678 8.81777
      vertex 16.6191 -13.2678 8.81777
    endloop
  endfacet
  facet normal 0 -0.29033 -0.956927
    outer loop
      vertex 17.05 -2.01227 9.50196
      vertex 19.65 -1.92341 9.475
      vertex 19.65 -2.01227 9.50196
    endloop
  endfacet
  facet normal -0 -0.29033 -0.956927
    outer loop
      vertex 19.65 -1.92341 9.475
      vertex 17.05 -2.01227 9.50196
      vertex 17.05 -1.92341 9.475
    endloop
  endfacet
  facet normal -0 0.0980287 0.995184
    outer loop
      vertex 16.9911 -11.5 4.55
      vertex 19.65 -11.9877 4.59804
      vertex 19.65 -11.5 4.55
    endloop
  endfacet
  facet normal 0 0.0980287 0.995184
    outer loop
      vertex 19.65 -11.9877 4.59804
      vertex 16.9911 -11.5 4.55
      vertex 16.9188 -11.9877 4.59804
    endloop
  endfacet
  facet normal 0 0.290267 -0.956946
    outer loop
      vertex 19.65 -12.4567 9.3597
      vertex 16.9188 -11.9877 9.50196
      vertex 19.65 -11.9877 9.50196
    endloop
  endfacet
  facet normal 4.44349e-06 0.29029 -0.956939
    outer loop
      vertex 19.65 -12.4567 9.3597
      vertex 16.8732 -12.2948 9.4088
      vertex 16.9188 -11.9877 9.50196
    endloop
  endfacet
  facet normal 0 0.290221 -0.95696
    outer loop
      vertex 16.8732 -12.2948 9.4088
      vertex 19.65 -12.4567 9.3597
      vertex 16.8327 -12.4567 9.3597
    endloop
  endfacet
  facet normal -0 0.471419 0.881909
    outer loop
      vertex 16.8327 -12.4567 4.7403
      vertex 19.65 -12.8889 4.97133
      vertex 19.65 -12.4567 4.7403
    endloop
  endfacet
  facet normal 0 0.471419 0.881909
    outer loop
      vertex 19.65 -12.8889 4.97133
      vertex 16.8327 -12.4567 4.7403
      vertex 16.7244 -12.8889 4.97133
    endloop
  endfacet
  facet normal 0.00102146 0.995173 0.0981274
    outer loop
      vertex 17.5865 -35.1972 5.8135
      vertex 17.4884 -35.25 6.35
      vertex 17.5356 -35.2277 6.12335
    endloop
  endfacet
  facet normal 0 0.995192 0.0979425
    outer loop
      vertex 17.4884 -35.25 6.35
      vertex 17.5865 -35.1972 5.8135
      vertex -17.4884 -35.25 6.35
    endloop
  endfacet
  facet normal -0 0.995192 0.0979425
    outer loop
      vertex -17.5865 -35.1972 5.8135
      vertex -17.4884 -35.25 6.35
      vertex 17.5865 -35.1972 5.8135
    endloop
  endfacet
  facet normal -0.00102146 0.995173 0.0981274
    outer loop
      vertex -17.4884 -35.25 6.35
      vertex -17.5865 -35.1972 5.8135
      vertex -17.5356 -35.2277 6.12335
    endloop
  endfacet
  facet normal 0 -0.471431 0.881903
    outer loop
      vertex -19.65 -30.9722 4.06346
      vertex 19.65 -31.4476 3.80933
      vertex 19.65 -30.9722 4.06346
    endloop
  endfacet
  facet normal 0 -0.471431 0.881903
    outer loop
      vertex 19.65 -31.4476 3.80933
      vertex -19.65 -30.9722 4.06346
      vertex -19.65 -31.4476 3.80933
    endloop
  endfacet
  facet normal 0 -0.956935 0.290301
    outer loop
      vertex -19.65 -29.9593 5.29762
      vertex 19.65 -29.8028 5.8135
      vertex -19.65 -29.8028 5.8135
    endloop
  endfacet
  facet normal 0 -0.956935 0.290301
    outer loop
      vertex 19.65 -29.8028 5.8135
      vertex -19.65 -29.9593 5.29762
      vertex 19.65 -29.9593 5.29762
    endloop
  endfacet
  facet normal -0.00109337 0.471886 -0.881659
    outer loop
      vertex 18.9759 -33.9223 8.69296
      vertex 19.1934 -33.5524 8.89067
      vertex 19.1777 -33.5856 8.87292
    endloop
  endfacet
  facet normal 0.00166482 0.470624 -0.882332
    outer loop
      vertex 18.8976 -34.0278 8.63654
      vertex 19.1934 -33.5524 8.89067
      vertex 18.9759 -33.9223 8.69296
    endloop
  endfacet
  facet normal 0 0.471431 -0.881903
    outer loop
      vertex -18.8976 -34.0278 8.63654
      vertex 19.1934 -33.5524 8.89067
      vertex 18.8976 -34.0278 8.63654
    endloop
  endfacet
  facet normal -0.00166482 0.470624 -0.882332
    outer loop
      vertex -19.1934 -33.5524 8.89067
      vertex -18.8976 -34.0278 8.63654
      vertex -18.9759 -33.9223 8.69296
    endloop
  endfacet
  facet normal 0.00109337 0.471886 -0.881659
    outer loop
      vertex -19.1934 -33.5524 8.89067
      vertex -18.9759 -33.9223 8.69296
      vertex -19.1777 -33.5856 8.87292
    endloop
  endfacet
  facet normal 0 0.471431 -0.881903
    outer loop
      vertex -18.8976 -34.0278 8.63654
      vertex -19.1934 -33.5524 8.89067
      vertex 19.1934 -33.5524 8.89067
    endloop
  endfacet
  facet normal 0 -0.773004 0.634401
    outer loop
      vertex -19.65 -30.5555 4.40546
      vertex 19.65 -30.2135 4.82218
      vertex -19.65 -30.2135 4.82218
    endloop
  endfacet
  facet normal 0 -0.773004 0.634401
    outer loop
      vertex 19.65 -30.2135 4.82218
      vertex -19.65 -30.5555 4.40546
      vertex 19.65 -30.5555 4.40546
    endloop
  endfacet
  facet normal 0.00102146 0.995173 -0.0981274
    outer loop
      vertex 17.4884 -35.25 6.35
      vertex 17.5865 -35.1972 6.8865
      vertex 17.5356 -35.2277 6.57665
    endloop
  endfacet
  facet normal 0 0.995192 -0.0979425
    outer loop
      vertex 17.5865 -35.1972 6.8865
      vertex 17.4884 -35.25 6.35
      vertex -17.5865 -35.1972 6.8865
    endloop
  endfacet
  facet normal 0 0.995192 -0.0979425
    outer loop
      vertex -17.4884 -35.25 6.35
      vertex -17.5865 -35.1972 6.8865
      vertex 17.4884 -35.25 6.35
    endloop
  endfacet
  facet normal -0.00102146 0.995173 -0.0981274
    outer loop
      vertex -17.5865 -35.1972 6.8865
      vertex -17.4884 -35.25 6.35
      vertex -17.5356 -35.2277 6.57665
    endloop
  endfacet
  facet normal -0.000574713 -0.0979429 0.995192
    outer loop
      vertex 19.5682 -32.5 3.6
      vertex 19.6307 -32.0921 3.64018
      vertex 19.6371 -31.9635 3.65284
    endloop
  endfacet
  facet normal 0.000285278 -0.0980734 0.995179
    outer loop
      vertex 19.6307 -32.0921 3.64018
      vertex 19.5682 -32.5 3.6
      vertex 19.5731 -32.4803 3.60194
    endloop
  endfacet
  facet normal 0 -0.098016 0.995185
    outer loop
      vertex 19.6371 -31.9635 3.65284
      vertex -19.5682 -32.5 3.6
      vertex 19.5682 -32.5 3.6
    endloop
  endfacet
  facet normal 0 -0.098016 0.995185
    outer loop
      vertex -19.6371 -31.9635 3.65284
      vertex -19.5682 -32.5 3.6
      vertex 19.6371 -31.9635 3.65284
    endloop
  endfacet
  facet normal 0.000574713 -0.0979429 0.995192
    outer loop
      vertex -19.6307 -32.0921 3.64018
      vertex -19.5682 -32.5 3.6
      vertex -19.6371 -31.9635 3.65284
    endloop
  endfacet
  facet normal -0.000285278 -0.0980734 0.995179
    outer loop
      vertex -19.5682 -32.5 3.6
      vertex -19.6307 -32.0921 3.64018
      vertex -19.5731 -32.4803 3.60194
    endloop
  endfacet
  facet normal 0 -0.773004 -0.634401
    outer loop
      vertex -19.65 -30.2135 7.87782
      vertex 19.65 -30.5555 8.29454
      vertex -19.65 -30.5555 8.29454
    endloop
  endfacet
  facet normal 0 -0.773004 -0.634401
    outer loop
      vertex 19.65 -30.5555 8.29454
      vertex -19.65 -30.2135 7.87782
      vertex 19.65 -30.2135 7.87782
    endloop
  endfacet
  facet normal 0.00103688 0.772563 -0.634937
    outer loop
      vertex 18.1936 -34.7865 7.87782
      vertex 18.5544 -34.4445 8.29454
      vertex 18.4784 -34.5284 8.19233
    endloop
  endfacet
  facet normal 0 0.773004 -0.634401
    outer loop
      vertex 18.5544 -34.4445 8.29454
      vertex 18.1936 -34.7865 7.87782
      vertex -18.5544 -34.4445 8.29454
    endloop
  endfacet
  facet normal 0 0.773004 -0.634401
    outer loop
      vertex -18.1936 -34.7865 7.87782
      vertex -18.5544 -34.4445 8.29454
      vertex 18.1936 -34.7865 7.87782
    endloop
  endfacet
  facet normal -0.00103688 0.772563 -0.634937
    outer loop
      vertex -18.5544 -34.4445 8.29454
      vertex -18.1936 -34.7865 7.87782
      vertex -18.4784 -34.5284 8.19233
    endloop
  endfacet
  facet normal 0 0.956935 0.290301
    outer loop
      vertex 17.8476 -35.0407 5.29762
      vertex -17.5865 -35.1972 5.8135
      vertex 17.5865 -35.1972 5.8135
    endloop
  endfacet
  facet normal 0 0.956935 0.290301
    outer loop
      vertex -17.5865 -35.1972 5.8135
      vertex 17.8476 -35.0407 5.29762
      vertex -17.8476 -35.0407 5.29762
    endloop
  endfacet
  facet normal 0 -0.634419 0.772989
    outer loop
      vertex -19.65 -30.5555 4.40546
      vertex 19.65 -30.9722 4.06346
      vertex 19.65 -30.5555 4.40546
    endloop
  endfacet
  facet normal 0 -0.634419 0.772989
    outer loop
      vertex 19.65 -30.9722 4.06346
      vertex -19.65 -30.5555 4.40546
      vertex -19.65 -30.9722 4.06346
    endloop
  endfacet
  facet normal 0.00103688 0.772563 0.634937
    outer loop
      vertex 18.5544 -34.4445 4.40546
      vertex 18.1936 -34.7865 4.82218
      vertex 18.4784 -34.5284 4.50767
    endloop
  endfacet
  facet normal 0 0.773004 0.634401
    outer loop
      vertex 18.1936 -34.7865 4.82218
      vertex 18.5544 -34.4445 4.40546
      vertex -18.1936 -34.7865 4.82218
    endloop
  endfacet
  facet normal -0 0.773004 0.634401
    outer loop
      vertex -18.5544 -34.4445 4.40546
      vertex -18.1936 -34.7865 4.82218
      vertex 18.5544 -34.4445 4.40546
    endloop
  endfacet
  facet normal -0.00103688 0.772563 0.634937
    outer loop
      vertex -18.1936 -34.7865 4.82218
      vertex -18.5544 -34.4445 4.40546
      vertex -18.4784 -34.5284 4.50767
    endloop
  endfacet
  facet normal 0.000285278 -0.0980734 -0.995179
    outer loop
      vertex 19.5682 -32.5 9.1
      vertex 19.6307 -32.0921 9.05982
      vertex 19.5731 -32.4803 9.09806
    endloop
  endfacet
  facet normal -0.000574713 -0.0979429 -0.995192
    outer loop
      vertex 19.6307 -32.0921 9.05982
      vertex 19.5682 -32.5 9.1
      vertex 19.6371 -31.9635 9.04716
    endloop
  endfacet
  facet normal 0 -0.098016 -0.995185
    outer loop
      vertex -19.5682 -32.5 9.1
      vertex 19.6371 -31.9635 9.04716
      vertex 19.5682 -32.5 9.1
    endloop
  endfacet
  facet normal -0.000285278 -0.0980734 -0.995179
    outer loop
      vertex -19.6307 -32.0921 9.05982
      vertex -19.5682 -32.5 9.1
      vertex -19.5731 -32.4803 9.09806
    endloop
  endfacet
  facet normal 0.000574713 -0.0979429 -0.995192
    outer loop
      vertex -19.5682 -32.5 9.1
      vertex -19.6307 -32.0921 9.05982
      vertex -19.6371 -31.9635 9.04716
    endloop
  endfacet
  facet normal 0 -0.098016 -0.995185
    outer loop
      vertex -19.5682 -32.5 9.1
      vertex -19.6371 -31.9635 9.04716
      vertex 19.6371 -31.9635 9.04716
    endloop
  endfacet
  facet normal -0.000405748 0.0981307 -0.995173
    outer loop
      vertex 19.415 -33.0365 9.04716
      vertex 19.5682 -32.5 9.1
      vertex 19.4778 -32.8611 9.06443
    endloop
  endfacet
  facet normal 0 0.098016 -0.995185
    outer loop
      vertex -19.415 -33.0365 9.04716
      vertex 19.5682 -32.5 9.1
      vertex 19.415 -33.0365 9.04716
    endloop
  endfacet
  facet normal 0.000405748 0.0981307 -0.995173
    outer loop
      vertex -19.5682 -32.5 9.1
      vertex -19.415 -33.0365 9.04716
      vertex -19.4778 -32.8611 9.06443
    endloop
  endfacet
  facet normal 0 0.098016 -0.995185
    outer loop
      vertex -19.415 -33.0365 9.04716
      vertex -19.5682 -32.5 9.1
      vertex 19.5682 -32.5 9.1
    endloop
  endfacet
  facet normal -0.000226895 -0.290268 -0.956945
    outer loop
      vertex 19.6371 -31.9635 9.04716
      vertex 19.65 -31.4476 8.89067
      vertex 19.65 -31.7 8.96723
    endloop
  endfacet
  facet normal 0 -0.290274 -0.956944
    outer loop
      vertex -19.6371 -31.9635 9.04716
      vertex 19.65 -31.4476 8.89067
      vertex 19.6371 -31.9635 9.04716
    endloop
  endfacet
  facet normal 0.000226895 -0.290268 -0.956945
    outer loop
      vertex -19.65 -31.4476 8.89067
      vertex -19.6371 -31.9635 9.04716
      vertex -19.65 -31.7 8.96723
    endloop
  endfacet
  facet normal 0 -0.290274 -0.956944
    outer loop
      vertex -19.6371 -31.9635 9.04716
      vertex -19.65 -31.4476 8.89067
      vertex 19.65 -31.4476 8.89067
    endloop
  endfacet
  facet normal 0 -0.995192 0.0979425
    outer loop
      vertex -19.65 -29.8028 5.8135
      vertex 19.65 -29.75 6.35
      vertex -19.65 -29.75 6.35
    endloop
  endfacet
  facet normal 0 -0.995192 0.0979425
    outer loop
      vertex 19.65 -29.75 6.35
      vertex -19.65 -29.8028 5.8135
      vertex 19.65 -29.8028 5.8135
    endloop
  endfacet
  facet normal 0 -0.471431 -0.881903
    outer loop
      vertex -19.65 -31.4476 8.89067
      vertex 19.65 -30.9722 8.63654
      vertex 19.65 -31.4476 8.89067
    endloop
  endfacet
  facet normal -0 -0.471431 -0.881903
    outer loop
      vertex 19.65 -30.9722 8.63654
      vertex -19.65 -31.4476 8.89067
      vertex -19.65 -30.9722 8.63654
    endloop
  endfacet
  facet normal 0.00197055 0.881267 0.472615
    outer loop
      vertex 18.1936 -34.7865 4.82218
      vertex 17.8476 -35.0407 5.29762
      vertex 17.8723 -35.0259 5.26992
    endloop
  endfacet
  facet normal 0 0.881866 0.471501
    outer loop
      vertex 17.8476 -35.0407 5.29762
      vertex 18.1936 -34.7865 4.82218
      vertex -17.8476 -35.0407 5.29762
    endloop
  endfacet
  facet normal -0.00121855 0.88222 0.470836
    outer loop
      vertex 18.1936 -34.7865 4.82218
      vertex 17.8723 -35.0259 5.26992
      vertex 18.1876 -34.792 4.83247
    endloop
  endfacet
  facet normal -0 0.881866 0.471501
    outer loop
      vertex -18.1936 -34.7865 4.82218
      vertex -17.8476 -35.0407 5.29762
      vertex 18.1936 -34.7865 4.82218
    endloop
  endfacet
  facet normal -0.00197055 0.881267 0.472615
    outer loop
      vertex -17.8476 -35.0407 5.29762
      vertex -18.1936 -34.7865 4.82218
      vertex -17.8723 -35.0259 5.26992
    endloop
  endfacet
  facet normal 0.00121855 0.88222 0.470836
    outer loop
      vertex -17.8723 -35.0259 5.26992
      vertex -18.1936 -34.7865 4.82218
      vertex -18.1876 -34.792 4.83247
    endloop
  endfacet
  facet normal -0.000994727 0.882166 -0.470937
    outer loop
      vertex 17.8476 -35.0407 7.40238
      vertex 18.1936 -34.7865 7.87782
      vertex 18.1876 -34.792 7.86753
    endloop
  endfacet
  facet normal 0 0.881866 -0.471501
    outer loop
      vertex 18.1936 -34.7865 7.87782
      vertex 17.8476 -35.0407 7.40238
      vertex -18.1936 -34.7865 7.87782
    endloop
  endfacet
  facet normal 0.00202951 0.881245 -0.472655
    outer loop
      vertex 17.8476 -35.0407 7.40238
      vertex 18.1876 -34.792 7.86753
      vertex 17.8723 -35.0259 7.43008
    endloop
  endfacet
  facet normal 0 0.881866 -0.471501
    outer loop
      vertex -17.8476 -35.0407 7.40238
      vertex -18.1936 -34.7865 7.87782
      vertex 17.8476 -35.0407 7.40238
    endloop
  endfacet
  facet normal 0.000994727 0.882166 -0.470937
    outer loop
      vertex -18.1936 -34.7865 7.87782
      vertex -17.8476 -35.0407 7.40238
      vertex -18.1876 -34.792 7.86753
    endloop
  endfacet
  facet normal -0.00202951 0.881245 -0.472655
    outer loop
      vertex -18.1876 -34.792 7.86753
      vertex -17.8476 -35.0407 7.40238
      vertex -17.8723 -35.0259 7.43008
    endloop
  endfacet
  facet normal -0.000405748 0.0981307 0.995173
    outer loop
      vertex 19.5682 -32.5 3.6
      vertex 19.415 -33.0365 3.65284
      vertex 19.4778 -32.8611 3.63557
    endloop
  endfacet
  facet normal 0 0.098016 0.995185
    outer loop
      vertex 19.5682 -32.5 3.6
      vertex -19.415 -33.0365 3.65284
      vertex 19.415 -33.0365 3.65284
    endloop
  endfacet
  facet normal -0 0.098016 0.995185
    outer loop
      vertex -19.5682 -32.5 3.6
      vertex -19.415 -33.0365 3.65284
      vertex 19.5682 -32.5 3.6
    endloop
  endfacet
  facet normal 0.000405748 0.0981307 0.995173
    outer loop
      vertex -19.415 -33.0365 3.65284
      vertex -19.5682 -32.5 3.6
      vertex -19.4778 -32.8611 3.63557
    endloop
  endfacet
  facet normal 0 0.956935 -0.290301
    outer loop
      vertex 17.5865 -35.1972 6.8865
      vertex -17.8476 -35.0407 7.40238
      vertex 17.8476 -35.0407 7.40238
    endloop
  endfacet
  facet normal 0 0.956935 -0.290301
    outer loop
      vertex -17.8476 -35.0407 7.40238
      vertex 17.5865 -35.1972 6.8865
      vertex -17.5865 -35.1972 6.8865
    endloop
  endfacet
  facet normal -0.000226895 -0.290268 0.956945
    outer loop
      vertex 19.65 -31.4476 3.80933
      vertex 19.6371 -31.9635 3.65284
      vertex 19.65 -31.7 3.73277
    endloop
  endfacet
  facet normal 0 -0.290274 0.956944
    outer loop
      vertex 19.65 -31.4476 3.80933
      vertex -19.6371 -31.9635 3.65284
      vertex 19.6371 -31.9635 3.65284
    endloop
  endfacet
  facet normal 0 -0.290274 0.956944
    outer loop
      vertex -19.65 -31.4476 3.80933
      vertex -19.6371 -31.9635 3.65284
      vertex 19.65 -31.4476 3.80933
    endloop
  endfacet
  facet normal 0.000226895 -0.290268 0.956945
    outer loop
      vertex -19.6371 -31.9635 3.65284
      vertex -19.65 -31.4476 3.80933
      vertex -19.65 -31.7 3.73277
    endloop
  endfacet
  facet normal 0 -0.995192 -0.0979425
    outer loop
      vertex -19.65 -29.75 6.35
      vertex 19.65 -29.8028 6.8865
      vertex -19.65 -29.8028 6.8865
    endloop
  endfacet
  facet normal 0 -0.995192 -0.0979425
    outer loop
      vertex 19.65 -29.8028 6.8865
      vertex -19.65 -29.75 6.35
      vertex 19.65 -29.75 6.35
    endloop
  endfacet
  facet normal 0.00270409 0.633085 0.774078
    outer loop
      vertex 18.8976 -34.0278 4.06346
      vertex 18.5544 -34.4445 4.40546
      vertex 18.742 -34.2376 4.23559
    endloop
  endfacet
  facet normal 0 0.634419 0.772989
    outer loop
      vertex 18.8976 -34.0278 4.06346
      vertex -18.5544 -34.4445 4.40546
      vertex 18.5544 -34.4445 4.40546
    endloop
  endfacet
  facet normal -0 0.634419 0.772989
    outer loop
      vertex -18.8976 -34.0278 4.06346
      vertex -18.5544 -34.4445 4.40546
      vertex 18.8976 -34.0278 4.06346
    endloop
  endfacet
  facet normal -0.00270409 0.633085 0.774078
    outer loop
      vertex -18.5544 -34.4445 4.40546
      vertex -18.8976 -34.0278 4.06346
      vertex -18.742 -34.2376 4.23559
    endloop
  endfacet
  facet normal 0 -0.881866 -0.471501
    outer loop
      vertex -19.65 -29.9593 7.40238
      vertex 19.65 -30.2135 7.87782
      vertex -19.65 -30.2135 7.87782
    endloop
  endfacet
  facet normal 0 -0.881866 -0.471501
    outer loop
      vertex 19.65 -30.2135 7.87782
      vertex -19.65 -29.9593 7.40238
      vertex 19.65 -29.9593 7.40238
    endloop
  endfacet
  facet normal 0 -0.956935 -0.290301
    outer loop
      vertex -19.65 -29.8028 6.8865
      vertex 19.65 -29.9593 7.40238
      vertex -19.65 -29.9593 7.40238
    endloop
  endfacet
  facet normal 0 -0.956935 -0.290301
    outer loop
      vertex 19.65 -29.9593 7.40238
      vertex -19.65 -29.8028 6.8865
      vertex 19.65 -29.8028 6.8865
    endloop
  endfacet
  facet normal -0.00109337 0.471886 0.881659
    outer loop
      vertex 19.1934 -33.5524 3.80933
      vertex 18.9759 -33.9223 4.00704
      vertex 19.1777 -33.5856 3.82708
    endloop
  endfacet
  facet normal 0.00166482 0.470624 0.882332
    outer loop
      vertex 19.1934 -33.5524 3.80933
      vertex 18.8976 -34.0278 4.06346
      vertex 18.9759 -33.9223 4.00704
    endloop
  endfacet
  facet normal 0 0.471431 0.881903
    outer loop
      vertex 19.1934 -33.5524 3.80933
      vertex -18.8976 -34.0278 4.06346
      vertex 18.8976 -34.0278 4.06346
    endloop
  endfacet
  facet normal -0 0.471431 0.881903
    outer loop
      vertex -19.1934 -33.5524 3.80933
      vertex -18.8976 -34.0278 4.06346
      vertex 19.1934 -33.5524 3.80933
    endloop
  endfacet
  facet normal -0.00166482 0.470624 0.882332
    outer loop
      vertex -18.8976 -34.0278 4.06346
      vertex -19.1934 -33.5524 3.80933
      vertex -18.9759 -33.9223 4.00704
    endloop
  endfacet
  facet normal 0.00109337 0.471886 0.881659
    outer loop
      vertex -18.9759 -33.9223 4.00704
      vertex -19.1934 -33.5524 3.80933
      vertex -19.1777 -33.5856 3.82708
    endloop
  endfacet
  facet normal 0 -0.881866 0.471501
    outer loop
      vertex -19.65 -30.2135 4.82218
      vertex 19.65 -29.9593 5.29762
      vertex -19.65 -29.9593 5.29762
    endloop
  endfacet
  facet normal 0 -0.881866 0.471501
    outer loop
      vertex 19.65 -29.9593 5.29762
      vertex -19.65 -30.2135 4.82218
      vertex 19.65 -30.2135 4.82218
    endloop
  endfacet
  facet normal 0 -0.634419 -0.772989
    outer loop
      vertex -19.65 -30.9722 8.63654
      vertex 19.65 -30.5555 8.29454
      vertex 19.65 -30.9722 8.63654
    endloop
  endfacet
  facet normal -0 -0.634419 -0.772989
    outer loop
      vertex 19.65 -30.5555 8.29454
      vertex -19.65 -30.9722 8.63654
      vertex -19.65 -30.5555 8.29454
    endloop
  endfacet
  facet normal -0.000862262 0.290613 -0.95684
    outer loop
      vertex 19.1934 -33.5524 8.89067
      vertex 19.415 -33.0365 9.04716
      vertex 19.3455 -33.2307 8.98824
    endloop
  endfacet
  facet normal 0 0.290274 -0.956944
    outer loop
      vertex -19.1934 -33.5524 8.89067
      vertex 19.415 -33.0365 9.04716
      vertex 19.1934 -33.5524 8.89067
    endloop
  endfacet
  facet normal 0.000862262 0.290613 -0.95684
    outer loop
      vertex -19.415 -33.0365 9.04716
      vertex -19.1934 -33.5524 8.89067
      vertex -19.3455 -33.2307 8.98824
    endloop
  endfacet
  facet normal 0 0.290274 -0.956944
    outer loop
      vertex -19.1934 -33.5524 8.89067
      vertex -19.415 -33.0365 9.04716
      vertex 19.415 -33.0365 9.04716
    endloop
  endfacet
  facet normal -0.000862262 0.290613 0.95684
    outer loop
      vertex 19.415 -33.0365 3.65284
      vertex 19.1934 -33.5524 3.80933
      vertex 19.3455 -33.2307 3.71176
    endloop
  endfacet
  facet normal 0 0.290274 0.956944
    outer loop
      vertex 19.415 -33.0365 3.65284
      vertex -19.1934 -33.5524 3.80933
      vertex 19.1934 -33.5524 3.80933
    endloop
  endfacet
  facet normal -0 0.290274 0.956944
    outer loop
      vertex -19.415 -33.0365 3.65284
      vertex -19.1934 -33.5524 3.80933
      vertex 19.415 -33.0365 3.65284
    endloop
  endfacet
  facet normal 0.000862262 0.290613 0.95684
    outer loop
      vertex -19.1934 -33.5524 3.80933
      vertex -19.415 -33.0365 3.65284
      vertex -19.3455 -33.2307 3.71176
    endloop
  endfacet
  facet normal 0.00270409 0.633085 -0.774078
    outer loop
      vertex 18.5544 -34.4445 8.29454
      vertex 18.8976 -34.0278 8.63654
      vertex 18.742 -34.2376 8.46441
    endloop
  endfacet
  facet normal 0 0.634419 -0.772989
    outer loop
      vertex -18.5544 -34.4445 8.29454
      vertex 18.8976 -34.0278 8.63654
      vertex 18.5544 -34.4445 8.29454
    endloop
  endfacet
  facet normal -0.00270409 0.633085 -0.774078
    outer loop
      vertex -18.8976 -34.0278 8.63654
      vertex -18.5544 -34.4445 8.29454
      vertex -18.742 -34.2376 8.46441
    endloop
  endfacet
  facet normal 0 0.634419 -0.772989
    outer loop
      vertex -18.5544 -34.4445 8.29454
      vertex -18.8976 -34.0278 8.63654
      vertex 18.8976 -34.0278 8.63654
    endloop
  endfacet
endsolid OpenSCAD_Model
