solid OpenSCAD_Model
  facet normal -0.970047 -0.242919 0
    outer loop
      vertex -7.91388 -17.8806 0
      vertex -7.96156 -17.6902 2
      vertex -7.96156 -17.6902 0
    endloop
  endfacet
  facet normal -0.970047 -0.242919 0
    outer loop
      vertex -7.96156 -17.6902 2
      vertex -7.91388 -17.8806 0
      vertex -7.91388 -17.8806 2
    endloop
  endfacet
  facet normal 0.243015 0.970023 -0
    outer loop
      vertex 6.58057 19.2139 0
      vertex 6.39017 19.2616 2
      vertex 6.58057 19.2139 2
    endloop
  endfacet
  facet normal 0.243015 0.970023 0
    outer loop
      vertex 6.39017 19.2616 2
      vertex 6.58057 19.2139 0
      vertex 6.39017 19.2616 0
    endloop
  endfacet
  facet normal 1 -0 0
    outer loop
      vertex 8 -17.3 2
      vertex 8 17.3 0
      vertex 8 17.3 2
    endloop
  endfacet
  facet normal 1 0 0
    outer loop
      vertex 8 17.3 0
      vertex 8 -17.3 2
      vertex 8 -17.3 0
    endloop
  endfacet
  facet normal 0.941532 0.336924 0
    outer loop
      vertex 7.91388 17.8806 2
      vertex 7.84775 18.0654 0
      vertex 7.84775 18.0654 2
    endloop
  endfacet
  facet normal 0.941532 0.336924 0
    outer loop
      vertex 7.84775 18.0654 0
      vertex 7.91388 17.8806 2
      vertex 7.91388 17.8806 0
    endloop
  endfacet
  facet normal 0.803325 0.595541 0
    outer loop
      vertex 7.66293 18.4111 2
      vertex 7.54602 18.5688 0
      vertex 7.54602 18.5688 2
    endloop
  endfacet
  facet normal 0.803325 0.595541 0
    outer loop
      vertex 7.54602 18.5688 0
      vertex 7.66293 18.4111 2
      vertex 7.66293 18.4111 0
    endloop
  endfacet
  facet normal 0.970047 0.242919 0
    outer loop
      vertex 7.96156 17.6902 2
      vertex 7.91388 17.8806 0
      vertex 7.91388 17.8806 2
    endloop
  endfacet
  facet normal 0.970047 0.242919 0
    outer loop
      vertex 7.91388 17.8806 0
      vertex 7.96156 17.6902 2
      vertex 7.96156 17.6902 0
    endloop
  endfacet
  facet normal 0.85765 0.514233 0
    outer loop
      vertex 7.76384 18.2428 2
      vertex 7.66293 18.4111 0
      vertex 7.66293 18.4111 2
    endloop
  endfacet
  facet normal 0.85765 0.514233 0
    outer loop
      vertex 7.66293 18.4111 0
      vertex 7.76384 18.2428 2
      vertex 7.76384 18.2428 0
    endloop
  endfacet
  facet normal -1 0 0
    outer loop
      vertex -8 -17.3 0
      vertex -8 15.0574 2
      vertex -8 15.0574 0
    endloop
  endfacet
  facet normal -1 -0 0
    outer loop
      vertex -8 15.0574 2
      vertex -8 -17.3 0
      vertex -8 -17.3 2
    endloop
  endfacet
  facet normal 0 1 -0
    outer loop
      vertex 6 19.3 0
      vertex -3.75737 19.3 2
      vertex 6 19.3 2
    endloop
  endfacet
  facet normal 0 1 0
    outer loop
      vertex -3.75737 19.3 2
      vertex 6 19.3 0
      vertex -3.75737 19.3 0
    endloop
  endfacet
  facet normal 0.740857 -0.671663 0
    outer loop
      vertex 7.4142 -18.7142 2
      vertex 7.54602 -18.5688 0
      vertex 7.54602 -18.5688 2
    endloop
  endfacet
  facet normal 0.740857 -0.671663 0
    outer loop
      vertex 7.54602 -18.5688 0
      vertex 7.4142 -18.7142 2
      vertex 7.4142 -18.7142 0
    endloop
  endfacet
  facet normal 0.0489135 -0.998803 0
    outer loop
      vertex 6 -19.3 0
      vertex 6.19603 -19.2904 2
      vertex 6 -19.3 2
    endloop
  endfacet
  facet normal 0.0489135 -0.998803 0
    outer loop
      vertex 6.19603 -19.2904 2
      vertex 6 -19.3 0
      vertex 6.19603 -19.2904 0
    endloop
  endfacet
  facet normal -0.989182 -0.146696 0
    outer loop
      vertex -7.96156 -17.6902 0
      vertex -7.99036 -17.496 2
      vertex -7.99036 -17.496 0
    endloop
  endfacet
  facet normal -0.989182 -0.146696 0
    outer loop
      vertex -7.99036 -17.496 2
      vertex -7.96156 -17.6902 0
      vertex -7.96156 -17.6902 2
    endloop
  endfacet
  facet normal 0.671556 0.740954 -0
    outer loop
      vertex 7.4142 18.7142 0
      vertex 7.26878 18.846 2
      vertex 7.4142 18.7142 2
    endloop
  endfacet
  facet normal 0.671556 0.740954 0
    outer loop
      vertex 7.26878 18.846 2
      vertex 7.4142 18.7142 0
      vertex 7.26878 18.846 0
    endloop
  endfacet
  facet normal 0.903977 0.42758 0
    outer loop
      vertex 7.84775 18.0654 2
      vertex 7.76384 18.2428 0
      vertex 7.76384 18.2428 2
    endloop
  endfacet
  facet normal 0.903977 0.42758 0
    outer loop
      vertex 7.76384 18.2428 0
      vertex 7.84775 18.0654 2
      vertex 7.84775 18.0654 0
    endloop
  endfacet
  facet normal 0.989182 -0.146696 0
    outer loop
      vertex 7.96156 -17.6902 2
      vertex 7.99036 -17.496 0
      vertex 7.99036 -17.496 2
    endloop
  endfacet
  facet normal 0.989182 -0.146696 0
    outer loop
      vertex 7.99036 -17.496 0
      vertex 7.96156 -17.6902 2
      vertex 7.96156 -17.6902 0
    endloop
  endfacet
  facet normal 0 -1 0
    outer loop
      vertex -6 -19.3 0
      vertex 6 -19.3 2
      vertex -6 -19.3 2
    endloop
  endfacet
  facet normal 0 -1 -0
    outer loop
      vertex 6 -19.3 2
      vertex -6 -19.3 0
      vertex 6 -19.3 0
    endloop
  endfacet
  facet normal 0.336788 -0.94158 0
    outer loop
      vertex 6.58057 -19.2139 0
      vertex 6.76537 -19.1478 2
      vertex 6.58057 -19.2139 2
    endloop
  endfacet
  facet normal 0.336788 -0.94158 0
    outer loop
      vertex 6.76537 -19.1478 2
      vertex 6.58057 -19.2139 0
      vertex 6.76537 -19.1478 0
    endloop
  endfacet
  facet normal 0.970047 -0.242919 0
    outer loop
      vertex 7.91388 -17.8806 2
      vertex 7.96156 -17.6902 0
      vertex 7.96156 -17.6902 2
    endloop
  endfacet
  facet normal 0.970047 -0.242919 0
    outer loop
      vertex 7.96156 -17.6902 0
      vertex 7.91388 -17.8806 2
      vertex 7.91388 -17.8806 0
    endloop
  endfacet
  facet normal 0.0489135 0.998803 -0
    outer loop
      vertex 6.19603 19.2904 0
      vertex 6 19.3 2
      vertex 6.19603 19.2904 2
    endloop
  endfacet
  facet normal 0.0489135 0.998803 0
    outer loop
      vertex 6 19.3 2
      vertex 6.19603 19.2904 0
      vertex 6 19.3 0
    endloop
  endfacet
  facet normal -0.998793 -0.0491243 0
    outer loop
      vertex -7.99036 -17.496 0
      vertex -8 -17.3 2
      vertex -8 -17.3 0
    endloop
  endfacet
  facet normal -0.998793 -0.0491243 0
    outer loop
      vertex -8 -17.3 2
      vertex -7.99036 -17.496 0
      vertex -7.99036 -17.496 2
    endloop
  endfacet
  facet normal -0.336788 -0.94158 0
    outer loop
      vertex -6.76537 -19.1478 0
      vertex -6.58057 -19.2139 2
      vertex -6.76537 -19.1478 2
    endloop
  endfacet
  facet normal -0.336788 -0.94158 -0
    outer loop
      vertex -6.58057 -19.2139 2
      vertex -6.76537 -19.1478 0
      vertex -6.58057 -19.2139 0
    endloop
  endfacet
  facet normal -0.514084 -0.85774 0
    outer loop
      vertex -7.11113 -18.9629 0
      vertex -6.94278 -19.0638 2
      vertex -7.11113 -18.9629 2
    endloop
  endfacet
  facet normal -0.514084 -0.85774 -0
    outer loop
      vertex -6.94278 -19.0638 2
      vertex -7.11113 -18.9629 0
      vertex -6.94278 -19.0638 0
    endloop
  endfacet
  facet normal 0.336788 0.94158 -0
    outer loop
      vertex 6.76537 19.1478 0
      vertex 6.58057 19.2139 2
      vertex 6.76537 19.1478 2
    endloop
  endfacet
  facet normal 0.336788 0.94158 0
    outer loop
      vertex 6.58057 19.2139 2
      vertex 6.76537 19.1478 0
      vertex 6.58057 19.2139 0
    endloop
  endfacet
  facet normal 0.941532 -0.336924 0
    outer loop
      vertex 7.84775 -18.0654 2
      vertex 7.91388 -17.8806 0
      vertex 7.91388 -17.8806 2
    endloop
  endfacet
  facet normal 0.941532 -0.336924 0
    outer loop
      vertex 7.91388 -17.8806 0
      vertex 7.84775 -18.0654 2
      vertex 7.84775 -18.0654 0
    endloop
  endfacet
  facet normal 0.998793 -0.0491243 0
    outer loop
      vertex 7.99036 -17.496 2
      vertex 8 -17.3 0
      vertex 8 -17.3 2
    endloop
  endfacet
  facet normal 0.998793 -0.0491243 0
    outer loop
      vertex 8 -17.3 0
      vertex 7.99036 -17.496 2
      vertex 7.99036 -17.496 0
    endloop
  endfacet
  facet normal 0.989182 0.146696 0
    outer loop
      vertex 7.99036 17.496 2
      vertex 7.96156 17.6902 0
      vertex 7.96156 17.6902 2
    endloop
  endfacet
  facet normal 0.989182 0.146696 0
    outer loop
      vertex 7.96156 17.6902 0
      vertex 7.99036 17.496 2
      vertex 7.99036 17.496 0
    endloop
  endfacet
  facet normal -0.803325 -0.595541 0
    outer loop
      vertex -7.54602 -18.5688 0
      vertex -7.66293 -18.4111 2
      vertex -7.66293 -18.4111 0
    endloop
  endfacet
  facet normal -0.803325 -0.595541 0
    outer loop
      vertex -7.66293 -18.4111 2
      vertex -7.54602 -18.5688 0
      vertex -7.54602 -18.5688 2
    endloop
  endfacet
  facet normal 0.998793 0.0491243 0
    outer loop
      vertex 8 17.3 2
      vertex 7.99036 17.496 0
      vertex 7.99036 17.496 2
    endloop
  endfacet
  facet normal 0.998793 0.0491243 0
    outer loop
      vertex 7.99036 17.496 0
      vertex 8 17.3 2
      vertex 8 17.3 0
    endloop
  endfacet
  facet normal 0.427935 -0.903809 0
    outer loop
      vertex 6.76537 -19.1478 0
      vertex 6.94278 -19.0638 2
      vertex 6.76537 -19.1478 2
    endloop
  endfacet
  facet normal 0.427935 -0.903809 0
    outer loop
      vertex 6.94278 -19.0638 2
      vertex 6.76537 -19.1478 0
      vertex 6.94278 -19.0638 0
    endloop
  endfacet
  facet normal -0.740857 -0.671663 0
    outer loop
      vertex -7.4142 -18.7142 0
      vertex -7.54602 -18.5688 2
      vertex -7.54602 -18.5688 0
    endloop
  endfacet
  facet normal -0.740857 -0.671663 0
    outer loop
      vertex -7.54602 -18.5688 2
      vertex -7.4142 -18.7142 0
      vertex -7.4142 -18.7142 2
    endloop
  endfacet
  facet normal 0.59563 -0.803259 0
    outer loop
      vertex 7.11113 -18.9629 0
      vertex 7.26878 -18.846 2
      vertex 7.11113 -18.9629 2
    endloop
  endfacet
  facet normal 0.59563 -0.803259 0
    outer loop
      vertex 7.26878 -18.846 2
      vertex 7.11113 -18.9629 0
      vertex 7.26878 -18.846 0
    endloop
  endfacet
  facet normal -0.903977 -0.42758 0
    outer loop
      vertex -7.76384 -18.2428 0
      vertex -7.84775 -18.0654 2
      vertex -7.84775 -18.0654 0
    endloop
  endfacet
  facet normal -0.903977 -0.42758 0
    outer loop
      vertex -7.84775 -18.0654 2
      vertex -7.76384 -18.2428 0
      vertex -7.76384 -18.2428 2
    endloop
  endfacet
  facet normal 0.146741 0.989175 -0
    outer loop
      vertex 6.39017 19.2616 0
      vertex 6.19603 19.2904 2
      vertex 6.39017 19.2616 2
    endloop
  endfacet
  facet normal 0.146741 0.989175 0
    outer loop
      vertex 6.19603 19.2904 2
      vertex 6.39017 19.2616 0
      vertex 6.19603 19.2904 0
    endloop
  endfacet
  facet normal 0.59563 0.803259 -0
    outer loop
      vertex 7.26878 18.846 0
      vertex 7.11113 18.9629 2
      vertex 7.26878 18.846 2
    endloop
  endfacet
  facet normal 0.59563 0.803259 0
    outer loop
      vertex 7.11113 18.9629 2
      vertex 7.26878 18.846 0
      vertex 7.11113 18.9629 0
    endloop
  endfacet
  facet normal 0.427935 0.903809 -0
    outer loop
      vertex 6.94278 19.0638 0
      vertex 6.76537 19.1478 2
      vertex 6.94278 19.0638 2
    endloop
  endfacet
  facet normal 0.427935 0.903809 0
    outer loop
      vertex 6.76537 19.1478 2
      vertex 6.94278 19.0638 0
      vertex 6.76537 19.1478 0
    endloop
  endfacet
  facet normal 0.146741 -0.989175 0
    outer loop
      vertex 6.19603 -19.2904 0
      vertex 6.39017 -19.2616 2
      vertex 6.19603 -19.2904 2
    endloop
  endfacet
  facet normal 0.146741 -0.989175 0
    outer loop
      vertex 6.39017 -19.2616 2
      vertex 6.19603 -19.2904 0
      vertex 6.39017 -19.2616 0
    endloop
  endfacet
  facet normal 0.243015 -0.970023 0
    outer loop
      vertex 6.39017 -19.2616 0
      vertex 6.58057 -19.2139 2
      vertex 6.39017 -19.2616 2
    endloop
  endfacet
  facet normal 0.243015 -0.970023 0
    outer loop
      vertex 6.58057 -19.2139 2
      vertex 6.39017 -19.2616 0
      vertex 6.58057 -19.2139 0
    endloop
  endfacet
  facet normal -0.243015 -0.970023 0
    outer loop
      vertex -6.58057 -19.2139 0
      vertex -6.39017 -19.2616 2
      vertex -6.58057 -19.2139 2
    endloop
  endfacet
  facet normal -0.243015 -0.970023 -0
    outer loop
      vertex -6.39017 -19.2616 2
      vertex -6.58057 -19.2139 0
      vertex -6.39017 -19.2616 0
    endloop
  endfacet
  facet normal 0.514084 0.85774 -0
    outer loop
      vertex 7.11113 18.9629 0
      vertex 6.94278 19.0638 2
      vertex 7.11113 18.9629 2
    endloop
  endfacet
  facet normal 0.514084 0.85774 0
    outer loop
      vertex 6.94278 19.0638 2
      vertex 7.11113 18.9629 0
      vertex 6.94278 19.0638 0
    endloop
  endfacet
  facet normal 0.903977 -0.42758 0
    outer loop
      vertex 7.76384 -18.2428 2
      vertex 7.84775 -18.0654 0
      vertex 7.84775 -18.0654 2
    endloop
  endfacet
  facet normal 0.903977 -0.42758 0
    outer loop
      vertex 7.84775 -18.0654 0
      vertex 7.76384 -18.2428 2
      vertex 7.76384 -18.2428 0
    endloop
  endfacet
  facet normal -0.941532 -0.336924 0
    outer loop
      vertex -7.84775 -18.0654 0
      vertex -7.91388 -17.8806 2
      vertex -7.91388 -17.8806 0
    endloop
  endfacet
  facet normal -0.941532 -0.336924 0
    outer loop
      vertex -7.91388 -17.8806 2
      vertex -7.84775 -18.0654 0
      vertex -7.84775 -18.0654 2
    endloop
  endfacet
  facet normal 0.671556 -0.740954 0
    outer loop
      vertex 7.26878 -18.846 0
      vertex 7.4142 -18.7142 2
      vertex 7.26878 -18.846 2
    endloop
  endfacet
  facet normal 0.671556 -0.740954 0
    outer loop
      vertex 7.4142 -18.7142 2
      vertex 7.26878 -18.846 0
      vertex 7.4142 -18.7142 0
    endloop
  endfacet
  facet normal -0.427935 -0.903809 0
    outer loop
      vertex -6.94278 -19.0638 0
      vertex -6.76537 -19.1478 2
      vertex -6.94278 -19.0638 2
    endloop
  endfacet
  facet normal -0.427935 -0.903809 -0
    outer loop
      vertex -6.76537 -19.1478 2
      vertex -6.94278 -19.0638 0
      vertex -6.76537 -19.1478 0
    endloop
  endfacet
  facet normal 0.514084 -0.85774 0
    outer loop
      vertex 6.94278 -19.0638 0
      vertex 7.11113 -18.9629 2
      vertex 6.94278 -19.0638 2
    endloop
  endfacet
  facet normal 0.514084 -0.85774 0
    outer loop
      vertex 7.11113 -18.9629 2
      vertex 6.94278 -19.0638 0
      vertex 7.11113 -18.9629 0
    endloop
  endfacet
  facet normal 0.740857 0.671663 0
    outer loop
      vertex 7.54602 18.5688 2
      vertex 7.4142 18.7142 0
      vertex 7.4142 18.7142 2
    endloop
  endfacet
  facet normal 0.740857 0.671663 0
    outer loop
      vertex 7.4142 18.7142 0
      vertex 7.54602 18.5688 2
      vertex 7.54602 18.5688 0
    endloop
  endfacet
  facet normal -0.85765 -0.514233 0
    outer loop
      vertex -7.66293 -18.4111 0
      vertex -7.76384 -18.2428 2
      vertex -7.76384 -18.2428 0
    endloop
  endfacet
  facet normal -0.85765 -0.514233 0
    outer loop
      vertex -7.76384 -18.2428 2
      vertex -7.66293 -18.4111 0
      vertex -7.66293 -18.4111 2
    endloop
  endfacet
  facet normal -0.671556 -0.740954 0
    outer loop
      vertex -7.4142 -18.7142 0
      vertex -7.26878 -18.846 2
      vertex -7.4142 -18.7142 2
    endloop
  endfacet
  facet normal -0.671556 -0.740954 -0
    outer loop
      vertex -7.26878 -18.846 2
      vertex -7.4142 -18.7142 0
      vertex -7.26878 -18.846 0
    endloop
  endfacet
  facet normal -0.0489135 -0.998803 0
    outer loop
      vertex -6.19603 -19.2904 0
      vertex -6 -19.3 2
      vertex -6.19603 -19.2904 2
    endloop
  endfacet
  facet normal -0.0489135 -0.998803 -0
    outer loop
      vertex -6 -19.3 2
      vertex -6.19603 -19.2904 0
      vertex -6 -19.3 0
    endloop
  endfacet
  facet normal -0.146741 -0.989175 0
    outer loop
      vertex -6.39017 -19.2616 0
      vertex -6.19603 -19.2904 2
      vertex -6.39017 -19.2616 2
    endloop
  endfacet
  facet normal -0.146741 -0.989175 -0
    outer loop
      vertex -6.19603 -19.2904 2
      vertex -6.39017 -19.2616 0
      vertex -6.19603 -19.2904 0
    endloop
  endfacet
  facet normal -0.59563 -0.803259 0
    outer loop
      vertex -7.26878 -18.846 0
      vertex -7.11113 -18.9629 2
      vertex -7.26878 -18.846 2
    endloop
  endfacet
  facet normal -0.59563 -0.803259 -0
    outer loop
      vertex -7.11113 -18.9629 2
      vertex -7.26878 -18.846 0
      vertex -7.11113 -18.9629 0
    endloop
  endfacet
  facet normal 0.803325 -0.595541 0
    outer loop
      vertex 7.54602 -18.5688 2
      vertex 7.66293 -18.4111 0
      vertex 7.66293 -18.4111 2
    endloop
  endfacet
  facet normal 0.803325 -0.595541 0
    outer loop
      vertex 7.66293 -18.4111 0
      vertex 7.54602 -18.5688 2
      vertex 7.54602 -18.5688 0
    endloop
  endfacet
  facet normal 0.85765 -0.514233 0
    outer loop
      vertex 7.66293 -18.4111 2
      vertex 7.76384 -18.2428 0
      vertex 7.76384 -18.2428 2
    endloop
  endfacet
  facet normal 0.85765 -0.514233 0
    outer loop
      vertex 7.76384 -18.2428 0
      vertex 7.66293 -18.4111 2
      vertex 7.66293 -18.4111 0
    endloop
  endfacet
  facet normal 0 0 -1
    outer loop
      vertex 6 -19.3 0
      vertex 8 -17.3 0
      vertex 7.99036 -17.496 0
    endloop
  endfacet
  facet normal 0 0 -1
    outer loop
      vertex 8 -17.3 0
      vertex 5.70081 6.58347 0
      vertex 8 17.3 0
    endloop
  endfacet
  facet normal 0 0 -1
    outer loop
      vertex 6 -19.3 0
      vertex 7.99036 -17.496 0
      vertex 7.96156 -17.6902 0
    endloop
  endfacet
  facet normal 0 -0 -1
    outer loop
      vertex 5.75 7.334 0
      vertex 8 17.3 0
      vertex 5.70081 6.58347 0
    endloop
  endfacet
  facet normal 0 0 -1
    outer loop
      vertex 6 -19.3 0
      vertex 7.96156 -17.6902 0
      vertex 7.91388 -17.8806 0
    endloop
  endfacet
  facet normal 0 0 -1
    outer loop
      vertex 5.70081 8.08453 0
      vertex 8 17.3 0
      vertex 5.75 7.334 0
    endloop
  endfacet
  facet normal 0 0 -1
    outer loop
      vertex 6 -19.3 0
      vertex 7.91388 -17.8806 0
      vertex 7.84775 -18.0654 0
    endloop
  endfacet
  facet normal 0 0 -1
    outer loop
      vertex 5.55407 8.82221 0
      vertex 8 17.3 0
      vertex 5.70081 8.08453 0
    endloop
  endfacet
  facet normal 0 0 -1
    outer loop
      vertex 6 -19.3 0
      vertex 7.84775 -18.0654 0
      vertex 7.76384 -18.2428 0
    endloop
  endfacet
  facet normal 0 0 -1
    outer loop
      vertex 5.31231 9.53443 0
      vertex 8 17.3 0
      vertex 5.55407 8.82221 0
    endloop
  endfacet
  facet normal 0 0 -1
    outer loop
      vertex 6 -19.3 0
      vertex 7.76384 -18.2428 0
      vertex 7.66293 -18.4111 0
    endloop
  endfacet
  facet normal 0 0 -1
    outer loop
      vertex 4.97965 10.209 0
      vertex 8 17.3 0
      vertex 5.31231 9.53443 0
    endloop
  endfacet
  facet normal 0 0 -1
    outer loop
      vertex 6 -19.3 0
      vertex 7.66293 -18.4111 0
      vertex 7.54602 -18.5688 0
    endloop
  endfacet
  facet normal 0 0 -1
    outer loop
      vertex 4.56178 10.8344 0
      vertex 8 17.3 0
      vertex 4.97965 10.209 0
    endloop
  endfacet
  facet normal 0 0 -1
    outer loop
      vertex 6 -19.3 0
      vertex 7.54602 -18.5688 0
      vertex 7.4142 -18.7142 0
    endloop
  endfacet
  facet normal 0 0 -1
    outer loop
      vertex 4.06586 11.3999 0
      vertex 8 17.3 0
      vertex 4.56178 10.8344 0
    endloop
  endfacet
  facet normal 0 0 -1
    outer loop
      vertex 6 -19.3 0
      vertex 7.4142 -18.7142 0
      vertex 7.26878 -18.846 0
    endloop
  endfacet
  facet normal 0 0 -1
    outer loop
      vertex 3.50038 11.8958 0
      vertex 8 17.3 0
      vertex 4.06586 11.3999 0
    endloop
  endfacet
  facet normal 0 0 -1
    outer loop
      vertex 6 -19.3 0
      vertex 7.26878 -18.846 0
      vertex 7.11113 -18.9629 0
    endloop
  endfacet
  facet normal 0 -0 -1
    outer loop
      vertex 6 19.3 0
      vertex 8 17.3 0
      vertex 2.875 12.3136 0
    endloop
  endfacet
  facet normal 0 0 -1
    outer loop
      vertex 6 -19.3 0
      vertex 7.11113 -18.9629 0
      vertex 6.94278 -19.0638 0
    endloop
  endfacet
  facet normal 0 0 -1
    outer loop
      vertex 8 17.3 0
      vertex 6 19.3 0
      vertex 7.99036 17.496 0
    endloop
  endfacet
  facet normal 0 0 -1
    outer loop
      vertex 6 -19.3 0
      vertex 6.94278 -19.0638 0
      vertex 6.76537 -19.1478 0
    endloop
  endfacet
  facet normal 0 0 -1
    outer loop
      vertex 7.99036 17.496 0
      vertex 6 19.3 0
      vertex 7.96156 17.6902 0
    endloop
  endfacet
  facet normal 0 0 -1
    outer loop
      vertex 6 -19.3 0
      vertex 6.76537 -19.1478 0
      vertex 6.58057 -19.2139 0
    endloop
  endfacet
  facet normal 0 0 -1
    outer loop
      vertex 7.96156 17.6902 0
      vertex 6 19.3 0
      vertex 7.91388 17.8806 0
    endloop
  endfacet
  facet normal 0 0 -1
    outer loop
      vertex 6 -19.3 0
      vertex 6.58057 -19.2139 0
      vertex 6.39017 -19.2616 0
    endloop
  endfacet
  facet normal 0 0 -1
    outer loop
      vertex 7.91388 17.8806 0
      vertex 6 19.3 0
      vertex 7.84775 18.0654 0
    endloop
  endfacet
  facet normal 0 0 -1
    outer loop
      vertex 6 -19.3 0
      vertex 6.39017 -19.2616 0
      vertex 6.19603 -19.2904 0
    endloop
  endfacet
  facet normal 0 0 -1
    outer loop
      vertex 7.84775 18.0654 0
      vertex 6 19.3 0
      vertex 7.76384 18.2428 0
    endloop
  endfacet
  facet normal -0 0 -1
    outer loop
      vertex 8 -17.3 0
      vertex 6 -19.3 0
      vertex 0.956696 -9.95469 0
    endloop
  endfacet
  facet normal 0 0 -1
    outer loop
      vertex 7.76384 18.2428 0
      vertex 6 19.3 0
      vertex 7.66293 18.4111 0
    endloop
  endfacet
  facet normal 0 0 -1
    outer loop
      vertex 7.66293 18.4111 0
      vertex 6 19.3 0
      vertex 7.54602 18.5688 0
    endloop
  endfacet
  facet normal 0 0 -1
    outer loop
      vertex 2.875 12.3136 0
      vertex 8 17.3 0
      vertex 3.50038 11.8958 0
    endloop
  endfacet
  facet normal 0 0 -1
    outer loop
      vertex 8 -17.3 0
      vertex 5.55407 5.84579 0
      vertex 5.70081 6.58347 0
    endloop
  endfacet
  facet normal 0 0 -1
    outer loop
      vertex 8 -17.3 0
      vertex 5.31231 5.13357 0
      vertex 5.55407 5.84579 0
    endloop
  endfacet
  facet normal 0 0 -1
    outer loop
      vertex 8 -17.3 0
      vertex 4.97965 4.459 0
      vertex 5.31231 5.13357 0
    endloop
  endfacet
  facet normal 0 0 -1
    outer loop
      vertex 8 -17.3 0
      vertex 2.5 -7.645 0
      vertex 4.97965 4.459 0
    endloop
  endfacet
  facet normal 0 0 -1
    outer loop
      vertex 4.97965 4.459 0
      vertex 2.5 -7.645 0
      vertex 4.56178 3.83362 0
    endloop
  endfacet
  facet normal 0 0 -1
    outer loop
      vertex 4.56178 3.83362 0
      vertex 2.5 -7.645 0
      vertex 4.06586 3.26814 0
    endloop
  endfacet
  facet normal 0 0 -1
    outer loop
      vertex 4.06586 3.26814 0
      vertex 2.5 -7.645 0
      vertex 3.50038 2.77222 0
    endloop
  endfacet
  facet normal 0 0 -1
    outer loop
      vertex 2.5 1.855 0
      vertex 3.50038 2.77222 0
      vertex 2.5 -7.645 0
    endloop
  endfacet
  facet normal 0 0 -1
    outer loop
      vertex 8 -17.3 0
      vertex 2.45195 -8.13272 0
      vertex 2.5 -7.645 0
    endloop
  endfacet
  facet normal 0 0 -1
    outer loop
      vertex 8 -17.3 0
      vertex 2.30969 -8.6017 0
      vertex 2.45195 -8.13272 0
    endloop
  endfacet
  facet normal 0 0 -1
    outer loop
      vertex 8 -17.3 0
      vertex 2.07866 -9.03392 0
      vertex 2.30969 -8.6017 0
    endloop
  endfacet
  facet normal 0 0 -1
    outer loop
      vertex 8 -17.3 0
      vertex 1.76776 -9.41276 0
      vertex 2.07866 -9.03392 0
    endloop
  endfacet
  facet normal 0 0 -1
    outer loop
      vertex 8 -17.3 0
      vertex 1.38892 -9.72366 0
      vertex 1.76776 -9.41276 0
    endloop
  endfacet
  facet normal 0 0 -1
    outer loop
      vertex 8 -17.3 0
      vertex 0.956696 -9.95469 0
      vertex 1.38892 -9.72366 0
    endloop
  endfacet
  facet normal 0 0 -1
    outer loop
      vertex 6 -19.3 0
      vertex 0.487717 -10.0969 0
      vertex 0.956696 -9.95469 0
    endloop
  endfacet
  facet normal 0 0 -1
    outer loop
      vertex 6 -19.3 0
      vertex 0 -10.145 0
      vertex 0.487717 -10.0969 0
    endloop
  endfacet
  facet normal 0 0 -1
    outer loop
      vertex -6 -19.3 0
      vertex 0 -10.145 0
      vertex 6 -19.3 0
    endloop
  endfacet
  facet normal -0 0 -1
    outer loop
      vertex 0 -10.145 0
      vertex -6 -19.3 0
      vertex -0.487717 -10.0969 0
    endloop
  endfacet
  facet normal -0 0 -1
    outer loop
      vertex -0.487717 -10.0969 0
      vertex -6 -19.3 0
      vertex -0.956696 -9.95469 0
    endloop
  endfacet
  facet normal 0 0 -1
    outer loop
      vertex -8 -17.3 0
      vertex -0.956696 -9.95469 0
      vertex -6 -19.3 0
    endloop
  endfacet
  facet normal -0 0 -1
    outer loop
      vertex -0.956696 -9.95469 0
      vertex -8 -17.3 0
      vertex -1.38892 -9.72366 0
    endloop
  endfacet
  facet normal 0 0 -1
    outer loop
      vertex -3.50038 2.77222 0
      vertex -2.5 1.855 0
      vertex -2.5 -7.645 0
    endloop
  endfacet
  facet normal 0 0 -1
    outer loop
      vertex -2.5 1.855 0
      vertex -3.50038 2.77222 0
      vertex -2.875 2.35435 0
    endloop
  endfacet
  facet normal 0 0 -1
    outer loop
      vertex -2.5 -7.645 0
      vertex -4.06586 3.26814 0
      vertex -3.50038 2.77222 0
    endloop
  endfacet
  facet normal 0 0 -1
    outer loop
      vertex -8 -17.3 0
      vertex -2.5 -7.645 0
      vertex -2.45195 -8.13272 0
    endloop
  endfacet
  facet normal 0 0 -1
    outer loop
      vertex -2.5 -7.645 0
      vertex -4.56178 3.83362 0
      vertex -4.06586 3.26814 0
    endloop
  endfacet
  facet normal 0 0 -1
    outer loop
      vertex -2.5 -7.645 0
      vertex -4.97965 4.459 0
      vertex -4.56178 3.83362 0
    endloop
  endfacet
  facet normal -0 0 -1
    outer loop
      vertex -2.5 -7.645 0
      vertex -8 -17.3 0
      vertex -4.97965 4.459 0
    endloop
  endfacet
  facet normal -0 0 -1
    outer loop
      vertex -4.97965 4.459 0
      vertex -8 -17.3 0
      vertex -5.31231 5.13357 0
    endloop
  endfacet
  facet normal -0 0 -1
    outer loop
      vertex -5.55407 5.84579 0
      vertex -8 -17.3 0
      vertex -5.70081 6.58347 0
    endloop
  endfacet
  facet normal -0 0 -1
    outer loop
      vertex -5.31231 5.13357 0
      vertex -8 -17.3 0
      vertex -5.55407 5.84579 0
    endloop
  endfacet
  facet normal -0 0 -1
    outer loop
      vertex -2.30969 -8.6017 0
      vertex -8 -17.3 0
      vertex -2.45195 -8.13272 0
    endloop
  endfacet
  facet normal -0 0 -1
    outer loop
      vertex -2.07866 -9.03392 0
      vertex -8 -17.3 0
      vertex -2.30969 -8.6017 0
    endloop
  endfacet
  facet normal -0 0 -1
    outer loop
      vertex -1.76776 -9.41276 0
      vertex -8 -17.3 0
      vertex -2.07866 -9.03392 0
    endloop
  endfacet
  facet normal -0 0 -1
    outer loop
      vertex -1.38892 -9.72366 0
      vertex -8 -17.3 0
      vertex -1.76776 -9.41276 0
    endloop
  endfacet
  facet normal 0 0 -1
    outer loop
      vertex 7.54602 18.5688 0
      vertex 6 19.3 0
      vertex 7.4142 18.7142 0
    endloop
  endfacet
  facet normal 0 0 -1
    outer loop
      vertex 7.26878 18.846 0
      vertex 6 19.3 0
      vertex 7.11113 18.9629 0
    endloop
  endfacet
  facet normal 0 0 -1
    outer loop
      vertex 7.11113 18.9629 0
      vertex 6 19.3 0
      vertex 6.94278 19.0638 0
    endloop
  endfacet
  facet normal 0 0 -1
    outer loop
      vertex 6.94278 19.0638 0
      vertex 6 19.3 0
      vertex 6.76537 19.1478 0
    endloop
  endfacet
  facet normal 0 0 -1
    outer loop
      vertex 6.76537 19.1478 0
      vertex 6 19.3 0
      vertex 6.58057 19.2139 0
    endloop
  endfacet
  facet normal 0 0 -1
    outer loop
      vertex 6.58057 19.2139 0
      vertex 6 19.3 0
      vertex 6.39017 19.2616 0
    endloop
  endfacet
  facet normal 0 0 -1
    outer loop
      vertex 6.39017 19.2616 0
      vertex 6 19.3 0
      vertex 6.19603 19.2904 0
    endloop
  endfacet
  facet normal 0 0 -1
    outer loop
      vertex 7.4142 18.7142 0
      vertex 6 19.3 0
      vertex 7.26878 18.846 0
    endloop
  endfacet
  facet normal 0 0 -1
    outer loop
      vertex 2.20043 12.6463 0
      vertex 6 19.3 0
      vertex 2.875 12.3136 0
    endloop
  endfacet
  facet normal 0 0 -1
    outer loop
      vertex 1.48821 12.8881 0
      vertex 6 19.3 0
      vertex 2.20043 12.6463 0
    endloop
  endfacet
  facet normal 0 0 -1
    outer loop
      vertex 0.750525 13.0348 0
      vertex 6 19.3 0
      vertex 1.48821 12.8881 0
    endloop
  endfacet
  facet normal 0 0 -1
    outer loop
      vertex -3.75737 19.3 0
      vertex 0.750525 13.0348 0
      vertex 0 13.084 0
    endloop
  endfacet
  facet normal 0 0 -1
    outer loop
      vertex -3.75737 19.3 0
      vertex 0 13.084 0
      vertex -0.750525 13.0348 0
    endloop
  endfacet
  facet normal 0 0 -1
    outer loop
      vertex -3.75737 19.3 0
      vertex -0.750525 13.0348 0
      vertex -1.48821 12.8881 0
    endloop
  endfacet
  facet normal 0 0 -1
    outer loop
      vertex -3.75737 19.3 0
      vertex -1.48821 12.8881 0
      vertex -2.20043 12.6463 0
    endloop
  endfacet
  facet normal 0 0 -1
    outer loop
      vertex -3.75737 19.3 0
      vertex -2.20043 12.6463 0
      vertex -2.875 12.3136 0
    endloop
  endfacet
  facet normal 0 0 -1
    outer loop
      vertex -8 15.0574 0
      vertex -2.875 12.3136 0
      vertex -3.50038 11.8958 0
    endloop
  endfacet
  facet normal 0 0 -1
    outer loop
      vertex 0.750525 13.0348 0
      vertex -3.75737 19.3 0
      vertex 6 19.3 0
    endloop
  endfacet
  facet normal 0 0 -1
    outer loop
      vertex -8 15.0574 0
      vertex -3.50038 11.8958 0
      vertex -4.06586 11.3999 0
    endloop
  endfacet
  facet normal 0 0 -1
    outer loop
      vertex -8 15.0574 0
      vertex -4.06586 11.3999 0
      vertex -4.56178 10.8344 0
    endloop
  endfacet
  facet normal 0 0 -1
    outer loop
      vertex -8 15.0574 0
      vertex -4.56178 10.8344 0
      vertex -4.97965 10.209 0
    endloop
  endfacet
  facet normal 0 0 -1
    outer loop
      vertex -8 15.0574 0
      vertex -4.97965 10.209 0
      vertex -5.31231 9.53443 0
    endloop
  endfacet
  facet normal 0 0 -1
    outer loop
      vertex -8 15.0574 0
      vertex -5.31231 9.53443 0
      vertex -5.55407 8.82221 0
    endloop
  endfacet
  facet normal 0 0 -1
    outer loop
      vertex -8 15.0574 0
      vertex -5.55407 8.82221 0
      vertex -5.70081 8.08453 0
    endloop
  endfacet
  facet normal 0 0 -1
    outer loop
      vertex -8 -17.3 0
      vertex -6 -19.3 0
      vertex -6.19603 -19.2904 0
    endloop
  endfacet
  facet normal 0 0 -1
    outer loop
      vertex -8 -17.3 0
      vertex -6.19603 -19.2904 0
      vertex -6.39017 -19.2616 0
    endloop
  endfacet
  facet normal 0 0 -1
    outer loop
      vertex -8 -17.3 0
      vertex -6.39017 -19.2616 0
      vertex -6.58057 -19.2139 0
    endloop
  endfacet
  facet normal 0 0 -1
    outer loop
      vertex -8 -17.3 0
      vertex -6.58057 -19.2139 0
      vertex -6.76537 -19.1478 0
    endloop
  endfacet
  facet normal 0 0 -1
    outer loop
      vertex -8 -17.3 0
      vertex -6.76537 -19.1478 0
      vertex -6.94278 -19.0638 0
    endloop
  endfacet
  facet normal 0 0 -1
    outer loop
      vertex -8 -17.3 0
      vertex -6.94278 -19.0638 0
      vertex -7.11113 -18.9629 0
    endloop
  endfacet
  facet normal 0 0 -1
    outer loop
      vertex -8 -17.3 0
      vertex -7.11113 -18.9629 0
      vertex -7.26878 -18.846 0
    endloop
  endfacet
  facet normal 0 0 -1
    outer loop
      vertex -8 -17.3 0
      vertex -7.26878 -18.846 0
      vertex -7.4142 -18.7142 0
    endloop
  endfacet
  facet normal 0 0 -1
    outer loop
      vertex -8 -17.3 0
      vertex -7.4142 -18.7142 0
      vertex -7.54602 -18.5688 0
    endloop
  endfacet
  facet normal 0 0 -1
    outer loop
      vertex -8 15.0574 0
      vertex -5.70081 6.58347 0
      vertex -8 -17.3 0
    endloop
  endfacet
  facet normal 0 0 -1
    outer loop
      vertex -8 -17.3 0
      vertex -7.54602 -18.5688 0
      vertex -7.66293 -18.4111 0
    endloop
  endfacet
  facet normal 0 0 -1
    outer loop
      vertex -8 -17.3 0
      vertex -7.66293 -18.4111 0
      vertex -7.76384 -18.2428 0
    endloop
  endfacet
  facet normal 0 0 -1
    outer loop
      vertex -8 -17.3 0
      vertex -7.76384 -18.2428 0
      vertex -7.84775 -18.0654 0
    endloop
  endfacet
  facet normal 0 0 -1
    outer loop
      vertex -8 -17.3 0
      vertex -7.84775 -18.0654 0
      vertex -7.91388 -17.8806 0
    endloop
  endfacet
  facet normal 0 0 -1
    outer loop
      vertex -8 -17.3 0
      vertex -7.91388 -17.8806 0
      vertex -7.96156 -17.6902 0
    endloop
  endfacet
  facet normal 0 0 -1
    outer loop
      vertex -8 -17.3 0
      vertex -7.96156 -17.6902 0
      vertex -7.99036 -17.496 0
    endloop
  endfacet
  facet normal 0 0 -1
    outer loop
      vertex -5.70081 6.58347 0
      vertex -8 15.0574 0
      vertex -5.75 7.334 0
    endloop
  endfacet
  facet normal 0 0 -1
    outer loop
      vertex -2.875 12.3136 0
      vertex -8 15.0574 0
      vertex -3.75737 19.3 0
    endloop
  endfacet
  facet normal 0 0 -1
    outer loop
      vertex -5.75 7.334 0
      vertex -8 15.0574 0
      vertex -5.70081 8.08453 0
    endloop
  endfacet
  facet normal 0 0 -1
    outer loop
      vertex 3.50038 2.77222 0
      vertex 2.5 1.855 0
      vertex 2.875 2.35435 0
    endloop
  endfacet
  facet normal 0 0 -1
    outer loop
      vertex 2.875 2.35435 0
      vertex 2.5 1.855 0
      vertex 2.47046 2.15486 0
    endloop
  endfacet
  facet normal -0 0 -1
    outer loop
      vertex -2.47046 2.15486 0
      vertex -2.5 1.855 0
      vertex -2.875 2.35435 0
    endloop
  endfacet
  facet normal 0 0 1
    outer loop
      vertex -4.0372 -8.36241 2
      vertex -2.5 -7.645 2
      vertex -2.5 1.855 2
    endloop
  endfacet
  facet normal 0 0 1
    outer loop
      vertex -2.5 -7.645 2
      vertex -2.60649 -8.14547 2
      vertex -2.52495 -8.1448 2
    endloop
  endfacet
  facet normal 0 0 1
    outer loop
      vertex -2.5 -7.645 2
      vertex -2.68837 -8.14749 2
      vertex -2.60649 -8.14547 2
    endloop
  endfacet
  facet normal 0 0 1
    outer loop
      vertex -2.5 -7.645 2
      vertex -2.77058 -8.15084 2
      vertex -2.68837 -8.14749 2
    endloop
  endfacet
  facet normal 0 0 1
    outer loop
      vertex -2.5 -7.645 2
      vertex -2.85313 -8.15556 2
      vertex -2.77058 -8.15084 2
    endloop
  endfacet
  facet normal 0 0 1
    outer loop
      vertex -2.875 2.35435 2
      vertex -2.5 1.855 2
      vertex -2.47046 2.15486 2
    endloop
  endfacet
  facet normal 0 0 1
    outer loop
      vertex -3.50038 2.77222 2
      vertex -2.5 1.855 2
      vertex -2.875 2.35435 2
    endloop
  endfacet
  facet normal 0 0 1
    outer loop
      vertex -2.5 -7.645 2
      vertex -2.93602 -8.1616 2
      vertex -2.85313 -8.15556 2
    endloop
  endfacet
  facet normal 0 0 1
    outer loop
      vertex -2.5 -7.645 2
      vertex -3.01923 -8.16899 2
      vertex -2.93602 -8.1616 2
    endloop
  endfacet
  facet normal 0 0 1
    outer loop
      vertex -2.5 -7.645 2
      vertex -3.10278 -8.17772 2
      vertex -3.01923 -8.16899 2
    endloop
  endfacet
  facet normal 0 0 1
    outer loop
      vertex -2.5 -7.645 2
      vertex -3.18668 -8.18779 2
      vertex -3.10278 -8.17772 2
    endloop
  endfacet
  facet normal 0 0 1
    outer loop
      vertex -2.5 -7.645 2
      vertex -3.27089 -8.1992 2
      vertex -3.18668 -8.18779 2
    endloop
  endfacet
  facet normal 0 0 1
    outer loop
      vertex -2.5 -7.645 2
      vertex -3.35536 -8.21197 2
      vertex -3.27089 -8.1992 2
    endloop
  endfacet
  facet normal 0 0 1
    outer loop
      vertex -2.5 -7.645 2
      vertex -3.44 -8.22607 2
      vertex -3.35536 -8.21197 2
    endloop
  endfacet
  facet normal 0 0 1
    outer loop
      vertex -2.5 1.855 2
      vertex -3.50038 2.77222 2
      vertex -4.0372 -8.36241 2
    endloop
  endfacet
  facet normal 0 0 1
    outer loop
      vertex -2.5 -7.645 2
      vertex -3.52481 -8.24151 2
      vertex -3.44 -8.22607 2
    endloop
  endfacet
  facet normal 0 0 1
    outer loop
      vertex -2.5 -7.645 2
      vertex -3.60979 -8.25831 2
      vertex -3.52481 -8.24151 2
    endloop
  endfacet
  facet normal 0 0 1
    outer loop
      vertex -2.5 -7.645 2
      vertex -3.69493 -8.27644 2
      vertex -3.60979 -8.25831 2
    endloop
  endfacet
  facet normal 0 0 1
    outer loop
      vertex -2.5 -7.645 2
      vertex -3.78024 -8.29593 2
      vertex -3.69493 -8.27644 2
    endloop
  endfacet
  facet normal 0 0 1
    outer loop
      vertex -2.5 -7.645 2
      vertex -3.86572 -8.31674 2
      vertex -3.78024 -8.29593 2
    endloop
  endfacet
  facet normal 0 0 1
    outer loop
      vertex -2.5 -7.645 2
      vertex -3.95137 -8.33889 2
      vertex -3.86572 -8.31674 2
    endloop
  endfacet
  facet normal 0 0 1
    outer loop
      vertex -2.5 -7.645 2
      vertex -4.0372 -8.36241 2
      vertex -3.95137 -8.33889 2
    endloop
  endfacet
  facet normal 0 0 1
    outer loop
      vertex -4.56178 3.83362 2
      vertex -4.0372 -8.36241 2
      vertex -4.06586 3.26814 2
    endloop
  endfacet
  facet normal 0 0 1
    outer loop
      vertex -4.06586 3.26814 2
      vertex -4.0372 -8.36241 2
      vertex -3.50038 2.77222 2
    endloop
  endfacet
  facet normal 0 0 1
    outer loop
      vertex -2.45195 -8.13272 2
      vertex -2.52495 -8.1448 2
      vertex -2.44785 -8.14625 2
    endloop
  endfacet
  facet normal 0 0 1
    outer loop
      vertex -2.52495 -8.1448 2
      vertex -2.45195 -8.13272 2
      vertex -2.5 -7.645 2
    endloop
  endfacet
  facet normal 0 0 1
    outer loop
      vertex -2.09775 -9.19671 2
      vertex -1.8638 -9.64686 2
      vertex -1.86668 -9.5838 2
    endloop
  endfacet
  facet normal 0 0 1
    outer loop
      vertex -2.09775 -9.19671 2
      vertex -1.86668 -9.5838 2
      vertex -1.87535 -9.524 2
    endloop
  endfacet
  facet normal 0 0 1
    outer loop
      vertex -2.15211 -9.16331 2
      vertex -1.8638 -9.64686 2
      vertex -2.09775 -9.19671 2
    endloop
  endfacet
  facet normal 0 0 1
    outer loop
      vertex -2.04865 -9.23368 2
      vertex -1.87535 -9.524 2
      vertex -1.88979 -9.46746 2
    endloop
  endfacet
  facet normal 0 0 1
    outer loop
      vertex -1.8638 -9.64686 2
      vertex -2.15211 -9.16331 2
      vertex -1.86676 -9.71481 2
    endloop
  endfacet
  facet normal 0 0 1
    outer loop
      vertex -2.04865 -9.23368 2
      vertex -1.88979 -9.46746 2
      vertex -1.91 -9.41418 2
    endloop
  endfacet
  facet normal 0 0 1
    outer loop
      vertex -1.87535 -9.524 2
      vertex -2.04865 -9.23368 2
      vertex -2.09775 -9.19671 2
    endloop
  endfacet
  facet normal 0 0 1
    outer loop
      vertex -2.00533 -9.27392 2
      vertex -1.91 -9.41418 2
      vertex -1.936 -9.36416 2
    endloop
  endfacet
  facet normal 0 0 1
    outer loop
      vertex -2.04865 -9.23368 2
      vertex -1.91 -9.41418 2
      vertex -2.00533 -9.27392 2
    endloop
  endfacet
  facet normal 0 0 1
    outer loop
      vertex -2.00533 -9.27392 2
      vertex -1.936 -9.36416 2
      vertex -1.96777 -9.31741 2
    endloop
  endfacet
  facet normal 0 0 1
    outer loop
      vertex -1.86676 -9.71481 2
      vertex -2.16113 -10.1479 2
      vertex -1.87569 -9.7788 2
    endloop
  endfacet
  facet normal 0 -0 1
    outer loop
      vertex -2.10454 -10.1156 2
      vertex -1.87569 -9.7788 2
      vertex -2.16113 -10.1479 2
    endloop
  endfacet
  facet normal 0 0 1
    outer loop
      vertex -1.9381 -9.94697 2
      vertex -2.00943 -10.0392 2
      vertex -1.97079 -9.99508 2
    endloop
  endfacet
  facet normal 0 0 1
    outer loop
      vertex -1.91135 -9.89488 2
      vertex -2.05402 -10.0794 2
      vertex -1.9381 -9.94697 2
    endloop
  endfacet
  facet normal 0 0 1
    outer loop
      vertex -1.9381 -9.94697 2
      vertex -2.05402 -10.0794 2
      vertex -2.00943 -10.0392 2
    endloop
  endfacet
  facet normal 0 -0 1
    outer loop
      vertex -2.05402 -10.0794 2
      vertex -1.89055 -9.83883 2
      vertex -2.10454 -10.1156 2
    endloop
  endfacet
  facet normal 0 0 1
    outer loop
      vertex -1.89055 -9.83883 2
      vertex -2.05402 -10.0794 2
      vertex -1.91135 -9.89488 2
    endloop
  endfacet
  facet normal 0 0 1
    outer loop
      vertex -1.86676 -9.71481 2
      vertex -2.15211 -9.16331 2
      vertex -2.16113 -10.1479 2
    endloop
  endfacet
  facet normal 0 0 1
    outer loop
      vertex -1.87569 -9.7788 2
      vertex -2.10454 -10.1156 2
      vertex -1.89055 -9.83883 2
    endloop
  endfacet
  facet normal 0 0 1
    outer loop
      vertex -2.22391 -10.1764 2
      vertex -2.15211 -9.16331 2
      vertex -2.21127 -9.13385 2
    endloop
  endfacet
  facet normal 0 0 1
    outer loop
      vertex -2.15211 -9.16331 2
      vertex -2.22391 -10.1764 2
      vertex -2.16113 -10.1479 2
    endloop
  endfacet
  facet normal 0 0 1
    outer loop
      vertex -2.27519 -9.10832 2
      vertex -2.22391 -10.1764 2
      vertex -2.21127 -9.13385 2
    endloop
  endfacet
  facet normal 0 0 1
    outer loop
      vertex -2.27519 -9.10832 2
      vertex -2.29289 -10.2012 2
      vertex -2.22391 -10.1764 2
    endloop
  endfacet
  facet normal 0 0 1
    outer loop
      vertex -2.34389 -9.08671 2
      vertex -2.29289 -10.2012 2
      vertex -2.27519 -9.10832 2
    endloop
  endfacet
  facet normal 0 0 1
    outer loop
      vertex -2.34389 -9.08671 2
      vertex -2.36807 -10.2221 2
      vertex -2.29289 -10.2012 2
    endloop
  endfacet
  facet normal 0 0 1
    outer loop
      vertex -2.41734 -9.06903 2
      vertex -2.36807 -10.2221 2
      vertex -2.34389 -9.08671 2
    endloop
  endfacet
  facet normal 0 0 1
    outer loop
      vertex -2.41734 -9.06903 2
      vertex -2.44945 -10.2392 2
      vertex -2.36807 -10.2221 2
    endloop
  endfacet
  facet normal 0 0 1
    outer loop
      vertex -2.49559 -9.05528 2
      vertex -2.44945 -10.2392 2
      vertex -2.41734 -9.06903 2
    endloop
  endfacet
  facet normal 0 0 1
    outer loop
      vertex -2.49559 -9.05528 2
      vertex -2.53702 -10.2525 2
      vertex -2.44945 -10.2392 2
    endloop
  endfacet
  facet normal 0 0 1
    outer loop
      vertex -2.5786 -9.04547 2
      vertex -2.53702 -10.2525 2
      vertex -2.49559 -9.05528 2
    endloop
  endfacet
  facet normal 0 0 1
    outer loop
      vertex -2.5786 -9.04547 2
      vertex -2.63077 -10.262 2
      vertex -2.53702 -10.2525 2
    endloop
  endfacet
  facet normal 0 0 1
    outer loop
      vertex -2.66638 -9.03958 2
      vertex -2.63077 -10.262 2
      vertex -2.5786 -9.04547 2
    endloop
  endfacet
  facet normal 0 0 1
    outer loop
      vertex -2.66638 -9.03958 2
      vertex -2.73074 -10.2677 2
      vertex -2.63077 -10.262 2
    endloop
  endfacet
  facet normal 0 0 1
    outer loop
      vertex -2.75894 -9.03761 2
      vertex -2.73074 -10.2677 2
      vertex -2.66638 -9.03958 2
    endloop
  endfacet
  facet normal -0 0 1
    outer loop
      vertex -2.8291 -9.03849 2
      vertex -2.73074 -10.2677 2
      vertex -2.75894 -9.03761 2
    endloop
  endfacet
  facet normal 0 0 1
    outer loop
      vertex -2.8291 -9.03849 2
      vertex -2.8369 -10.2696 2
      vertex -2.73074 -10.2677 2
    endloop
  endfacet
  facet normal -0 0 1
    outer loop
      vertex -2.89941 -9.04112 2
      vertex -2.8369 -10.2696 2
      vertex -2.8291 -9.03849 2
    endloop
  endfacet
  facet normal -0 0 1
    outer loop
      vertex -2.96991 -9.04553 2
      vertex -2.8369 -10.2696 2
      vertex -2.89941 -9.04112 2
    endloop
  endfacet
  facet normal -0 0 1
    outer loop
      vertex -3.04056 -9.05168 2
      vertex -2.8369 -10.2696 2
      vertex -2.96991 -9.04553 2
    endloop
  endfacet
  facet normal -0 0 1
    outer loop
      vertex -3.11139 -9.0596 2
      vertex -2.8369 -10.2696 2
      vertex -3.04056 -9.05168 2
    endloop
  endfacet
  facet normal -0 0 1
    outer loop
      vertex -3.18239 -9.06927 2
      vertex -2.8369 -10.2696 2
      vertex -3.11139 -9.0596 2
    endloop
  endfacet
  facet normal -0 0 1
    outer loop
      vertex -3.25356 -9.08072 2
      vertex -2.8369 -10.2696 2
      vertex -3.18239 -9.06927 2
    endloop
  endfacet
  facet normal 0 0 1
    outer loop
      vertex -3.3862 -10.2696 2
      vertex -3.25356 -9.08072 2
      vertex -3.32489 -9.0939 2
    endloop
  endfacet
  facet normal 0 0 1
    outer loop
      vertex -3.25356 -9.08072 2
      vertex -3.3862 -10.2696 2
      vertex -2.8369 -10.2696 2
    endloop
  endfacet
  facet normal -0 0 1
    outer loop
      vertex -3.46793 -9.12553 2
      vertex -3.3862 -10.2696 2
      vertex -3.39639 -9.10885 2
    endloop
  endfacet
  facet normal -0 0 1
    outer loop
      vertex -3.39639 -9.10885 2
      vertex -3.3862 -10.2696 2
      vertex -3.32489 -9.0939 2
    endloop
  endfacet
  facet normal 0 0 1
    outer loop
      vertex 1.36507 -10.5717 2
      vertex 1.35333 -10.6383 2
      vertex 1.46474 -10.6044 2
    endloop
  endfacet
  facet normal 0 0 1
    outer loop
      vertex 1.27101 -10.5352 2
      vertex 1.35333 -10.6383 2
      vertex 1.36507 -10.5717 2
    endloop
  endfacet
  facet normal 0 0 1
    outer loop
      vertex 1.27101 -10.5352 2
      vertex 1.24817 -10.6765 2
      vertex 1.35333 -10.6383 2
    endloop
  endfacet
  facet normal 0 0 1
    outer loop
      vertex 1.18256 -10.4951 2
      vertex 1.24817 -10.6765 2
      vertex 1.27101 -10.5352 2
    endloop
  endfacet
  facet normal 0 0 1
    outer loop
      vertex 1.18256 -10.4951 2
      vertex 1.14923 -10.7192 2
      vertex 1.24817 -10.6765 2
    endloop
  endfacet
  facet normal 0 0 1
    outer loop
      vertex 1.09972 -10.4513 2
      vertex 1.14923 -10.7192 2
      vertex 1.18256 -10.4951 2
    endloop
  endfacet
  facet normal 0 0 1
    outer loop
      vertex 1.09972 -10.4513 2
      vertex 1.05653 -10.7662 2
      vertex 1.14923 -10.7192 2
    endloop
  endfacet
  facet normal 0 0 1
    outer loop
      vertex 1.02248 -10.4038 2
      vertex 1.05653 -10.7662 2
      vertex 1.09972 -10.4513 2
    endloop
  endfacet
  facet normal 0 0 1
    outer loop
      vertex 1.02248 -10.4038 2
      vertex 0.970078 -10.8177 2
      vertex 1.05653 -10.7662 2
    endloop
  endfacet
  facet normal 0 0 1
    outer loop
      vertex 0.950851 -10.3526 2
      vertex 0.970078 -10.8177 2
      vertex 1.02248 -10.4038 2
    endloop
  endfacet
  facet normal 0 0 1
    outer loop
      vertex 0.950851 -10.3526 2
      vertex 0.889847 -10.8735 2
      vertex 0.970078 -10.8177 2
    endloop
  endfacet
  facet normal 0 0 1
    outer loop
      vertex 0.884842 -10.2977 2
      vertex 0.889847 -10.8735 2
      vertex 0.950851 -10.3526 2
    endloop
  endfacet
  facet normal 0 0 1
    outer loop
      vertex 0.815857 -10.9337 2
      vertex 0.884842 -10.2977 2
      vertex 0.824432 -10.2392 2
    endloop
  endfacet
  facet normal 0 0 1
    outer loop
      vertex 0.884842 -10.2977 2
      vertex 0.815857 -10.9337 2
      vertex 0.889847 -10.8735 2
    endloop
  endfacet
  facet normal 0 0 1
    outer loop
      vertex 0.487717 -10.0969 2
      vertex 0.824432 -10.2392 2
      vertex 0.769638 -10.177 2
    endloop
  endfacet
  facet normal 0 0 1
    outer loop
      vertex 0.824432 -10.2392 2
      vertex 0.487717 -10.0969 2
      vertex 0.815857 -10.9337 2
    endloop
  endfacet
  facet normal 0 0 1
    outer loop
      vertex 0.487717 -10.0969 2
      vertex 0.769638 -10.177 2
      vertex 0.720535 -10.1111 2
    endloop
  endfacet
  facet normal 0 0 1
    outer loop
      vertex 0.815857 -10.9337 2
      vertex 0.487717 -10.0969 2
      vertex 0.748108 -10.9984 2
    endloop
  endfacet
  facet normal -0 0 1
    outer loop
      vertex 0.487717 -10.0969 2
      vertex 0.720535 -10.1111 2
      vertex 0.677216 -10.0417 2
    endloop
  endfacet
  facet normal 0 0 1
    outer loop
      vertex 0.487717 -10.0969 2
      vertex 0.677216 -10.0417 2
      vertex 0.676201 -10.0398 2
    endloop
  endfacet
  facet normal -0 0 1
    outer loop
      vertex 0 -10.145 2
      vertex 0.748108 -10.9984 2
      vertex 0.487717 -10.0969 2
    endloop
  endfacet
  facet normal 0 0 1
    outer loop
      vertex 0.748108 -10.9984 2
      vertex 0 -10.145 2
      vertex 0.6866 -11.0674 2
    endloop
  endfacet
  facet normal 0 0 1
    outer loop
      vertex 0.6866 -11.0674 2
      vertex 0 -10.145 2
      vertex 0.631454 -11.1407 2
    endloop
  endfacet
  facet normal 0 0 1
    outer loop
      vertex 0.631454 -11.1407 2
      vertex 0 -10.145 2
      vertex 0.582794 -11.2181 2
    endloop
  endfacet
  facet normal -0 0 1
    outer loop
      vertex -0.600754 -11.1826 2
      vertex 0.582794 -11.2181 2
      vertex 0 -10.145 2
    endloop
  endfacet
  facet normal 0 -0 1
    outer loop
      vertex -0.558029 -11.2664 2
      vertex 0.582794 -11.2181 2
      vertex -0.600754 -11.1826 2
    endloop
  endfacet
  facet normal 0 0 1
    outer loop
      vertex 0.582794 -11.2181 2
      vertex -0.558029 -11.2664 2
      vertex 0.540619 -11.2997 2
    endloop
  endfacet
  facet normal 0 -0 1
    outer loop
      vertex -0.521881 -11.3546 2
      vertex 0.540619 -11.2997 2
      vertex -0.558029 -11.2664 2
    endloop
  endfacet
  facet normal 0 -0 1
    outer loop
      vertex -0.49231 -11.4472 2
      vertex 0.504944 -11.3855 2
      vertex -0.521881 -11.3546 2
    endloop
  endfacet
  facet normal 0 -0 1
    outer loop
      vertex -0.469315 -11.5442 2
      vertex 0.475739 -11.4753 2
      vertex -0.49231 -11.4472 2
    endloop
  endfacet
  facet normal 0 0 1
    outer loop
      vertex 0.504944 -11.3855 2
      vertex -0.49231 -11.4472 2
      vertex 0.475739 -11.4753 2
    endloop
  endfacet
  facet normal 0 0 1
    outer loop
      vertex 8 -17.3 2
      vertex 4.3978 -11.7698 2
      vertex 4.40105 -11.8763 2
    endloop
  endfacet
  facet normal 0 0 1
    outer loop
      vertex 4.97965 4.459 2
      vertex 4.29254 -9.45771 2
      vertex 4.3978 -11.7698 2
    endloop
  endfacet
  facet normal 0 0 1
    outer loop
      vertex 4.3978 -11.7698 2
      vertex 4.29254 -9.45771 2
      vertex 4.38806 -11.6675 2
    endloop
  endfacet
  facet normal -0 0 1
    outer loop
      vertex 4.28963 -9.55169 2
      vertex 4.38806 -11.6675 2
      vertex 4.29254 -9.45771 2
    endloop
  endfacet
  facet normal 0 0 1
    outer loop
      vertex 4.38806 -11.6675 2
      vertex 4.28963 -9.55169 2
      vertex 4.37184 -11.5694 2
    endloop
  endfacet
  facet normal -0 0 1
    outer loop
      vertex 4.2809 -9.64216 2
      vertex 4.37184 -11.5694 2
      vertex 4.28963 -9.55169 2
    endloop
  endfacet
  facet normal 0 0 1
    outer loop
      vertex 4.97965 4.459 2
      vertex 4.28664 -9.31831 2
      vertex 4.29254 -9.45771 2
    endloop
  endfacet
  facet normal 0 0 1
    outer loop
      vertex 4.97965 4.459 2
      vertex 4.26894 -9.18657 2
      vertex 4.28664 -9.31831 2
    endloop
  endfacet
  facet normal 0 0 1
    outer loop
      vertex 4.97965 4.459 2
      vertex 4.23943 -9.0625 2
      vertex 4.26894 -9.18657 2
    endloop
  endfacet
  facet normal 0 0 1
    outer loop
      vertex 4.97965 4.459 2
      vertex 4.1981 -8.94609 2
      vertex 4.23943 -9.0625 2
    endloop
  endfacet
  facet normal 0 0 1
    outer loop
      vertex 4.97965 4.459 2
      vertex 4.14497 -8.83734 2
      vertex 4.1981 -8.94609 2
    endloop
  endfacet
  facet normal 0 0 1
    outer loop
      vertex 4.56178 3.83362 2
      vertex 4.08005 -8.73626 2
      vertex 4.14497 -8.83734 2
    endloop
  endfacet
  facet normal -0 0 1
    outer loop
      vertex 4.06586 3.26814 2
      vertex 4.08005 -8.73626 2
      vertex 4.56178 3.83362 2
    endloop
  endfacet
  facet normal 0 0 1
    outer loop
      vertex 4.06586 3.26814 2
      vertex 4.00333 -8.64285 2
      vertex 4.08005 -8.73626 2
    endloop
  endfacet
  facet normal 0 0 1
    outer loop
      vertex 4.06586 3.26814 2
      vertex 3.91478 -8.55709 2
      vertex 4.00333 -8.64285 2
    endloop
  endfacet
  facet normal -0 0 1
    outer loop
      vertex 3.50038 2.77222 2
      vertex 3.91478 -8.55709 2
      vertex 4.06586 3.26814 2
    endloop
  endfacet
  facet normal 0 0 1
    outer loop
      vertex 3.91478 -8.55709 2
      vertex 3.50038 2.77222 2
      vertex 3.81444 -8.479 2
    endloop
  endfacet
  facet normal -0 0 1
    outer loop
      vertex 2.5 1.855 2
      vertex 3.81444 -8.479 2
      vertex 3.50038 2.77222 2
    endloop
  endfacet
  facet normal 0 0 1
    outer loop
      vertex 3.81444 -8.479 2
      vertex 2.5 1.855 2
      vertex 3.70277 -8.40887 2
    endloop
  endfacet
  facet normal 0 0 1
    outer loop
      vertex 3.70277 -8.40887 2
      vertex 2.5 1.855 2
      vertex 3.5802 -8.34698 2
    endloop
  endfacet
  facet normal -0 0 1
    outer loop
      vertex 2.5 -7.645 2
      vertex 3.5802 -8.34698 2
      vertex 2.5 1.855 2
    endloop
  endfacet
  facet normal 0 0 1
    outer loop
      vertex 3.5802 -8.34698 2
      vertex 2.5 -7.645 2
      vertex 3.44676 -8.29335 2
    endloop
  endfacet
  facet normal 0 0 1
    outer loop
      vertex 3.44676 -8.29335 2
      vertex 2.5 -7.645 2
      vertex 3.30243 -8.24795 2
    endloop
  endfacet
  facet normal 0 0 1
    outer loop
      vertex 2.5 1.855 2
      vertex 3.50038 2.77222 2
      vertex 2.875 2.35435 2
    endloop
  endfacet
  facet normal 0 0 1
    outer loop
      vertex 3.30243 -8.24795 2
      vertex 2.5 -7.645 2
      vertex 3.14722 -8.21083 2
    endloop
  endfacet
  facet normal 0 0 1
    outer loop
      vertex 2.98111 -8.18194 2
      vertex 2.5 -7.645 2
      vertex 2.80412 -8.16131 2
    endloop
  endfacet
  facet normal 0 0 1
    outer loop
      vertex 3.14722 -8.21083 2
      vertex 2.5 -7.645 2
      vertex 2.98111 -8.18194 2
    endloop
  endfacet
  facet normal 0 -0 1
    outer loop
      vertex 2.5 1.855 2
      vertex 2.875 2.35435 2
      vertex 2.47046 2.15486 2
    endloop
  endfacet
  facet normal 0 0 1
    outer loop
      vertex 6 19.3 2
      vertex 8 17.3 2
      vertex 7.99036 17.496 2
    endloop
  endfacet
  facet normal 0 0 1
    outer loop
      vertex 8 17.3 2
      vertex 5.70081 6.58347 2
      vertex 8 -17.3 2
    endloop
  endfacet
  facet normal 0 0 1
    outer loop
      vertex 6 19.3 2
      vertex 7.99036 17.496 2
      vertex 7.96156 17.6902 2
    endloop
  endfacet
  facet normal -0 0 1
    outer loop
      vertex 5.55407 5.84579 2
      vertex 8 -17.3 2
      vertex 5.70081 6.58347 2
    endloop
  endfacet
  facet normal 0 0 1
    outer loop
      vertex 6 19.3 2
      vertex 7.96156 17.6902 2
      vertex 7.91388 17.8806 2
    endloop
  endfacet
  facet normal -0 0 1
    outer loop
      vertex 5.31231 5.13357 2
      vertex 8 -17.3 2
      vertex 5.55407 5.84579 2
    endloop
  endfacet
  facet normal 0 0 1
    outer loop
      vertex 6 19.3 2
      vertex 7.91388 17.8806 2
      vertex 7.84775 18.0654 2
    endloop
  endfacet
  facet normal -0 0 1
    outer loop
      vertex 4.97965 4.459 2
      vertex 8 -17.3 2
      vertex 5.31231 5.13357 2
    endloop
  endfacet
  facet normal 0 0 1
    outer loop
      vertex 6 19.3 2
      vertex 7.84775 18.0654 2
      vertex 7.76384 18.2428 2
    endloop
  endfacet
  facet normal -0 0 1
    outer loop
      vertex 4.3978 -11.7698 2
      vertex 8 -17.3 2
      vertex 4.97965 4.459 2
    endloop
  endfacet
  facet normal 0 0 1
    outer loop
      vertex 6 19.3 2
      vertex 7.76384 18.2428 2
      vertex 7.66293 18.4111 2
    endloop
  endfacet
  facet normal -0 0 1
    outer loop
      vertex 4.39487 -12.0391 2
      vertex 8 -17.3 2
      vertex 4.40105 -11.8763 2
    endloop
  endfacet
  facet normal 0 0 1
    outer loop
      vertex 6 19.3 2
      vertex 7.66293 18.4111 2
      vertex 7.54602 18.5688 2
    endloop
  endfacet
  facet normal -0 0 1
    outer loop
      vertex 4.34547 -12.3374 2
      vertex 8 -17.3 2
      vertex 4.37634 -12.1928 2
    endloop
  endfacet
  facet normal 0 0 1
    outer loop
      vertex 6 19.3 2
      vertex 7.54602 18.5688 2
      vertex 7.4142 18.7142 2
    endloop
  endfacet
  facet normal -0 0 1
    outer loop
      vertex 4.30225 -12.4729 2
      vertex 8 -17.3 2
      vertex 4.34547 -12.3374 2
    endloop
  endfacet
  facet normal 0 0 1
    outer loop
      vertex 6 19.3 2
      vertex 7.4142 18.7142 2
      vertex 7.26878 18.846 2
    endloop
  endfacet
  facet normal 0 0 1
    outer loop
      vertex 8 17.3 2
      vertex 5.75 7.334 2
      vertex 5.70081 6.58347 2
    endloop
  endfacet
  facet normal 0 0 1
    outer loop
      vertex 6 19.3 2
      vertex 7.26878 18.846 2
      vertex 7.11113 18.9629 2
    endloop
  endfacet
  facet normal -0 0 1
    outer loop
      vertex 4.24667 -12.5993 2
      vertex 8 -17.3 2
      vertex 4.30225 -12.4729 2
    endloop
  endfacet
  facet normal 0 0 1
    outer loop
      vertex 6 19.3 2
      vertex 7.11113 18.9629 2
      vertex 6.94278 19.0638 2
    endloop
  endfacet
  facet normal -0 0 1
    outer loop
      vertex 4.17876 -12.7167 2
      vertex 8 -17.3 2
      vertex 4.24667 -12.5993 2
    endloop
  endfacet
  facet normal 0 0 1
    outer loop
      vertex 6 19.3 2
      vertex 6.94278 19.0638 2
      vertex 6.76537 19.1478 2
    endloop
  endfacet
  facet normal -0 0 1
    outer loop
      vertex 4.09848 -12.825 2
      vertex 8 -17.3 2
      vertex 4.17876 -12.7167 2
    endloop
  endfacet
  facet normal 0 0 1
    outer loop
      vertex 6 19.3 2
      vertex 6.76537 19.1478 2
      vertex 6.58057 19.2139 2
    endloop
  endfacet
  facet normal -0 0 1
    outer loop
      vertex 4.00586 -12.9242 2
      vertex 8 -17.3 2
      vertex 4.09848 -12.825 2
    endloop
  endfacet
  facet normal 0 0 1
    outer loop
      vertex 6 19.3 2
      vertex 6.58057 19.2139 2
      vertex 6.39017 19.2616 2
    endloop
  endfacet
  facet normal -0 0 1
    outer loop
      vertex 3.90089 -13.0143 2
      vertex 8 -17.3 2
      vertex 4.00586 -12.9242 2
    endloop
  endfacet
  facet normal 0 0 1
    outer loop
      vertex 6 19.3 2
      vertex 6.39017 19.2616 2
      vertex 6.19603 19.2904 2
    endloop
  endfacet
  facet normal -0 0 1
    outer loop
      vertex 3.7838 -13.095 2
      vertex 8 -17.3 2
      vertex 3.90089 -13.0143 2
    endloop
  endfacet
  facet normal 0 0 1
    outer loop
      vertex 8 17.3 2
      vertex 6 19.3 2
      vertex 2.875 12.3136 2
    endloop
  endfacet
  facet normal 0 -0 1
    outer loop
      vertex 6 -19.3 2
      vertex 8 -17.3 2
      vertex 3.65477 -13.1663 2
    endloop
  endfacet
  facet normal 0 0 1
    outer loop
      vertex 8 -17.3 2
      vertex 6 -19.3 2
      vertex 7.99036 -17.496 2
    endloop
  endfacet
  facet normal 0 0 1
    outer loop
      vertex 8 17.3 2
      vertex 5.70081 8.08453 2
      vertex 5.75 7.334 2
    endloop
  endfacet
  facet normal 0 0 1
    outer loop
      vertex 8 17.3 2
      vertex 5.55407 8.82221 2
      vertex 5.70081 8.08453 2
    endloop
  endfacet
  facet normal 0 0 1
    outer loop
      vertex 8 17.3 2
      vertex 5.31231 9.53443 2
      vertex 5.55407 8.82221 2
    endloop
  endfacet
  facet normal 0 0 1
    outer loop
      vertex 8 17.3 2
      vertex 4.97965 10.209 2
      vertex 5.31231 9.53443 2
    endloop
  endfacet
  facet normal 0 0 1
    outer loop
      vertex 8 17.3 2
      vertex 4.56178 10.8344 2
      vertex 4.97965 10.209 2
    endloop
  endfacet
  facet normal 0 0 1
    outer loop
      vertex 8 17.3 2
      vertex 4.06586 11.3999 2
      vertex 4.56178 10.8344 2
    endloop
  endfacet
  facet normal 0 0 1
    outer loop
      vertex 8 17.3 2
      vertex 3.50038 11.8958 2
      vertex 4.06586 11.3999 2
    endloop
  endfacet
  facet normal 0 0 1
    outer loop
      vertex 8 17.3 2
      vertex 2.875 12.3136 2
      vertex 3.50038 11.8958 2
    endloop
  endfacet
  facet normal 0 0 1
    outer loop
      vertex 6 19.3 2
      vertex 2.20043 12.6463 2
      vertex 2.875 12.3136 2
    endloop
  endfacet
  facet normal 0 0 1
    outer loop
      vertex 6 19.3 2
      vertex 1.48821 12.8881 2
      vertex 2.20043 12.6463 2
    endloop
  endfacet
  facet normal 0 0 1
    outer loop
      vertex 6 19.3 2
      vertex 0.750525 13.0348 2
      vertex 1.48821 12.8881 2
    endloop
  endfacet
  facet normal -0 0 1
    outer loop
      vertex -3.75737 19.3 2
      vertex 0.750525 13.0348 2
      vertex 6 19.3 2
    endloop
  endfacet
  facet normal 0 0 1
    outer loop
      vertex 0.750525 13.0348 2
      vertex -3.75737 19.3 2
      vertex 0 13.084 2
    endloop
  endfacet
  facet normal 0 0 1
    outer loop
      vertex 0 13.084 2
      vertex -3.75737 19.3 2
      vertex -0.750525 13.0348 2
    endloop
  endfacet
  facet normal 0 0 1
    outer loop
      vertex -0.750525 13.0348 2
      vertex -3.75737 19.3 2
      vertex -1.48821 12.8881 2
    endloop
  endfacet
  facet normal 0 0 1
    outer loop
      vertex -1.48821 12.8881 2
      vertex -3.75737 19.3 2
      vertex -2.20043 12.6463 2
    endloop
  endfacet
  facet normal 0 0 1
    outer loop
      vertex -2.20043 12.6463 2
      vertex -3.75737 19.3 2
      vertex -2.875 12.3136 2
    endloop
  endfacet
  facet normal -0 0 1
    outer loop
      vertex -8 15.0574 2
      vertex -2.875 12.3136 2
      vertex -3.75737 19.3 2
    endloop
  endfacet
  facet normal 0 0 1
    outer loop
      vertex -2.875 12.3136 2
      vertex -8 15.0574 2
      vertex -3.50038 11.8958 2
    endloop
  endfacet
  facet normal 0 0 1
    outer loop
      vertex -3.50038 11.8958 2
      vertex -8 15.0574 2
      vertex -4.06586 11.3999 2
    endloop
  endfacet
  facet normal 0 0 1
    outer loop
      vertex -4.06586 11.3999 2
      vertex -8 15.0574 2
      vertex -4.56178 10.8344 2
    endloop
  endfacet
  facet normal 0 0 1
    outer loop
      vertex -4.56178 10.8344 2
      vertex -8 15.0574 2
      vertex -4.97965 10.209 2
    endloop
  endfacet
  facet normal 0 0 1
    outer loop
      vertex -4.97965 10.209 2
      vertex -8 15.0574 2
      vertex -5.31231 9.53443 2
    endloop
  endfacet
  facet normal 0 0 1
    outer loop
      vertex -5.31231 9.53443 2
      vertex -8 15.0574 2
      vertex -5.55407 8.82221 2
    endloop
  endfacet
  facet normal 0 0 1
    outer loop
      vertex -4.2542 -13.1464 2
      vertex -6.19603 -19.2904 2
      vertex -6 -19.3 2
    endloop
  endfacet
  facet normal 0 0 1
    outer loop
      vertex -5.70081 6.58347 2
      vertex -8 -17.3 2
      vertex -6.19603 -19.2904 2
    endloop
  endfacet
  facet normal 0 0 1
    outer loop
      vertex -6.19603 -19.2904 2
      vertex -8 -17.3 2
      vertex -6.39017 -19.2616 2
    endloop
  endfacet
  facet normal 0 0 1
    outer loop
      vertex -6.39017 -19.2616 2
      vertex -8 -17.3 2
      vertex -6.58057 -19.2139 2
    endloop
  endfacet
  facet normal 0 0 1
    outer loop
      vertex -6.58057 -19.2139 2
      vertex -8 -17.3 2
      vertex -6.76537 -19.1478 2
    endloop
  endfacet
  facet normal 0 0 1
    outer loop
      vertex -6.76537 -19.1478 2
      vertex -8 -17.3 2
      vertex -6.94278 -19.0638 2
    endloop
  endfacet
  facet normal 0 0 1
    outer loop
      vertex -6.94278 -19.0638 2
      vertex -8 -17.3 2
      vertex -7.11113 -18.9629 2
    endloop
  endfacet
  facet normal 0 0 1
    outer loop
      vertex -7.11113 -18.9629 2
      vertex -8 -17.3 2
      vertex -7.26878 -18.846 2
    endloop
  endfacet
  facet normal 0 0 1
    outer loop
      vertex -7.26878 -18.846 2
      vertex -8 -17.3 2
      vertex -7.4142 -18.7142 2
    endloop
  endfacet
  facet normal 0 0 1
    outer loop
      vertex -8 15.0574 2
      vertex -5.75 7.334 2
      vertex -5.70081 8.08453 2
    endloop
  endfacet
  facet normal 0 0 1
    outer loop
      vertex -7.4142 -18.7142 2
      vertex -8 -17.3 2
      vertex -7.54602 -18.5688 2
    endloop
  endfacet
  facet normal 0 0 1
    outer loop
      vertex -7.54602 -18.5688 2
      vertex -8 -17.3 2
      vertex -7.66293 -18.4111 2
    endloop
  endfacet
  facet normal 0 0 1
    outer loop
      vertex -7.66293 -18.4111 2
      vertex -8 -17.3 2
      vertex -7.76384 -18.2428 2
    endloop
  endfacet
  facet normal 0 0 1
    outer loop
      vertex -7.76384 -18.2428 2
      vertex -8 -17.3 2
      vertex -7.84775 -18.0654 2
    endloop
  endfacet
  facet normal 0 0 1
    outer loop
      vertex -7.84775 -18.0654 2
      vertex -8 -17.3 2
      vertex -7.91388 -17.8806 2
    endloop
  endfacet
  facet normal 0 0 1
    outer loop
      vertex -7.91388 -17.8806 2
      vertex -8 -17.3 2
      vertex -7.96156 -17.6902 2
    endloop
  endfacet
  facet normal 0 0 1
    outer loop
      vertex -5.55407 8.82221 2
      vertex -8 15.0574 2
      vertex -5.70081 8.08453 2
    endloop
  endfacet
  facet normal 0 0 1
    outer loop
      vertex -5.70081 6.58347 2
      vertex -8 15.0574 2
      vertex -8 -17.3 2
    endloop
  endfacet
  facet normal 0 0 1
    outer loop
      vertex -7.96156 -17.6902 2
      vertex -8 -17.3 2
      vertex -7.99036 -17.496 2
    endloop
  endfacet
  facet normal 0 0 1
    outer loop
      vertex 7.99036 -17.496 2
      vertex 6 -19.3 2
      vertex 7.96156 -17.6902 2
    endloop
  endfacet
  facet normal 0 0 1
    outer loop
      vertex 7.96156 -17.6902 2
      vertex 6 -19.3 2
      vertex 7.91388 -17.8806 2
    endloop
  endfacet
  facet normal -0 0 1
    outer loop
      vertex 3.65477 -13.1663 2
      vertex 8 -17.3 2
      vertex 3.7838 -13.095 2
    endloop
  endfacet
  facet normal -0 0 1
    outer loop
      vertex 4.37634 -12.1928 2
      vertex 8 -17.3 2
      vertex 4.39487 -12.0391 2
    endloop
  endfacet
  facet normal 0 0 1
    outer loop
      vertex 4.14497 -8.83734 2
      vertex 4.97965 4.459 2
      vertex 4.56178 3.83362 2
    endloop
  endfacet
  facet normal 0 0 1
    outer loop
      vertex 7.91388 -17.8806 2
      vertex 6 -19.3 2
      vertex 7.84775 -18.0654 2
    endloop
  endfacet
  facet normal 0 0 1
    outer loop
      vertex 7.76384 -18.2428 2
      vertex 6 -19.3 2
      vertex 7.66293 -18.4111 2
    endloop
  endfacet
  facet normal 0 0 1
    outer loop
      vertex 7.66293 -18.4111 2
      vertex 6 -19.3 2
      vertex 7.54602 -18.5688 2
    endloop
  endfacet
  facet normal 0 0 1
    outer loop
      vertex 7.54602 -18.5688 2
      vertex 6 -19.3 2
      vertex 7.4142 -18.7142 2
    endloop
  endfacet
  facet normal 0 0 1
    outer loop
      vertex 7.4142 -18.7142 2
      vertex 6 -19.3 2
      vertex 7.26878 -18.846 2
    endloop
  endfacet
  facet normal 0 0 1
    outer loop
      vertex 7.26878 -18.846 2
      vertex 6 -19.3 2
      vertex 7.11113 -18.9629 2
    endloop
  endfacet
  facet normal 0 0 1
    outer loop
      vertex 7.11113 -18.9629 2
      vertex 6 -19.3 2
      vertex 6.94278 -19.0638 2
    endloop
  endfacet
  facet normal 0 0 1
    outer loop
      vertex 6.76537 -19.1478 2
      vertex 6 -19.3 2
      vertex 6.58057 -19.2139 2
    endloop
  endfacet
  facet normal 0 0 1
    outer loop
      vertex 6.58057 -19.2139 2
      vertex 6 -19.3 2
      vertex 6.39017 -19.2616 2
    endloop
  endfacet
  facet normal 0 0 1
    outer loop
      vertex 6.39017 -19.2616 2
      vertex 6 -19.3 2
      vertex 6.19603 -19.2904 2
    endloop
  endfacet
  facet normal 0 0 1
    outer loop
      vertex 6.94278 -19.0638 2
      vertex 6 -19.3 2
      vertex 6.76537 -19.1478 2
    endloop
  endfacet
  facet normal 0 0 1
    outer loop
      vertex 7.84775 -18.0654 2
      vertex 6 -19.3 2
      vertex 7.76384 -18.2428 2
    endloop
  endfacet
  facet normal -0 0 1
    outer loop
      vertex 3.51381 -13.2281 2
      vertex 6 -19.3 2
      vertex 3.65477 -13.1663 2
    endloop
  endfacet
  facet normal -0 0 1
    outer loop
      vertex 3.36092 -13.2804 2
      vertex 6 -19.3 2
      vertex 3.51381 -13.2281 2
    endloop
  endfacet
  facet normal -0 0 1
    outer loop
      vertex 3.19611 -13.3231 2
      vertex 6 -19.3 2
      vertex 3.36092 -13.2804 2
    endloop
  endfacet
  facet normal -0 0 1
    outer loop
      vertex 3.01936 -13.3564 2
      vertex 6 -19.3 2
      vertex 3.19611 -13.3231 2
    endloop
  endfacet
  facet normal -0 0 1
    outer loop
      vertex 2.83069 -13.3802 2
      vertex 6 -19.3 2
      vertex 3.01936 -13.3564 2
    endloop
  endfacet
  facet normal -0 0 1
    outer loop
      vertex 2.63008 -13.3944 2
      vertex 6 -19.3 2
      vertex 2.83069 -13.3802 2
    endloop
  endfacet
  facet normal -0 0 1
    outer loop
      vertex 2.41754 -13.3992 2
      vertex 6 -19.3 2
      vertex 2.63008 -13.3944 2
    endloop
  endfacet
  facet normal 0 0 1
    outer loop
      vertex 2.20424 -13.3944 2
      vertex 6 -19.3 2
      vertex 2.41754 -13.3992 2
    endloop
  endfacet
  facet normal 0 0 1
    outer loop
      vertex 2.00287 -13.3802 2
      vertex 6 -19.3 2
      vertex 2.20424 -13.3944 2
    endloop
  endfacet
  facet normal 0 0 1
    outer loop
      vertex 1.81343 -13.3564 2
      vertex 6 -19.3 2
      vertex 2.00287 -13.3802 2
    endloop
  endfacet
  facet normal 0 0 1
    outer loop
      vertex 1.63593 -13.3231 2
      vertex 6 -19.3 2
      vertex 1.81343 -13.3564 2
    endloop
  endfacet
  facet normal 0 0 1
    outer loop
      vertex 1.47035 -13.2804 2
      vertex 6 -19.3 2
      vertex 1.63593 -13.3231 2
    endloop
  endfacet
  facet normal 0 0 1
    outer loop
      vertex -1.45918 -13.225 2
      vertex 1.47035 -13.2804 2
      vertex 1.3167 -13.2281 2
    endloop
  endfacet
  facet normal 0 0 1
    outer loop
      vertex -1.29845 -13.162 2
      vertex 1.3167 -13.2281 2
      vertex 1.17499 -13.1663 2
    endloop
  endfacet
  facet normal 0 0 1
    outer loop
      vertex -1.15076 -13.0894 2
      vertex 1.17499 -13.1663 2
      vertex 1.0452 -13.095 2
    endloop
  endfacet
  facet normal 0 0 1
    outer loop
      vertex -1.01614 -13.0072 2
      vertex 1.0452 -13.095 2
      vertex 0.927338 -13.0143 2
    endloop
  endfacet
  facet normal 0 0 1
    outer loop
      vertex -0.895172 -12.9156 2
      vertex 0.927338 -13.0143 2
      vertex 0.821671 -12.9242 2
    endloop
  endfacet
  facet normal 0 0 1
    outer loop
      vertex -0.788437 -12.8151 2
      vertex 0.821671 -12.9242 2
      vertex 0.728424 -12.825 2
    endloop
  endfacet
  facet normal 0 -0 1
    outer loop
      vertex -0.452881 -11.6456 2
      vertex 0.453033 -11.5694 2
      vertex -0.469315 -11.5442 2
    endloop
  endfacet
  facet normal 0 0 1
    outer loop
      vertex 0.453033 -11.5694 2
      vertex -0.452881 -11.6456 2
      vertex 0.436813 -11.6675 2
    endloop
  endfacet
  facet normal 0 0 1
    outer loop
      vertex 0.436813 -11.6675 2
      vertex -0.443024 -11.7514 2
      vertex 0.427094 -11.7698 2
    endloop
  endfacet
  facet normal 0 -0 1
    outer loop
      vertex -0.439743 -11.8616 2
      vertex 0.427094 -11.7698 2
      vertex -0.443024 -11.7514 2
    endloop
  endfacet
  facet normal 0 0 1
    outer loop
      vertex 0.430054 -12.0391 2
      vertex -0.468201 -12.1786 2
      vertex 0.4487 -12.1928 2
    endloop
  endfacet
  facet normal 0 0 1
    outer loop
      vertex 0.4487 -12.1928 2
      vertex -0.468201 -12.1786 2
      vertex 0.479782 -12.3374 2
    endloop
  endfacet
  facet normal -0 0 1
    outer loop
      vertex -0.503784 -12.3238 2
      vertex 0.479782 -12.3374 2
      vertex -0.468201 -12.1786 2
    endloop
  endfacet
  facet normal 0 0 1
    outer loop
      vertex 0.479782 -12.3374 2
      vertex -0.503784 -12.3238 2
      vertex 0.5233 -12.4729 2
    endloop
  endfacet
  facet normal -0 0 1
    outer loop
      vertex -0.553604 -12.46 2
      vertex 0.5233 -12.4729 2
      vertex -0.503784 -12.3238 2
    endloop
  endfacet
  facet normal 0 0 1
    outer loop
      vertex 0.5233 -12.4729 2
      vertex -0.553604 -12.46 2
      vertex 0.579239 -12.5993 2
    endloop
  endfacet
  facet normal -0 0 1
    outer loop
      vertex -0.617645 -12.5873 2
      vertex 0.579239 -12.5993 2
      vertex -0.553604 -12.46 2
    endloop
  endfacet
  facet normal 0 0 1
    outer loop
      vertex 0.579239 -12.5993 2
      vertex -0.617645 -12.5873 2
      vertex 0.647614 -12.7167 2
    endloop
  endfacet
  facet normal -0 0 1
    outer loop
      vertex -0.695923 -12.7056 2
      vertex 0.647614 -12.7167 2
      vertex -0.617645 -12.5873 2
    endloop
  endfacet
  facet normal 0 0 1
    outer loop
      vertex 0.647614 -12.7167 2
      vertex -0.695923 -12.7056 2
      vertex 0.728424 -12.825 2
    endloop
  endfacet
  facet normal -0 0 1
    outer loop
      vertex -0.788437 -12.8151 2
      vertex 0.728424 -12.825 2
      vertex -0.695923 -12.7056 2
    endloop
  endfacet
  facet normal 0 0 1
    outer loop
      vertex 0.821671 -12.9242 2
      vertex -0.788437 -12.8151 2
      vertex -0.895172 -12.9156 2
    endloop
  endfacet
  facet normal 0 0 1
    outer loop
      vertex 0.927338 -13.0143 2
      vertex -0.895172 -12.9156 2
      vertex -1.01614 -13.0072 2
    endloop
  endfacet
  facet normal 0 0 1
    outer loop
      vertex 1.0452 -13.095 2
      vertex -1.01614 -13.0072 2
      vertex -1.15076 -13.0894 2
    endloop
  endfacet
  facet normal 0 0 1
    outer loop
      vertex 1.17499 -13.1663 2
      vertex -1.15076 -13.0894 2
      vertex -1.29845 -13.162 2
    endloop
  endfacet
  facet normal 0 0 1
    outer loop
      vertex 1.3167 -13.2281 2
      vertex -1.29845 -13.162 2
      vertex -1.45918 -13.225 2
    endloop
  endfacet
  facet normal 0 0 1
    outer loop
      vertex 1.47035 -13.2804 2
      vertex -1.45918 -13.225 2
      vertex -1.63298 -13.2782 2
    endloop
  endfacet
  facet normal 0 0 1
    outer loop
      vertex 1.47035 -13.2804 2
      vertex -1.63298 -13.2782 2
      vertex -6 -19.3 2
    endloop
  endfacet
  facet normal 0 0 1
    outer loop
      vertex -6 -19.3 2
      vertex -1.63298 -13.2782 2
      vertex -1.81984 -13.3217 2
    endloop
  endfacet
  facet normal 0 0 1
    outer loop
      vertex -6 -19.3 2
      vertex -1.81984 -13.3217 2
      vertex -2.01976 -13.3556 2
    endloop
  endfacet
  facet normal 0 0 1
    outer loop
      vertex -6 -19.3 2
      vertex -2.01976 -13.3556 2
      vertex -2.23274 -13.3798 2
    endloop
  endfacet
  facet normal 0 0 1
    outer loop
      vertex -6 -19.3 2
      vertex -2.23274 -13.3798 2
      vertex -2.45879 -13.3943 2
    endloop
  endfacet
  facet normal 0 0 1
    outer loop
      vertex -6 -19.3 2
      vertex -2.45879 -13.3943 2
      vertex -2.69789 -13.3992 2
    endloop
  endfacet
  facet normal 0 0 1
    outer loop
      vertex -6 -19.3 2
      vertex -2.69789 -13.3992 2
      vertex -2.78458 -13.3984 2
    endloop
  endfacet
  facet normal 0 0 1
    outer loop
      vertex -6 -19.3 2
      vertex -2.78458 -13.3984 2
      vertex -2.87129 -13.3961 2
    endloop
  endfacet
  facet normal 0 0 1
    outer loop
      vertex -6 -19.3 2
      vertex -2.87129 -13.3961 2
      vertex -2.95804 -13.3922 2
    endloop
  endfacet
  facet normal 0 0 1
    outer loop
      vertex -6 -19.3 2
      vertex -2.95804 -13.3922 2
      vertex -3.04485 -13.3867 2
    endloop
  endfacet
  facet normal 0 0 1
    outer loop
      vertex -6 -19.3 2
      vertex -3.04485 -13.3867 2
      vertex -3.13168 -13.3797 2
    endloop
  endfacet
  facet normal 0 0 1
    outer loop
      vertex -6 -19.3 2
      vertex -3.13168 -13.3797 2
      vertex -3.21857 -13.3711 2
    endloop
  endfacet
  facet normal 0 0 1
    outer loop
      vertex -6 -19.3 2
      vertex -3.21857 -13.3711 2
      vertex -3.30548 -13.361 2
    endloop
  endfacet
  facet normal 0 0 1
    outer loop
      vertex -6 -19.3 2
      vertex -3.30548 -13.361 2
      vertex -3.39244 -13.3493 2
    endloop
  endfacet
  facet normal 0 0 1
    outer loop
      vertex -6 -19.3 2
      vertex -3.39244 -13.3493 2
      vertex -3.47945 -13.336 2
    endloop
  endfacet
  facet normal 0 0 1
    outer loop
      vertex -6 -19.3 2
      vertex -3.47945 -13.336 2
      vertex -3.56636 -13.3212 2
    endloop
  endfacet
  facet normal 0 0 1
    outer loop
      vertex -6 -19.3 2
      vertex -3.56636 -13.3212 2
      vertex -3.65308 -13.3048 2
    endloop
  endfacet
  facet normal 0 0 1
    outer loop
      vertex -6 -19.3 2
      vertex -3.65308 -13.3048 2
      vertex -3.73958 -13.2868 2
    endloop
  endfacet
  facet normal 0 0 1
    outer loop
      vertex -6 -19.3 2
      vertex -3.73958 -13.2868 2
      vertex -3.82587 -13.2673 2
    endloop
  endfacet
  facet normal 0 0 1
    outer loop
      vertex -6 -19.3 2
      vertex -3.82587 -13.2673 2
      vertex -3.91194 -13.2463 2
    endloop
  endfacet
  facet normal 0 0 1
    outer loop
      vertex -6 -19.3 2
      vertex -3.91194 -13.2463 2
      vertex -3.99782 -13.2236 2
    endloop
  endfacet
  facet normal 0 0 1
    outer loop
      vertex -6 -19.3 2
      vertex -3.99782 -13.2236 2
      vertex -4.08348 -13.1995 2
    endloop
  endfacet
  facet normal 0 0 1
    outer loop
      vertex -6 -19.3 2
      vertex -4.08348 -13.1995 2
      vertex -4.16895 -13.1737 2
    endloop
  endfacet
  facet normal 0 0 1
    outer loop
      vertex -6 -19.3 2
      vertex -4.16895 -13.1737 2
      vertex -4.2542 -13.1464 2
    endloop
  endfacet
  facet normal 0 0 1
    outer loop
      vertex -6.19603 -19.2904 2
      vertex -4.0372 -8.36241 2
      vertex -5.55407 5.84579 2
    endloop
  endfacet
  facet normal 0 0 1
    outer loop
      vertex -4.0372 -8.36241 2
      vertex -6.19603 -19.2904 2
      vertex -4.0372 -9.31921 2
    endloop
  endfacet
  facet normal 0 0 1
    outer loop
      vertex -6.19603 -19.2904 2
      vertex -4.2542 -12.1384 2
      vertex -4.0372 -9.31921 2
    endloop
  endfacet
  facet normal 0 0 1
    outer loop
      vertex -6.19603 -19.2904 2
      vertex -5.55407 5.84579 2
      vertex -5.70081 6.58347 2
    endloop
  endfacet
  facet normal 0 0 1
    outer loop
      vertex 1.47035 -13.2804 2
      vertex -6 -19.3 2
      vertex 6 -19.3 2
    endloop
  endfacet
  facet normal 0 0 1
    outer loop
      vertex -6.19603 -19.2904 2
      vertex -4.2542 -13.1464 2
      vertex -4.2542 -12.1384 2
    endloop
  endfacet
  facet normal 0 0 1
    outer loop
      vertex -8 15.0574 2
      vertex -5.70081 6.58347 2
      vertex -5.75 7.334 2
    endloop
  endfacet
  facet normal 0 0 1
    outer loop
      vertex 4.37184 -11.5694 2
      vertex 4.2809 -9.64216 2
      vertex 4.34914 -11.4753 2
    endloop
  endfacet
  facet normal -0 0 1
    outer loop
      vertex 4.26636 -9.72911 2
      vertex 4.34914 -11.4753 2
      vertex 4.2809 -9.64216 2
    endloop
  endfacet
  facet normal 0 0 1
    outer loop
      vertex 4.34914 -11.4753 2
      vertex 4.26636 -9.72911 2
      vertex 4.31993 -11.3855 2
    endloop
  endfacet
  facet normal -0 0 1
    outer loop
      vertex 4.24599 -9.81254 2
      vertex 4.31993 -11.3855 2
      vertex 4.26636 -9.72911 2
    endloop
  endfacet
  facet normal 0 0 1
    outer loop
      vertex 4.31993 -11.3855 2
      vertex 4.24599 -9.81254 2
      vertex 4.28424 -11.2997 2
    endloop
  endfacet
  facet normal -0 0 1
    outer loop
      vertex 4.21982 -9.89247 2
      vertex 4.28424 -11.2997 2
      vertex 4.24599 -9.81254 2
    endloop
  endfacet
  facet normal 0 0 1
    outer loop
      vertex 4.28424 -11.2997 2
      vertex 4.21982 -9.89247 2
      vertex 4.24207 -11.2181 2
    endloop
  endfacet
  facet normal -0 0 1
    outer loop
      vertex 4.18781 -9.96887 2
      vertex 4.24207 -11.2181 2
      vertex 4.21982 -9.89247 2
    endloop
  endfacet
  facet normal 0 0 1
    outer loop
      vertex 4.24207 -11.2181 2
      vertex 4.18781 -9.96887 2
      vertex 4.19341 -11.1407 2
    endloop
  endfacet
  facet normal -0 0 1
    outer loop
      vertex 4.14999 -10.0417 2
      vertex 4.19341 -11.1407 2
      vertex 4.18781 -9.96887 2
    endloop
  endfacet
  facet normal -0 0 1
    outer loop
      vertex 4.10635 -10.1111 2
      vertex 4.19341 -11.1407 2
      vertex 4.14999 -10.0417 2
    endloop
  endfacet
  facet normal 0 0 1
    outer loop
      vertex 4.19341 -11.1407 2
      vertex 4.10635 -10.1111 2
      vertex 4.13824 -11.0674 2
    endloop
  endfacet
  facet normal -0 0 1
    outer loop
      vertex 4.05688 -10.177 2
      vertex 4.13824 -11.0674 2
      vertex 4.10635 -10.1111 2
    endloop
  endfacet
  facet normal 0 0 1
    outer loop
      vertex 4.13824 -11.0674 2
      vertex 4.05688 -10.177 2
      vertex 4.07674 -10.9984 2
    endloop
  endfacet
  facet normal -0 0 1
    outer loop
      vertex 4.00174 -10.2392 2
      vertex 4.07674 -10.9984 2
      vertex 4.05688 -10.177 2
    endloop
  endfacet
  facet normal 0 0 1
    outer loop
      vertex 4.07674 -10.9984 2
      vertex 4.00174 -10.2392 2
      vertex 4.00899 -10.9337 2
    endloop
  endfacet
  facet normal -0 0 1
    outer loop
      vertex 3.94102 -10.2977 2
      vertex 4.00899 -10.9337 2
      vertex 4.00174 -10.2392 2
    endloop
  endfacet
  facet normal 0 0 1
    outer loop
      vertex 3.94102 -10.2977 2
      vertex 3.935 -10.8735 2
      vertex 4.00899 -10.9337 2
    endloop
  endfacet
  facet normal -0 0 1
    outer loop
      vertex 3.87474 -10.3526 2
      vertex 3.935 -10.8735 2
      vertex 3.94102 -10.2977 2
    endloop
  endfacet
  facet normal 0 0 1
    outer loop
      vertex 3.87474 -10.3526 2
      vertex 3.85478 -10.8177 2
      vertex 3.935 -10.8735 2
    endloop
  endfacet
  facet normal -0 0 1
    outer loop
      vertex 3.80289 -10.4038 2
      vertex 3.85478 -10.8177 2
      vertex 3.87474 -10.3526 2
    endloop
  endfacet
  facet normal 0 0 1
    outer loop
      vertex 3.80289 -10.4038 2
      vertex 3.76833 -10.7662 2
      vertex 3.85478 -10.8177 2
    endloop
  endfacet
  facet normal -0 0 1
    outer loop
      vertex 3.72546 -10.4513 2
      vertex 3.76833 -10.7662 2
      vertex 3.80289 -10.4038 2
    endloop
  endfacet
  facet normal 0 0 1
    outer loop
      vertex 3.72546 -10.4513 2
      vertex 3.67561 -10.7192 2
      vertex 3.76833 -10.7662 2
    endloop
  endfacet
  facet normal -0 0 1
    outer loop
      vertex 3.64247 -10.4951 2
      vertex 3.67561 -10.7192 2
      vertex 3.72546 -10.4513 2
    endloop
  endfacet
  facet normal 0 0 1
    outer loop
      vertex 3.64247 -10.4951 2
      vertex 3.57668 -10.6765 2
      vertex 3.67561 -10.7192 2
    endloop
  endfacet
  facet normal -0 0 1
    outer loop
      vertex 3.55391 -10.5352 2
      vertex 3.57668 -10.6765 2
      vertex 3.64247 -10.4951 2
    endloop
  endfacet
  facet normal 0 0 1
    outer loop
      vertex 3.55391 -10.5352 2
      vertex 3.47151 -10.6383 2
      vertex 3.57668 -10.6765 2
    endloop
  endfacet
  facet normal -0 0 1
    outer loop
      vertex 3.45979 -10.5717 2
      vertex 3.47151 -10.6383 2
      vertex 3.55391 -10.5352 2
    endloop
  endfacet
  facet normal 0 0 1
    outer loop
      vertex 3.47151 -10.6383 2
      vertex 3.45979 -10.5717 2
      vertex 3.36009 -10.6044 2
    endloop
  endfacet
  facet normal 0 0 1
    outer loop
      vertex 2.80412 -8.16131 2
      vertex 2.5 -7.645 2
      vertex 2.61626 -8.14894 2
    endloop
  endfacet
  facet normal -0 0 1
    outer loop
      vertex 2.45195 -8.13272 2
      vertex 2.61626 -8.14894 2
      vertex 2.5 -7.645 2
    endloop
  endfacet
  facet normal 0 0 1
    outer loop
      vertex 2.61626 -8.14894 2
      vertex 2.45195 -8.13272 2
      vertex 2.44809 -8.14544 2
    endloop
  endfacet
  facet normal 0 0 1
    outer loop
      vertex -2.02824 -11.2894 2
      vertex -1.74509 -11.8138 2
      vertex -1.7486 -11.7389 2
    endloop
  endfacet
  facet normal 0 0 1
    outer loop
      vertex -1.74509 -11.8138 2
      vertex -2.02144 -12.3297 2
      vertex -1.7485 -11.8865 2
    endloop
  endfacet
  facet normal 0 0 1
    outer loop
      vertex -2.02824 -11.2894 2
      vertex -1.7486 -11.7389 2
      vertex -1.75908 -11.6682 2
    endloop
  endfacet
  facet normal 0 -0 1
    outer loop
      vertex -1.96344 -12.2878 2
      vertex -1.7485 -11.8865 2
      vertex -2.02144 -12.3297 2
    endloop
  endfacet
  facet normal 0 0 1
    outer loop
      vertex -1.96881 -11.3311 2
      vertex -1.75908 -11.6682 2
      vertex -1.77655 -11.6017 2
    endloop
  endfacet
  facet normal 0 0 1
    outer loop
      vertex -1.75874 -11.9554 2
      vertex -1.96344 -12.2878 2
      vertex -1.7758 -12.0205 2
    endloop
  endfacet
  facet normal 0 0 1
    outer loop
      vertex -1.96881 -11.3311 2
      vertex -1.77655 -11.6017 2
      vertex -1.80103 -11.5393 2
    endloop
  endfacet
  facet normal 0 -0 1
    outer loop
      vertex -1.91226 -12.242 2
      vertex -1.7758 -12.0205 2
      vertex -1.96344 -12.2878 2
    endloop
  endfacet
  facet normal 0 0 1
    outer loop
      vertex -1.91638 -11.3769 2
      vertex -1.80103 -11.5393 2
      vertex -1.83249 -11.481 2
    endloop
  endfacet
  facet normal 0 0 1
    outer loop
      vertex -1.79968 -12.0816 2
      vertex -1.86792 -12.1924 2
      vertex -1.83038 -12.139 2
    endloop
  endfacet
  facet normal 0 0 1
    outer loop
      vertex -1.91638 -11.3769 2
      vertex -1.83249 -11.481 2
      vertex -1.87094 -11.4269 2
    endloop
  endfacet
  facet normal 0 0 1
    outer loop
      vertex -1.79968 -12.0816 2
      vertex -1.91226 -12.242 2
      vertex -1.86792 -12.1924 2
    endloop
  endfacet
  facet normal 0 0 1
    outer loop
      vertex -1.96881 -11.3311 2
      vertex -1.80103 -11.5393 2
      vertex -1.91638 -11.3769 2
    endloop
  endfacet
  facet normal 0 0 1
    outer loop
      vertex -1.7758 -12.0205 2
      vertex -1.91226 -12.242 2
      vertex -1.79968 -12.0816 2
    endloop
  endfacet
  facet normal 0 0 1
    outer loop
      vertex -2.02824 -11.2894 2
      vertex -1.75908 -11.6682 2
      vertex -1.96881 -11.3311 2
    endloop
  endfacet
  facet normal 0 0 1
    outer loop
      vertex -1.7485 -11.8865 2
      vertex -1.96344 -12.2878 2
      vertex -1.75874 -11.9554 2
    endloop
  endfacet
  facet normal 0 0 1
    outer loop
      vertex -1.74509 -11.8138 2
      vertex -2.02824 -11.2894 2
      vertex -2.02144 -12.3297 2
    endloop
  endfacet
  facet normal 0 0 1
    outer loop
      vertex -2.02824 -11.2894 2
      vertex -2.08585 -12.3675 2
      vertex -2.02144 -12.3297 2
    endloop
  endfacet
  facet normal 0 0 1
    outer loop
      vertex -2.09448 -11.252 2
      vertex -2.08585 -12.3675 2
      vertex -2.02824 -11.2894 2
    endloop
  endfacet
  facet normal 0 0 1
    outer loop
      vertex -2.09448 -11.252 2
      vertex -2.15623 -12.4008 2
      vertex -2.08585 -12.3675 2
    endloop
  endfacet
  facet normal 0 0 1
    outer loop
      vertex -2.16737 -11.219 2
      vertex -2.15623 -12.4008 2
      vertex -2.09448 -11.252 2
    endloop
  endfacet
  facet normal 0 0 1
    outer loop
      vertex -2.16737 -11.219 2
      vertex -2.2326 -12.4297 2
      vertex -2.15623 -12.4008 2
    endloop
  endfacet
  facet normal 0 0 1
    outer loop
      vertex -2.24693 -11.1904 2
      vertex -2.2326 -12.4297 2
      vertex -2.16737 -11.219 2
    endloop
  endfacet
  facet normal 0 0 1
    outer loop
      vertex -2.24693 -11.1904 2
      vertex -2.31497 -12.4541 2
      vertex -2.2326 -12.4297 2
    endloop
  endfacet
  facet normal 0 0 1
    outer loop
      vertex -2.33315 -11.1662 2
      vertex -2.31497 -12.4541 2
      vertex -2.24693 -11.1904 2
    endloop
  endfacet
  facet normal 0 0 1
    outer loop
      vertex -2.33315 -11.1662 2
      vertex -2.40332 -12.4741 2
      vertex -2.31497 -12.4541 2
    endloop
  endfacet
  facet normal 0 0 1
    outer loop
      vertex -2.42601 -11.1464 2
      vertex -2.40332 -12.4741 2
      vertex -2.33315 -11.1662 2
    endloop
  endfacet
  facet normal 0 0 1
    outer loop
      vertex -2.42601 -11.1464 2
      vertex -2.49765 -12.4896 2
      vertex -2.40332 -12.4741 2
    endloop
  endfacet
  facet normal 0 0 1
    outer loop
      vertex -2.52553 -11.131 2
      vertex -2.49765 -12.4896 2
      vertex -2.42601 -11.1464 2
    endloop
  endfacet
  facet normal 0 0 1
    outer loop
      vertex -2.52553 -11.131 2
      vertex -2.59796 -12.5007 2
      vertex -2.49765 -12.4896 2
    endloop
  endfacet
  facet normal 0 0 1
    outer loop
      vertex -2.63171 -11.12 2
      vertex -2.59796 -12.5007 2
      vertex -2.52553 -11.131 2
    endloop
  endfacet
  facet normal 0 0 1
    outer loop
      vertex -2.63171 -11.12 2
      vertex -2.70425 -12.5074 2
      vertex -2.59796 -12.5007 2
    endloop
  endfacet
  facet normal 0 0 1
    outer loop
      vertex -2.74455 -11.1134 2
      vertex -2.70425 -12.5074 2
      vertex -2.63171 -11.12 2
    endloop
  endfacet
  facet normal 0 0 1
    outer loop
      vertex -2.74455 -11.1134 2
      vertex -2.81654 -12.5096 2
      vertex -2.70425 -12.5074 2
    endloop
  endfacet
  facet normal 0 0 1
    outer loop
      vertex -2.86404 -11.1112 2
      vertex -2.81654 -12.5096 2
      vertex -2.74455 -11.1134 2
    endloop
  endfacet
  facet normal 0 0 1
    outer loop
      vertex -2.86404 -11.1112 2
      vertex -2.8943 -12.5084 2
      vertex -2.81654 -12.5096 2
    endloop
  endfacet
  facet normal 0 0 1
    outer loop
      vertex -2.86404 -11.1112 2
      vertex -2.97235 -12.505 2
      vertex -2.8943 -12.5084 2
    endloop
  endfacet
  facet normal 0 0 1
    outer loop
      vertex -2.86404 -11.1112 2
      vertex -3.05069 -12.4992 2
      vertex -2.97235 -12.505 2
    endloop
  endfacet
  facet normal 0 0 1
    outer loop
      vertex -2.86404 -11.1112 2
      vertex -3.12933 -12.4911 2
      vertex -3.05069 -12.4992 2
    endloop
  endfacet
  facet normal 0 0 1
    outer loop
      vertex -2.86404 -11.1112 2
      vertex -3.20825 -12.4807 2
      vertex -3.12933 -12.4911 2
    endloop
  endfacet
  facet normal -0 0 1
    outer loop
      vertex -3.3862 -11.1112 2
      vertex -3.20825 -12.4807 2
      vertex -2.86404 -11.1112 2
    endloop
  endfacet
  facet normal 0 0 1
    outer loop
      vertex -3.20825 -12.4807 2
      vertex -3.3862 -11.1112 2
      vertex -3.28748 -12.468 2
    endloop
  endfacet
  facet normal 0 0 1
    outer loop
      vertex -3.28748 -12.468 2
      vertex -3.3862 -11.1112 2
      vertex -3.36699 -12.453 2
    endloop
  endfacet
  facet normal 0 0 1
    outer loop
      vertex -3.3862 -11.1112 2
      vertex -3.44679 -12.4356 2
      vertex -3.36699 -12.453 2
    endloop
  endfacet
  facet normal -0 0 1
    outer loop
      vertex -3.53938 -9.14387 2
      vertex -3.3862 -10.2696 2
      vertex -3.46793 -9.12553 2
    endloop
  endfacet
  facet normal -0 0 1
    outer loop
      vertex -3.61075 -9.16389 2
      vertex -3.3862 -10.2696 2
      vertex -3.53938 -9.14387 2
    endloop
  endfacet
  facet normal 0 0 1
    outer loop
      vertex -3.3862 -11.1112 2
      vertex -3.52689 -12.416 2
      vertex -3.44679 -12.4356 2
    endloop
  endfacet
  facet normal -0 0 1
    outer loop
      vertex -3.68204 -9.18559 2
      vertex -3.3862 -10.2696 2
      vertex -3.61075 -9.16389 2
    endloop
  endfacet
  facet normal 0 0 1
    outer loop
      vertex -3.3862 -11.1112 2
      vertex -3.60721 -12.394 2
      vertex -3.52689 -12.416 2
    endloop
  endfacet
  facet normal -0 0 1
    outer loop
      vertex -3.75323 -9.20897 2
      vertex -3.3862 -10.2696 2
      vertex -3.68204 -9.18559 2
    endloop
  endfacet
  facet normal -0 0 1
    outer loop
      vertex -3.82436 -9.234 2
      vertex -3.3862 -10.2696 2
      vertex -3.75323 -9.20897 2
    endloop
  endfacet
  facet normal 0 0 1
    outer loop
      vertex -3.3862 -11.1112 2
      vertex -3.68764 -12.3699 2
      vertex -3.60721 -12.394 2
    endloop
  endfacet
  facet normal -0 0 1
    outer loop
      vertex -3.89539 -9.26074 2
      vertex -3.3862 -10.2696 2
      vertex -3.82436 -9.234 2
    endloop
  endfacet
  facet normal 0 0 1
    outer loop
      vertex -3.3862 -11.1112 2
      vertex -3.76819 -12.3435 2
      vertex -3.68764 -12.3699 2
    endloop
  endfacet
  facet normal -0 0 1
    outer loop
      vertex -3.96632 -9.28913 2
      vertex -3.3862 -10.2696 2
      vertex -3.89539 -9.26074 2
    endloop
  endfacet
  facet normal 0 0 1
    outer loop
      vertex -3.3862 -11.1112 2
      vertex -3.84888 -12.3149 2
      vertex -3.76819 -12.3435 2
    endloop
  endfacet
  facet normal -0 0 1
    outer loop
      vertex -4.0372 -9.31921 2
      vertex -3.3862 -10.2696 2
      vertex -3.96632 -9.28913 2
    endloop
  endfacet
  facet normal 0 0 1
    outer loop
      vertex -3.3862 -11.1112 2
      vertex -3.92969 -12.2841 2
      vertex -3.84888 -12.3149 2
    endloop
  endfacet
  facet normal 0 0 1
    outer loop
      vertex -4.2542 -12.1384 2
      vertex -3.3862 -10.2696 2
      vertex -4.0372 -9.31921 2
    endloop
  endfacet
  facet normal 0 0 1
    outer loop
      vertex -3.3862 -11.1112 2
      vertex -4.01062 -12.251 2
      vertex -3.92969 -12.2841 2
    endloop
  endfacet
  facet normal 0 0 1
    outer loop
      vertex -3.3862 -10.2696 2
      vertex -4.2542 -12.1384 2
      vertex -3.3862 -11.1112 2
    endloop
  endfacet
  facet normal 0 0 1
    outer loop
      vertex -3.3862 -11.1112 2
      vertex -4.09169 -12.2157 2
      vertex -4.01062 -12.251 2
    endloop
  endfacet
  facet normal 0 0 1
    outer loop
      vertex -4.97965 4.459 2
      vertex -4.0372 -8.36241 2
      vertex -4.56178 3.83362 2
    endloop
  endfacet
  facet normal 0 0 1
    outer loop
      vertex -3.3862 -11.1112 2
      vertex -4.2542 -12.1384 2
      vertex -4.17288 -12.1782 2
    endloop
  endfacet
  facet normal 0 0 1
    outer loop
      vertex -3.3862 -11.1112 2
      vertex -4.17288 -12.1782 2
      vertex -4.09169 -12.2157 2
    endloop
  endfacet
  facet normal 0 0 1
    outer loop
      vertex -5.55407 5.84579 2
      vertex -4.0372 -8.36241 2
      vertex -5.31231 5.13357 2
    endloop
  endfacet
  facet normal 0 0 1
    outer loop
      vertex -5.31231 5.13357 2
      vertex -4.0372 -8.36241 2
      vertex -4.97965 4.459 2
    endloop
  endfacet
  facet normal 0 0 1
    outer loop
      vertex -0.468201 -12.1786 2
      vertex 0.430054 -12.0391 2
      vertex -0.446854 -12.0245 2
    endloop
  endfacet
  facet normal 0 0 1
    outer loop
      vertex 0.423843 -11.8763 2
      vertex -0.446854 -12.0245 2
      vertex 0.430054 -12.0391 2
    endloop
  endfacet
  facet normal 0 0 1
    outer loop
      vertex -0.446854 -12.0245 2
      vertex 0.423843 -11.8763 2
      vertex -0.439743 -11.8616 2
    endloop
  endfacet
  facet normal 0 0 1
    outer loop
      vertex -0.705887 -11.0282 2
      vertex 0 -10.145 2
      vertex -0.487717 -10.0969 2
    endloop
  endfacet
  facet normal 0 0 1
    outer loop
      vertex 0.427094 -11.7698 2
      vertex -0.439743 -11.8616 2
      vertex 0.423843 -11.8763 2
    endloop
  endfacet
  facet normal 0 -0 1
    outer loop
      vertex -0.443024 -11.7514 2
      vertex 0.436813 -11.6675 2
      vertex -0.452881 -11.6456 2
    endloop
  endfacet
  facet normal 0 0 1
    outer loop
      vertex 0.475739 -11.4753 2
      vertex -0.469315 -11.5442 2
      vertex 0.453033 -11.5694 2
    endloop
  endfacet
  facet normal 0 0 1
    outer loop
      vertex 0.540619 -11.2997 2
      vertex -0.521881 -11.3546 2
      vertex 0.504944 -11.3855 2
    endloop
  endfacet
  facet normal 0 0 1
    outer loop
      vertex 0 -10.145 2
      vertex -0.65004 -11.1032 2
      vertex -0.600754 -11.1826 2
    endloop
  endfacet
  facet normal -0 0 1
    outer loop
      vertex -0.699921 -10.0363 2
      vertex -0.487717 -10.0969 2
      vertex -0.698278 -10.0331 2
    endloop
  endfacet
  facet normal 0 0 1
    outer loop
      vertex -0.74324 -10.1051 2
      vertex -0.487717 -10.0969 2
      vertex -0.699921 -10.0363 2
    endloop
  endfacet
  facet normal 0 0 1
    outer loop
      vertex 0 -10.145 2
      vertex -0.705887 -11.0282 2
      vertex -0.65004 -11.1032 2
    endloop
  endfacet
  facet normal 0 0 1
    outer loop
      vertex -0.792343 -10.17 2
      vertex -0.487717 -10.0969 2
      vertex -0.74324 -10.1051 2
    endloop
  endfacet
  facet normal 0 0 1
    outer loop
      vertex -0.487717 -10.0969 2
      vertex -0.768066 -10.9578 2
      vertex -0.705887 -11.0282 2
    endloop
  endfacet
  facet normal 0 0 1
    outer loop
      vertex -0.847092 -10.2308 2
      vertex -0.487717 -10.0969 2
      vertex -0.792343 -10.17 2
    endloop
  endfacet
  facet normal 0 -0 1
    outer loop
      vertex -0.836319 -10.8923 2
      vertex -0.487717 -10.0969 2
      vertex -0.847092 -10.2308 2
    endloop
  endfacet
  facet normal 0 0 1
    outer loop
      vertex -0.487717 -10.0969 2
      vertex -0.836319 -10.8923 2
      vertex -0.768066 -10.9578 2
    endloop
  endfacet
  facet normal -0 0 1
    outer loop
      vertex -0.907379 -10.2875 2
      vertex -0.836319 -10.8923 2
      vertex -0.847092 -10.2308 2
    endloop
  endfacet
  facet normal 0 0 1
    outer loop
      vertex -0.907379 -10.2875 2
      vertex -0.910645 -10.8315 2
      vertex -0.836319 -10.8923 2
    endloop
  endfacet
  facet normal -0 0 1
    outer loop
      vertex -0.973175 -10.34 2
      vertex -0.910645 -10.8315 2
      vertex -0.907379 -10.2875 2
    endloop
  endfacet
  facet normal 0 0 1
    outer loop
      vertex -0.973175 -10.34 2
      vertex -0.991028 -10.7756 2
      vertex -0.910645 -10.8315 2
    endloop
  endfacet
  facet normal -0 0 1
    outer loop
      vertex -1.04451 -10.3884 2
      vertex -0.991028 -10.7756 2
      vertex -0.973175 -10.34 2
    endloop
  endfacet
  facet normal 0 0 1
    outer loop
      vertex -1.04451 -10.3884 2
      vertex -1.0775 -10.7245 2
      vertex -0.991028 -10.7756 2
    endloop
  endfacet
  facet normal -0 0 1
    outer loop
      vertex -1.12137 -10.4327 2
      vertex -1.0775 -10.7245 2
      vertex -1.04451 -10.3884 2
    endloop
  endfacet
  facet normal 0 0 1
    outer loop
      vertex -1.12137 -10.4327 2
      vertex -1.17003 -10.6782 2
      vertex -1.0775 -10.7245 2
    endloop
  endfacet
  facet normal -0 0 1
    outer loop
      vertex -1.20375 -10.4728 2
      vertex -1.17003 -10.6782 2
      vertex -1.12137 -10.4327 2
    endloop
  endfacet
  facet normal 0 0 1
    outer loop
      vertex -1.20375 -10.4728 2
      vertex -1.26863 -10.6367 2
      vertex -1.17003 -10.6782 2
    endloop
  endfacet
  facet normal -0 0 1
    outer loop
      vertex -1.29166 -10.5088 2
      vertex -1.26863 -10.6367 2
      vertex -1.20375 -10.4728 2
    endloop
  endfacet
  facet normal 0 0 1
    outer loop
      vertex -1.29166 -10.5088 2
      vertex -1.37331 -10.6001 2
      vertex -1.26863 -10.6367 2
    endloop
  endfacet
  facet normal -0 0 1
    outer loop
      vertex -1.38509 -10.5406 2
      vertex -1.37331 -10.6001 2
      vertex -1.29166 -10.5088 2
    endloop
  endfacet
  facet normal 0 0 1
    outer loop
      vertex -1.37331 -10.6001 2
      vertex -1.38509 -10.5406 2
      vertex -1.48404 -10.5683 2
    endloop
  endfacet
  facet normal 0 0 1
    outer loop
      vertex 2.48358 -8.966 2
      vertex 3.05495 -9.5895 2
      vertex 3.05289 -9.52401 2
    endloop
  endfacet
  facet normal 0 0 1
    outer loop
      vertex 2.54625 -8.97198 2
      vertex 3.05289 -9.52401 2
      vertex 3.04674 -9.462 2
    endloop
  endfacet
  facet normal 0 0 1
    outer loop
      vertex 2.48358 -10.2164 2
      vertex 3.05495 -9.5895 2
      vertex 2.48358 -8.966 2
    endloop
  endfacet
  facet normal 0 0 1
    outer loop
      vertex 2.60548 -8.98195 2
      vertex 3.04674 -9.462 2
      vertex 3.03648 -9.40348 2
    endloop
  endfacet
  facet normal 0 0 1
    outer loop
      vertex 3.05495 -9.5895 2
      vertex 2.48358 -10.2164 2
      vertex 3.05289 -9.65503 2
    endloop
  endfacet
  facet normal 0 0 1
    outer loop
      vertex 2.66129 -8.99591 2
      vertex 3.03648 -9.40348 2
      vertex 3.02213 -9.34845 2
    endloop
  endfacet
  facet normal 0 -0 1
    outer loop
      vertex 2.54625 -10.2104 2
      vertex 3.05289 -9.65503 2
      vertex 2.48358 -10.2164 2
    endloop
  endfacet
  facet normal 0 0 1
    outer loop
      vertex 2.71365 -9.01385 2
      vertex 3.02213 -9.34845 2
      vertex 3.00366 -9.29689 2
    endloop
  endfacet
  facet normal 0 0 1
    outer loop
      vertex 3.05289 -9.52401 2
      vertex 2.54625 -8.97198 2
      vertex 2.48358 -8.966 2
    endloop
  endfacet
  facet normal 0 0 1
    outer loop
      vertex 2.71365 -9.01385 2
      vertex 3.00366 -9.29689 2
      vertex 2.98109 -9.24882 2
    endloop
  endfacet
  facet normal 0 0 1
    outer loop
      vertex 3.05289 -9.65503 2
      vertex 2.54625 -10.2104 2
      vertex 3.04674 -9.7171 2
    endloop
  endfacet
  facet normal 0 0 1
    outer loop
      vertex 2.71365 -9.01385 2
      vertex 2.98109 -9.24882 2
      vertex 2.95444 -9.20424 2
    endloop
  endfacet
  facet normal 0 -0 1
    outer loop
      vertex 2.60548 -10.2003 2
      vertex 3.04674 -9.7171 2
      vertex 2.54625 -10.2104 2
    endloop
  endfacet
  facet normal 0 0 1
    outer loop
      vertex 2.71365 -9.01385 2
      vertex 2.95444 -9.20424 2
      vertex 2.92366 -9.16313 2
    endloop
  endfacet
  facet normal 0 0 1
    outer loop
      vertex 3.04674 -9.462 2
      vertex 2.60548 -8.98195 2
      vertex 2.54625 -8.97198 2
    endloop
  endfacet
  facet normal 0 0 1
    outer loop
      vertex 2.71365 -9.01385 2
      vertex 2.92366 -9.16313 2
      vertex 2.88879 -9.1255 2
    endloop
  endfacet
  facet normal 0 -0 1
    outer loop
      vertex 2.66129 -10.1862 2
      vertex 3.02213 -9.83091 2
      vertex 2.60548 -10.2003 2
    endloop
  endfacet
  facet normal 0 0 1
    outer loop
      vertex 2.71365 -9.01385 2
      vertex 2.88879 -9.1255 2
      vertex 2.85016 -9.09161 2
    endloop
  endfacet
  facet normal 0 0 1
    outer loop
      vertex 3.03648 -9.40348 2
      vertex 2.66129 -8.99591 2
      vertex 2.60548 -8.98195 2
    endloop
  endfacet
  facet normal 0 0 1
    outer loop
      vertex 2.71365 -9.01385 2
      vertex 2.85016 -9.09161 2
      vertex 2.80809 -9.0617 2
    endloop
  endfacet
  facet normal 0 0 1
    outer loop
      vertex 3.02213 -9.34845 2
      vertex 2.71365 -9.01385 2
      vertex 2.66129 -8.99591 2
    endloop
  endfacet
  facet normal 0 0 1
    outer loop
      vertex 2.71365 -9.01385 2
      vertex 2.80809 -9.0617 2
      vertex 2.76259 -9.03578 2
    endloop
  endfacet
  facet normal 0 0 1
    outer loop
      vertex 3.00366 -9.88267 2
      vertex 2.71365 -10.1681 2
      vertex 2.98109 -9.93098 2
    endloop
  endfacet
  facet normal 0 0 1
    outer loop
      vertex 2.98109 -9.93098 2
      vertex 2.71365 -10.1681 2
      vertex 2.95444 -9.97584 2
    endloop
  endfacet
  facet normal 0 0 1
    outer loop
      vertex 2.80809 -10.1197 2
      vertex 2.71365 -10.1681 2
      vertex 2.76259 -10.1459 2
    endloop
  endfacet
  facet normal 0 0 1
    outer loop
      vertex 2.85016 -10.0895 2
      vertex 2.71365 -10.1681 2
      vertex 2.80809 -10.1197 2
    endloop
  endfacet
  facet normal 0 0 1
    outer loop
      vertex 2.88879 -10.0553 2
      vertex 2.71365 -10.1681 2
      vertex 2.85016 -10.0895 2
    endloop
  endfacet
  facet normal 0 0 1
    outer loop
      vertex 2.92366 -10.0173 2
      vertex 2.71365 -10.1681 2
      vertex 2.88879 -10.0553 2
    endloop
  endfacet
  facet normal 0 0 1
    outer loop
      vertex 2.95444 -9.97584 2
      vertex 2.71365 -10.1681 2
      vertex 2.92366 -10.0173 2
    endloop
  endfacet
  facet normal 0 0 1
    outer loop
      vertex 3.02213 -9.83091 2
      vertex 2.66129 -10.1862 2
      vertex 3.00366 -9.88267 2
    endloop
  endfacet
  facet normal 0 -0 1
    outer loop
      vertex 2.71365 -10.1681 2
      vertex 3.00366 -9.88267 2
      vertex 2.66129 -10.1862 2
    endloop
  endfacet
  facet normal 0 0 1
    outer loop
      vertex 3.03648 -9.77572 2
      vertex 2.60548 -10.2003 2
      vertex 3.02213 -9.83091 2
    endloop
  endfacet
  facet normal 0 0 1
    outer loop
      vertex 3.04674 -9.7171 2
      vertex 2.60548 -10.2003 2
      vertex 3.03648 -9.77572 2
    endloop
  endfacet
  facet normal 0 0 1
    outer loop
      vertex 2.4175 -8.964 2
      vertex 2.48358 -10.2164 2
      vertex 2.48358 -8.966 2
    endloop
  endfacet
  facet normal 0 0 1
    outer loop
      vertex 2.4175 -8.964 2
      vertex 2.4175 -10.2184 2
      vertex 2.48358 -10.2164 2
    endloop
  endfacet
  facet normal -0 0 1
    outer loop
      vertex 2.34995 -8.96601 2
      vertex 2.4175 -10.2184 2
      vertex 2.4175 -8.964 2
    endloop
  endfacet
  facet normal 0 0 1
    outer loop
      vertex 2.34995 -8.96601 2
      vertex 2.34995 -10.2164 2
      vertex 2.4175 -10.2184 2
    endloop
  endfacet
  facet normal 0 0 1
    outer loop
      vertex 1.7699 -9.5895 2
      vertex 2.34995 -8.96601 2
      vertex 2.28596 -8.97207 2
    endloop
  endfacet
  facet normal 0 0 1
    outer loop
      vertex 2.34995 -8.96601 2
      vertex 1.7699 -9.5895 2
      vertex 2.34995 -10.2164 2
    endloop
  endfacet
  facet normal 0 0 1
    outer loop
      vertex 1.77196 -9.52472 2
      vertex 2.28596 -8.97207 2
      vertex 2.22554 -8.98214 2
    endloop
  endfacet
  facet normal -0 -0 1
    outer loop
      vertex 1.77196 -9.65503 2
      vertex 2.34995 -10.2164 2
      vertex 1.7699 -9.5895 2
    endloop
  endfacet
  facet normal 0 0 1
    outer loop
      vertex 2.07866 -9.03392 2
      vertex 2.22554 -8.98214 2
      vertex 2.16867 -8.99624 2
    endloop
  endfacet
  facet normal 0 0 1
    outer loop
      vertex 2.34995 -10.2164 2
      vertex 1.77196 -9.65503 2
      vertex 2.28596 -10.2104 2
    endloop
  endfacet
  facet normal 0 0 1
    outer loop
      vertex 2.07866 -9.03392 2
      vertex 2.16867 -8.99624 2
      vertex 2.11536 -9.01437 2
    endloop
  endfacet
  facet normal -0 -0 1
    outer loop
      vertex 1.77818 -9.7171 2
      vertex 2.28596 -10.2104 2
      vertex 1.77196 -9.65503 2
    endloop
  endfacet
  facet normal 0 0 1
    outer loop
      vertex 2.07866 -9.03392 2
      vertex 2.11536 -9.01437 2
      vertex 2.0809 -9.02972 2
    endloop
  endfacet
  facet normal 0 0 1
    outer loop
      vertex 2.22554 -8.98214 2
      vertex 2.07866 -9.03392 2
      vertex 1.77818 -9.46327 2
    endloop
  endfacet
  facet normal 0 0 1
    outer loop
      vertex 2.28596 -10.2104 2
      vertex 1.77818 -9.7171 2
      vertex 2.22554 -10.2003 2
    endloop
  endfacet
  facet normal 0 0 1
    outer loop
      vertex 2.22554 -10.2003 2
      vertex 1.77818 -9.7171 2
      vertex 2.16867 -10.1862 2
    endloop
  endfacet
  facet normal 0 0 1
    outer loop
      vertex 2.16867 -10.1862 2
      vertex 1.78854 -9.77572 2
      vertex 2.11536 -10.1681 2
    endloop
  endfacet
  facet normal -0 -0 1
    outer loop
      vertex 1.80304 -9.83091 2
      vertex 2.11536 -10.1681 2
      vertex 1.78854 -9.77572 2
    endloop
  endfacet
  facet normal 0 0 1
    outer loop
      vertex 2.11536 -10.1681 2
      vertex 1.80304 -9.83091 2
      vertex 2.0656 -10.1459 2
    endloop
  endfacet
  facet normal 0 0 1
    outer loop
      vertex 2.0656 -10.1459 2
      vertex 1.80304 -9.83091 2
      vertex 2.01941 -10.1197 2
    endloop
  endfacet
  facet normal 0 0 1
    outer loop
      vertex 1.97678 -10.0895 2
      vertex 1.80304 -9.83091 2
      vertex 1.9377 -10.0553 2
    endloop
  endfacet
  facet normal 0 0 1
    outer loop
      vertex 1.9377 -10.0553 2
      vertex 1.80304 -9.83091 2
      vertex 1.90248 -10.0173 2
    endloop
  endfacet
  facet normal 0 0 1
    outer loop
      vertex 1.8714 -9.97584 2
      vertex 1.82169 -9.88267 2
      vertex 1.84447 -9.93098 2
    endloop
  endfacet
  facet normal 0 0 1
    outer loop
      vertex 1.77818 -9.46327 2
      vertex 2.07866 -9.03392 2
      vertex 1.79548 -9.37898 2
    endloop
  endfacet
  facet normal 0 0 1
    outer loop
      vertex 1.77818 -9.46327 2
      vertex 1.79548 -9.37898 2
      vertex 1.78854 -9.40518 2
    endloop
  endfacet
  facet normal 0 0 1
    outer loop
      vertex 2.22554 -8.98214 2
      vertex 1.77818 -9.46327 2
      vertex 1.77196 -9.52472 2
    endloop
  endfacet
  facet normal 0 0 1
    outer loop
      vertex 2.28596 -8.97207 2
      vertex 1.77196 -9.52472 2
      vertex 1.7699 -9.5895 2
    endloop
  endfacet
  facet normal 0 0 1
    outer loop
      vertex 1.90248 -10.0173 2
      vertex 1.80304 -9.83091 2
      vertex 1.8714 -9.97584 2
    endloop
  endfacet
  facet normal -0 -0 1
    outer loop
      vertex 1.78854 -9.77572 2
      vertex 2.16867 -10.1862 2
      vertex 1.77818 -9.7171 2
    endloop
  endfacet
  facet normal 0 0 1
    outer loop
      vertex 1.8714 -9.97584 2
      vertex 1.80304 -9.83091 2
      vertex 1.82169 -9.88267 2
    endloop
  endfacet
  facet normal 0 0 1
    outer loop
      vertex 2.01941 -10.1197 2
      vertex 1.80304 -9.83091 2
      vertex 1.97678 -10.0895 2
    endloop
  endfacet
  facet normal 0 0 1
    outer loop
      vertex 1.65799 -11.8089 2
      vertex 3.16684 -11.8089 2
      vertex 3.16446 -11.7273 2
    endloop
  endfacet
  facet normal 0 0 1
    outer loop
      vertex 2.49602 -11.0369 2
      vertex 3.16446 -11.7273 2
      vertex 3.1573 -11.6501 2
    endloop
  endfacet
  facet normal 0 0 1
    outer loop
      vertex 3.16684 -11.8089 2
      vertex 1.65799 -11.8089 2
      vertex 3.16446 -11.8898 2
    endloop
  endfacet
  facet normal 0 0 1
    outer loop
      vertex 2.57036 -11.0442 2
      vertex 3.1573 -11.6501 2
      vertex 3.14537 -11.5774 2
    endloop
  endfacet
  facet normal 0 -0 1
    outer loop
      vertex 2.4175 -12.58 2
      vertex 3.16446 -11.8898 2
      vertex 1.65799 -11.8089 2
    endloop
  endfacet
  facet normal 0 0 1
    outer loop
      vertex 2.57036 -11.0442 2
      vertex 3.14537 -11.5774 2
      vertex 3.12866 -11.509 2
    endloop
  endfacet
  facet normal 0 -0 1
    outer loop
      vertex 2.49602 -12.5776 2
      vertex 3.16446 -11.8898 2
      vertex 2.4175 -12.58 2
    endloop
  endfacet
  facet normal 0 0 1
    outer loop
      vertex 2.64052 -11.0565 2
      vertex 3.12866 -11.509 2
      vertex 3.10718 -11.445 2
    endloop
  endfacet
  facet normal 0 0 1
    outer loop
      vertex 3.16446 -11.7273 2
      vertex 2.4175 -11.0344 2
      vertex 1.65799 -11.8089 2
    endloop
  endfacet
  facet normal 0 0 1
    outer loop
      vertex 2.7065 -11.0737 2
      vertex 3.10718 -11.445 2
      vertex 3.08093 -11.3854 2
    endloop
  endfacet
  facet normal 0 0 1
    outer loop
      vertex 3.16446 -11.7273 2
      vertex 2.49602 -11.0369 2
      vertex 2.4175 -11.0344 2
    endloop
  endfacet
  facet normal 0 0 1
    outer loop
      vertex 2.7065 -11.0737 2
      vertex 3.08093 -11.3854 2
      vertex 3.04991 -11.3303 2
    endloop
  endfacet
  facet normal 0 0 1
    outer loop
      vertex 3.16446 -11.8898 2
      vertex 2.49602 -12.5776 2
      vertex 3.1573 -11.9663 2
    endloop
  endfacet
  facet normal 0 0 1
    outer loop
      vertex 2.7065 -11.0737 2
      vertex 3.04991 -11.3303 2
      vertex 3.01411 -11.2795 2
    endloop
  endfacet
  facet normal 0 0 1
    outer loop
      vertex 3.1573 -11.6501 2
      vertex 2.57036 -11.0442 2
      vertex 2.49602 -11.0369 2
    endloop
  endfacet
  facet normal 0 0 1
    outer loop
      vertex 2.7065 -11.0737 2
      vertex 3.01411 -11.2795 2
      vertex 2.97354 -11.2332 2
    endloop
  endfacet
  facet normal 0 0 1
    outer loop
      vertex 3.14537 -12.0386 2
      vertex 2.64052 -12.5579 2
      vertex 3.12866 -12.1065 2
    endloop
  endfacet
  facet normal 0 0 1
    outer loop
      vertex 2.7065 -11.0737 2
      vertex 2.97354 -11.2332 2
      vertex 2.9285 -11.1914 2
    endloop
  endfacet
  facet normal 0 0 1
    outer loop
      vertex 3.10718 -12.1701 2
      vertex 2.7065 -12.5408 2
      vertex 3.08093 -12.2294 2
    endloop
  endfacet
  facet normal 0 0 1
    outer loop
      vertex 2.7065 -11.0737 2
      vertex 2.9285 -11.1914 2
      vertex 2.87929 -11.1546 2
    endloop
  endfacet
  facet normal 0 0 1
    outer loop
      vertex 3.12866 -11.509 2
      vertex 2.64052 -11.0565 2
      vertex 2.57036 -11.0442 2
    endloop
  endfacet
  facet normal 0 0 1
    outer loop
      vertex 2.7065 -11.0737 2
      vertex 2.87929 -11.1546 2
      vertex 2.82587 -11.1227 2
    endloop
  endfacet
  facet normal 0 0 1
    outer loop
      vertex 3.10718 -11.445 2
      vertex 2.7065 -11.0737 2
      vertex 2.64052 -11.0565 2
    endloop
  endfacet
  facet normal 0 0 1
    outer loop
      vertex 2.7065 -11.0737 2
      vertex 2.82587 -11.1227 2
      vertex 2.76828 -11.0957 2
    endloop
  endfacet
  facet normal 0 0 1
    outer loop
      vertex 3.08093 -12.2294 2
      vertex 2.7065 -12.5408 2
      vertex 3.04991 -12.2843 2
    endloop
  endfacet
  facet normal 0 0 1
    outer loop
      vertex 2.87929 -12.4598 2
      vertex 2.7065 -12.5408 2
      vertex 2.82587 -12.4917 2
    endloop
  endfacet
  facet normal 0 0 1
    outer loop
      vertex 2.82587 -12.4917 2
      vertex 2.7065 -12.5408 2
      vertex 2.76828 -12.5187 2
    endloop
  endfacet
  facet normal 0 0 1
    outer loop
      vertex 2.97354 -12.3813 2
      vertex 2.7065 -12.5408 2
      vertex 2.9285 -12.423 2
    endloop
  endfacet
  facet normal 0 0 1
    outer loop
      vertex 2.9285 -12.423 2
      vertex 2.7065 -12.5408 2
      vertex 2.87929 -12.4598 2
    endloop
  endfacet
  facet normal 0 0 1
    outer loop
      vertex 3.04991 -12.2843 2
      vertex 2.7065 -12.5408 2
      vertex 3.01411 -12.335 2
    endloop
  endfacet
  facet normal 0 0 1
    outer loop
      vertex 3.01411 -12.335 2
      vertex 2.7065 -12.5408 2
      vertex 2.97354 -12.3813 2
    endloop
  endfacet
  facet normal 0 0 1
    outer loop
      vertex 3.12866 -12.1065 2
      vertex 2.64052 -12.5579 2
      vertex 3.10718 -12.1701 2
    endloop
  endfacet
  facet normal 0 -0 1
    outer loop
      vertex 2.7065 -12.5408 2
      vertex 3.10718 -12.1701 2
      vertex 2.64052 -12.5579 2
    endloop
  endfacet
  facet normal 0 0 1
    outer loop
      vertex 3.1573 -11.9663 2
      vertex 2.57036 -12.5702 2
      vertex 3.14537 -12.0386 2
    endloop
  endfacet
  facet normal 0 -0 1
    outer loop
      vertex 2.64052 -12.5579 2
      vertex 3.14537 -12.0386 2
      vertex 2.57036 -12.5702 2
    endloop
  endfacet
  facet normal 0 0 1
    outer loop
      vertex 1.66042 -11.728 2
      vertex 2.4175 -11.0344 2
      vertex 2.33821 -11.0369 2
    endloop
  endfacet
  facet normal 0 -0 1
    outer loop
      vertex 2.57036 -12.5702 2
      vertex 3.1573 -11.9663 2
      vertex 2.49602 -12.5776 2
    endloop
  endfacet
  facet normal 0 0 1
    outer loop
      vertex 1.66771 -11.6514 2
      vertex 2.33821 -11.0369 2
      vertex 2.26311 -11.0443 2
    endloop
  endfacet
  facet normal -0 -0 1
    outer loop
      vertex 1.66042 -11.8898 2
      vertex 2.4175 -12.58 2
      vertex 1.65799 -11.8089 2
    endloop
  endfacet
  facet normal 0 0 1
    outer loop
      vertex 1.67984 -11.5791 2
      vertex 2.26311 -11.0443 2
      vertex 2.1922 -11.0567 2
    endloop
  endfacet
  facet normal 0 0 1
    outer loop
      vertex 2.4175 -12.58 2
      vertex 1.66042 -11.8898 2
      vertex 2.33821 -12.5776 2
    endloop
  endfacet
  facet normal 0 0 1
    outer loop
      vertex 1.69684 -11.511 2
      vertex 2.1922 -11.0567 2
      vertex 2.12547 -11.074 2
    endloop
  endfacet
  facet normal -0 -0 1
    outer loop
      vertex 1.66771 -11.9663 2
      vertex 2.33821 -12.5776 2
      vertex 1.66042 -11.8898 2
    endloop
  endfacet
  facet normal 0 0 1
    outer loop
      vertex 1.69684 -11.511 2
      vertex 2.12547 -11.074 2
      vertex 2.06293 -11.0963 2
    endloop
  endfacet
  facet normal 0 0 1
    outer loop
      vertex 2.33821 -12.5776 2
      vertex 1.66771 -11.9663 2
      vertex 2.26311 -12.5702 2
    endloop
  endfacet
  facet normal 0 0 1
    outer loop
      vertex 1.71869 -11.4472 2
      vertex 2.06293 -11.0963 2
      vertex 2.00458 -11.1235 2
    endloop
  endfacet
  facet normal 0 0 1
    outer loop
      vertex 2.26311 -12.5702 2
      vertex 1.66771 -11.9663 2
      vertex 2.1922 -12.5579 2
    endloop
  endfacet
  facet normal 0 0 1
    outer loop
      vertex 1.71869 -11.4472 2
      vertex 2.00458 -11.1235 2
      vertex 1.95041 -11.1557 2
    endloop
  endfacet
  facet normal -0 -0 1
    outer loop
      vertex 1.67984 -12.0386 2
      vertex 2.1922 -12.5579 2
      vertex 1.66771 -11.9663 2
    endloop
  endfacet
  facet normal 0 0 1
    outer loop
      vertex 1.71869 -11.4472 2
      vertex 1.95041 -11.1557 2
      vertex 1.90044 -11.1928 2
    endloop
  endfacet
  facet normal 0 0 1
    outer loop
      vertex 2.1922 -12.5579 2
      vertex 1.67984 -12.0386 2
      vertex 2.12547 -12.5408 2
    endloop
  endfacet
  facet normal 0 0 1
    outer loop
      vertex 1.71869 -11.4472 2
      vertex 1.90044 -11.1928 2
      vertex 1.85464 -11.2349 2
    endloop
  endfacet
  facet normal -0 -0 1
    outer loop
      vertex 1.69684 -12.1065 2
      vertex 2.12547 -12.5408 2
      vertex 1.67984 -12.0386 2
    endloop
  endfacet
  facet normal 0 0 1
    outer loop
      vertex 1.71869 -11.4472 2
      vertex 1.85464 -11.2349 2
      vertex 1.81337 -11.2815 2
    endloop
  endfacet
  facet normal 0 0 1
    outer loop
      vertex 2.12547 -12.5408 2
      vertex 1.69684 -12.1065 2
      vertex 2.06293 -12.5187 2
    endloop
  endfacet
  facet normal 0 0 1
    outer loop
      vertex 1.71869 -11.4472 2
      vertex 1.81337 -11.2815 2
      vertex 1.77695 -11.3325 2
    endloop
  endfacet
  facet normal 0 0 1
    outer loop
      vertex 2.06293 -12.5187 2
      vertex 1.69684 -12.1065 2
      vertex 2.00458 -12.4917 2
    endloop
  endfacet
  facet normal 0 0 1
    outer loop
      vertex 1.71869 -11.4472 2
      vertex 1.77695 -11.3325 2
      vertex 1.74539 -11.3877 2
    endloop
  endfacet
  facet normal 0 0 1
    outer loop
      vertex 2.4175 -11.0344 2
      vertex 1.66042 -11.728 2
      vertex 1.65799 -11.8089 2
    endloop
  endfacet
  facet normal 0 0 1
    outer loop
      vertex 2.06293 -11.0963 2
      vertex 1.71869 -11.4472 2
      vertex 1.69684 -11.511 2
    endloop
  endfacet
  facet normal 0 0 1
    outer loop
      vertex 2.00458 -12.4917 2
      vertex 1.69684 -12.1065 2
      vertex 1.95041 -12.4598 2
    endloop
  endfacet
  facet normal 0 0 1
    outer loop
      vertex 2.1922 -11.0567 2
      vertex 1.69684 -11.511 2
      vertex 1.67984 -11.5791 2
    endloop
  endfacet
  facet normal 0 0 1
    outer loop
      vertex 1.95041 -12.4598 2
      vertex 1.69684 -12.1065 2
      vertex 1.90044 -12.423 2
    endloop
  endfacet
  facet normal 0 0 1
    outer loop
      vertex 2.26311 -11.0443 2
      vertex 1.67984 -11.5791 2
      vertex 1.66771 -11.6514 2
    endloop
  endfacet
  facet normal 0 0 1
    outer loop
      vertex 2.33821 -11.0369 2
      vertex 1.66771 -11.6514 2
      vertex 1.66042 -11.728 2
    endloop
  endfacet
  facet normal 0 0 1
    outer loop
      vertex 1.90044 -12.423 2
      vertex 1.69684 -12.1065 2
      vertex 1.85464 -12.3813 2
    endloop
  endfacet
  facet normal 0 0 1
    outer loop
      vertex 1.77695 -12.2843 2
      vertex 1.69684 -12.1065 2
      vertex 1.74539 -12.2294 2
    endloop
  endfacet
  facet normal 0 0 1
    outer loop
      vertex 1.85464 -12.3813 2
      vertex 1.69684 -12.1065 2
      vertex 1.81337 -12.335 2
    endloop
  endfacet
  facet normal 0 0 1
    outer loop
      vertex 1.74539 -12.2294 2
      vertex 1.69684 -12.1065 2
      vertex 1.71869 -12.1701 2
    endloop
  endfacet
  facet normal 0 0 1
    outer loop
      vertex 1.81337 -12.335 2
      vertex 1.69684 -12.1065 2
      vertex 1.77695 -12.2843 2
    endloop
  endfacet
  facet normal 0.751835 0.659351 0
    outer loop
      vertex -4.06586 3.26814 2
      vertex -4.56178 3.83362 0
      vertex -4.56178 3.83362 2
    endloop
  endfacet
  facet normal 0.751835 0.659351 0
    outer loop
      vertex -4.56178 3.83362 0
      vertex -4.06586 3.26814 2
      vertex -4.06586 3.26814 0
    endloop
  endfacet
  facet normal -0.980784 -0.195098 0
    outer loop
      vertex 5.70081 8.08453 0
      vertex 5.55407 8.82221 2
      vertex 5.55407 8.82221 0
    endloop
  endfacet
  facet normal -0.980784 -0.195098 0
    outer loop
      vertex 5.55407 8.82221 2
      vertex 5.70081 8.08453 0
      vertex 5.70081 8.08453 2
    endloop
  endfacet
  facet normal -0.997859 -0.0654 0
    outer loop
      vertex 5.75 7.334 0
      vertex 5.70081 8.08453 2
      vertex 5.70081 8.08453 0
    endloop
  endfacet
  facet normal -0.997859 -0.0654 0
    outer loop
      vertex 5.70081 8.08453 2
      vertex 5.75 7.334 0
      vertex 5.75 7.334 2
    endloop
  endfacet
  facet normal -0.659336 -0.751848 0
    outer loop
      vertex 3.50038 11.8958 0
      vertex 4.06586 11.3999 2
      vertex 3.50038 11.8958 2
    endloop
  endfacet
  facet normal -0.659336 -0.751848 -0
    outer loop
      vertex 4.06586 11.3999 2
      vertex 3.50038 11.8958 0
      vertex 4.06586 11.3999 0
    endloop
  endfacet
  facet normal -0.946933 0.321432 0
    outer loop
      vertex 5.31231 5.13357 0
      vertex 5.55407 5.84579 2
      vertex 5.55407 5.84579 0
    endloop
  endfacet
  facet normal -0.946933 0.321432 0
    outer loop
      vertex 5.55407 5.84579 2
      vertex 5.31231 5.13357 0
      vertex 5.31231 5.13357 2
    endloop
  endfacet
  facet normal -0.442276 0.896879 0
    outer loop
      vertex 2.875 2.35435 0
      vertex 2.47046 2.15486 2
      vertex 2.875 2.35435 2
    endloop
  endfacet
  facet normal -0.442276 0.896879 0
    outer loop
      vertex 2.47046 2.15486 2
      vertex 2.875 2.35435 0
      vertex 2.47046 2.15486 0
    endloop
  endfacet
  facet normal 0.44233 -0.896852 0
    outer loop
      vertex -2.875 12.3136 0
      vertex -2.20043 12.6463 2
      vertex -2.875 12.3136 2
    endloop
  endfacet
  facet normal 0.44233 -0.896852 0
    outer loop
      vertex -2.20043 12.6463 2
      vertex -2.875 12.3136 0
      vertex -2.20043 12.6463 0
    endloop
  endfacet
  facet normal -0.44233 -0.896852 0
    outer loop
      vertex 2.20043 12.6463 0
      vertex 2.875 12.3136 2
      vertex 2.20043 12.6463 2
    endloop
  endfacet
  facet normal -0.44233 -0.896852 -0
    outer loop
      vertex 2.875 12.3136 2
      vertex 2.20043 12.6463 0
      vertex 2.875 12.3136 0
    endloop
  endfacet
  facet normal -0.896873 0.442288 0
    outer loop
      vertex 4.97965 4.459 0
      vertex 5.31231 5.13357 2
      vertex 5.31231 5.13357 0
    endloop
  endfacet
  facet normal -0.896873 0.442288 0
    outer loop
      vertex 5.31231 5.13357 2
      vertex 4.97965 4.459 0
      vertex 4.97965 4.459 2
    endloop
  endfacet
  facet normal -0.195046 -0.980794 0
    outer loop
      vertex 0.750525 13.0348 0
      vertex 1.48821 12.8881 2
      vertex 0.750525 13.0348 2
    endloop
  endfacet
  facet normal -0.195046 -0.980794 -0
    outer loop
      vertex 1.48821 12.8881 2
      vertex 0.750525 13.0348 0
      vertex 1.48821 12.8881 0
    endloop
  endfacet
  facet normal 0.896873 0.442288 0
    outer loop
      vertex -4.97965 4.459 2
      vertex -5.31231 5.13357 0
      vertex -5.31231 5.13357 2
    endloop
  endfacet
  facet normal 0.896873 0.442288 0
    outer loop
      vertex -5.31231 5.13357 0
      vertex -4.97965 4.459 2
      vertex -4.97965 4.459 0
    endloop
  endfacet
  facet normal -0.946933 -0.321432 0
    outer loop
      vertex 5.55407 8.82221 0
      vertex 5.31231 9.53443 2
      vertex 5.31231 9.53443 0
    endloop
  endfacet
  facet normal -0.946933 -0.321432 0
    outer loop
      vertex 5.31231 9.53443 2
      vertex 5.55407 8.82221 0
      vertex 5.55407 8.82221 2
    endloop
  endfacet
  facet normal -0.751835 0.659351 0
    outer loop
      vertex 4.06586 3.26814 0
      vertex 4.56178 3.83362 2
      vertex 4.56178 3.83362 0
    endloop
  endfacet
  facet normal -0.751835 0.659351 0
    outer loop
      vertex 4.56178 3.83362 2
      vertex 4.06586 3.26814 0
      vertex 4.06586 3.26814 2
    endloop
  endfacet
  facet normal -0.980784 0.195098 0
    outer loop
      vertex 5.55407 5.84579 0
      vertex 5.70081 6.58347 2
      vertex 5.70081 6.58347 0
    endloop
  endfacet
  facet normal -0.980784 0.195098 0
    outer loop
      vertex 5.70081 6.58347 2
      vertex 5.55407 5.84579 0
      vertex 5.55407 5.84579 2
    endloop
  endfacet
  facet normal -0.831475 -0.555562 0
    outer loop
      vertex 4.97965 10.209 0
      vertex 4.56178 10.8344 2
      vertex 4.56178 10.8344 0
    endloop
  endfacet
  facet normal -0.831475 -0.555562 0
    outer loop
      vertex 4.56178 10.8344 2
      vertex 4.97965 10.209 0
      vertex 4.97965 10.209 2
    endloop
  endfacet
  facet normal 0.659336 -0.751848 0
    outer loop
      vertex -4.06586 11.3999 0
      vertex -3.50038 11.8958 2
      vertex -4.06586 11.3999 2
    endloop
  endfacet
  facet normal 0.659336 -0.751848 0
    outer loop
      vertex -3.50038 11.8958 2
      vertex -4.06586 11.3999 0
      vertex -3.50038 11.8958 0
    endloop
  endfacet
  facet normal 0.0654137 -0.997858 0
    outer loop
      vertex -0.750525 13.0348 0
      vertex 0 13.084 2
      vertex -0.750525 13.0348 2
    endloop
  endfacet
  facet normal 0.0654137 -0.997858 0
    outer loop
      vertex 0 13.084 2
      vertex -0.750525 13.0348 0
      vertex 0 13.084 0
    endloop
  endfacet
  facet normal -0.997859 0.0654 0
    outer loop
      vertex 5.70081 6.58347 0
      vertex 5.75 7.334 2
      vertex 5.75 7.334 0
    endloop
  endfacet
  facet normal -0.997859 0.0654 0
    outer loop
      vertex 5.75 7.334 2
      vertex 5.70081 6.58347 0
      vertex 5.70081 6.58347 2
    endloop
  endfacet
  facet normal -0.896873 -0.442288 0
    outer loop
      vertex 5.31231 9.53443 0
      vertex 4.97965 10.209 2
      vertex 4.97965 10.209 0
    endloop
  endfacet
  facet normal -0.896873 -0.442288 0
    outer loop
      vertex 4.97965 10.209 2
      vertex 5.31231 9.53443 0
      vertex 5.31231 9.53443 2
    endloop
  endfacet
  facet normal 0.659351 0.751835 -0
    outer loop
      vertex -3.50038 2.77222 0
      vertex -4.06586 3.26814 2
      vertex -3.50038 2.77222 2
    endloop
  endfacet
  facet normal 0.659351 0.751835 0
    outer loop
      vertex -4.06586 3.26814 2
      vertex -3.50038 2.77222 0
      vertex -4.06586 3.26814 0
    endloop
  endfacet
  facet normal -0.659351 0.751835 0
    outer loop
      vertex 4.06586 3.26814 0
      vertex 3.50038 2.77222 2
      vertex 4.06586 3.26814 2
    endloop
  endfacet
  facet normal -0.659351 0.751835 0
    outer loop
      vertex 3.50038 2.77222 2
      vertex 4.06586 3.26814 0
      vertex 3.50038 2.77222 0
    endloop
  endfacet
  facet normal -0.55551 -0.83151 0
    outer loop
      vertex 2.875 12.3136 0
      vertex 3.50038 11.8958 2
      vertex 2.875 12.3136 2
    endloop
  endfacet
  facet normal -0.55551 -0.83151 -0
    outer loop
      vertex 3.50038 11.8958 2
      vertex 2.875 12.3136 0
      vertex 3.50038 11.8958 0
    endloop
  endfacet
  facet normal 0.55551 -0.83151 0
    outer loop
      vertex -3.50038 11.8958 0
      vertex -2.875 12.3136 2
      vertex -3.50038 11.8958 2
    endloop
  endfacet
  facet normal 0.55551 -0.83151 0
    outer loop
      vertex -2.875 12.3136 2
      vertex -3.50038 11.8958 0
      vertex -2.875 12.3136 0
    endloop
  endfacet
  facet normal 0.32148 -0.946916 0
    outer loop
      vertex -2.20043 12.6463 0
      vertex -1.48821 12.8881 2
      vertex -2.20043 12.6463 2
    endloop
  endfacet
  facet normal 0.32148 -0.946916 0
    outer loop
      vertex -1.48821 12.8881 2
      vertex -2.20043 12.6463 0
      vertex -1.48821 12.8881 0
    endloop
  endfacet
  facet normal -0.555574 0.831467 0
    outer loop
      vertex 3.50038 2.77222 0
      vertex 2.875 2.35435 2
      vertex 3.50038 2.77222 2
    endloop
  endfacet
  facet normal -0.555574 0.831467 0
    outer loop
      vertex 2.875 2.35435 2
      vertex 3.50038 2.77222 0
      vertex 2.875 2.35435 0
    endloop
  endfacet
  facet normal -0.32148 -0.946916 0
    outer loop
      vertex 1.48821 12.8881 0
      vertex 2.20043 12.6463 2
      vertex 1.48821 12.8881 2
    endloop
  endfacet
  facet normal -0.32148 -0.946916 -0
    outer loop
      vertex 2.20043 12.6463 2
      vertex 1.48821 12.8881 0
      vertex 2.20043 12.6463 0
    endloop
  endfacet
  facet normal 0.946933 -0.321432 0
    outer loop
      vertex -5.55407 8.82221 2
      vertex -5.31231 9.53443 0
      vertex -5.31231 9.53443 2
    endloop
  endfacet
  facet normal 0.946933 -0.321432 0
    outer loop
      vertex -5.31231 9.53443 0
      vertex -5.55407 8.82221 2
      vertex -5.55407 8.82221 0
    endloop
  endfacet
  facet normal 0.946933 0.321432 0
    outer loop
      vertex -5.31231 5.13357 2
      vertex -5.55407 5.84579 0
      vertex -5.55407 5.84579 2
    endloop
  endfacet
  facet normal 0.946933 0.321432 0
    outer loop
      vertex -5.55407 5.84579 0
      vertex -5.31231 5.13357 2
      vertex -5.31231 5.13357 0
    endloop
  endfacet
  facet normal 0.997859 0.0654 0
    outer loop
      vertex -5.70081 6.58347 2
      vertex -5.75 7.334 0
      vertex -5.75 7.334 2
    endloop
  endfacet
  facet normal 0.997859 0.0654 0
    outer loop
      vertex -5.75 7.334 0
      vertex -5.70081 6.58347 2
      vertex -5.70081 6.58347 0
    endloop
  endfacet
  facet normal 0.751847 -0.659338 0
    outer loop
      vertex -4.56178 10.8344 2
      vertex -4.06586 11.3999 0
      vertex -4.06586 11.3999 2
    endloop
  endfacet
  facet normal 0.751847 -0.659338 0
    outer loop
      vertex -4.06586 11.3999 0
      vertex -4.56178 10.8344 2
      vertex -4.56178 10.8344 0
    endloop
  endfacet
  facet normal -0.0654137 -0.997858 0
    outer loop
      vertex 0 13.084 0
      vertex 0.750525 13.0348 2
      vertex 0 13.084 2
    endloop
  endfacet
  facet normal -0.0654137 -0.997858 -0
    outer loop
      vertex 0.750525 13.0348 2
      vertex 0 13.084 0
      vertex 0.750525 13.0348 0
    endloop
  endfacet
  facet normal 0.896873 -0.442288 0
    outer loop
      vertex -5.31231 9.53443 2
      vertex -4.97965 10.209 0
      vertex -4.97965 10.209 2
    endloop
  endfacet
  facet normal 0.896873 -0.442288 0
    outer loop
      vertex -4.97965 10.209 0
      vertex -5.31231 9.53443 2
      vertex -5.31231 9.53443 0
    endloop
  endfacet
  facet normal 0.980784 -0.195098 0
    outer loop
      vertex -5.70081 8.08453 2
      vertex -5.55407 8.82221 0
      vertex -5.55407 8.82221 2
    endloop
  endfacet
  facet normal 0.980784 -0.195098 0
    outer loop
      vertex -5.55407 8.82221 0
      vertex -5.70081 8.08453 2
      vertex -5.70081 8.08453 0
    endloop
  endfacet
  facet normal -0.751847 -0.659338 0
    outer loop
      vertex 4.56178 10.8344 0
      vertex 4.06586 11.3999 2
      vertex 4.06586 11.3999 0
    endloop
  endfacet
  facet normal -0.751847 -0.659338 0
    outer loop
      vertex 4.06586 11.3999 2
      vertex 4.56178 10.8344 0
      vertex 4.56178 10.8344 2
    endloop
  endfacet
  facet normal 0.195046 -0.980794 0
    outer loop
      vertex -1.48821 12.8881 0
      vertex -0.750525 13.0348 2
      vertex -1.48821 12.8881 2
    endloop
  endfacet
  facet normal 0.195046 -0.980794 0
    outer loop
      vertex -0.750525 13.0348 2
      vertex -1.48821 12.8881 0
      vertex -0.750525 13.0348 0
    endloop
  endfacet
  facet normal 0.980784 0.195098 0
    outer loop
      vertex -5.55407 5.84579 2
      vertex -5.70081 6.58347 0
      vertex -5.70081 6.58347 2
    endloop
  endfacet
  facet normal 0.980784 0.195098 0
    outer loop
      vertex -5.70081 6.58347 0
      vertex -5.55407 5.84579 2
      vertex -5.55407 5.84579 0
    endloop
  endfacet
  facet normal -0.831467 0.555574 0
    outer loop
      vertex 4.56178 3.83362 0
      vertex 4.97965 4.459 2
      vertex 4.97965 4.459 0
    endloop
  endfacet
  facet normal -0.831467 0.555574 0
    outer loop
      vertex 4.97965 4.459 2
      vertex 4.56178 3.83362 0
      vertex 4.56178 3.83362 2
    endloop
  endfacet
  facet normal 0.831467 0.555574 0
    outer loop
      vertex -4.56178 3.83362 2
      vertex -4.97965 4.459 0
      vertex -4.97965 4.459 2
    endloop
  endfacet
  facet normal 0.831467 0.555574 0
    outer loop
      vertex -4.97965 4.459 0
      vertex -4.56178 3.83362 2
      vertex -4.56178 3.83362 0
    endloop
  endfacet
  facet normal 0.831475 -0.555562 0
    outer loop
      vertex -4.97965 10.209 2
      vertex -4.56178 10.8344 0
      vertex -4.56178 10.8344 2
    endloop
  endfacet
  facet normal 0.831475 -0.555562 0
    outer loop
      vertex -4.56178 10.8344 0
      vertex -4.97965 10.209 2
      vertex -4.97965 10.209 0
    endloop
  endfacet
  facet normal 0.997859 -0.0654 0
    outer loop
      vertex -5.75 7.334 2
      vertex -5.70081 8.08453 0
      vertex -5.70081 8.08453 2
    endloop
  endfacet
  facet normal 0.997859 -0.0654 0
    outer loop
      vertex -5.70081 8.08453 0
      vertex -5.75 7.334 2
      vertex -5.75 7.334 0
    endloop
  endfacet
  facet normal 0.555574 0.831467 -0
    outer loop
      vertex -2.875 2.35435 0
      vertex -3.50038 2.77222 2
      vertex -2.875 2.35435 2
    endloop
  endfacet
  facet normal 0.555574 0.831467 0
    outer loop
      vertex -3.50038 2.77222 2
      vertex -2.875 2.35435 0
      vertex -3.50038 2.77222 0
    endloop
  endfacet
  facet normal 0.442276 0.896879 -0
    outer loop
      vertex -2.47046 2.15486 0
      vertex -2.875 2.35435 2
      vertex -2.47046 2.15486 2
    endloop
  endfacet
  facet normal 0.442276 0.896879 0
    outer loop
      vertex -2.875 2.35435 2
      vertex -2.47046 2.15486 0
      vertex -2.875 2.35435 0
    endloop
  endfacet
  facet normal 0.957024 0.290007 -0
    outer loop
      vertex -2.44785 -8.14625 1.4
      vertex -2.45195 -8.13272 2
      vertex -2.44785 -8.14625 2
    endloop
  endfacet
  facet normal 0.957024 0.290007 0
    outer loop
      vertex -2.45195 -8.13272 2
      vertex -2.44785 -8.14625 1.4
      vertex -2.45195 -8.13272 0
    endloop
  endfacet
  facet normal 0.95694 0.290286 2.94122e-06
    outer loop
      vertex -2.30969 -8.6017 1.4
      vertex -2.45195 -8.13272 0
      vertex -2.44785 -8.14625 1.4
    endloop
  endfacet
  facet normal 0.956942 0.290278 0
    outer loop
      vertex -2.45195 -8.13272 0
      vertex -2.30969 -8.6017 1.4
      vertex -2.30969 -8.6017 0
    endloop
  endfacet
  facet normal -0.773014 0.634389 0
    outer loop
      vertex 2.07866 -9.03392 0
      vertex 1.79548 -9.37898 1.4
      vertex 2.07866 -9.03392 2
    endloop
  endfacet
  facet normal -0.773016 0.634386 -1.10361e-06
    outer loop
      vertex 1.76776 -9.41276 0
      vertex 1.79548 -9.37898 1.4
      vertex 2.07866 -9.03392 0
    endloop
  endfacet
  facet normal -0.773039 0.634359 0
    outer loop
      vertex 1.79548 -9.37898 1.4
      vertex 1.76776 -9.41276 0
      vertex 1.76776 -9.41276 1.4
    endloop
  endfacet
  facet normal -0.773014 0.634389 0
    outer loop
      vertex 2.07866 -9.03392 2
      vertex 1.79548 -9.37898 1.4
      vertex 1.79548 -9.37898 2
    endloop
  endfacet
  facet normal 0.471399 0.88192 -0
    outer loop
      vertex -0.956696 -9.95469 0
      vertex -1.38892 -9.72366 1.4
      vertex -0.956696 -9.95469 1.4
    endloop
  endfacet
  facet normal 0.471399 0.88192 0
    outer loop
      vertex -1.38892 -9.72366 1.4
      vertex -0.956696 -9.95469 0
      vertex -1.38892 -9.72366 0
    endloop
  endfacet
  facet normal -0.0981466 0.995172 0
    outer loop
      vertex 0.487717 -10.0969 0
      vertex 0 -10.145 2
      vertex 0.487717 -10.0969 2
    endloop
  endfacet
  facet normal -0.0981466 0.995172 0
    outer loop
      vertex 0 -10.145 2
      vertex 0.487717 -10.0969 0
      vertex 0 -10.145 0
    endloop
  endfacet
  facet normal 0.995182 0.098045 0
    outer loop
      vertex -2.45195 -8.13272 2
      vertex -2.5 -7.645 0
      vertex -2.5 -7.645 2
    endloop
  endfacet
  facet normal 0.995182 0.098045 0
    outer loop
      vertex -2.5 -7.645 0
      vertex -2.45195 -8.13272 2
      vertex -2.45195 -8.13272 0
    endloop
  endfacet
  facet normal -0.95691 0.290383 0
    outer loop
      vertex 2.45195 -8.13272 0
      vertex 2.44809 -8.14544 1.4
      vertex 2.45195 -8.13272 2
    endloop
  endfacet
  facet normal -0.956942 0.290278 -1.04297e-06
    outer loop
      vertex 2.30969 -8.6017 0
      vertex 2.44809 -8.14544 1.4
      vertex 2.45195 -8.13272 0
    endloop
  endfacet
  facet normal -0.956943 0.290275 0
    outer loop
      vertex 2.44809 -8.14544 1.4
      vertex 2.30969 -8.6017 0
      vertex 2.30969 -8.6017 1.4
    endloop
  endfacet
  facet normal -0.95691 0.290383 0
    outer loop
      vertex 2.45195 -8.13272 2
      vertex 2.44809 -8.14544 1.4
      vertex 2.44809 -8.14544 2
    endloop
  endfacet
  facet normal 1 -0 0
    outer loop
      vertex -2.5 -7.645 2
      vertex -2.5 1.855 0
      vertex -2.5 1.855 2
    endloop
  endfacet
  facet normal 1 0 0
    outer loop
      vertex -2.5 1.855 0
      vertex -2.5 -7.645 2
      vertex -2.5 -7.645 0
    endloop
  endfacet
  facet normal 0.289981 0.957032 0
    outer loop
      vertex -0.487717 -10.0969 2
      vertex -0.698278 -10.0331 1.4
      vertex -0.698278 -10.0331 2
    endloop
  endfacet
  facet normal 0.289981 0.957032 -0
    outer loop
      vertex -0.487717 -10.0969 0
      vertex -0.698278 -10.0331 1.4
      vertex -0.487717 -10.0969 2
    endloop
  endfacet
  facet normal 0.290185 0.95697 3.35517e-05
    outer loop
      vertex -0.956696 -9.95469 0
      vertex -0.698278 -10.0331 1.4
      vertex -0.487717 -10.0969 0
    endloop
  endfacet
  facet normal 0.290352 0.95692 0
    outer loop
      vertex -0.698278 -10.0331 1.4
      vertex -0.956696 -9.95469 0
      vertex -0.956696 -9.95469 1.4
    endloop
  endfacet
  facet normal 0.634386 0.773016 -0
    outer loop
      vertex -1.38892 -9.72366 0
      vertex -1.76776 -9.41276 1.4
      vertex -1.38892 -9.72366 1.4
    endloop
  endfacet
  facet normal 0.634386 0.773016 0
    outer loop
      vertex -1.76776 -9.41276 1.4
      vertex -1.38892 -9.72366 0
      vertex -1.76776 -9.41276 0
    endloop
  endfacet
  facet normal -0.881914 0.47141 0
    outer loop
      vertex 2.30969 -8.6017 0
      vertex 2.0809 -9.02972 1.4
      vertex 2.30969 -8.6017 1.4
    endloop
  endfacet
  facet normal -0.881918 0.471402 -3.13819e-06
    outer loop
      vertex 2.07866 -9.03392 0
      vertex 2.0809 -9.02972 1.4
      vertex 2.30969 -8.6017 0
    endloop
  endfacet
  facet normal -0.882353 0.470588 0
    outer loop
      vertex 2.07866 -9.03392 2
      vertex 2.0809 -9.02972 1.4
      vertex 2.07866 -9.03392 0
    endloop
  endfacet
  facet normal -0.882353 0.470588 0
    outer loop
      vertex 2.0809 -9.02972 1.4
      vertex 2.07866 -9.03392 2
      vertex 2.0809 -9.02972 2
    endloop
  endfacet
  facet normal -0.995183 -0.0980381 0
    outer loop
      vertex 2.5 1.855 0
      vertex 2.47046 2.15486 2
      vertex 2.47046 2.15486 0
    endloop
  endfacet
  facet normal -0.995183 -0.0980381 0
    outer loop
      vertex 2.47046 2.15486 2
      vertex 2.5 1.855 0
      vertex 2.5 1.855 2
    endloop
  endfacet
  facet normal 0.995183 -0.0980381 0
    outer loop
      vertex -2.5 1.855 2
      vertex -2.47046 2.15486 0
      vertex -2.47046 2.15486 2
    endloop
  endfacet
  facet normal 0.995183 -0.0980381 0
    outer loop
      vertex -2.47046 2.15486 0
      vertex -2.5 1.855 2
      vertex -2.5 1.855 0
    endloop
  endfacet
  facet normal 0.881918 0.471402 0
    outer loop
      vertex -2.07866 -9.03392 1.4
      vertex -2.30969 -8.6017 0
      vertex -2.30969 -8.6017 1.4
    endloop
  endfacet
  facet normal 0.881918 0.471402 0
    outer loop
      vertex -2.30969 -8.6017 0
      vertex -2.07866 -9.03392 1.4
      vertex -2.07866 -9.03392 0
    endloop
  endfacet
  facet normal -1 0 0
    outer loop
      vertex 2.5 -7.645 0
      vertex 2.5 1.855 2
      vertex 2.5 1.855 0
    endloop
  endfacet
  facet normal -1 -0 0
    outer loop
      vertex 2.5 1.855 2
      vertex 2.5 -7.645 0
      vertex 2.5 -7.645 2
    endloop
  endfacet
  facet normal -0.634386 0.773016 0
    outer loop
      vertex 1.76776 -9.41276 0
      vertex 1.38892 -9.72366 1.4
      vertex 1.76776 -9.41276 1.4
    endloop
  endfacet
  facet normal -0.634386 0.773016 0
    outer loop
      vertex 1.38892 -9.72366 1.4
      vertex 1.76776 -9.41276 0
      vertex 1.38892 -9.72366 0
    endloop
  endfacet
  facet normal 0.0981466 0.995172 -0
    outer loop
      vertex 0 -10.145 0
      vertex -0.487717 -10.0969 2
      vertex 0 -10.145 2
    endloop
  endfacet
  facet normal 0.0981466 0.995172 0
    outer loop
      vertex -0.487717 -10.0969 2
      vertex 0 -10.145 0
      vertex -0.487717 -10.0969 0
    endloop
  endfacet
  facet normal -0.471399 0.88192 0
    outer loop
      vertex 1.38892 -9.72366 0
      vertex 0.956696 -9.95469 1.4
      vertex 1.38892 -9.72366 1.4
    endloop
  endfacet
  facet normal -0.471399 0.88192 0
    outer loop
      vertex 0.956696 -9.95469 1.4
      vertex 1.38892 -9.72366 0
      vertex 0.956696 -9.95469 0
    endloop
  endfacet
  facet normal -0.290356 0.956919 0
    outer loop
      vertex 0.956696 -9.95469 1.4
      vertex 0.956696 -9.95469 0
      vertex 0.676201 -10.0398 1.4
    endloop
  endfacet
  facet normal -0.289931 0.957047 0
    outer loop
      vertex 0.676201 -10.0398 1.4
      vertex 0.487717 -10.0969 2
      vertex 0.676201 -10.0398 2
    endloop
  endfacet
  facet normal -0.290185 0.95697 3.73255e-05
    outer loop
      vertex 0.487717 -10.0969 0
      vertex 0.676201 -10.0398 1.4
      vertex 0.956696 -9.95469 0
    endloop
  endfacet
  facet normal -0.289931 0.957047 0
    outer loop
      vertex 0.676201 -10.0398 1.4
      vertex 0.487717 -10.0969 0
      vertex 0.487717 -10.0969 2
    endloop
  endfacet
  facet normal 0.773016 0.634386 0
    outer loop
      vertex -1.76776 -9.41276 1.4
      vertex -2.07866 -9.03392 0
      vertex -2.07866 -9.03392 1.4
    endloop
  endfacet
  facet normal 0.773016 0.634386 0
    outer loop
      vertex -2.07866 -9.03392 0
      vertex -1.76776 -9.41276 1.4
      vertex -1.76776 -9.41276 0
    endloop
  endfacet
  facet normal -0.995182 0.098045 0
    outer loop
      vertex 2.45195 -8.13272 0
      vertex 2.5 -7.645 2
      vertex 2.5 -7.645 0
    endloop
  endfacet
  facet normal -0.995182 0.098045 0
    outer loop
      vertex 2.5 -7.645 2
      vertex 2.45195 -8.13272 0
      vertex 2.45195 -8.13272 2
    endloop
  endfacet
  facet normal -0.707104 0.707109 0
    outer loop
      vertex -3.75737 19.3 0
      vertex -8 15.0574 2
      vertex -3.75737 19.3 2
    endloop
  endfacet
  facet normal -0.707104 0.707109 0
    outer loop
      vertex -8 15.0574 2
      vertex -3.75737 19.3 0
      vertex -8 15.0574 0
    endloop
  endfacet
  facet normal 0 0 1
    outer loop
      vertex -0.956696 -9.95469 1.4
      vertex -0.699921 -10.0363 1.4
      vertex -0.698278 -10.0331 1.4
    endloop
  endfacet
  facet normal 0 0 1
    outer loop
      vertex -0.699921 -10.0363 1.4
      vertex -0.956696 -9.95469 1.4
      vertex -0.74324 -10.1051 1.4
    endloop
  endfacet
  facet normal 0 0 1
    outer loop
      vertex -0.74324 -10.1051 1.4
      vertex -0.956696 -9.95469 1.4
      vertex -0.792343 -10.17 1.4
    endloop
  endfacet
  facet normal 0 0 1
    outer loop
      vertex -0.792343 -10.17 1.4
      vertex -0.956696 -9.95469 1.4
      vertex -0.847092 -10.2308 1.4
    endloop
  endfacet
  facet normal 0 0 1
    outer loop
      vertex -0.847092 -10.2308 1.4
      vertex -0.956696 -9.95469 1.4
      vertex -0.907379 -10.2875 1.4
    endloop
  endfacet
  facet normal 0 0 1
    outer loop
      vertex -0.956696 -9.95469 1.4
      vertex -0.973175 -10.34 1.4
      vertex -0.907379 -10.2875 1.4
    endloop
  endfacet
  facet normal 0 0 1
    outer loop
      vertex -0.956696 -9.95469 1.4
      vertex -1.04451 -10.3884 1.4
      vertex -0.973175 -10.34 1.4
    endloop
  endfacet
  facet normal 0 0 1
    outer loop
      vertex -0.956696 -9.95469 1.4
      vertex -1.12137 -10.4327 1.4
      vertex -1.04451 -10.3884 1.4
    endloop
  endfacet
  facet normal 0 0 1
    outer loop
      vertex -1.38892 -9.72366 1.4
      vertex -1.12137 -10.4327 1.4
      vertex -0.956696 -9.95469 1.4
    endloop
  endfacet
  facet normal 0 0 1
    outer loop
      vertex -1.12137 -10.4327 1.4
      vertex -1.38892 -9.72366 1.4
      vertex -1.20375 -10.4728 1.4
    endloop
  endfacet
  facet normal 0 0 1
    outer loop
      vertex -1.20375 -10.4728 1.4
      vertex -1.38892 -9.72366 1.4
      vertex -1.29166 -10.5088 1.4
    endloop
  endfacet
  facet normal 0 0 1
    outer loop
      vertex -1.29166 -10.5088 1.4
      vertex -1.38892 -9.72366 1.4
      vertex -1.38509 -10.5406 1.4
    endloop
  endfacet
  facet normal -0 0 1
    outer loop
      vertex -1.9381 -9.94697 1.4
      vertex -1.38509 -10.5406 1.4
      vertex -1.38892 -9.72366 1.4
    endloop
  endfacet
  facet normal 0 0 1
    outer loop
      vertex -0.788437 -12.8151 1.4
      vertex -1.83038 -12.139 1.4
      vertex -0.895172 -12.9156 1.4
    endloop
  endfacet
  facet normal 0 0 1
    outer loop
      vertex -1.38509 -10.5406 1.4
      vertex -1.9381 -9.94697 1.4
      vertex -1.48404 -10.5683 1.4
    endloop
  endfacet
  facet normal 0 0 1
    outer loop
      vertex -1.37331 -10.6001 1.4
      vertex -1.7486 -11.7389 1.4
      vertex -1.74509 -11.8138 1.4
    endloop
  endfacet
  facet normal 0 0 1
    outer loop
      vertex -1.37331 -10.6001 1.4
      vertex -1.75908 -11.6682 1.4
      vertex -1.7486 -11.7389 1.4
    endloop
  endfacet
  facet normal -0 0 1
    outer loop
      vertex -1.8638 -9.64686 1.4
      vertex -1.38892 -9.72366 1.4
      vertex -1.76776 -9.41276 1.4
    endloop
  endfacet
  facet normal 0 0 1
    outer loop
      vertex -1.37331 -10.6001 1.4
      vertex -1.77655 -11.6017 1.4
      vertex -1.75908 -11.6682 1.4
    endloop
  endfacet
  facet normal 0 0 1
    outer loop
      vertex -1.89055 -9.83883 1.4
      vertex -1.38892 -9.72366 1.4
      vertex -1.87569 -9.7788 1.4
    endloop
  endfacet
  facet normal 0 0 1
    outer loop
      vertex -1.91135 -9.89488 1.4
      vertex -1.38892 -9.72366 1.4
      vertex -1.89055 -9.83883 1.4
    endloop
  endfacet
  facet normal 0 0 1
    outer loop
      vertex -1.38892 -9.72366 1.4
      vertex -1.8638 -9.64686 1.4
      vertex -1.86676 -9.71481 1.4
    endloop
  endfacet
  facet normal 0 0 1
    outer loop
      vertex -1.76776 -9.41276 1.4
      vertex -1.86668 -9.5838 1.4
      vertex -1.8638 -9.64686 1.4
    endloop
  endfacet
  facet normal 0 0 1
    outer loop
      vertex -1.76776 -9.41276 1.4
      vertex -1.87535 -9.524 1.4
      vertex -1.86668 -9.5838 1.4
    endloop
  endfacet
  facet normal 0 0 1
    outer loop
      vertex -1.76776 -9.41276 1.4
      vertex -1.88979 -9.46746 1.4
      vertex -1.87535 -9.524 1.4
    endloop
  endfacet
  facet normal 0 0 1
    outer loop
      vertex -1.76776 -9.41276 1.4
      vertex -1.91 -9.41418 1.4
      vertex -1.88979 -9.46746 1.4
    endloop
  endfacet
  facet normal 0 0 1
    outer loop
      vertex -1.76776 -9.41276 1.4
      vertex -1.936 -9.36416 1.4
      vertex -1.91 -9.41418 1.4
    endloop
  endfacet
  facet normal 0 0 1
    outer loop
      vertex -1.76776 -9.41276 1.4
      vertex -1.96777 -9.31741 1.4
      vertex -1.936 -9.36416 1.4
    endloop
  endfacet
  facet normal 0 0 1
    outer loop
      vertex -1.76776 -9.41276 1.4
      vertex -2.00533 -9.27392 1.4
      vertex -1.96777 -9.31741 1.4
    endloop
  endfacet
  facet normal 0 0 1
    outer loop
      vertex -2.07866 -9.03392 1.4
      vertex -2.00533 -9.27392 1.4
      vertex -1.76776 -9.41276 1.4
    endloop
  endfacet
  facet normal 0 0 1
    outer loop
      vertex -2.00533 -9.27392 1.4
      vertex -2.07866 -9.03392 1.4
      vertex -2.04865 -9.23368 1.4
    endloop
  endfacet
  facet normal 0 0 1
    outer loop
      vertex -2.07866 -9.03392 1.4
      vertex -2.09775 -9.19671 1.4
      vertex -2.04865 -9.23368 1.4
    endloop
  endfacet
  facet normal 0 0 1
    outer loop
      vertex -2.07866 -9.03392 1.4
      vertex -2.15211 -9.16331 1.4
      vertex -2.09775 -9.19671 1.4
    endloop
  endfacet
  facet normal 0 0 1
    outer loop
      vertex -2.07866 -9.03392 1.4
      vertex -2.21127 -9.13385 1.4
      vertex -2.15211 -9.16331 1.4
    endloop
  endfacet
  facet normal 0 0 1
    outer loop
      vertex -2.07866 -9.03392 1.4
      vertex -2.27519 -9.10832 1.4
      vertex -2.21127 -9.13385 1.4
    endloop
  endfacet
  facet normal 0 0 1
    outer loop
      vertex -2.34389 -9.08671 1.4
      vertex -2.07866 -9.03392 1.4
      vertex -2.30969 -8.6017 1.4
    endloop
  endfacet
  facet normal 0 0 1
    outer loop
      vertex -2.07866 -9.03392 1.4
      vertex -2.34389 -9.08671 1.4
      vertex -2.27519 -9.10832 1.4
    endloop
  endfacet
  facet normal 0 0 1
    outer loop
      vertex -2.30969 -8.6017 1.4
      vertex -2.41734 -9.06903 1.4
      vertex -2.34389 -9.08671 1.4
    endloop
  endfacet
  facet normal 0 0 1
    outer loop
      vertex -2.52495 -8.1448 1.4
      vertex -2.30969 -8.6017 1.4
      vertex -2.44785 -8.14625 1.4
    endloop
  endfacet
  facet normal 0 0 1
    outer loop
      vertex -2.30969 -8.6017 1.4
      vertex -2.49559 -9.05528 1.4
      vertex -2.41734 -9.06903 1.4
    endloop
  endfacet
  facet normal -0 0 1
    outer loop
      vertex -2.60649 -8.14547 1.4
      vertex -2.30969 -8.6017 1.4
      vertex -2.52495 -8.1448 1.4
    endloop
  endfacet
  facet normal 0 0 1
    outer loop
      vertex -2.30969 -8.6017 1.4
      vertex -2.5786 -9.04547 1.4
      vertex -2.49559 -9.05528 1.4
    endloop
  endfacet
  facet normal -0 0 1
    outer loop
      vertex -2.68837 -8.14749 1.4
      vertex -2.30969 -8.6017 1.4
      vertex -2.60649 -8.14547 1.4
    endloop
  endfacet
  facet normal 0 0 1
    outer loop
      vertex -2.30969 -8.6017 1.4
      vertex -2.66638 -9.03958 1.4
      vertex -2.5786 -9.04547 1.4
    endloop
  endfacet
  facet normal -0 0 1
    outer loop
      vertex -2.77058 -8.15084 1.4
      vertex -2.30969 -8.6017 1.4
      vertex -2.68837 -8.14749 1.4
    endloop
  endfacet
  facet normal 0 0 1
    outer loop
      vertex -2.30969 -8.6017 1.4
      vertex -2.75894 -9.03761 1.4
      vertex -2.66638 -9.03958 1.4
    endloop
  endfacet
  facet normal 0 0 1
    outer loop
      vertex -2.30969 -8.6017 1.4
      vertex -2.77058 -8.15084 1.4
      vertex -2.75894 -9.03761 1.4
    endloop
  endfacet
  facet normal -0 0 1
    outer loop
      vertex -2.85313 -8.15556 1.4
      vertex -2.75894 -9.03761 1.4
      vertex -2.77058 -8.15084 1.4
    endloop
  endfacet
  facet normal 0 0 1
    outer loop
      vertex -2.75894 -9.03761 1.4
      vertex -2.85313 -8.15556 1.4
      vertex -2.8291 -9.03849 1.4
    endloop
  endfacet
  facet normal -0 0 1
    outer loop
      vertex -2.93602 -8.1616 1.4
      vertex -2.8291 -9.03849 1.4
      vertex -2.85313 -8.15556 1.4
    endloop
  endfacet
  facet normal 0 0 1
    outer loop
      vertex -2.8291 -9.03849 1.4
      vertex -2.93602 -8.1616 1.4
      vertex -2.89941 -9.04112 1.4
    endloop
  endfacet
  facet normal -0 0 1
    outer loop
      vertex -3.01923 -8.16899 1.4
      vertex -2.89941 -9.04112 1.4
      vertex -2.93602 -8.1616 1.4
    endloop
  endfacet
  facet normal 0 0 1
    outer loop
      vertex -2.89941 -9.04112 1.4
      vertex -3.01923 -8.16899 1.4
      vertex -2.96991 -9.04553 1.4
    endloop
  endfacet
  facet normal -0 0 1
    outer loop
      vertex -3.10278 -8.17772 1.4
      vertex -2.96991 -9.04553 1.4
      vertex -3.01923 -8.16899 1.4
    endloop
  endfacet
  facet normal 0 0 1
    outer loop
      vertex -2.96991 -9.04553 1.4
      vertex -3.10278 -8.17772 1.4
      vertex -3.04056 -9.05168 1.4
    endloop
  endfacet
  facet normal -0 0 1
    outer loop
      vertex -3.18668 -8.18779 1.4
      vertex -3.04056 -9.05168 1.4
      vertex -3.10278 -8.17772 1.4
    endloop
  endfacet
  facet normal 0 0 1
    outer loop
      vertex -3.04056 -9.05168 1.4
      vertex -3.18668 -8.18779 1.4
      vertex -3.11139 -9.0596 1.4
    endloop
  endfacet
  facet normal -0 0 1
    outer loop
      vertex -3.27089 -8.1992 1.4
      vertex -3.11139 -9.0596 1.4
      vertex -3.18668 -8.18779 1.4
    endloop
  endfacet
  facet normal 0 0 1
    outer loop
      vertex -3.11139 -9.0596 1.4
      vertex -3.27089 -8.1992 1.4
      vertex -3.18239 -9.06927 1.4
    endloop
  endfacet
  facet normal -0 0 1
    outer loop
      vertex -3.35536 -8.21197 1.4
      vertex -3.18239 -9.06927 1.4
      vertex -3.27089 -8.1992 1.4
    endloop
  endfacet
  facet normal 0 0 1
    outer loop
      vertex -3.18239 -9.06927 1.4
      vertex -3.35536 -8.21197 1.4
      vertex -3.25356 -9.08072 1.4
    endloop
  endfacet
  facet normal -0 0 1
    outer loop
      vertex -3.44 -8.22607 1.4
      vertex -3.25356 -9.08072 1.4
      vertex -3.35536 -8.21197 1.4
    endloop
  endfacet
  facet normal 0 0 1
    outer loop
      vertex -3.25356 -9.08072 1.4
      vertex -3.44 -8.22607 1.4
      vertex -3.32489 -9.0939 1.4
    endloop
  endfacet
  facet normal -0 0 1
    outer loop
      vertex -3.52481 -8.24151 1.4
      vertex -3.32489 -9.0939 1.4
      vertex -3.44 -8.22607 1.4
    endloop
  endfacet
  facet normal 0 0 1
    outer loop
      vertex -3.32489 -9.0939 1.4
      vertex -3.52481 -8.24151 1.4
      vertex -3.39639 -9.10885 1.4
    endloop
  endfacet
  facet normal -0 0 1
    outer loop
      vertex -3.60979 -8.25831 1.4
      vertex -3.39639 -9.10885 1.4
      vertex -3.52481 -8.24151 1.4
    endloop
  endfacet
  facet normal 0 0 1
    outer loop
      vertex -3.39639 -9.10885 1.4
      vertex -3.60979 -8.25831 1.4
      vertex -3.46793 -9.12553 1.4
    endloop
  endfacet
  facet normal -0 0 1
    outer loop
      vertex -3.69493 -8.27644 1.4
      vertex -3.46793 -9.12553 1.4
      vertex -3.60979 -8.25831 1.4
    endloop
  endfacet
  facet normal 0 0 1
    outer loop
      vertex -3.46793 -9.12553 1.4
      vertex -3.69493 -8.27644 1.4
      vertex -3.53938 -9.14387 1.4
    endloop
  endfacet
  facet normal -0 0 1
    outer loop
      vertex -3.78024 -8.29593 1.4
      vertex -3.53938 -9.14387 1.4
      vertex -3.69493 -8.27644 1.4
    endloop
  endfacet
  facet normal 0 0 1
    outer loop
      vertex -3.53938 -9.14387 1.4
      vertex -3.78024 -8.29593 1.4
      vertex -3.61075 -9.16389 1.4
    endloop
  endfacet
  facet normal -0 0 1
    outer loop
      vertex -3.86572 -8.31674 1.4
      vertex -3.61075 -9.16389 1.4
      vertex -3.78024 -8.29593 1.4
    endloop
  endfacet
  facet normal 0 0 1
    outer loop
      vertex -3.61075 -9.16389 1.4
      vertex -3.86572 -8.31674 1.4
      vertex -3.68204 -9.18559 1.4
    endloop
  endfacet
  facet normal -0 0 1
    outer loop
      vertex -3.95137 -8.33889 1.4
      vertex -3.68204 -9.18559 1.4
      vertex -3.86572 -8.31674 1.4
    endloop
  endfacet
  facet normal 0 0 1
    outer loop
      vertex -3.68204 -9.18559 1.4
      vertex -3.95137 -8.33889 1.4
      vertex -3.75323 -9.20897 1.4
    endloop
  endfacet
  facet normal -0 0 1
    outer loop
      vertex -4.0372 -8.36241 1.4
      vertex -3.75323 -9.20897 1.4
      vertex -3.95137 -8.33889 1.4
    endloop
  endfacet
  facet normal 0 0 1
    outer loop
      vertex -3.75323 -9.20897 1.4
      vertex -4.0372 -8.36241 1.4
      vertex -3.82436 -9.234 1.4
    endloop
  endfacet
  facet normal 0 0 1
    outer loop
      vertex -3.82436 -9.234 1.4
      vertex -4.0372 -8.36241 1.4
      vertex -3.89539 -9.26074 1.4
    endloop
  endfacet
  facet normal 0 0 1
    outer loop
      vertex -3.89539 -9.26074 1.4
      vertex -4.0372 -8.36241 1.4
      vertex -3.96632 -9.28913 1.4
    endloop
  endfacet
  facet normal 0 0 1
    outer loop
      vertex -3.96632 -9.28913 1.4
      vertex -4.0372 -8.36241 1.4
      vertex -4.0372 -9.31921 1.4
    endloop
  endfacet
  facet normal 0 0 1
    outer loop
      vertex -0.452881 -11.6456 1.4
      vertex -1.74509 -11.8138 1.4
      vertex -0.443024 -11.7514 1.4
    endloop
  endfacet
  facet normal 0 0 1
    outer loop
      vertex -0.469315 -11.5442 1.4
      vertex -1.74509 -11.8138 1.4
      vertex -0.452881 -11.6456 1.4
    endloop
  endfacet
  facet normal 0 0 1
    outer loop
      vertex -1.74509 -11.8138 1.4
      vertex -1.26863 -10.6367 1.4
      vertex -1.37331 -10.6001 1.4
    endloop
  endfacet
  facet normal 0 0 1
    outer loop
      vertex -0.49231 -11.4472 1.4
      vertex -1.74509 -11.8138 1.4
      vertex -0.469315 -11.5442 1.4
    endloop
  endfacet
  facet normal 0 0 1
    outer loop
      vertex -0.521881 -11.3546 1.4
      vertex -1.74509 -11.8138 1.4
      vertex -0.49231 -11.4472 1.4
    endloop
  endfacet
  facet normal 0 0 1
    outer loop
      vertex -0.443024 -11.7514 1.4
      vertex -1.74509 -11.8138 1.4
      vertex -0.439743 -11.8616 1.4
    endloop
  endfacet
  facet normal 0 0 1
    outer loop
      vertex -0.558029 -11.2664 1.4
      vertex -1.74509 -11.8138 1.4
      vertex -0.521881 -11.3546 1.4
    endloop
  endfacet
  facet normal 0 0 1
    outer loop
      vertex -1.74509 -11.8138 1.4
      vertex -1.17003 -10.6782 1.4
      vertex -1.26863 -10.6367 1.4
    endloop
  endfacet
  facet normal 0 0 1
    outer loop
      vertex -0.600754 -11.1826 1.4
      vertex -1.74509 -11.8138 1.4
      vertex -0.558029 -11.2664 1.4
    endloop
  endfacet
  facet normal 0 0 1
    outer loop
      vertex -0.65004 -11.1032 1.4
      vertex -1.74509 -11.8138 1.4
      vertex -0.600754 -11.1826 1.4
    endloop
  endfacet
  facet normal 0 0 1
    outer loop
      vertex -1.74509 -11.8138 1.4
      vertex -1.0775 -10.7245 1.4
      vertex -1.17003 -10.6782 1.4
    endloop
  endfacet
  facet normal 0 0 1
    outer loop
      vertex -0.705887 -11.0282 1.4
      vertex -1.74509 -11.8138 1.4
      vertex -0.65004 -11.1032 1.4
    endloop
  endfacet
  facet normal 0 0 1
    outer loop
      vertex -1.7485 -11.8865 1.4
      vertex -0.439743 -11.8616 1.4
      vertex -1.74509 -11.8138 1.4
    endloop
  endfacet
  facet normal 0 0 1
    outer loop
      vertex -0.768066 -10.9578 1.4
      vertex -1.74509 -11.8138 1.4
      vertex -0.705887 -11.0282 1.4
    endloop
  endfacet
  facet normal 0 0 1
    outer loop
      vertex -1.74509 -11.8138 1.4
      vertex -0.768066 -10.9578 1.4
      vertex -0.836319 -10.8923 1.4
    endloop
  endfacet
  facet normal 0 0 1
    outer loop
      vertex -1.74509 -11.8138 1.4
      vertex -0.836319 -10.8923 1.4
      vertex -0.910645 -10.8315 1.4
    endloop
  endfacet
  facet normal 0 0 1
    outer loop
      vertex -1.74509 -11.8138 1.4
      vertex -0.910645 -10.8315 1.4
      vertex -0.991028 -10.7756 1.4
    endloop
  endfacet
  facet normal 0 0 1
    outer loop
      vertex -1.74509 -11.8138 1.4
      vertex -0.991028 -10.7756 1.4
      vertex -1.0775 -10.7245 1.4
    endloop
  endfacet
  facet normal 0 0 1
    outer loop
      vertex -0.439743 -11.8616 1.4
      vertex -1.7485 -11.8865 1.4
      vertex -0.446854 -12.0245 1.4
    endloop
  endfacet
  facet normal 0 0 1
    outer loop
      vertex -0.446854 -12.0245 1.4
      vertex -1.7485 -11.8865 1.4
      vertex -0.468201 -12.1786 1.4
    endloop
  endfacet
  facet normal 0 0 1
    outer loop
      vertex -0.468201 -12.1786 1.4
      vertex -1.75874 -11.9554 1.4
      vertex -0.503784 -12.3238 1.4
    endloop
  endfacet
  facet normal -0 0 1
    outer loop
      vertex -1.7758 -12.0205 1.4
      vertex -0.503784 -12.3238 1.4
      vertex -1.75874 -11.9554 1.4
    endloop
  endfacet
  facet normal 0 0 1
    outer loop
      vertex -0.503784 -12.3238 1.4
      vertex -1.7758 -12.0205 1.4
      vertex -0.553604 -12.46 1.4
    endloop
  endfacet
  facet normal -0 0 1
    outer loop
      vertex -1.75874 -11.9554 1.4
      vertex -0.468201 -12.1786 1.4
      vertex -1.7485 -11.8865 1.4
    endloop
  endfacet
  facet normal 0 0 1
    outer loop
      vertex -0.553604 -12.46 1.4
      vertex -1.7758 -12.0205 1.4
      vertex -0.617645 -12.5873 1.4
    endloop
  endfacet
  facet normal -0 0 1
    outer loop
      vertex -1.79968 -12.0816 1.4
      vertex -0.617645 -12.5873 1.4
      vertex -1.7758 -12.0205 1.4
    endloop
  endfacet
  facet normal 0 0 1
    outer loop
      vertex -1.91638 -11.3769 1.4
      vertex -1.37331 -10.6001 1.4
      vertex -1.48404 -10.5683 1.4
    endloop
  endfacet
  facet normal 0 0 1
    outer loop
      vertex -0.617645 -12.5873 1.4
      vertex -1.79968 -12.0816 1.4
      vertex -0.695923 -12.7056 1.4
    endloop
  endfacet
  facet normal 0 0 1
    outer loop
      vertex -0.695923 -12.7056 1.4
      vertex -1.79968 -12.0816 1.4
      vertex -0.788437 -12.8151 1.4
    endloop
  endfacet
  facet normal -0 0 1
    outer loop
      vertex -1.83038 -12.139 1.4
      vertex -0.788437 -12.8151 1.4
      vertex -1.79968 -12.0816 1.4
    endloop
  endfacet
  facet normal 0 0 1
    outer loop
      vertex -0.895172 -12.9156 1.4
      vertex -1.83038 -12.139 1.4
      vertex -1.01614 -13.0072 1.4
    endloop
  endfacet
  facet normal -0 0 1
    outer loop
      vertex -1.86792 -12.1924 1.4
      vertex -1.01614 -13.0072 1.4
      vertex -1.83038 -12.139 1.4
    endloop
  endfacet
  facet normal 0 0 1
    outer loop
      vertex -1.01614 -13.0072 1.4
      vertex -1.86792 -12.1924 1.4
      vertex -1.15076 -13.0894 1.4
    endloop
  endfacet
  facet normal -0 0 1
    outer loop
      vertex -1.91226 -12.242 1.4
      vertex -1.15076 -13.0894 1.4
      vertex -1.86792 -12.1924 1.4
    endloop
  endfacet
  facet normal 0 0 1
    outer loop
      vertex -1.15076 -13.0894 1.4
      vertex -1.91226 -12.242 1.4
      vertex -1.29845 -13.162 1.4
    endloop
  endfacet
  facet normal -0 0 1
    outer loop
      vertex -1.96344 -12.2878 1.4
      vertex -1.29845 -13.162 1.4
      vertex -1.91226 -12.242 1.4
    endloop
  endfacet
  facet normal 0 0 1
    outer loop
      vertex -1.29845 -13.162 1.4
      vertex -1.96344 -12.2878 1.4
      vertex -1.45918 -13.225 1.4
    endloop
  endfacet
  facet normal -0 0 1
    outer loop
      vertex -2.02144 -12.3297 1.4
      vertex -1.45918 -13.225 1.4
      vertex -1.96344 -12.2878 1.4
    endloop
  endfacet
  facet normal 0 0 1
    outer loop
      vertex -1.45918 -13.225 1.4
      vertex -2.02144 -12.3297 1.4
      vertex -1.63298 -13.2782 1.4
    endloop
  endfacet
  facet normal -0 0 1
    outer loop
      vertex -2.08585 -12.3675 1.4
      vertex -1.63298 -13.2782 1.4
      vertex -2.02144 -12.3297 1.4
    endloop
  endfacet
  facet normal 0 0 1
    outer loop
      vertex -1.63298 -13.2782 1.4
      vertex -2.08585 -12.3675 1.4
      vertex -1.81984 -13.3217 1.4
    endloop
  endfacet
  facet normal -0 0 1
    outer loop
      vertex -2.15623 -12.4008 1.4
      vertex -1.81984 -13.3217 1.4
      vertex -2.08585 -12.3675 1.4
    endloop
  endfacet
  facet normal 0 0 1
    outer loop
      vertex -1.81984 -13.3217 1.4
      vertex -2.15623 -12.4008 1.4
      vertex -2.01976 -13.3556 1.4
    endloop
  endfacet
  facet normal -0 0 1
    outer loop
      vertex -2.2326 -12.4297 1.4
      vertex -2.01976 -13.3556 1.4
      vertex -2.15623 -12.4008 1.4
    endloop
  endfacet
  facet normal -0 0 1
    outer loop
      vertex -2.31497 -12.4541 1.4
      vertex -2.01976 -13.3556 1.4
      vertex -2.2326 -12.4297 1.4
    endloop
  endfacet
  facet normal 0 0 1
    outer loop
      vertex -2.01976 -13.3556 1.4
      vertex -2.31497 -12.4541 1.4
      vertex -2.23274 -13.3798 1.4
    endloop
  endfacet
  facet normal -0 0 1
    outer loop
      vertex -2.40332 -12.4741 1.4
      vertex -2.23274 -13.3798 1.4
      vertex -2.31497 -12.4541 1.4
    endloop
  endfacet
  facet normal 0 0 1
    outer loop
      vertex -2.40332 -12.4741 1.4
      vertex -2.45879 -13.3943 1.4
      vertex -2.23274 -13.3798 1.4
    endloop
  endfacet
  facet normal -0 0 1
    outer loop
      vertex -2.49765 -12.4896 1.4
      vertex -2.45879 -13.3943 1.4
      vertex -2.40332 -12.4741 1.4
    endloop
  endfacet
  facet normal -0 0 1
    outer loop
      vertex -2.59796 -12.5007 1.4
      vertex -2.45879 -13.3943 1.4
      vertex -2.49765 -12.4896 1.4
    endloop
  endfacet
  facet normal 0 0 1
    outer loop
      vertex -2.59796 -12.5007 1.4
      vertex -2.69789 -13.3992 1.4
      vertex -2.45879 -13.3943 1.4
    endloop
  endfacet
  facet normal -0 0 1
    outer loop
      vertex -2.70425 -12.5074 1.4
      vertex -2.69789 -13.3992 1.4
      vertex -2.59796 -12.5007 1.4
    endloop
  endfacet
  facet normal 0 0 1
    outer loop
      vertex -2.70425 -12.5074 1.4
      vertex -2.78458 -13.3984 1.4
      vertex -2.69789 -13.3992 1.4
    endloop
  endfacet
  facet normal -0 0 1
    outer loop
      vertex -2.81654 -12.5096 1.4
      vertex -2.78458 -13.3984 1.4
      vertex -2.70425 -12.5074 1.4
    endloop
  endfacet
  facet normal 0 0 1
    outer loop
      vertex -2.81654 -12.5096 1.4
      vertex -2.87129 -13.3961 1.4
      vertex -2.78458 -13.3984 1.4
    endloop
  endfacet
  facet normal 0 0 1
    outer loop
      vertex -2.8943 -12.5084 1.4
      vertex -2.87129 -13.3961 1.4
      vertex -2.81654 -12.5096 1.4
    endloop
  endfacet
  facet normal 0 0 1
    outer loop
      vertex -2.8943 -12.5084 1.4
      vertex -2.95804 -13.3922 1.4
      vertex -2.87129 -13.3961 1.4
    endloop
  endfacet
  facet normal 0 0 1
    outer loop
      vertex -2.97235 -12.505 1.4
      vertex -2.95804 -13.3922 1.4
      vertex -2.8943 -12.5084 1.4
    endloop
  endfacet
  facet normal 0 0 1
    outer loop
      vertex -2.97235 -12.505 1.4
      vertex -3.04485 -13.3867 1.4
      vertex -2.95804 -13.3922 1.4
    endloop
  endfacet
  facet normal 0 0 1
    outer loop
      vertex -3.05069 -12.4992 1.4
      vertex -3.04485 -13.3867 1.4
      vertex -2.97235 -12.505 1.4
    endloop
  endfacet
  facet normal 0 0 1
    outer loop
      vertex -3.13168 -13.3797 1.4
      vertex -3.05069 -12.4992 1.4
      vertex -3.12933 -12.4911 1.4
    endloop
  endfacet
  facet normal 0 0 1
    outer loop
      vertex -3.05069 -12.4992 1.4
      vertex -3.13168 -13.3797 1.4
      vertex -3.04485 -13.3867 1.4
    endloop
  endfacet
  facet normal 0 0 1
    outer loop
      vertex -3.30548 -13.361 1.4
      vertex -3.12933 -12.4911 1.4
      vertex -3.20825 -12.4807 1.4
    endloop
  endfacet
  facet normal 0 0 1
    outer loop
      vertex -3.12933 -12.4911 1.4
      vertex -3.21857 -13.3711 1.4
      vertex -3.13168 -13.3797 1.4
    endloop
  endfacet
  facet normal 0 0 1
    outer loop
      vertex -3.39244 -13.3493 1.4
      vertex -3.20825 -12.4807 1.4
      vertex -3.28748 -12.468 1.4
    endloop
  endfacet
  facet normal 0 0 1
    outer loop
      vertex -3.12933 -12.4911 1.4
      vertex -3.30548 -13.361 1.4
      vertex -3.21857 -13.3711 1.4
    endloop
  endfacet
  facet normal 0 0 1
    outer loop
      vertex -3.47945 -13.336 1.4
      vertex -3.28748 -12.468 1.4
      vertex -3.36699 -12.453 1.4
    endloop
  endfacet
  facet normal 0 0 1
    outer loop
      vertex -3.20825 -12.4807 1.4
      vertex -3.39244 -13.3493 1.4
      vertex -3.30548 -13.361 1.4
    endloop
  endfacet
  facet normal 0 0 1
    outer loop
      vertex -3.56636 -13.3212 1.4
      vertex -3.36699 -12.453 1.4
      vertex -3.44679 -12.4356 1.4
    endloop
  endfacet
  facet normal 0 0 1
    outer loop
      vertex -3.28748 -12.468 1.4
      vertex -3.47945 -13.336 1.4
      vertex -3.39244 -13.3493 1.4
    endloop
  endfacet
  facet normal 0 0 1
    outer loop
      vertex -3.65308 -13.3048 1.4
      vertex -3.44679 -12.4356 1.4
      vertex -3.52689 -12.416 1.4
    endloop
  endfacet
  facet normal 0 0 1
    outer loop
      vertex -3.36699 -12.453 1.4
      vertex -3.56636 -13.3212 1.4
      vertex -3.47945 -13.336 1.4
    endloop
  endfacet
  facet normal 0 0 1
    outer loop
      vertex -3.73958 -13.2868 1.4
      vertex -3.52689 -12.416 1.4
      vertex -3.60721 -12.394 1.4
    endloop
  endfacet
  facet normal 0 0 1
    outer loop
      vertex -3.44679 -12.4356 1.4
      vertex -3.65308 -13.3048 1.4
      vertex -3.56636 -13.3212 1.4
    endloop
  endfacet
  facet normal 0 0 1
    outer loop
      vertex -3.91194 -13.2463 1.4
      vertex -3.60721 -12.394 1.4
      vertex -3.68764 -12.3699 1.4
    endloop
  endfacet
  facet normal 0 0 1
    outer loop
      vertex -3.52689 -12.416 1.4
      vertex -3.73958 -13.2868 1.4
      vertex -3.65308 -13.3048 1.4
    endloop
  endfacet
  facet normal 0 0 1
    outer loop
      vertex -3.99782 -13.2236 1.4
      vertex -3.68764 -12.3699 1.4
      vertex -3.76819 -12.3435 1.4
    endloop
  endfacet
  facet normal 0 0 1
    outer loop
      vertex -3.60721 -12.394 1.4
      vertex -3.82587 -13.2673 1.4
      vertex -3.73958 -13.2868 1.4
    endloop
  endfacet
  facet normal 0 0 1
    outer loop
      vertex -4.08348 -13.1995 1.4
      vertex -3.76819 -12.3435 1.4
      vertex -3.84888 -12.3149 1.4
    endloop
  endfacet
  facet normal 0 0 1
    outer loop
      vertex -3.60721 -12.394 1.4
      vertex -3.91194 -13.2463 1.4
      vertex -3.82587 -13.2673 1.4
    endloop
  endfacet
  facet normal 0 0 1
    outer loop
      vertex -4.16895 -13.1737 1.4
      vertex -3.84888 -12.3149 1.4
      vertex -3.92969 -12.2841 1.4
    endloop
  endfacet
  facet normal 0 0 1
    outer loop
      vertex -3.68764 -12.3699 1.4
      vertex -3.99782 -13.2236 1.4
      vertex -3.91194 -13.2463 1.4
    endloop
  endfacet
  facet normal 0 0 1
    outer loop
      vertex -4.2542 -13.1464 1.4
      vertex -3.92969 -12.2841 1.4
      vertex -4.01062 -12.251 1.4
    endloop
  endfacet
  facet normal 0 0 1
    outer loop
      vertex -3.76819 -12.3435 1.4
      vertex -4.08348 -13.1995 1.4
      vertex -3.99782 -13.2236 1.4
    endloop
  endfacet
  facet normal 0 0 1
    outer loop
      vertex -4.2542 -13.1464 1.4
      vertex -4.01062 -12.251 1.4
      vertex -4.09169 -12.2157 1.4
    endloop
  endfacet
  facet normal 0 0 1
    outer loop
      vertex -3.84888 -12.3149 1.4
      vertex -4.16895 -13.1737 1.4
      vertex -4.08348 -13.1995 1.4
    endloop
  endfacet
  facet normal 0 0 1
    outer loop
      vertex -4.2542 -13.1464 1.4
      vertex -4.09169 -12.2157 1.4
      vertex -4.17288 -12.1782 1.4
    endloop
  endfacet
  facet normal 0 0 1
    outer loop
      vertex -4.2542 -13.1464 1.4
      vertex -4.17288 -12.1782 1.4
      vertex -4.2542 -12.1384 1.4
    endloop
  endfacet
  facet normal 0 0 1
    outer loop
      vertex -3.92969 -12.2841 1.4
      vertex -4.2542 -13.1464 1.4
      vertex -4.16895 -13.1737 1.4
    endloop
  endfacet
  facet normal 0 0 1
    outer loop
      vertex -1.38892 -9.72366 1.4
      vertex -1.86676 -9.71481 1.4
      vertex -1.87569 -9.7788 1.4
    endloop
  endfacet
  facet normal 0 0 1
    outer loop
      vertex -1.37331 -10.6001 1.4
      vertex -1.80103 -11.5393 1.4
      vertex -1.77655 -11.6017 1.4
    endloop
  endfacet
  facet normal 0 0 1
    outer loop
      vertex -1.9381 -9.94697 1.4
      vertex -1.38892 -9.72366 1.4
      vertex -1.91135 -9.89488 1.4
    endloop
  endfacet
  facet normal 0 0 1
    outer loop
      vertex -1.37331 -10.6001 1.4
      vertex -1.83249 -11.481 1.4
      vertex -1.80103 -11.5393 1.4
    endloop
  endfacet
  facet normal 0 0 1
    outer loop
      vertex -1.48404 -10.5683 1.4
      vertex -1.9381 -9.94697 1.4
      vertex -1.97079 -9.99508 1.4
    endloop
  endfacet
  facet normal 0 0 1
    outer loop
      vertex -1.37331 -10.6001 1.4
      vertex -1.87094 -11.4269 1.4
      vertex -1.83249 -11.481 1.4
    endloop
  endfacet
  facet normal 0 0 1
    outer loop
      vertex -1.48404 -10.5683 1.4
      vertex -1.97079 -9.99508 1.4
      vertex -2.00943 -10.0392 1.4
    endloop
  endfacet
  facet normal 0 0 1
    outer loop
      vertex -1.37331 -10.6001 1.4
      vertex -1.91638 -11.3769 1.4
      vertex -1.87094 -11.4269 1.4
    endloop
  endfacet
  facet normal -0 0 1
    outer loop
      vertex -2.05402 -10.0794 1.4
      vertex -1.48404 -10.5683 1.4
      vertex -2.00943 -10.0392 1.4
    endloop
  endfacet
  facet normal 0 0 1
    outer loop
      vertex -1.48404 -10.5683 1.4
      vertex -1.96881 -11.3311 1.4
      vertex -1.91638 -11.3769 1.4
    endloop
  endfacet
  facet normal -0 0 1
    outer loop
      vertex -2.10454 -10.1156 1.4
      vertex -1.48404 -10.5683 1.4
      vertex -2.05402 -10.0794 1.4
    endloop
  endfacet
  facet normal 0 0 1
    outer loop
      vertex -1.48404 -10.5683 1.4
      vertex -2.02824 -11.2894 1.4
      vertex -1.96881 -11.3311 1.4
    endloop
  endfacet
  facet normal -0 0 1
    outer loop
      vertex -2.16113 -10.1479 1.4
      vertex -1.48404 -10.5683 1.4
      vertex -2.10454 -10.1156 1.4
    endloop
  endfacet
  facet normal 0 0 1
    outer loop
      vertex -1.48404 -10.5683 1.4
      vertex -2.09448 -11.252 1.4
      vertex -2.02824 -11.2894 1.4
    endloop
  endfacet
  facet normal -0 0 1
    outer loop
      vertex -2.22391 -10.1764 1.4
      vertex -1.48404 -10.5683 1.4
      vertex -2.16113 -10.1479 1.4
    endloop
  endfacet
  facet normal 0 0 1
    outer loop
      vertex -1.48404 -10.5683 1.4
      vertex -2.16737 -11.219 1.4
      vertex -2.09448 -11.252 1.4
    endloop
  endfacet
  facet normal 0 0 1
    outer loop
      vertex -1.48404 -10.5683 1.4
      vertex -2.22391 -10.1764 1.4
      vertex -2.16737 -11.219 1.4
    endloop
  endfacet
  facet normal 0 0 1
    outer loop
      vertex -2.22391 -10.1764 1.4
      vertex -2.24693 -11.1904 1.4
      vertex -2.16737 -11.219 1.4
    endloop
  endfacet
  facet normal -0 0 1
    outer loop
      vertex -2.29289 -10.2012 1.4
      vertex -2.24693 -11.1904 1.4
      vertex -2.22391 -10.1764 1.4
    endloop
  endfacet
  facet normal 0 0 1
    outer loop
      vertex -2.29289 -10.2012 1.4
      vertex -2.33315 -11.1662 1.4
      vertex -2.24693 -11.1904 1.4
    endloop
  endfacet
  facet normal -0 0 1
    outer loop
      vertex -2.36807 -10.2221 1.4
      vertex -2.33315 -11.1662 1.4
      vertex -2.29289 -10.2012 1.4
    endloop
  endfacet
  facet normal 0 0 1
    outer loop
      vertex -2.36807 -10.2221 1.4
      vertex -2.42601 -11.1464 1.4
      vertex -2.33315 -11.1662 1.4
    endloop
  endfacet
  facet normal -0 0 1
    outer loop
      vertex -2.44945 -10.2392 1.4
      vertex -2.42601 -11.1464 1.4
      vertex -2.36807 -10.2221 1.4
    endloop
  endfacet
  facet normal 0 0 1
    outer loop
      vertex -2.44945 -10.2392 1.4
      vertex -2.52553 -11.131 1.4
      vertex -2.42601 -11.1464 1.4
    endloop
  endfacet
  facet normal -0 0 1
    outer loop
      vertex -2.53702 -10.2525 1.4
      vertex -2.52553 -11.131 1.4
      vertex -2.44945 -10.2392 1.4
    endloop
  endfacet
  facet normal 0 0 1
    outer loop
      vertex -2.63171 -11.12 1.4
      vertex -2.53702 -10.2525 1.4
      vertex -2.63077 -10.262 1.4
    endloop
  endfacet
  facet normal 0 0 1
    outer loop
      vertex -2.53702 -10.2525 1.4
      vertex -2.63171 -11.12 1.4
      vertex -2.52553 -11.131 1.4
    endloop
  endfacet
  facet normal -0 0 1
    outer loop
      vertex -2.73074 -10.2677 1.4
      vertex -2.63171 -11.12 1.4
      vertex -2.63077 -10.262 1.4
    endloop
  endfacet
  facet normal 0 0 1
    outer loop
      vertex -2.73074 -10.2677 1.4
      vertex -2.74455 -11.1134 1.4
      vertex -2.63171 -11.12 1.4
    endloop
  endfacet
  facet normal -0 0 1
    outer loop
      vertex -2.8369 -10.2696 1.4
      vertex -2.74455 -11.1134 1.4
      vertex -2.73074 -10.2677 1.4
    endloop
  endfacet
  facet normal 0 0 1
    outer loop
      vertex -2.8369 -10.2696 1.4
      vertex -2.86404 -11.1112 1.4
      vertex -2.74455 -11.1134 1.4
    endloop
  endfacet
  facet normal -0 0 1
    outer loop
      vertex -3.3862 -10.2696 1.4
      vertex -2.86404 -11.1112 1.4
      vertex -2.8369 -10.2696 1.4
    endloop
  endfacet
  facet normal 0 0 1
    outer loop
      vertex -2.86404 -11.1112 1.4
      vertex -3.3862 -10.2696 1.4
      vertex -3.3862 -11.1112 1.4
    endloop
  endfacet
  facet normal 0 0 1
    outer loop
      vertex 1.38892 -9.72366 1.4
      vertex 1.77196 -9.52472 1.4
      vertex 1.76776 -9.41276 1.4
    endloop
  endfacet
  facet normal 0 0 1
    outer loop
      vertex 1.77818 -9.46327 1.4
      vertex 1.76776 -9.41276 1.4
      vertex 1.77196 -9.52472 1.4
    endloop
  endfacet
  facet normal 0 0 1
    outer loop
      vertex 1.78854 -9.40518 1.4
      vertex 1.76776 -9.41276 1.4
      vertex 1.77818 -9.46327 1.4
    endloop
  endfacet
  facet normal 0 0 1
    outer loop
      vertex 1.76776 -9.41276 1.4
      vertex 1.78854 -9.40518 1.4
      vertex 1.79548 -9.37898 1.4
    endloop
  endfacet
  facet normal 0 0 1
    outer loop
      vertex 3.04674 -9.462 1.4
      vertex 4.29254 -9.45771 1.4
      vertex 4.28664 -9.31831 1.4
    endloop
  endfacet
  facet normal 0 0 1
    outer loop
      vertex 4.29254 -9.45771 1.4
      vertex 3.05289 -9.52401 1.4
      vertex 4.28963 -9.55169 1.4
    endloop
  endfacet
  facet normal 0 0 1
    outer loop
      vertex 3.04674 -9.462 1.4
      vertex 4.28664 -9.31831 1.4
      vertex 4.26894 -9.18657 1.4
    endloop
  endfacet
  facet normal 0 0 1
    outer loop
      vertex 4.28963 -9.55169 1.4
      vertex 3.05289 -9.52401 1.4
      vertex 4.2809 -9.64216 1.4
    endloop
  endfacet
  facet normal -0 -0 1
    outer loop
      vertex 3.05495 -9.5895 1.4
      vertex 4.2809 -9.64216 1.4
      vertex 3.05289 -9.52401 1.4
    endloop
  endfacet
  facet normal 0 0 1
    outer loop
      vertex 3.03648 -9.40348 1.4
      vertex 4.26894 -9.18657 1.4
      vertex 4.23943 -9.0625 1.4
    endloop
  endfacet
  facet normal 0 0 1
    outer loop
      vertex 4.2809 -9.64216 1.4
      vertex 3.05495 -9.5895 1.4
      vertex 4.26636 -9.72911 1.4
    endloop
  endfacet
  facet normal 0 0 1
    outer loop
      vertex 3.03648 -9.40348 1.4
      vertex 4.23943 -9.0625 1.4
      vertex 4.1981 -8.94609 1.4
    endloop
  endfacet
  facet normal 0 0 1
    outer loop
      vertex 4.26636 -9.72911 1.4
      vertex 3.05495 -9.5895 1.4
      vertex 4.24599 -9.81254 1.4
    endloop
  endfacet
  facet normal -0 0 1
    outer loop
      vertex 3.05289 -9.65503 1.4
      vertex 4.24599 -9.81254 1.4
      vertex 3.05495 -9.5895 1.4
    endloop
  endfacet
  facet normal 0 0 1
    outer loop
      vertex 3.02213 -9.34845 1.4
      vertex 4.1981 -8.94609 1.4
      vertex 4.14497 -8.83734 1.4
    endloop
  endfacet
  facet normal 0 0 1
    outer loop
      vertex 4.24599 -9.81254 1.4
      vertex 3.05289 -9.65503 1.4
      vertex 4.21982 -9.89247 1.4
    endloop
  endfacet
  facet normal 0 0 1
    outer loop
      vertex 3.02213 -9.34845 1.4
      vertex 4.14497 -8.83734 1.4
      vertex 4.08005 -8.73626 1.4
    endloop
  endfacet
  facet normal 0 0 1
    outer loop
      vertex 4.21982 -9.89247 1.4
      vertex 3.05289 -9.65503 1.4
      vertex 4.18781 -9.96887 1.4
    endloop
  endfacet
  facet normal 0 0 1
    outer loop
      vertex 3.00366 -9.29689 1.4
      vertex 4.08005 -8.73626 1.4
      vertex 4.00333 -8.64285 1.4
    endloop
  endfacet
  facet normal 0 0 1
    outer loop
      vertex 4.18781 -9.96887 1.4
      vertex 3.05289 -9.65503 1.4
      vertex 4.14999 -10.0417 1.4
    endloop
  endfacet
  facet normal -0 0 1
    outer loop
      vertex 3.04674 -9.7171 1.4
      vertex 4.14999 -10.0417 1.4
      vertex 3.05289 -9.65503 1.4
    endloop
  endfacet
  facet normal 0 0 1
    outer loop
      vertex 3.00366 -9.29689 1.4
      vertex 4.00333 -8.64285 1.4
      vertex 3.91478 -8.55709 1.4
    endloop
  endfacet
  facet normal 0 0 1
    outer loop
      vertex 4.14999 -10.0417 1.4
      vertex 3.04674 -9.7171 1.4
      vertex 4.10635 -10.1111 1.4
    endloop
  endfacet
  facet normal 0 0 1
    outer loop
      vertex 2.98109 -9.24882 1.4
      vertex 3.91478 -8.55709 1.4
      vertex 3.81444 -8.479 1.4
    endloop
  endfacet
  facet normal 0 0 1
    outer loop
      vertex 4.10635 -10.1111 1.4
      vertex 3.04674 -9.7171 1.4
      vertex 4.05688 -10.177 1.4
    endloop
  endfacet
  facet normal 0 0 1
    outer loop
      vertex 4.05688 -10.177 1.4
      vertex 3.04674 -9.7171 1.4
      vertex 4.00174 -10.2392 1.4
    endloop
  endfacet
  facet normal 0 0 1
    outer loop
      vertex 2.95444 -9.20424 1.4
      vertex 3.81444 -8.479 1.4
      vertex 3.70277 -8.40887 1.4
    endloop
  endfacet
  facet normal -0 0 1
    outer loop
      vertex 3.03648 -9.77572 1.4
      vertex 4.00174 -10.2392 1.4
      vertex 3.04674 -9.7171 1.4
    endloop
  endfacet
  facet normal 0 0 1
    outer loop
      vertex 2.95444 -9.20424 1.4
      vertex 3.70277 -8.40887 1.4
      vertex 3.5802 -8.34698 1.4
    endloop
  endfacet
  facet normal 0 0 1
    outer loop
      vertex 4.00174 -10.2392 1.4
      vertex 3.03648 -9.77572 1.4
      vertex 3.94102 -10.2977 1.4
    endloop
  endfacet
  facet normal 0 0 1
    outer loop
      vertex 3.94102 -10.2977 1.4
      vertex 3.03648 -9.77572 1.4
      vertex 3.87474 -10.3526 1.4
    endloop
  endfacet
  facet normal 0 0 1
    outer loop
      vertex 2.92366 -9.16313 1.4
      vertex 3.5802 -8.34698 1.4
      vertex 3.44676 -8.29335 1.4
    endloop
  endfacet
  facet normal -0 0 1
    outer loop
      vertex 3.02213 -9.83091 1.4
      vertex 3.87474 -10.3526 1.4
      vertex 3.03648 -9.77572 1.4
    endloop
  endfacet
  facet normal 0 0 1
    outer loop
      vertex 2.88879 -9.1255 1.4
      vertex 3.44676 -8.29335 1.4
      vertex 3.30243 -8.24795 1.4
    endloop
  endfacet
  facet normal -0 0 1
    outer loop
      vertex 3.16684 -11.8089 1.4
      vertex 4.40105 -11.8763 1.4
      vertex 4.3978 -11.7698 1.4
    endloop
  endfacet
  facet normal 0 0 1
    outer loop
      vertex 3.16684 -11.8089 1.4
      vertex 4.3978 -11.7698 1.4
      vertex 4.38806 -11.6675 1.4
    endloop
  endfacet
  facet normal 0 0 1
    outer loop
      vertex 4.40105 -11.8763 1.4
      vertex 3.16446 -11.8898 1.4
      vertex 4.39487 -12.0391 1.4
    endloop
  endfacet
  facet normal 0 0 1
    outer loop
      vertex 3.16446 -11.7273 1.4
      vertex 4.38806 -11.6675 1.4
      vertex 4.37184 -11.5694 1.4
    endloop
  endfacet
  facet normal 0 0 1
    outer loop
      vertex 3.16446 -11.7273 1.4
      vertex 4.37184 -11.5694 1.4
      vertex 4.34914 -11.4753 1.4
    endloop
  endfacet
  facet normal 0 0 1
    outer loop
      vertex 4.40105 -11.8763 1.4
      vertex 3.16684 -11.8089 1.4
      vertex 3.16446 -11.8898 1.4
    endloop
  endfacet
  facet normal 0 0 1
    outer loop
      vertex 3.1573 -11.6501 1.4
      vertex 4.34914 -11.4753 1.4
      vertex 4.31993 -11.3855 1.4
    endloop
  endfacet
  facet normal 0 0 1
    outer loop
      vertex 4.39487 -12.0391 1.4
      vertex 3.1573 -11.9663 1.4
      vertex 4.37634 -12.1928 1.4
    endloop
  endfacet
  facet normal 0 0 1
    outer loop
      vertex 3.1573 -11.6501 1.4
      vertex 4.31993 -11.3855 1.4
      vertex 4.28424 -11.2997 1.4
    endloop
  endfacet
  facet normal -0 0 1
    outer loop
      vertex 3.14537 -12.0386 1.4
      vertex 4.37634 -12.1928 1.4
      vertex 3.1573 -11.9663 1.4
    endloop
  endfacet
  facet normal 0 0 1
    outer loop
      vertex 3.1573 -11.6501 1.4
      vertex 4.28424 -11.2997 1.4
      vertex 4.24207 -11.2181 1.4
    endloop
  endfacet
  facet normal 0 0 1
    outer loop
      vertex 3.14537 -11.5774 1.4
      vertex 4.24207 -11.2181 1.4
      vertex 4.19341 -11.1407 1.4
    endloop
  endfacet
  facet normal 0 0 1
    outer loop
      vertex 4.37634 -12.1928 1.4
      vertex 3.14537 -12.0386 1.4
      vertex 4.34547 -12.3374 1.4
    endloop
  endfacet
  facet normal 0 0 1
    outer loop
      vertex 3.14537 -11.5774 1.4
      vertex 4.19341 -11.1407 1.4
      vertex 4.13824 -11.0674 1.4
    endloop
  endfacet
  facet normal 0 0 1
    outer loop
      vertex 4.34547 -12.3374 1.4
      vertex 3.14537 -12.0386 1.4
      vertex 4.30225 -12.4729 1.4
    endloop
  endfacet
  facet normal 0 0 1
    outer loop
      vertex 3.14537 -11.5774 1.4
      vertex 4.13824 -11.0674 1.4
      vertex 4.07674 -10.9984 1.4
    endloop
  endfacet
  facet normal 0 0 1
    outer loop
      vertex 3.12866 -11.509 1.4
      vertex 4.07674 -10.9984 1.4
      vertex 4.00899 -10.9337 1.4
    endloop
  endfacet
  facet normal -0 0 1
    outer loop
      vertex 3.12866 -12.1065 1.4
      vertex 4.30225 -12.4729 1.4
      vertex 3.14537 -12.0386 1.4
    endloop
  endfacet
  facet normal 0 0 1
    outer loop
      vertex 3.12866 -11.509 1.4
      vertex 4.00899 -10.9337 1.4
      vertex 3.935 -10.8735 1.4
    endloop
  endfacet
  facet normal 0 0 1
    outer loop
      vertex 4.30225 -12.4729 1.4
      vertex 3.12866 -12.1065 1.4
      vertex 4.24667 -12.5993 1.4
    endloop
  endfacet
  facet normal 0 0 1
    outer loop
      vertex 3.10718 -11.445 1.4
      vertex 3.935 -10.8735 1.4
      vertex 3.85478 -10.8177 1.4
    endloop
  endfacet
  facet normal -0 0 1
    outer loop
      vertex 3.10718 -12.1701 1.4
      vertex 4.24667 -12.5993 1.4
      vertex 3.12866 -12.1065 1.4
    endloop
  endfacet
  facet normal 0 0 1
    outer loop
      vertex 3.10718 -11.445 1.4
      vertex 3.85478 -10.8177 1.4
      vertex 3.76833 -10.7662 1.4
    endloop
  endfacet
  facet normal 0 0 1
    outer loop
      vertex 3.08093 -11.3854 1.4
      vertex 3.76833 -10.7662 1.4
      vertex 3.67561 -10.7192 1.4
    endloop
  endfacet
  facet normal -0 0 1
    outer loop
      vertex 3.1573 -11.9663 1.4
      vertex 4.39487 -12.0391 1.4
      vertex 3.16446 -11.8898 1.4
    endloop
  endfacet
  facet normal 0 0 1
    outer loop
      vertex 3.04991 -11.3303 1.4
      vertex 3.67561 -10.7192 1.4
      vertex 3.57668 -10.6765 1.4
    endloop
  endfacet
  facet normal 0 0 1
    outer loop
      vertex 4.24667 -12.5993 1.4
      vertex 3.10718 -12.1701 1.4
      vertex 4.17876 -12.7167 1.4
    endloop
  endfacet
  facet normal 0 0 1
    outer loop
      vertex 3.04991 -11.3303 1.4
      vertex 3.57668 -10.6765 1.4
      vertex 3.47151 -10.6383 1.4
    endloop
  endfacet
  facet normal 0 0 1
    outer loop
      vertex 4.17876 -12.7167 1.4
      vertex 3.10718 -12.1701 1.4
      vertex 4.09848 -12.825 1.4
    endloop
  endfacet
  facet normal 0 0 1
    outer loop
      vertex 3.01411 -11.2795 1.4
      vertex 3.47151 -10.6383 1.4
      vertex 3.36009 -10.6044 1.4
    endloop
  endfacet
  facet normal 0 0 1
    outer loop
      vertex 3.87474 -10.3526 1.4
      vertex 3.02213 -9.83091 1.4
      vertex 3.80289 -10.4038 1.4
    endloop
  endfacet
  facet normal 0 0 1
    outer loop
      vertex 4.38806 -11.6675 1.4
      vertex 3.16446 -11.7273 1.4
      vertex 3.16684 -11.8089 1.4
    endloop
  endfacet
  facet normal 0 0 1
    outer loop
      vertex 4.09848 -12.825 1.4
      vertex 3.08093 -12.2294 1.4
      vertex 4.00586 -12.9242 1.4
    endloop
  endfacet
  facet normal -0 0 1
    outer loop
      vertex 3.08093 -12.2294 1.4
      vertex 4.09848 -12.825 1.4
      vertex 3.10718 -12.1701 1.4
    endloop
  endfacet
  facet normal 0 0 1
    outer loop
      vertex 4.34914 -11.4753 1.4
      vertex 3.1573 -11.6501 1.4
      vertex 3.16446 -11.7273 1.4
    endloop
  endfacet
  facet normal 0 0 1
    outer loop
      vertex 2.85016 -9.09161 1.4
      vertex 3.30243 -8.24795 1.4
      vertex 3.14722 -8.21083 1.4
    endloop
  endfacet
  facet normal -0 0 1
    outer loop
      vertex 3.00366 -9.88267 1.4
      vertex 3.72546 -10.4513 1.4
      vertex 3.02213 -9.83091 1.4
    endloop
  endfacet
  facet normal 0 0 1
    outer loop
      vertex 3.72546 -10.4513 1.4
      vertex 3.00366 -9.88267 1.4
      vertex 3.64247 -10.4951 1.4
    endloop
  endfacet
  facet normal 0 0 1
    outer loop
      vertex 4.24207 -11.2181 1.4
      vertex 3.14537 -11.5774 1.4
      vertex 3.1573 -11.6501 1.4
    endloop
  endfacet
  facet normal 0 0 1
    outer loop
      vertex 3.64247 -10.4951 1.4
      vertex 3.00366 -9.88267 1.4
      vertex 3.55391 -10.5352 1.4
    endloop
  endfacet
  facet normal 0 0 1
    outer loop
      vertex 4.07674 -10.9984 1.4
      vertex 3.12866 -11.509 1.4
      vertex 3.14537 -11.5774 1.4
    endloop
  endfacet
  facet normal 0 0 1
    outer loop
      vertex 3.80289 -10.4038 1.4
      vertex 3.02213 -9.83091 1.4
      vertex 3.72546 -10.4513 1.4
    endloop
  endfacet
  facet normal 0 0 1
    outer loop
      vertex 4.29254 -9.45771 1.4
      vertex 3.04674 -9.462 1.4
      vertex 3.05289 -9.52401 1.4
    endloop
  endfacet
  facet normal 0 0 1
    outer loop
      vertex 4.26894 -9.18657 1.4
      vertex 3.03648 -9.40348 1.4
      vertex 3.04674 -9.462 1.4
    endloop
  endfacet
  facet normal 0 0 1
    outer loop
      vertex 4.1981 -8.94609 1.4
      vertex 3.02213 -9.34845 1.4
      vertex 3.03648 -9.40348 1.4
    endloop
  endfacet
  facet normal 0 0 1
    outer loop
      vertex 4.08005 -8.73626 1.4
      vertex 3.00366 -9.29689 1.4
      vertex 3.02213 -9.34845 1.4
    endloop
  endfacet
  facet normal 0 0 1
    outer loop
      vertex 2.76259 -9.03578 1.4
      vertex 3.14722 -8.21083 1.4
      vertex 2.98111 -8.18194 1.4
    endloop
  endfacet
  facet normal 0 0 1
    outer loop
      vertex 3.91478 -8.55709 1.4
      vertex 2.98109 -9.24882 1.4
      vertex 3.00366 -9.29689 1.4
    endloop
  endfacet
  facet normal 0 0 1
    outer loop
      vertex 3.81444 -8.479 1.4
      vertex 2.95444 -9.20424 1.4
      vertex 2.98109 -9.24882 1.4
    endloop
  endfacet
  facet normal 0 0 1
    outer loop
      vertex 3.5802 -8.34698 1.4
      vertex 2.92366 -9.16313 1.4
      vertex 2.95444 -9.20424 1.4
    endloop
  endfacet
  facet normal 0 0 1
    outer loop
      vertex 3.44676 -8.29335 1.4
      vertex 2.88879 -9.1255 1.4
      vertex 2.92366 -9.16313 1.4
    endloop
  endfacet
  facet normal 0 0 1
    outer loop
      vertex 3.30243 -8.24795 1.4
      vertex 2.85016 -9.09161 1.4
      vertex 2.88879 -9.1255 1.4
    endloop
  endfacet
  facet normal 0 0 1
    outer loop
      vertex 3.14722 -8.21083 1.4
      vertex 2.80809 -9.0617 1.4
      vertex 2.85016 -9.09161 1.4
    endloop
  endfacet
  facet normal 0 0 1
    outer loop
      vertex 2.71365 -9.01385 1.4
      vertex 2.98111 -8.18194 1.4
      vertex 2.80412 -8.16131 1.4
    endloop
  endfacet
  facet normal 0 0 1
    outer loop
      vertex 3.14722 -8.21083 1.4
      vertex 2.76259 -9.03578 1.4
      vertex 2.80809 -9.0617 1.4
    endloop
  endfacet
  facet normal 0 0 1
    outer loop
      vertex 2.98111 -8.18194 1.4
      vertex 2.71365 -9.01385 1.4
      vertex 2.76259 -9.03578 1.4
    endloop
  endfacet
  facet normal 0 0 1
    outer loop
      vertex 2.80412 -8.16131 1.4
      vertex 2.66129 -8.99591 1.4
      vertex 2.71365 -9.01385 1.4
    endloop
  endfacet
  facet normal 0 0 1
    outer loop
      vertex 2.30969 -8.6017 1.4
      vertex 2.80412 -8.16131 1.4
      vertex 2.61626 -8.14894 1.4
    endloop
  endfacet
  facet normal 0 0 1
    outer loop
      vertex 2.80412 -8.16131 1.4
      vertex 2.30969 -8.6017 1.4
      vertex 2.66129 -8.99591 1.4
    endloop
  endfacet
  facet normal 0 0 1
    outer loop
      vertex 2.66129 -8.99591 1.4
      vertex 2.30969 -8.6017 1.4
      vertex 2.60548 -8.98195 1.4
    endloop
  endfacet
  facet normal 0 0 1
    outer loop
      vertex 2.60548 -8.98195 1.4
      vertex 2.30969 -8.6017 1.4
      vertex 2.54625 -8.97198 1.4
    endloop
  endfacet
  facet normal 0 0 1
    outer loop
      vertex 2.30969 -8.6017 1.4
      vertex 2.61626 -8.14894 1.4
      vertex 2.44809 -8.14544 1.4
    endloop
  endfacet
  facet normal 0 0 1
    outer loop
      vertex 2.54625 -8.97198 1.4
      vertex 2.30969 -8.6017 1.4
      vertex 2.48358 -8.966 1.4
    endloop
  endfacet
  facet normal 0 0 1
    outer loop
      vertex 2.48358 -8.966 1.4
      vertex 2.30969 -8.6017 1.4
      vertex 2.4175 -8.964 1.4
    endloop
  endfacet
  facet normal 0 0 1
    outer loop
      vertex 2.4175 -8.964 1.4
      vertex 2.30969 -8.6017 1.4
      vertex 2.34995 -8.96601 1.4
    endloop
  endfacet
  facet normal 0 0 1
    outer loop
      vertex 2.30969 -8.6017 1.4
      vertex 2.28596 -8.97207 1.4
      vertex 2.34995 -8.96601 1.4
    endloop
  endfacet
  facet normal 0 0 1
    outer loop
      vertex 2.30969 -8.6017 1.4
      vertex 2.22554 -8.98214 1.4
      vertex 2.28596 -8.97207 1.4
    endloop
  endfacet
  facet normal 0 0 1
    outer loop
      vertex 2.30969 -8.6017 1.4
      vertex 2.16867 -8.99624 1.4
      vertex 2.22554 -8.98214 1.4
    endloop
  endfacet
  facet normal 0 0 1
    outer loop
      vertex 2.30969 -8.6017 1.4
      vertex 2.11536 -9.01437 1.4
      vertex 2.16867 -8.99624 1.4
    endloop
  endfacet
  facet normal 0 -0 1
    outer loop
      vertex 2.11536 -9.01437 1.4
      vertex 2.30969 -8.6017 1.4
      vertex 2.0809 -9.02972 1.4
    endloop
  endfacet
  facet normal 0 0 1
    outer loop
      vertex 4.00586 -12.9242 1.4
      vertex 3.08093 -12.2294 1.4
      vertex 3.90089 -13.0143 1.4
    endloop
  endfacet
  facet normal -0 0 1
    outer loop
      vertex 3.04991 -12.2843 1.4
      vertex 3.90089 -13.0143 1.4
      vertex 3.08093 -12.2294 1.4
    endloop
  endfacet
  facet normal 0 0 1
    outer loop
      vertex 3.90089 -13.0143 1.4
      vertex 3.04991 -12.2843 1.4
      vertex 3.7838 -13.095 1.4
    endloop
  endfacet
  facet normal -0 0 1
    outer loop
      vertex 3.01411 -12.335 1.4
      vertex 3.7838 -13.095 1.4
      vertex 3.04991 -12.2843 1.4
    endloop
  endfacet
  facet normal 0 0 1
    outer loop
      vertex 3.7838 -13.095 1.4
      vertex 3.01411 -12.335 1.4
      vertex 3.65477 -13.1663 1.4
    endloop
  endfacet
  facet normal -0 0 1
    outer loop
      vertex 2.97354 -12.3813 1.4
      vertex 3.65477 -13.1663 1.4
      vertex 3.01411 -12.335 1.4
    endloop
  endfacet
  facet normal 0 0 1
    outer loop
      vertex 3.65477 -13.1663 1.4
      vertex 2.97354 -12.3813 1.4
      vertex 3.51381 -13.2281 1.4
    endloop
  endfacet
  facet normal -0 0 1
    outer loop
      vertex 2.9285 -12.423 1.4
      vertex 3.51381 -13.2281 1.4
      vertex 2.97354 -12.3813 1.4
    endloop
  endfacet
  facet normal 0 0 1
    outer loop
      vertex 3.51381 -13.2281 1.4
      vertex 2.9285 -12.423 1.4
      vertex 3.36092 -13.2804 1.4
    endloop
  endfacet
  facet normal -0 0 1
    outer loop
      vertex 2.87929 -12.4598 1.4
      vertex 3.36092 -13.2804 1.4
      vertex 2.9285 -12.423 1.4
    endloop
  endfacet
  facet normal 0 0 1
    outer loop
      vertex 3.36092 -13.2804 1.4
      vertex 2.87929 -12.4598 1.4
      vertex 3.19611 -13.3231 1.4
    endloop
  endfacet
  facet normal -0 0 1
    outer loop
      vertex 2.82587 -12.4917 1.4
      vertex 3.19611 -13.3231 1.4
      vertex 2.87929 -12.4598 1.4
    endloop
  endfacet
  facet normal 0 0 1
    outer loop
      vertex 3.19611 -13.3231 1.4
      vertex 2.82587 -12.4917 1.4
      vertex 3.01936 -13.3564 1.4
    endloop
  endfacet
  facet normal -0 0 1
    outer loop
      vertex 2.76828 -12.5187 1.4
      vertex 3.01936 -13.3564 1.4
      vertex 2.82587 -12.4917 1.4
    endloop
  endfacet
  facet normal -0 0 1
    outer loop
      vertex 2.7065 -12.5408 1.4
      vertex 3.01936 -13.3564 1.4
      vertex 2.76828 -12.5187 1.4
    endloop
  endfacet
  facet normal 0 0 1
    outer loop
      vertex 3.01936 -13.3564 1.4
      vertex 2.7065 -12.5408 1.4
      vertex 2.83069 -13.3802 1.4
    endloop
  endfacet
  facet normal -0 0 1
    outer loop
      vertex 2.64052 -12.5579 1.4
      vertex 2.83069 -13.3802 1.4
      vertex 2.7065 -12.5408 1.4
    endloop
  endfacet
  facet normal 0 0 1
    outer loop
      vertex 2.64052 -12.5579 1.4
      vertex 2.63008 -13.3944 1.4
      vertex 2.83069 -13.3802 1.4
    endloop
  endfacet
  facet normal -0 0 1
    outer loop
      vertex 2.57036 -12.5702 1.4
      vertex 2.63008 -13.3944 1.4
      vertex 2.64052 -12.5579 1.4
    endloop
  endfacet
  facet normal -0 0 1
    outer loop
      vertex 2.49602 -12.5776 1.4
      vertex 2.63008 -13.3944 1.4
      vertex 2.57036 -12.5702 1.4
    endloop
  endfacet
  facet normal 0 0 1
    outer loop
      vertex 2.49602 -12.5776 1.4
      vertex 2.41754 -13.3992 1.4
      vertex 2.63008 -13.3944 1.4
    endloop
  endfacet
  facet normal -0 0 1
    outer loop
      vertex 2.4175 -12.58 1.4
      vertex 2.41754 -13.3992 1.4
      vertex 2.49602 -12.5776 1.4
    endloop
  endfacet
  facet normal 0 0 1
    outer loop
      vertex 2.33821 -12.5776 1.4
      vertex 2.41754 -13.3992 1.4
      vertex 2.4175 -12.58 1.4
    endloop
  endfacet
  facet normal 0 0 1
    outer loop
      vertex 2.20424 -13.3944 1.4
      vertex 2.33821 -12.5776 1.4
      vertex 2.26311 -12.5702 1.4
    endloop
  endfacet
  facet normal 0 0 1
    outer loop
      vertex 2.33821 -12.5776 1.4
      vertex 2.20424 -13.3944 1.4
      vertex 2.41754 -13.3992 1.4
    endloop
  endfacet
  facet normal 0 0 1
    outer loop
      vertex 2.1922 -12.5579 1.4
      vertex 2.20424 -13.3944 1.4
      vertex 2.26311 -12.5702 1.4
    endloop
  endfacet
  facet normal 0 0 1
    outer loop
      vertex 2.00287 -13.3802 1.4
      vertex 2.1922 -12.5579 1.4
      vertex 2.12547 -12.5408 1.4
    endloop
  endfacet
  facet normal 0 0 1
    outer loop
      vertex 1.81343 -13.3564 1.4
      vertex 2.12547 -12.5408 1.4
      vertex 2.06293 -12.5187 1.4
    endloop
  endfacet
  facet normal 0 0 1
    outer loop
      vertex 1.81343 -13.3564 1.4
      vertex 2.06293 -12.5187 1.4
      vertex 2.00458 -12.4917 1.4
    endloop
  endfacet
  facet normal 0 0 1
    outer loop
      vertex 2.1922 -12.5579 1.4
      vertex 2.00287 -13.3802 1.4
      vertex 2.20424 -13.3944 1.4
    endloop
  endfacet
  facet normal 0 0 1
    outer loop
      vertex 1.63593 -13.3231 1.4
      vertex 2.00458 -12.4917 1.4
      vertex 1.95041 -12.4598 1.4
    endloop
  endfacet
  facet normal 0 0 1
    outer loop
      vertex 1.47035 -13.2804 1.4
      vertex 1.95041 -12.4598 1.4
      vertex 1.90044 -12.423 1.4
    endloop
  endfacet
  facet normal 0 0 1
    outer loop
      vertex 1.3167 -13.2281 1.4
      vertex 1.90044 -12.423 1.4
      vertex 1.85464 -12.3813 1.4
    endloop
  endfacet
  facet normal 0 0 1
    outer loop
      vertex 2.12547 -12.5408 1.4
      vertex 1.81343 -13.3564 1.4
      vertex 2.00287 -13.3802 1.4
    endloop
  endfacet
  facet normal 0 0 1
    outer loop
      vertex 1.17499 -13.1663 1.4
      vertex 1.85464 -12.3813 1.4
      vertex 1.81337 -12.335 1.4
    endloop
  endfacet
  facet normal 0 0 1
    outer loop
      vertex 1.0452 -13.095 1.4
      vertex 1.81337 -12.335 1.4
      vertex 1.77695 -12.2843 1.4
    endloop
  endfacet
  facet normal 0 0 1
    outer loop
      vertex 0.927338 -13.0143 1.4
      vertex 1.77695 -12.2843 1.4
      vertex 1.74539 -12.2294 1.4
    endloop
  endfacet
  facet normal 0 0 1
    outer loop
      vertex 0.728424 -12.825 1.4
      vertex 1.74539 -12.2294 1.4
      vertex 1.71869 -12.1701 1.4
    endloop
  endfacet
  facet normal 0 0 1
    outer loop
      vertex 0.579239 -12.5993 1.4
      vertex 1.71869 -12.1701 1.4
      vertex 1.69684 -12.1065 1.4
    endloop
  endfacet
  facet normal 0 0 1
    outer loop
      vertex 0.5233 -12.4729 1.4
      vertex 1.69684 -12.1065 1.4
      vertex 1.67984 -12.0386 1.4
    endloop
  endfacet
  facet normal 0 0 1
    outer loop
      vertex 0.4487 -12.1928 1.4
      vertex 1.67984 -12.0386 1.4
      vertex 1.66771 -11.9663 1.4
    endloop
  endfacet
  facet normal 0 0 1
    outer loop
      vertex 2.00458 -12.4917 1.4
      vertex 1.63593 -13.3231 1.4
      vertex 1.81343 -13.3564 1.4
    endloop
  endfacet
  facet normal 0 0 1
    outer loop
      vertex 0.430054 -12.0391 1.4
      vertex 1.66771 -11.9663 1.4
      vertex 1.66042 -11.8898 1.4
    endloop
  endfacet
  facet normal -0 0 1
    outer loop
      vertex 0.423843 -11.8763 1.4
      vertex 1.66042 -11.8898 1.4
      vertex 1.65799 -11.8089 1.4
    endloop
  endfacet
  facet normal -0 0 1
    outer loop
      vertex 2.98109 -9.93098 1.4
      vertex 3.55391 -10.5352 1.4
      vertex 3.00366 -9.88267 1.4
    endloop
  endfacet
  facet normal 0 0 1
    outer loop
      vertex 3.935 -10.8735 1.4
      vertex 3.10718 -11.445 1.4
      vertex 3.12866 -11.509 1.4
    endloop
  endfacet
  facet normal 0 0 1
    outer loop
      vertex 3.55391 -10.5352 1.4
      vertex 2.98109 -9.93098 1.4
      vertex 3.45979 -10.5717 1.4
    endloop
  endfacet
  facet normal 0 0 1
    outer loop
      vertex 3.76833 -10.7662 1.4
      vertex 3.08093 -11.3854 1.4
      vertex 3.10718 -11.445 1.4
    endloop
  endfacet
  facet normal -0 0 1
    outer loop
      vertex 2.95444 -9.97584 1.4
      vertex 3.45979 -10.5717 1.4
      vertex 2.98109 -9.93098 1.4
    endloop
  endfacet
  facet normal 0 0 1
    outer loop
      vertex 3.67561 -10.7192 1.4
      vertex 3.04991 -11.3303 1.4
      vertex 3.08093 -11.3854 1.4
    endloop
  endfacet
  facet normal 0 0 1
    outer loop
      vertex 3.45979 -10.5717 1.4
      vertex 2.95444 -9.97584 1.4
      vertex 3.36009 -10.6044 1.4
    endloop
  endfacet
  facet normal 0 0 1
    outer loop
      vertex 3.47151 -10.6383 1.4
      vertex 3.01411 -11.2795 1.4
      vertex 3.04991 -11.3303 1.4
    endloop
  endfacet
  facet normal -0 0 1
    outer loop
      vertex 2.92366 -10.0173 1.4
      vertex 3.36009 -10.6044 1.4
      vertex 2.95444 -9.97584 1.4
    endloop
  endfacet
  facet normal 0 0 1
    outer loop
      vertex 3.36009 -10.6044 1.4
      vertex 2.97354 -11.2332 1.4
      vertex 3.01411 -11.2795 1.4
    endloop
  endfacet
  facet normal -0 0 1
    outer loop
      vertex 2.88879 -10.0553 1.4
      vertex 3.36009 -10.6044 1.4
      vertex 2.92366 -10.0173 1.4
    endloop
  endfacet
  facet normal 0 0 1
    outer loop
      vertex 3.36009 -10.6044 1.4
      vertex 2.9285 -11.1914 1.4
      vertex 2.97354 -11.2332 1.4
    endloop
  endfacet
  facet normal -0 0 1
    outer loop
      vertex 2.85016 -10.0895 1.4
      vertex 3.36009 -10.6044 1.4
      vertex 2.88879 -10.0553 1.4
    endloop
  endfacet
  facet normal -0 0 1
    outer loop
      vertex 2.80809 -10.1197 1.4
      vertex 3.36009 -10.6044 1.4
      vertex 2.85016 -10.0895 1.4
    endloop
  endfacet
  facet normal 0 0 1
    outer loop
      vertex 3.36009 -10.6044 1.4
      vertex 2.87929 -11.1546 1.4
      vertex 2.9285 -11.1914 1.4
    endloop
  endfacet
  facet normal -0 0 1
    outer loop
      vertex 2.76259 -10.1459 1.4
      vertex 3.36009 -10.6044 1.4
      vertex 2.80809 -10.1197 1.4
    endloop
  endfacet
  facet normal 0 0 1
    outer loop
      vertex 3.36009 -10.6044 1.4
      vertex 2.82587 -11.1227 1.4
      vertex 2.87929 -11.1546 1.4
    endloop
  endfacet
  facet normal -0 0 1
    outer loop
      vertex 2.71365 -10.1681 1.4
      vertex 3.36009 -10.6044 1.4
      vertex 2.76259 -10.1459 1.4
    endloop
  endfacet
  facet normal 0 0 1
    outer loop
      vertex 3.36009 -10.6044 1.4
      vertex 2.76828 -11.0957 1.4
      vertex 2.82587 -11.1227 1.4
    endloop
  endfacet
  facet normal 0 0 1
    outer loop
      vertex 2.7065 -11.0737 1.4
      vertex 3.36009 -10.6044 1.4
      vertex 2.71365 -10.1681 1.4
    endloop
  endfacet
  facet normal 0 0 1
    outer loop
      vertex 3.36009 -10.6044 1.4
      vertex 2.7065 -11.0737 1.4
      vertex 2.76828 -11.0957 1.4
    endloop
  endfacet
  facet normal -0 0 1
    outer loop
      vertex 2.66129 -10.1862 1.4
      vertex 2.7065 -11.0737 1.4
      vertex 2.71365 -10.1681 1.4
    endloop
  endfacet
  facet normal 0 0 1
    outer loop
      vertex 2.66129 -10.1862 1.4
      vertex 2.64052 -11.0565 1.4
      vertex 2.7065 -11.0737 1.4
    endloop
  endfacet
  facet normal -0 0 1
    outer loop
      vertex 2.60548 -10.2003 1.4
      vertex 2.64052 -11.0565 1.4
      vertex 2.66129 -10.1862 1.4
    endloop
  endfacet
  facet normal 0 0 1
    outer loop
      vertex 2.60548 -10.2003 1.4
      vertex 2.57036 -11.0442 1.4
      vertex 2.64052 -11.0565 1.4
    endloop
  endfacet
  facet normal -0 0 1
    outer loop
      vertex 2.54625 -10.2104 1.4
      vertex 2.57036 -11.0442 1.4
      vertex 2.60548 -10.2003 1.4
    endloop
  endfacet
  facet normal 0 0 1
    outer loop
      vertex 2.54625 -10.2104 1.4
      vertex 2.49602 -11.0369 1.4
      vertex 2.57036 -11.0442 1.4
    endloop
  endfacet
  facet normal -0 0 1
    outer loop
      vertex 2.48358 -10.2164 1.4
      vertex 2.49602 -11.0369 1.4
      vertex 2.54625 -10.2104 1.4
    endloop
  endfacet
  facet normal 0 0 1
    outer loop
      vertex 2.4175 -11.0344 1.4
      vertex 2.48358 -10.2164 1.4
      vertex 2.4175 -10.2184 1.4
    endloop
  endfacet
  facet normal 0 0 1
    outer loop
      vertex 2.48358 -10.2164 1.4
      vertex 2.4175 -11.0344 1.4
      vertex 2.49602 -11.0369 1.4
    endloop
  endfacet
  facet normal 0 0 1
    outer loop
      vertex 2.34995 -10.2164 1.4
      vertex 2.4175 -11.0344 1.4
      vertex 2.4175 -10.2184 1.4
    endloop
  endfacet
  facet normal 0 0 1
    outer loop
      vertex 2.34995 -10.2164 1.4
      vertex 2.33821 -11.0369 1.4
      vertex 2.4175 -11.0344 1.4
    endloop
  endfacet
  facet normal 0 0 1
    outer loop
      vertex 2.28596 -10.2104 1.4
      vertex 2.33821 -11.0369 1.4
      vertex 2.34995 -10.2164 1.4
    endloop
  endfacet
  facet normal 0 0 1
    outer loop
      vertex 2.28596 -10.2104 1.4
      vertex 2.26311 -11.0443 1.4
      vertex 2.33821 -11.0369 1.4
    endloop
  endfacet
  facet normal 0 0 1
    outer loop
      vertex 2.22554 -10.2003 1.4
      vertex 2.26311 -11.0443 1.4
      vertex 2.28596 -10.2104 1.4
    endloop
  endfacet
  facet normal 0 0 1
    outer loop
      vertex 2.22554 -10.2003 1.4
      vertex 2.1922 -11.0567 1.4
      vertex 2.26311 -11.0443 1.4
    endloop
  endfacet
  facet normal 0 0 1
    outer loop
      vertex 2.16867 -10.1862 1.4
      vertex 2.1922 -11.0567 1.4
      vertex 2.22554 -10.2003 1.4
    endloop
  endfacet
  facet normal 0 0 1
    outer loop
      vertex 2.16867 -10.1862 1.4
      vertex 2.12547 -11.074 1.4
      vertex 2.1922 -11.0567 1.4
    endloop
  endfacet
  facet normal 0 0 1
    outer loop
      vertex 2.11536 -10.1681 1.4
      vertex 2.12547 -11.074 1.4
      vertex 2.16867 -10.1862 1.4
    endloop
  endfacet
  facet normal 0 0 1
    outer loop
      vertex 1.46474 -10.6044 1.4
      vertex 2.11536 -10.1681 1.4
      vertex 2.0656 -10.1459 1.4
    endloop
  endfacet
  facet normal 0 0 1
    outer loop
      vertex 2.11536 -10.1681 1.4
      vertex 1.46474 -10.6044 1.4
      vertex 2.12547 -11.074 1.4
    endloop
  endfacet
  facet normal 0 0 1
    outer loop
      vertex 1.46474 -10.6044 1.4
      vertex 2.0656 -10.1459 1.4
      vertex 2.01941 -10.1197 1.4
    endloop
  endfacet
  facet normal 0 0 1
    outer loop
      vertex 2.12547 -11.074 1.4
      vertex 1.46474 -10.6044 1.4
      vertex 2.06293 -11.0963 1.4
    endloop
  endfacet
  facet normal 0 0 1
    outer loop
      vertex 1.46474 -10.6044 1.4
      vertex 2.01941 -10.1197 1.4
      vertex 1.97678 -10.0895 1.4
    endloop
  endfacet
  facet normal 0 0 1
    outer loop
      vertex 2.06293 -11.0963 1.4
      vertex 1.46474 -10.6044 1.4
      vertex 2.00458 -11.1235 1.4
    endloop
  endfacet
  facet normal 0 0 1
    outer loop
      vertex 1.46474 -10.6044 1.4
      vertex 1.97678 -10.0895 1.4
      vertex 1.9377 -10.0553 1.4
    endloop
  endfacet
  facet normal 0 0 1
    outer loop
      vertex 1.46474 -10.6044 1.4
      vertex 1.9377 -10.0553 1.4
      vertex 1.90248 -10.0173 1.4
    endloop
  endfacet
  facet normal 0 0 1
    outer loop
      vertex 2.00458 -11.1235 1.4
      vertex 1.46474 -10.6044 1.4
      vertex 1.95041 -11.1557 1.4
    endloop
  endfacet
  facet normal 0 0 1
    outer loop
      vertex 1.46474 -10.6044 1.4
      vertex 1.90248 -10.0173 1.4
      vertex 1.8714 -9.97584 1.4
    endloop
  endfacet
  facet normal 0 0 1
    outer loop
      vertex 1.95041 -11.1557 1.4
      vertex 1.46474 -10.6044 1.4
      vertex 1.90044 -11.1928 1.4
    endloop
  endfacet
  facet normal 0 0 1
    outer loop
      vertex 1.36507 -10.5717 1.4
      vertex 1.8714 -9.97584 1.4
      vertex 1.84447 -9.93098 1.4
    endloop
  endfacet
  facet normal 0 0 1
    outer loop
      vertex 1.38892 -9.72366 1.4
      vertex 1.84447 -9.93098 1.4
      vertex 1.82169 -9.88267 1.4
    endloop
  endfacet
  facet normal 0 0 1
    outer loop
      vertex 1.90044 -11.1928 1.4
      vertex 1.46474 -10.6044 1.4
      vertex 1.85464 -11.2349 1.4
    endloop
  endfacet
  facet normal 0 0 1
    outer loop
      vertex 1.38892 -9.72366 1.4
      vertex 1.82169 -9.88267 1.4
      vertex 1.80304 -9.83091 1.4
    endloop
  endfacet
  facet normal 0 0 1
    outer loop
      vertex 1.38892 -9.72366 1.4
      vertex 1.80304 -9.83091 1.4
      vertex 1.78854 -9.77572 1.4
    endloop
  endfacet
  facet normal -0 0 1
    outer loop
      vertex 1.38892 -9.72366 1.4
      vertex 1.78854 -9.77572 1.4
      vertex 1.77818 -9.7171 1.4
    endloop
  endfacet
  facet normal 0 0 1
    outer loop
      vertex 1.85464 -11.2349 1.4
      vertex 1.46474 -10.6044 1.4
      vertex 1.81337 -11.2815 1.4
    endloop
  endfacet
  facet normal 0 0 1
    outer loop
      vertex 1.38892 -9.72366 1.4
      vertex 1.77818 -9.7171 1.4
      vertex 1.77196 -9.65503 1.4
    endloop
  endfacet
  facet normal 0 0 1
    outer loop
      vertex 1.38892 -9.72366 1.4
      vertex 1.77196 -9.65503 1.4
      vertex 1.7699 -9.5895 1.4
    endloop
  endfacet
  facet normal 0 0 1
    outer loop
      vertex 1.77196 -9.52472 1.4
      vertex 1.38892 -9.72366 1.4
      vertex 1.7699 -9.5895 1.4
    endloop
  endfacet
  facet normal -0 0 1
    outer loop
      vertex 1.35333 -10.6383 1.4
      vertex 1.81337 -11.2815 1.4
      vertex 1.46474 -10.6044 1.4
    endloop
  endfacet
  facet normal 0 0 1
    outer loop
      vertex 1.81337 -11.2815 1.4
      vertex 1.35333 -10.6383 1.4
      vertex 1.77695 -11.3325 1.4
    endloop
  endfacet
  facet normal -0 0 1
    outer loop
      vertex 1.24817 -10.6765 1.4
      vertex 1.77695 -11.3325 1.4
      vertex 1.35333 -10.6383 1.4
    endloop
  endfacet
  facet normal -0 0 1
    outer loop
      vertex 1.14923 -10.7192 1.4
      vertex 1.77695 -11.3325 1.4
      vertex 1.24817 -10.6765 1.4
    endloop
  endfacet
  facet normal 0 0 1
    outer loop
      vertex 1.77695 -11.3325 1.4
      vertex 1.14923 -10.7192 1.4
      vertex 1.74539 -11.3877 1.4
    endloop
  endfacet
  facet normal -0 0 1
    outer loop
      vertex 1.05653 -10.7662 1.4
      vertex 1.74539 -11.3877 1.4
      vertex 1.14923 -10.7192 1.4
    endloop
  endfacet
  facet normal 0 0 1
    outer loop
      vertex 1.95041 -12.4598 1.4
      vertex 1.47035 -13.2804 1.4
      vertex 1.63593 -13.3231 1.4
    endloop
  endfacet
  facet normal 0 0 1
    outer loop
      vertex 0.436813 -11.6675 1.4
      vertex 1.65799 -11.8089 1.4
      vertex 1.66042 -11.728 1.4
    endloop
  endfacet
  facet normal 0 0 1
    outer loop
      vertex 1.74539 -11.3877 1.4
      vertex 1.05653 -10.7662 1.4
      vertex 1.71869 -11.4472 1.4
    endloop
  endfacet
  facet normal -0 0 1
    outer loop
      vertex 0.970078 -10.8177 1.4
      vertex 1.71869 -11.4472 1.4
      vertex 1.05653 -10.7662 1.4
    endloop
  endfacet
  facet normal 0 0 1
    outer loop
      vertex 1.27101 -10.5352 1.4
      vertex 1.84447 -9.93098 1.4
      vertex 1.38892 -9.72366 1.4
    endloop
  endfacet
  facet normal 0 0 1
    outer loop
      vertex 1.8714 -9.97584 1.4
      vertex 1.36507 -10.5717 1.4
      vertex 1.46474 -10.6044 1.4
    endloop
  endfacet
  facet normal 0 0 1
    outer loop
      vertex 1.84447 -9.93098 1.4
      vertex 1.27101 -10.5352 1.4
      vertex 1.36507 -10.5717 1.4
    endloop
  endfacet
  facet normal 0 0 1
    outer loop
      vertex 1.38892 -9.72366 1.4
      vertex 1.18256 -10.4951 1.4
      vertex 1.27101 -10.5352 1.4
    endloop
  endfacet
  facet normal 0 0 1
    outer loop
      vertex 1.38892 -9.72366 1.4
      vertex 1.09972 -10.4513 1.4
      vertex 1.18256 -10.4951 1.4
    endloop
  endfacet
  facet normal -0 0 1
    outer loop
      vertex 0.956696 -9.95469 1.4
      vertex 1.09972 -10.4513 1.4
      vertex 1.38892 -9.72366 1.4
    endloop
  endfacet
  facet normal 0 0 1
    outer loop
      vertex 1.09972 -10.4513 1.4
      vertex 0.956696 -9.95469 1.4
      vertex 1.02248 -10.4038 1.4
    endloop
  endfacet
  facet normal 0 0 1
    outer loop
      vertex 0.956696 -9.95469 1.4
      vertex 0.950851 -10.3526 1.4
      vertex 1.02248 -10.4038 1.4
    endloop
  endfacet
  facet normal 0 0 1
    outer loop
      vertex 0.956696 -9.95469 1.4
      vertex 0.884842 -10.2977 1.4
      vertex 0.950851 -10.3526 1.4
    endloop
  endfacet
  facet normal 0 0 1
    outer loop
      vertex 0.956696 -9.95469 1.4
      vertex 0.824432 -10.2392 1.4
      vertex 0.884842 -10.2977 1.4
    endloop
  endfacet
  facet normal 0 0 1
    outer loop
      vertex 0.956696 -9.95469 1.4
      vertex 0.769638 -10.177 1.4
      vertex 0.824432 -10.2392 1.4
    endloop
  endfacet
  facet normal 0 0 1
    outer loop
      vertex 0.956696 -9.95469 1.4
      vertex 0.720535 -10.1111 1.4
      vertex 0.769638 -10.177 1.4
    endloop
  endfacet
  facet normal 0 0 1
    outer loop
      vertex 0.956696 -9.95469 1.4
      vertex 0.677216 -10.0417 1.4
      vertex 0.720535 -10.1111 1.4
    endloop
  endfacet
  facet normal 0 -0 1
    outer loop
      vertex 0.677216 -10.0417 1.4
      vertex 0.956696 -9.95469 1.4
      vertex 0.676201 -10.0398 1.4
    endloop
  endfacet
  facet normal -0 0 1
    outer loop
      vertex 0.889847 -10.8735 1.4
      vertex 1.71869 -11.4472 1.4
      vertex 0.970078 -10.8177 1.4
    endloop
  endfacet
  facet normal 0 0 1
    outer loop
      vertex 1.90044 -12.423 1.4
      vertex 1.3167 -13.2281 1.4
      vertex 1.47035 -13.2804 1.4
    endloop
  endfacet
  facet normal 0 0 1
    outer loop
      vertex 1.71869 -11.4472 1.4
      vertex 0.889847 -10.8735 1.4
      vertex 1.69684 -11.511 1.4
    endloop
  endfacet
  facet normal 0 0 1
    outer loop
      vertex 1.85464 -12.3813 1.4
      vertex 1.17499 -13.1663 1.4
      vertex 1.3167 -13.2281 1.4
    endloop
  endfacet
  facet normal -0 0 1
    outer loop
      vertex 0.815857 -10.9337 1.4
      vertex 1.69684 -11.511 1.4
      vertex 0.889847 -10.8735 1.4
    endloop
  endfacet
  facet normal -0 0 1
    outer loop
      vertex 0.748108 -10.9984 1.4
      vertex 1.69684 -11.511 1.4
      vertex 0.815857 -10.9337 1.4
    endloop
  endfacet
  facet normal 0 0 1
    outer loop
      vertex 1.66771 -11.9663 1.4
      vertex 0.430054 -12.0391 1.4
      vertex 0.4487 -12.1928 1.4
    endloop
  endfacet
  facet normal 0 0 1
    outer loop
      vertex 1.69684 -11.511 1.4
      vertex 0.748108 -10.9984 1.4
      vertex 1.67984 -11.5791 1.4
    endloop
  endfacet
  facet normal 0 0 1
    outer loop
      vertex 1.67984 -12.0386 1.4
      vertex 0.4487 -12.1928 1.4
      vertex 0.479782 -12.3374 1.4
    endloop
  endfacet
  facet normal -0 0 1
    outer loop
      vertex 0.6866 -11.0674 1.4
      vertex 1.67984 -11.5791 1.4
      vertex 0.748108 -10.9984 1.4
    endloop
  endfacet
  facet normal 0 0 1
    outer loop
      vertex 1.81337 -12.335 1.4
      vertex 1.0452 -13.095 1.4
      vertex 1.17499 -13.1663 1.4
    endloop
  endfacet
  facet normal -0 0 1
    outer loop
      vertex 0.631454 -11.1407 1.4
      vertex 1.67984 -11.5791 1.4
      vertex 0.6866 -11.0674 1.4
    endloop
  endfacet
  facet normal -0 0 1
    outer loop
      vertex 0.582794 -11.2181 1.4
      vertex 1.67984 -11.5791 1.4
      vertex 0.631454 -11.1407 1.4
    endloop
  endfacet
  facet normal 0 0 1
    outer loop
      vertex 1.77695 -12.2843 1.4
      vertex 0.927338 -13.0143 1.4
      vertex 1.0452 -13.095 1.4
    endloop
  endfacet
  facet normal 0 0 1
    outer loop
      vertex 1.67984 -11.5791 1.4
      vertex 0.582794 -11.2181 1.4
      vertex 1.66771 -11.6514 1.4
    endloop
  endfacet
  facet normal 0 0 1
    outer loop
      vertex 1.74539 -12.2294 1.4
      vertex 0.821671 -12.9242 1.4
      vertex 0.927338 -13.0143 1.4
    endloop
  endfacet
  facet normal -0 0 1
    outer loop
      vertex 0.540619 -11.2997 1.4
      vertex 1.66771 -11.6514 1.4
      vertex 0.582794 -11.2181 1.4
    endloop
  endfacet
  facet normal -0 0 1
    outer loop
      vertex 0.504944 -11.3855 1.4
      vertex 1.66771 -11.6514 1.4
      vertex 0.540619 -11.2997 1.4
    endloop
  endfacet
  facet normal 0 0 1
    outer loop
      vertex 1.74539 -12.2294 1.4
      vertex 0.728424 -12.825 1.4
      vertex 0.821671 -12.9242 1.4
    endloop
  endfacet
  facet normal -0 0 1
    outer loop
      vertex 0.475739 -11.4753 1.4
      vertex 1.66771 -11.6514 1.4
      vertex 0.504944 -11.3855 1.4
    endloop
  endfacet
  facet normal 0 0 1
    outer loop
      vertex 1.71869 -12.1701 1.4
      vertex 0.647614 -12.7167 1.4
      vertex 0.728424 -12.825 1.4
    endloop
  endfacet
  facet normal 0 0 1
    outer loop
      vertex 1.66771 -11.6514 1.4
      vertex 0.475739 -11.4753 1.4
      vertex 1.66042 -11.728 1.4
    endloop
  endfacet
  facet normal 0 0 1
    outer loop
      vertex 1.69684 -12.1065 1.4
      vertex 0.5233 -12.4729 1.4
      vertex 0.579239 -12.5993 1.4
    endloop
  endfacet
  facet normal -0 0 1
    outer loop
      vertex 0.453033 -11.5694 1.4
      vertex 1.66042 -11.728 1.4
      vertex 0.475739 -11.4753 1.4
    endloop
  endfacet
  facet normal 0 0 1
    outer loop
      vertex 1.66042 -11.728 1.4
      vertex 0.453033 -11.5694 1.4
      vertex 0.436813 -11.6675 1.4
    endloop
  endfacet
  facet normal 0 0 1
    outer loop
      vertex 1.67984 -12.0386 1.4
      vertex 0.479782 -12.3374 1.4
      vertex 0.5233 -12.4729 1.4
    endloop
  endfacet
  facet normal 0 0 1
    outer loop
      vertex 1.65799 -11.8089 1.4
      vertex 0.436813 -11.6675 1.4
      vertex 0.427094 -11.7698 1.4
    endloop
  endfacet
  facet normal 0 0 1
    outer loop
      vertex 1.71869 -12.1701 1.4
      vertex 0.579239 -12.5993 1.4
      vertex 0.647614 -12.7167 1.4
    endloop
  endfacet
  facet normal 0 0 1
    outer loop
      vertex 1.65799 -11.8089 1.4
      vertex 0.427094 -11.7698 1.4
      vertex 0.423843 -11.8763 1.4
    endloop
  endfacet
  facet normal 0 0 1
    outer loop
      vertex 1.66042 -11.8898 1.4
      vertex 0.423843 -11.8763 1.4
      vertex 0.430054 -12.0391 1.4
    endloop
  endfacet
  facet normal -0.0640135 0.997949 0
    outer loop
      vertex -2.23274 -13.3798 1.4
      vertex -2.45879 -13.3943 2
      vertex -2.23274 -13.3798 2
    endloop
  endfacet
  facet normal -0.0640135 0.997949 0
    outer loop
      vertex -2.45879 -13.3943 2
      vertex -2.23274 -13.3798 1.4
      vertex -2.45879 -13.3943 1.4
    endloop
  endfacet
  facet normal -0.112899 0.993606 0
    outer loop
      vertex -2.01976 -13.3556 1.4
      vertex -2.23274 -13.3798 2
      vertex -2.01976 -13.3556 2
    endloop
  endfacet
  facet normal -0.112899 0.993606 0
    outer loop
      vertex -2.23274 -13.3798 2
      vertex -2.01976 -13.3556 1.4
      vertex -2.23274 -13.3798 1.4
    endloop
  endfacet
  facet normal -0.167181 0.985926 0
    outer loop
      vertex -1.81984 -13.3217 1.4
      vertex -2.01976 -13.3556 2
      vertex -1.81984 -13.3217 2
    endloop
  endfacet
  facet normal -0.167181 0.985926 0
    outer loop
      vertex -2.01976 -13.3556 2
      vertex -1.81984 -13.3217 1.4
      vertex -2.01976 -13.3556 1.4
    endloop
  endfacet
  facet normal -0.226732 0.973957 0
    outer loop
      vertex -1.63298 -13.2782 1.4
      vertex -1.81984 -13.3217 2
      vertex -1.63298 -13.2782 2
    endloop
  endfacet
  facet normal -0.226732 0.973957 0
    outer loop
      vertex -1.81984 -13.3217 2
      vertex -1.63298 -13.2782 1.4
      vertex -1.81984 -13.3217 1.4
    endloop
  endfacet
  facet normal -0.292694 0.956206 0
    outer loop
      vertex -1.45918 -13.225 1.4
      vertex -1.63298 -13.2782 2
      vertex -1.45918 -13.225 2
    endloop
  endfacet
  facet normal -0.292694 0.956206 0
    outer loop
      vertex -1.63298 -13.2782 2
      vertex -1.45918 -13.225 1.4
      vertex -1.63298 -13.2782 1.4
    endloop
  endfacet
  facet normal -0.36493 0.931035 0
    outer loop
      vertex -1.29845 -13.162 1.4
      vertex -1.45918 -13.225 2
      vertex -1.29845 -13.162 2
    endloop
  endfacet
  facet normal -0.36493 0.931035 0
    outer loop
      vertex -1.45918 -13.225 2
      vertex -1.29845 -13.162 1.4
      vertex -1.45918 -13.225 1.4
    endloop
  endfacet
  facet normal -0.441151 0.897433 0
    outer loop
      vertex -1.15076 -13.0894 1.4
      vertex -1.29845 -13.162 2
      vertex -1.15076 -13.0894 2
    endloop
  endfacet
  facet normal -0.441151 0.897433 0
    outer loop
      vertex -1.29845 -13.162 2
      vertex -1.15076 -13.0894 1.4
      vertex -1.29845 -13.162 1.4
    endloop
  endfacet
  facet normal -0.521137 0.853473 0
    outer loop
      vertex -1.01614 -13.0072 1.4
      vertex -1.15076 -13.0894 2
      vertex -1.01614 -13.0072 2
    endloop
  endfacet
  facet normal -0.521137 0.853473 0
    outer loop
      vertex -1.15076 -13.0894 2
      vertex -1.01614 -13.0072 1.4
      vertex -1.15076 -13.0894 1.4
    endloop
  endfacet
  facet normal -0.60368 0.797227 0
    outer loop
      vertex -0.895172 -12.9156 1.4
      vertex -1.01614 -13.0072 2
      vertex -0.895172 -12.9156 2
    endloop
  endfacet
  facet normal -0.60368 0.797227 0
    outer loop
      vertex -1.01614 -13.0072 2
      vertex -0.895172 -12.9156 1.4
      vertex -1.01614 -13.0072 1.4
    endloop
  endfacet
  facet normal -0.685522 0.728052 0
    outer loop
      vertex -0.788437 -12.8151 1.4
      vertex -0.895172 -12.9156 2
      vertex -0.788437 -12.8151 2
    endloop
  endfacet
  facet normal -0.685522 0.728052 0
    outer loop
      vertex -0.895172 -12.9156 2
      vertex -0.788437 -12.8151 1.4
      vertex -0.895172 -12.9156 1.4
    endloop
  endfacet
  facet normal -0.763867 0.645374 0
    outer loop
      vertex -0.788437 -12.8151 1.4
      vertex -0.695923 -12.7056 2
      vertex -0.695923 -12.7056 1.4
    endloop
  endfacet
  facet normal -0.763867 0.645374 0
    outer loop
      vertex -0.695923 -12.7056 2
      vertex -0.788437 -12.8151 1.4
      vertex -0.788437 -12.8151 2
    endloop
  endfacet
  facet normal -0.833961 0.551824 0
    outer loop
      vertex -0.695923 -12.7056 1.4
      vertex -0.617645 -12.5873 2
      vertex -0.617645 -12.5873 1.4
    endloop
  endfacet
  facet normal -0.833961 0.551824 0
    outer loop
      vertex -0.617645 -12.5873 2
      vertex -0.695923 -12.7056 1.4
      vertex -0.695923 -12.7056 2
    endloop
  endfacet
  facet normal -0.893327 0.449407 0
    outer loop
      vertex -0.617645 -12.5873 1.4
      vertex -0.553604 -12.46 2
      vertex -0.553604 -12.46 1.4
    endloop
  endfacet
  facet normal -0.893327 0.449407 0
    outer loop
      vertex -0.553604 -12.46 2
      vertex -0.617645 -12.5873 1.4
      vertex -0.617645 -12.5873 2
    endloop
  endfacet
  facet normal -0.939143 0.343525 0
    outer loop
      vertex -0.553604 -12.46 1.4
      vertex -0.503784 -12.3238 2
      vertex -0.503784 -12.3238 1.4
    endloop
  endfacet
  facet normal -0.939143 0.343525 0
    outer loop
      vertex -0.503784 -12.3238 2
      vertex -0.553604 -12.46 1.4
      vertex -0.553604 -12.46 2
    endloop
  endfacet
  facet normal -0.97126 0.238019 0
    outer loop
      vertex -0.503784 -12.3238 1.4
      vertex -0.468201 -12.1786 2
      vertex -0.468201 -12.1786 1.4
    endloop
  endfacet
  facet normal -0.97126 0.238019 0
    outer loop
      vertex -0.468201 -12.1786 2
      vertex -0.503784 -12.3238 1.4
      vertex -0.503784 -12.3238 2
    endloop
  endfacet
  facet normal -0.990541 0.137217 0
    outer loop
      vertex -0.468201 -12.1786 1.4
      vertex -0.446854 -12.0245 2
      vertex -0.446854 -12.0245 1.4
    endloop
  endfacet
  facet normal -0.990541 0.137217 0
    outer loop
      vertex -0.446854 -12.0245 2
      vertex -0.468201 -12.1786 1.4
      vertex -0.468201 -12.1786 2
    endloop
  endfacet
  facet normal -0.999049 0.043611 0
    outer loop
      vertex -0.446854 -12.0245 1.4
      vertex -0.439743 -11.8616 2
      vertex -0.439743 -11.8616 1.4
    endloop
  endfacet
  facet normal -0.999049 0.043611 0
    outer loop
      vertex -0.439743 -11.8616 2
      vertex -0.446854 -12.0245 1.4
      vertex -0.446854 -12.0245 2
    endloop
  endfacet
  facet normal -0.999557 -0.02976 0
    outer loop
      vertex -0.439743 -11.8616 1.4
      vertex -0.443024 -11.7514 2
      vertex -0.443024 -11.7514 1.4
    endloop
  endfacet
  facet normal -0.999557 -0.02976 0
    outer loop
      vertex -0.443024 -11.7514 2
      vertex -0.439743 -11.8616 1.4
      vertex -0.439743 -11.8616 2
    endloop
  endfacet
  facet normal -0.995688 -0.0927646 0
    outer loop
      vertex -0.443024 -11.7514 1.4
      vertex -0.452881 -11.6456 2
      vertex -0.452881 -11.6456 1.4
    endloop
  endfacet
  facet normal -0.995688 -0.0927646 0
    outer loop
      vertex -0.452881 -11.6456 2
      vertex -0.443024 -11.7514 1.4
      vertex -0.443024 -11.7514 2
    endloop
  endfacet
  facet normal -0.98712 -0.159983 0
    outer loop
      vertex -0.452881 -11.6456 1.4
      vertex -0.469315 -11.5442 2
      vertex -0.469315 -11.5442 1.4
    endloop
  endfacet
  facet normal -0.98712 -0.159983 0
    outer loop
      vertex -0.469315 -11.5442 2
      vertex -0.452881 -11.6456 1.4
      vertex -0.452881 -11.6456 2
    endloop
  endfacet
  facet normal -0.973032 -0.230669 0
    outer loop
      vertex -0.469315 -11.5442 1.4
      vertex -0.49231 -11.4472 2
      vertex -0.49231 -11.4472 1.4
    endloop
  endfacet
  facet normal -0.973032 -0.230669 0
    outer loop
      vertex -0.49231 -11.4472 2
      vertex -0.469315 -11.5442 1.4
      vertex -0.469315 -11.5442 2
    endloop
  endfacet
  facet normal -0.952606 -0.304206 0
    outer loop
      vertex -0.49231 -11.4472 1.4
      vertex -0.521881 -11.3546 2
      vertex -0.521881 -11.3546 1.4
    endloop
  endfacet
  facet normal -0.952606 -0.304206 0
    outer loop
      vertex -0.521881 -11.3546 2
      vertex -0.49231 -11.4472 1.4
      vertex -0.49231 -11.4472 2
    endloop
  endfacet
  facet normal -0.925303 -0.379228 0
    outer loop
      vertex -0.521881 -11.3546 1.4
      vertex -0.558029 -11.2664 2
      vertex -0.558029 -11.2664 1.4
    endloop
  endfacet
  facet normal -0.925303 -0.379228 0
    outer loop
      vertex -0.558029 -11.2664 2
      vertex -0.521881 -11.3546 1.4
      vertex -0.521881 -11.3546 2
    endloop
  endfacet
  facet normal -0.890891 -0.454216 0
    outer loop
      vertex -0.558029 -11.2664 1.4
      vertex -0.600754 -11.1826 2
      vertex -0.600754 -11.1826 1.4
    endloop
  endfacet
  facet normal -0.890891 -0.454216 0
    outer loop
      vertex -0.600754 -11.1826 2
      vertex -0.558029 -11.2664 1.4
      vertex -0.558029 -11.2664 2
    endloop
  endfacet
  facet normal -0.849625 -0.527388 0
    outer loop
      vertex -0.600754 -11.1826 1.4
      vertex -0.65004 -11.1032 2
      vertex -0.65004 -11.1032 1.4
    endloop
  endfacet
  facet normal -0.849625 -0.527388 0
    outer loop
      vertex -0.65004 -11.1032 2
      vertex -0.600754 -11.1826 1.4
      vertex -0.600754 -11.1826 2
    endloop
  endfacet
  facet normal -0.802064 -0.597238 0
    outer loop
      vertex -0.65004 -11.1032 1.4
      vertex -0.705887 -11.0282 2
      vertex -0.705887 -11.0282 1.4
    endloop
  endfacet
  facet normal -0.802064 -0.597238 0
    outer loop
      vertex -0.705887 -11.0282 2
      vertex -0.65004 -11.1032 1.4
      vertex -0.65004 -11.1032 2
    endloop
  endfacet
  facet normal -0.749514 -0.661989 0
    outer loop
      vertex -0.705887 -11.0282 1.4
      vertex -0.768066 -10.9578 2
      vertex -0.768066 -10.9578 1.4
    endloop
  endfacet
  facet normal -0.749514 -0.661989 0
    outer loop
      vertex -0.768066 -10.9578 2
      vertex -0.705887 -11.0282 1.4
      vertex -0.705887 -11.0282 2
    endloop
  endfacet
  facet normal -0.692406 -0.721508 0
    outer loop
      vertex -0.836319 -10.8923 1.4
      vertex -0.768066 -10.9578 2
      vertex -0.836319 -10.8923 2
    endloop
  endfacet
  facet normal -0.692406 -0.721508 -0
    outer loop
      vertex -0.768066 -10.9578 2
      vertex -0.836319 -10.8923 1.4
      vertex -0.768066 -10.9578 1.4
    endloop
  endfacet
  facet normal -0.633162 -0.774019 0
    outer loop
      vertex -0.910645 -10.8315 1.4
      vertex -0.836319 -10.8923 2
      vertex -0.910645 -10.8315 2
    endloop
  endfacet
  facet normal -0.633162 -0.774019 -0
    outer loop
      vertex -0.836319 -10.8923 2
      vertex -0.910645 -10.8315 1.4
      vertex -0.836319 -10.8923 1.4
    endloop
  endfacet
  facet normal -0.570936 -0.820994 0
    outer loop
      vertex -0.991028 -10.7756 1.4
      vertex -0.910645 -10.8315 2
      vertex -0.991028 -10.7756 2
    endloop
  endfacet
  facet normal -0.570936 -0.820994 -0
    outer loop
      vertex -0.910645 -10.8315 2
      vertex -0.991028 -10.7756 1.4
      vertex -0.910645 -10.8315 1.4
    endloop
  endfacet
  facet normal -0.508751 -0.860914 0
    outer loop
      vertex -1.0775 -10.7245 1.4
      vertex -0.991028 -10.7756 2
      vertex -1.0775 -10.7245 2
    endloop
  endfacet
  facet normal -0.508751 -0.860914 -0
    outer loop
      vertex -0.991028 -10.7756 2
      vertex -1.0775 -10.7245 1.4
      vertex -0.991028 -10.7756 1.4
    endloop
  endfacet
  facet normal -0.447484 -0.894292 0
    outer loop
      vertex -1.17003 -10.6782 1.4
      vertex -1.0775 -10.7245 2
      vertex -1.17003 -10.6782 2
    endloop
  endfacet
  facet normal -0.447484 -0.894292 -0
    outer loop
      vertex -1.0775 -10.7245 2
      vertex -1.17003 -10.6782 1.4
      vertex -1.0775 -10.7245 1.4
    endloop
  endfacet
  facet normal -0.387932 -0.921688 0
    outer loop
      vertex -1.26863 -10.6367 1.4
      vertex -1.17003 -10.6782 2
      vertex -1.26863 -10.6367 2
    endloop
  endfacet
  facet normal -0.387932 -0.921688 -0
    outer loop
      vertex -1.17003 -10.6782 2
      vertex -1.26863 -10.6367 1.4
      vertex -1.17003 -10.6782 1.4
    endloop
  endfacet
  facet normal -0.330045 -0.943965 0
    outer loop
      vertex -1.37331 -10.6001 1.4
      vertex -1.26863 -10.6367 2
      vertex -1.37331 -10.6001 2
    endloop
  endfacet
  facet normal -0.330045 -0.943965 -0
    outer loop
      vertex -1.26863 -10.6367 2
      vertex -1.37331 -10.6001 1.4
      vertex -1.26863 -10.6367 1.4
    endloop
  endfacet
  facet normal -0.276028 -0.96115 0
    outer loop
      vertex -1.48404 -10.5683 1.4
      vertex -1.37331 -10.6001 2
      vertex -1.48404 -10.5683 2
    endloop
  endfacet
  facet normal -0.276028 -0.96115 -0
    outer loop
      vertex -1.37331 -10.6001 2
      vertex -1.48404 -10.5683 1.4
      vertex -1.37331 -10.6001 1.4
    endloop
  endfacet
  facet normal -0.269576 0.962979 0
    outer loop
      vertex -1.38509 -10.5406 1.4
      vertex -1.48404 -10.5683 2
      vertex -1.38509 -10.5406 2
    endloop
  endfacet
  facet normal -0.269576 0.962979 0
    outer loop
      vertex -1.48404 -10.5683 2
      vertex -1.38509 -10.5406 1.4
      vertex -1.48404 -10.5683 1.4
    endloop
  endfacet
  facet normal -0.32221 0.946668 0
    outer loop
      vertex -1.29166 -10.5088 1.4
      vertex -1.38509 -10.5406 2
      vertex -1.29166 -10.5088 2
    endloop
  endfacet
  facet normal -0.32221 0.946668 0
    outer loop
      vertex -1.38509 -10.5406 2
      vertex -1.29166 -10.5088 1.4
      vertex -1.38509 -10.5406 1.4
    endloop
  endfacet
  facet normal -0.378965 0.925411 0
    outer loop
      vertex -1.20375 -10.4728 1.4
      vertex -1.29166 -10.5088 2
      vertex -1.20375 -10.4728 2
    endloop
  endfacet
  facet normal -0.378965 0.925411 0
    outer loop
      vertex -1.29166 -10.5088 2
      vertex -1.20375 -10.4728 1.4
      vertex -1.29166 -10.5088 1.4
    endloop
  endfacet
  facet normal -0.437671 0.899135 0
    outer loop
      vertex -1.12137 -10.4327 1.4
      vertex -1.20375 -10.4728 2
      vertex -1.12137 -10.4327 2
    endloop
  endfacet
  facet normal -0.437671 0.899135 0
    outer loop
      vertex -1.20375 -10.4728 2
      vertex -1.12137 -10.4327 1.4
      vertex -1.20375 -10.4728 1.4
    endloop
  endfacet
  facet normal -0.499365 0.866392 0
    outer loop
      vertex -1.04451 -10.3884 1.4
      vertex -1.12137 -10.4327 2
      vertex -1.04451 -10.3884 2
    endloop
  endfacet
  facet normal -0.499365 0.866392 0
    outer loop
      vertex -1.12137 -10.4327 2
      vertex -1.04451 -10.3884 1.4
      vertex -1.12137 -10.4327 1.4
    endloop
  endfacet
  facet normal -0.561455 0.827508 0
    outer loop
      vertex -0.973175 -10.34 1.4
      vertex -1.04451 -10.3884 2
      vertex -0.973175 -10.34 2
    endloop
  endfacet
  facet normal -0.561455 0.827508 0
    outer loop
      vertex -1.04451 -10.3884 2
      vertex -0.973175 -10.34 1.4
      vertex -1.04451 -10.3884 1.4
    endloop
  endfacet
  facet normal -0.623704 0.781661 0
    outer loop
      vertex -0.907379 -10.2875 1.4
      vertex -0.973175 -10.34 2
      vertex -0.907379 -10.2875 2
    endloop
  endfacet
  facet normal -0.623704 0.781661 0
    outer loop
      vertex -0.973175 -10.34 2
      vertex -0.907379 -10.2875 1.4
      vertex -0.973175 -10.34 1.4
    endloop
  endfacet
  facet normal -0.685104 0.728445 0
    outer loop
      vertex -0.847092 -10.2308 1.4
      vertex -0.907379 -10.2875 2
      vertex -0.847092 -10.2308 2
    endloop
  endfacet
  facet normal -0.685104 0.728445 0
    outer loop
      vertex -0.907379 -10.2875 2
      vertex -0.847092 -10.2308 1.4
      vertex -0.907379 -10.2875 1.4
    endloop
  endfacet
  facet normal -0.743118 0.669161 0
    outer loop
      vertex -0.847092 -10.2308 1.4
      vertex -0.792343 -10.17 2
      vertex -0.792343 -10.17 1.4
    endloop
  endfacet
  facet normal -0.743118 0.669161 0
    outer loop
      vertex -0.792343 -10.17 2
      vertex -0.847092 -10.2308 1.4
      vertex -0.847092 -10.2308 2
    endloop
  endfacet
  facet normal -0.797469 0.603361 0
    outer loop
      vertex -0.792343 -10.17 1.4
      vertex -0.74324 -10.1051 2
      vertex -0.74324 -10.1051 1.4
    endloop
  endfacet
  facet normal -0.797469 0.603361 0
    outer loop
      vertex -0.74324 -10.1051 2
      vertex -0.792343 -10.17 1.4
      vertex -0.792343 -10.17 2
    endloop
  endfacet
  facet normal -0.84623 0.532818 0
    outer loop
      vertex -0.74324 -10.1051 1.4
      vertex -0.699921 -10.0363 2
      vertex -0.699921 -10.0363 1.4
    endloop
  endfacet
  facet normal -0.84623 0.532818 0
    outer loop
      vertex -0.699921 -10.0363 2
      vertex -0.74324 -10.1051 1.4
      vertex -0.74324 -10.1051 2
    endloop
  endfacet
  facet normal -0.889594 0.456751 0
    outer loop
      vertex -0.699921 -10.0363 1.4
      vertex -0.698278 -10.0331 2
      vertex -0.698278 -10.0331 1.4
    endloop
  endfacet
  facet normal -0.889594 0.456751 0
    outer loop
      vertex -0.698278 -10.0331 2
      vertex -0.699921 -10.0363 1.4
      vertex -0.699921 -10.0363 2
    endloop
  endfacet
  facet normal -0.0188034 -0.999823 0
    outer loop
      vertex -2.52495 -8.1448 1.4
      vertex -2.44785 -8.14625 2
      vertex -2.52495 -8.1448 2
    endloop
  endfacet
  facet normal -0.0188034 -0.999823 -0
    outer loop
      vertex -2.44785 -8.14625 2
      vertex -2.52495 -8.1448 1.4
      vertex -2.44785 -8.14625 1.4
    endloop
  endfacet
  facet normal 0.00821655 -0.999966 0
    outer loop
      vertex -2.60649 -8.14547 1.4
      vertex -2.52495 -8.1448 2
      vertex -2.60649 -8.14547 2
    endloop
  endfacet
  facet normal 0.00821655 -0.999966 0
    outer loop
      vertex -2.52495 -8.1448 2
      vertex -2.60649 -8.14547 1.4
      vertex -2.52495 -8.1448 1.4
    endloop
  endfacet
  facet normal 0.0246627 -0.999696 0
    outer loop
      vertex -2.68837 -8.14749 1.4
      vertex -2.60649 -8.14547 2
      vertex -2.68837 -8.14749 2
    endloop
  endfacet
  facet normal 0.0246627 -0.999696 0
    outer loop
      vertex -2.60649 -8.14547 2
      vertex -2.68837 -8.14749 1.4
      vertex -2.60649 -8.14547 1.4
    endloop
  endfacet
  facet normal 0.0407155 -0.999171 0
    outer loop
      vertex -2.77058 -8.15084 1.4
      vertex -2.68837 -8.14749 2
      vertex -2.77058 -8.15084 2
    endloop
  endfacet
  facet normal 0.0407155 -0.999171 0
    outer loop
      vertex -2.68837 -8.14749 2
      vertex -2.77058 -8.15084 1.4
      vertex -2.68837 -8.14749 1.4
    endloop
  endfacet
  facet normal 0.0570842 -0.998369 0
    outer loop
      vertex -2.85313 -8.15556 1.4
      vertex -2.77058 -8.15084 2
      vertex -2.85313 -8.15556 2
    endloop
  endfacet
  facet normal 0.0570842 -0.998369 0
    outer loop
      vertex -2.77058 -8.15084 2
      vertex -2.85313 -8.15556 1.4
      vertex -2.77058 -8.15084 1.4
    endloop
  endfacet
  facet normal 0.072675 -0.997356 0
    outer loop
      vertex -2.93602 -8.1616 1.4
      vertex -2.85313 -8.15556 2
      vertex -2.93602 -8.1616 2
    endloop
  endfacet
  facet normal 0.072675 -0.997356 0
    outer loop
      vertex -2.85313 -8.15556 2
      vertex -2.93602 -8.1616 1.4
      vertex -2.85313 -8.15556 1.4
    endloop
  endfacet
  facet normal 0.0884633 -0.996079 0
    outer loop
      vertex -3.01923 -8.16899 1.4
      vertex -2.93602 -8.1616 2
      vertex -3.01923 -8.16899 2
    endloop
  endfacet
  facet normal 0.0884633 -0.996079 0
    outer loop
      vertex -2.93602 -8.1616 2
      vertex -3.01923 -8.16899 1.4
      vertex -2.93602 -8.1616 1.4
    endloop
  endfacet
  facet normal 0.103923 -0.994585 0
    outer loop
      vertex -3.10278 -8.17772 1.4
      vertex -3.01923 -8.16899 2
      vertex -3.10278 -8.17772 2
    endloop
  endfacet
  facet normal 0.103923 -0.994585 0
    outer loop
      vertex -3.01923 -8.16899 2
      vertex -3.10278 -8.17772 1.4
      vertex -3.01923 -8.16899 1.4
    endloop
  endfacet
  facet normal 0.119169 -0.992874 0
    outer loop
      vertex -3.18668 -8.18779 1.4
      vertex -3.10278 -8.17772 2
      vertex -3.18668 -8.18779 2
    endloop
  endfacet
  facet normal 0.119169 -0.992874 0
    outer loop
      vertex -3.10278 -8.17772 2
      vertex -3.18668 -8.18779 1.4
      vertex -3.10278 -8.17772 1.4
    endloop
  endfacet
  facet normal 0.134268 -0.990945 0
    outer loop
      vertex -3.27089 -8.1992 1.4
      vertex -3.18668 -8.18779 2
      vertex -3.27089 -8.1992 2
    endloop
  endfacet
  facet normal 0.134268 -0.990945 0
    outer loop
      vertex -3.18668 -8.18779 2
      vertex -3.27089 -8.1992 1.4
      vertex -3.18668 -8.18779 1.4
    endloop
  endfacet
  facet normal 0.149479 -0.988765 0
    outer loop
      vertex -3.35536 -8.21197 1.4
      vertex -3.27089 -8.1992 2
      vertex -3.35536 -8.21197 2
    endloop
  endfacet
  facet normal 0.149479 -0.988765 0
    outer loop
      vertex -3.27089 -8.1992 2
      vertex -3.35536 -8.21197 1.4
      vertex -3.27089 -8.1992 1.4
    endloop
  endfacet
  facet normal 0.164323 -0.986407 0
    outer loop
      vertex -3.44 -8.22607 1.4
      vertex -3.35536 -8.21197 2
      vertex -3.44 -8.22607 2
    endloop
  endfacet
  facet normal 0.164323 -0.986407 0
    outer loop
      vertex -3.35536 -8.21197 2
      vertex -3.44 -8.22607 1.4
      vertex -3.35536 -8.21197 1.4
    endloop
  endfacet
  facet normal 0.17911 -0.983829 0
    outer loop
      vertex -3.52481 -8.24151 1.4
      vertex -3.44 -8.22607 2
      vertex -3.52481 -8.24151 2
    endloop
  endfacet
  facet normal 0.17911 -0.983829 0
    outer loop
      vertex -3.44 -8.22607 2
      vertex -3.52481 -8.24151 1.4
      vertex -3.44 -8.22607 1.4
    endloop
  endfacet
  facet normal 0.19394 -0.981013 0
    outer loop
      vertex -3.60979 -8.25831 1.4
      vertex -3.52481 -8.24151 2
      vertex -3.60979 -8.25831 2
    endloop
  endfacet
  facet normal 0.19394 -0.981013 0
    outer loop
      vertex -3.52481 -8.24151 2
      vertex -3.60979 -8.25831 1.4
      vertex -3.52481 -8.24151 1.4
    endloop
  endfacet
  facet normal 0.208274 -0.978071 0
    outer loop
      vertex -3.69493 -8.27644 1.4
      vertex -3.60979 -8.25831 2
      vertex -3.69493 -8.27644 2
    endloop
  endfacet
  facet normal 0.208274 -0.978071 0
    outer loop
      vertex -3.60979 -8.25831 2
      vertex -3.69493 -8.27644 1.4
      vertex -3.60979 -8.25831 1.4
    endloop
  endfacet
  facet normal 0.222722 -0.974882 0
    outer loop
      vertex -3.78024 -8.29593 1.4
      vertex -3.69493 -8.27644 2
      vertex -3.78024 -8.29593 2
    endloop
  endfacet
  facet normal 0.222722 -0.974882 0
    outer loop
      vertex -3.69493 -8.27644 2
      vertex -3.78024 -8.29593 1.4
      vertex -3.69493 -8.27644 1.4
    endloop
  endfacet
  facet normal 0.23654 -0.971622 0
    outer loop
      vertex -3.86572 -8.31674 1.4
      vertex -3.78024 -8.29593 2
      vertex -3.86572 -8.31674 2
    endloop
  endfacet
  facet normal 0.23654 -0.971622 0
    outer loop
      vertex -3.78024 -8.29593 2
      vertex -3.86572 -8.31674 1.4
      vertex -3.78024 -8.29593 1.4
    endloop
  endfacet
  facet normal 0.250374 -0.968149 0
    outer loop
      vertex -3.95137 -8.33889 1.4
      vertex -3.86572 -8.31674 2
      vertex -3.95137 -8.33889 2
    endloop
  endfacet
  facet normal 0.250374 -0.968149 0
    outer loop
      vertex -3.86572 -8.31674 2
      vertex -3.95137 -8.33889 1.4
      vertex -3.86572 -8.31674 1.4
    endloop
  endfacet
  facet normal 0.264287 -0.964444 0
    outer loop
      vertex -4.0372 -8.36241 1.4
      vertex -3.95137 -8.33889 2
      vertex -4.0372 -8.36241 2
    endloop
  endfacet
  facet normal 0.264287 -0.964444 0
    outer loop
      vertex -3.95137 -8.33889 2
      vertex -4.0372 -8.36241 1.4
      vertex -3.95137 -8.33889 1.4
    endloop
  endfacet
  facet normal 1 -0 0
    outer loop
      vertex -4.0372 -9.31921 2
      vertex -4.0372 -8.36241 1.4
      vertex -4.0372 -8.36241 2
    endloop
  endfacet
  facet normal 1 0 0
    outer loop
      vertex -4.0372 -8.36241 1.4
      vertex -4.0372 -9.31921 2
      vertex -4.0372 -9.31921 1.4
    endloop
  endfacet
  facet normal -0.390657 0.920536 0
    outer loop
      vertex -3.96632 -9.28913 1.4
      vertex -4.0372 -9.31921 2
      vertex -3.96632 -9.28913 2
    endloop
  endfacet
  facet normal -0.390657 0.920536 0
    outer loop
      vertex -4.0372 -9.31921 2
      vertex -3.96632 -9.28913 1.4
      vertex -4.0372 -9.31921 1.4
    endloop
  endfacet
  facet normal -0.371594 0.928395 0
    outer loop
      vertex -3.89539 -9.26074 1.4
      vertex -3.96632 -9.28913 2
      vertex -3.89539 -9.26074 2
    endloop
  endfacet
  facet normal -0.371594 0.928395 0
    outer loop
      vertex -3.96632 -9.28913 2
      vertex -3.89539 -9.26074 1.4
      vertex -3.96632 -9.28913 1.4
    endloop
  endfacet
  facet normal -0.352322 0.935879 0
    outer loop
      vertex -3.82436 -9.234 1.4
      vertex -3.89539 -9.26074 2
      vertex -3.82436 -9.234 2
    endloop
  endfacet
  facet normal -0.352322 0.935879 0
    outer loop
      vertex -3.89539 -9.26074 2
      vertex -3.82436 -9.234 1.4
      vertex -3.89539 -9.26074 1.4
    endloop
  endfacet
  facet normal -0.331939 0.943301 0
    outer loop
      vertex -3.75323 -9.20897 1.4
      vertex -3.82436 -9.234 2
      vertex -3.75323 -9.20897 2
    endloop
  endfacet
  facet normal -0.331939 0.943301 0
    outer loop
      vertex -3.82436 -9.234 2
      vertex -3.75323 -9.20897 1.4
      vertex -3.82436 -9.234 1.4
    endloop
  endfacet
  facet normal -0.312021 0.950075 0
    outer loop
      vertex -3.68204 -9.18559 1.4
      vertex -3.75323 -9.20897 2
      vertex -3.68204 -9.18559 2
    endloop
  endfacet
  facet normal -0.312021 0.950075 0
    outer loop
      vertex -3.75323 -9.20897 2
      vertex -3.68204 -9.18559 1.4
      vertex -3.75323 -9.20897 1.4
    endloop
  endfacet
  facet normal -0.291199 0.956663 0
    outer loop
      vertex -3.61075 -9.16389 1.4
      vertex -3.68204 -9.18559 2
      vertex -3.61075 -9.16389 2
    endloop
  endfacet
  facet normal -0.291199 0.956663 0
    outer loop
      vertex -3.68204 -9.18559 2
      vertex -3.61075 -9.16389 1.4
      vertex -3.68204 -9.18559 1.4
    endloop
  endfacet
  facet normal -0.270085 0.962836 0
    outer loop
      vertex -3.53938 -9.14387 1.4
      vertex -3.61075 -9.16389 2
      vertex -3.53938 -9.14387 2
    endloop
  endfacet
  facet normal -0.270085 0.962836 0
    outer loop
      vertex -3.61075 -9.16389 2
      vertex -3.53938 -9.14387 1.4
      vertex -3.61075 -9.16389 1.4
    endloop
  endfacet
  facet normal -0.248623 0.9686 0
    outer loop
      vertex -3.46793 -9.12553 1.4
      vertex -3.53938 -9.14387 2
      vertex -3.46793 -9.12553 2
    endloop
  endfacet
  facet normal -0.248623 0.9686 0
    outer loop
      vertex -3.53938 -9.14387 2
      vertex -3.46793 -9.12553 1.4
      vertex -3.53938 -9.14387 1.4
    endloop
  endfacet
  facet normal -0.227066 0.973879 0
    outer loop
      vertex -3.39639 -9.10885 1.4
      vertex -3.46793 -9.12553 2
      vertex -3.39639 -9.10885 2
    endloop
  endfacet
  facet normal -0.227066 0.973879 0
    outer loop
      vertex -3.46793 -9.12553 2
      vertex -3.39639 -9.10885 1.4
      vertex -3.46793 -9.12553 1.4
    endloop
  endfacet
  facet normal -0.204665 0.978832 0
    outer loop
      vertex -3.32489 -9.0939 1.4
      vertex -3.39639 -9.10885 2
      vertex -3.32489 -9.0939 2
    endloop
  endfacet
  facet normal -0.204665 0.978832 0
    outer loop
      vertex -3.39639 -9.10885 2
      vertex -3.32489 -9.0939 1.4
      vertex -3.39639 -9.10885 1.4
    endloop
  endfacet
  facet normal -0.181699 0.983354 0
    outer loop
      vertex -3.25356 -9.08072 1.4
      vertex -3.32489 -9.0939 2
      vertex -3.25356 -9.08072 2
    endloop
  endfacet
  facet normal -0.181699 0.983354 0
    outer loop
      vertex -3.32489 -9.0939 2
      vertex -3.25356 -9.08072 1.4
      vertex -3.32489 -9.0939 1.4
    endloop
  endfacet
  facet normal -0.15884 0.987304 0
    outer loop
      vertex -3.18239 -9.06927 1.4
      vertex -3.25356 -9.08072 2
      vertex -3.18239 -9.06927 2
    endloop
  endfacet
  facet normal -0.15884 0.987304 0
    outer loop
      vertex -3.25356 -9.08072 2
      vertex -3.18239 -9.06927 1.4
      vertex -3.25356 -9.08072 1.4
    endloop
  endfacet
  facet normal -0.134951 0.990852 0
    outer loop
      vertex -3.11139 -9.0596 1.4
      vertex -3.18239 -9.06927 2
      vertex -3.11139 -9.0596 2
    endloop
  endfacet
  facet normal -0.134951 0.990852 0
    outer loop
      vertex -3.18239 -9.06927 2
      vertex -3.11139 -9.0596 1.4
      vertex -3.18239 -9.06927 1.4
    endloop
  endfacet
  facet normal -0.111124 0.993806 0
    outer loop
      vertex -3.04056 -9.05168 1.4
      vertex -3.11139 -9.0596 2
      vertex -3.04056 -9.05168 2
    endloop
  endfacet
  facet normal -0.111124 0.993806 0
    outer loop
      vertex -3.11139 -9.0596 2
      vertex -3.04056 -9.05168 1.4
      vertex -3.11139 -9.0596 1.4
    endloop
  endfacet
  facet normal -0.0867209 0.996233 0
    outer loop
      vertex -2.96991 -9.04553 1.4
      vertex -3.04056 -9.05168 2
      vertex -2.96991 -9.04553 2
    endloop
  endfacet
  facet normal -0.0867209 0.996233 0
    outer loop
      vertex -3.04056 -9.05168 2
      vertex -2.96991 -9.04553 1.4
      vertex -3.04056 -9.05168 1.4
    endloop
  endfacet
  facet normal -0.0624312 0.998049 0
    outer loop
      vertex -2.89941 -9.04112 1.4
      vertex -2.96991 -9.04553 2
      vertex -2.89941 -9.04112 2
    endloop
  endfacet
  facet normal -0.0624312 0.998049 0
    outer loop
      vertex -2.96991 -9.04553 2
      vertex -2.89941 -9.04112 1.4
      vertex -2.96991 -9.04553 1.4
    endloop
  endfacet
  facet normal -0.0373796 0.999301 0
    outer loop
      vertex -2.8291 -9.03849 1.4
      vertex -2.89941 -9.04112 2
      vertex -2.8291 -9.03849 2
    endloop
  endfacet
  facet normal -0.0373796 0.999301 0
    outer loop
      vertex -2.89941 -9.04112 2
      vertex -2.8291 -9.03849 1.4
      vertex -2.89941 -9.04112 1.4
    endloop
  endfacet
  facet normal -0.0125418 0.999921 0
    outer loop
      vertex -2.75894 -9.03761 1.4
      vertex -2.8291 -9.03849 2
      vertex -2.75894 -9.03761 2
    endloop
  endfacet
  facet normal -0.0125418 0.999921 0
    outer loop
      vertex -2.8291 -9.03849 2
      vertex -2.75894 -9.03761 1.4
      vertex -2.8291 -9.03849 1.4
    endloop
  endfacet
  facet normal 0.0212787 0.999774 -0
    outer loop
      vertex -2.66638 -9.03958 1.4
      vertex -2.75894 -9.03761 2
      vertex -2.66638 -9.03958 2
    endloop
  endfacet
  facet normal 0.0212787 0.999774 0
    outer loop
      vertex -2.75894 -9.03761 2
      vertex -2.66638 -9.03958 1.4
      vertex -2.75894 -9.03761 1.4
    endloop
  endfacet
  facet normal 0.066949 0.997756 -0
    outer loop
      vertex -2.5786 -9.04547 1.4
      vertex -2.66638 -9.03958 2
      vertex -2.5786 -9.04547 2
    endloop
  endfacet
  facet normal 0.066949 0.997756 0
    outer loop
      vertex -2.66638 -9.03958 2
      vertex -2.5786 -9.04547 1.4
      vertex -2.66638 -9.03958 1.4
    endloop
  endfacet
  facet normal 0.117362 0.993089 -0
    outer loop
      vertex -2.49559 -9.05528 1.4
      vertex -2.5786 -9.04547 2
      vertex -2.49559 -9.05528 2
    endloop
  endfacet
  facet normal 0.117362 0.993089 0
    outer loop
      vertex -2.5786 -9.04547 2
      vertex -2.49559 -9.05528 1.4
      vertex -2.5786 -9.04547 1.4
    endloop
  endfacet
  facet normal 0.173067 0.98491 -0
    outer loop
      vertex -2.41734 -9.06903 1.4
      vertex -2.49559 -9.05528 2
      vertex -2.41734 -9.06903 2
    endloop
  endfacet
  facet normal 0.173067 0.98491 0
    outer loop
      vertex -2.49559 -9.05528 2
      vertex -2.41734 -9.06903 1.4
      vertex -2.49559 -9.05528 1.4
    endloop
  endfacet
  facet normal 0.234024 0.972231 -0
    outer loop
      vertex -2.34389 -9.08671 1.4
      vertex -2.41734 -9.06903 2
      vertex -2.34389 -9.08671 2
    endloop
  endfacet
  facet normal 0.234024 0.972231 0
    outer loop
      vertex -2.41734 -9.06903 2
      vertex -2.34389 -9.08671 1.4
      vertex -2.41734 -9.06903 1.4
    endloop
  endfacet
  facet normal 0.300061 0.95392 -0
    outer loop
      vertex -2.27519 -9.10832 1.4
      vertex -2.34389 -9.08671 2
      vertex -2.27519 -9.10832 2
    endloop
  endfacet
  facet normal 0.300061 0.95392 0
    outer loop
      vertex -2.34389 -9.08671 2
      vertex -2.27519 -9.10832 1.4
      vertex -2.34389 -9.08671 1.4
    endloop
  endfacet
  facet normal 0.370915 0.928667 -0
    outer loop
      vertex -2.21127 -9.13385 1.4
      vertex -2.27519 -9.10832 2
      vertex -2.21127 -9.13385 2
    endloop
  endfacet
  facet normal 0.370915 0.928667 0
    outer loop
      vertex -2.27519 -9.10832 2
      vertex -2.21127 -9.13385 1.4
      vertex -2.27519 -9.10832 1.4
    endloop
  endfacet
  facet normal 0.44576 0.895152 -0
    outer loop
      vertex -2.15211 -9.16331 1.4
      vertex -2.21127 -9.13385 2
      vertex -2.15211 -9.16331 2
    endloop
  endfacet
  facet normal 0.44576 0.895152 0
    outer loop
      vertex -2.21127 -9.13385 2
      vertex -2.15211 -9.16331 1.4
      vertex -2.21127 -9.13385 1.4
    endloop
  endfacet
  facet normal 0.523503 0.852024 -0
    outer loop
      vertex -2.09775 -9.19671 1.4
      vertex -2.15211 -9.16331 2
      vertex -2.09775 -9.19671 2
    endloop
  endfacet
  facet normal 0.523503 0.852024 0
    outer loop
      vertex -2.15211 -9.16331 2
      vertex -2.09775 -9.19671 1.4
      vertex -2.15211 -9.16331 1.4
    endloop
  endfacet
  facet normal 0.601509 0.798866 -0
    outer loop
      vertex -2.04865 -9.23368 1.4
      vertex -2.09775 -9.19671 2
      vertex -2.04865 -9.23368 2
    endloop
  endfacet
  facet normal 0.601509 0.798866 0
    outer loop
      vertex -2.09775 -9.19671 2
      vertex -2.04865 -9.23368 1.4
      vertex -2.09775 -9.19671 1.4
    endloop
  endfacet
  facet normal 0.680581 0.732673 -0
    outer loop
      vertex -2.00533 -9.27392 1.4
      vertex -2.04865 -9.23368 2
      vertex -2.00533 -9.27392 2
    endloop
  endfacet
  facet normal 0.680581 0.732673 0
    outer loop
      vertex -2.04865 -9.23368 2
      vertex -2.00533 -9.27392 1.4
      vertex -2.04865 -9.23368 1.4
    endloop
  endfacet
  facet normal 0.756819 0.653624 0
    outer loop
      vertex -1.96777 -9.31741 2
      vertex -2.00533 -9.27392 1.4
      vertex -2.00533 -9.27392 2
    endloop
  endfacet
  facet normal 0.756819 0.653624 0
    outer loop
      vertex -2.00533 -9.27392 1.4
      vertex -1.96777 -9.31741 2
      vertex -1.96777 -9.31741 1.4
    endloop
  endfacet
  facet normal 0.827091 0.562068 0
    outer loop
      vertex -1.936 -9.36416 2
      vertex -1.96777 -9.31741 1.4
      vertex -1.96777 -9.31741 2
    endloop
  endfacet
  facet normal 0.827091 0.562068 0
    outer loop
      vertex -1.96777 -9.31741 1.4
      vertex -1.936 -9.36416 2
      vertex -1.936 -9.36416 1.4
    endloop
  endfacet
  facet normal 0.887292 0.461208 0
    outer loop
      vertex -1.91 -9.41418 2
      vertex -1.936 -9.36416 1.4
      vertex -1.936 -9.36416 2
    endloop
  endfacet
  facet normal 0.887292 0.461208 0
    outer loop
      vertex -1.936 -9.36416 1.4
      vertex -1.91 -9.41418 2
      vertex -1.91 -9.41418 1.4
    endloop
  endfacet
  facet normal 0.934996 0.35466 0
    outer loop
      vertex -1.88979 -9.46746 2
      vertex -1.91 -9.41418 1.4
      vertex -1.91 -9.41418 2
    endloop
  endfacet
  facet normal 0.934996 0.35466 0
    outer loop
      vertex -1.91 -9.41418 1.4
      vertex -1.88979 -9.46746 2
      vertex -1.88979 -9.46746 1.4
    endloop
  endfacet
  facet normal 0.9689 0.247452 0
    outer loop
      vertex -1.87535 -9.524 2
      vertex -1.88979 -9.46746 1.4
      vertex -1.88979 -9.46746 2
    endloop
  endfacet
  facet normal 0.9689 0.247452 0
    outer loop
      vertex -1.88979 -9.46746 1.4
      vertex -1.87535 -9.524 2
      vertex -1.87535 -9.524 1.4
    endloop
  endfacet
  facet normal 0.989653 0.143483 0
    outer loop
      vertex -1.86668 -9.5838 2
      vertex -1.87535 -9.524 1.4
      vertex -1.87535 -9.524 2
    endloop
  endfacet
  facet normal 0.989653 0.143483 0
    outer loop
      vertex -1.87535 -9.524 1.4
      vertex -1.86668 -9.5838 2
      vertex -1.86668 -9.5838 1.4
    endloop
  endfacet
  facet normal 0.998959 0.0456232 0
    outer loop
      vertex -1.8638 -9.64686 2
      vertex -1.86668 -9.5838 1.4
      vertex -1.86668 -9.5838 2
    endloop
  endfacet
  facet normal 0.998959 0.0456232 0
    outer loop
      vertex -1.86668 -9.5838 1.4
      vertex -1.8638 -9.64686 2
      vertex -1.8638 -9.64686 1.4
    endloop
  endfacet
  facet normal 0.999053 -0.0435202 0
    outer loop
      vertex -1.86676 -9.71481 2
      vertex -1.8638 -9.64686 1.4
      vertex -1.8638 -9.64686 2
    endloop
  endfacet
  facet normal 0.999053 -0.0435202 0
    outer loop
      vertex -1.8638 -9.64686 1.4
      vertex -1.86676 -9.71481 2
      vertex -1.86676 -9.71481 1.4
    endloop
  endfacet
  facet normal 0.990402 -0.138214 0
    outer loop
      vertex -1.87569 -9.7788 2
      vertex -1.86676 -9.71481 1.4
      vertex -1.86676 -9.71481 2
    endloop
  endfacet
  facet normal 0.990402 -0.138214 0
    outer loop
      vertex -1.86676 -9.71481 1.4
      vertex -1.87569 -9.7788 2
      vertex -1.87569 -9.7788 1.4
    endloop
  endfacet
  facet normal 0.970701 -0.24029 0
    outer loop
      vertex -1.89055 -9.83883 2
      vertex -1.87569 -9.7788 1.4
      vertex -1.87569 -9.7788 2
    endloop
  endfacet
  facet normal 0.970701 -0.24029 0
    outer loop
      vertex -1.87569 -9.7788 1.4
      vertex -1.89055 -9.83883 2
      vertex -1.89055 -9.83883 1.4
    endloop
  endfacet
  facet normal 0.937527 -0.347914 0
    outer loop
      vertex -1.91135 -9.89488 2
      vertex -1.89055 -9.83883 1.4
      vertex -1.89055 -9.83883 2
    endloop
  endfacet
  facet normal 0.937527 -0.347914 0
    outer loop
      vertex -1.89055 -9.83883 1.4
      vertex -1.91135 -9.89488 2
      vertex -1.91135 -9.89488 1.4
    endloop
  endfacet
  facet normal 0.88956 -0.456819 0
    outer loop
      vertex -1.9381 -9.94697 2
      vertex -1.91135 -9.89488 1.4
      vertex -1.91135 -9.89488 2
    endloop
  endfacet
  facet normal 0.88956 -0.456819 0
    outer loop
      vertex -1.91135 -9.89488 1.4
      vertex -1.9381 -9.94697 2
      vertex -1.9381 -9.94697 1.4
    endloop
  endfacet
  facet normal 0.827125 -0.562018 0
    outer loop
      vertex -1.97079 -9.99508 2
      vertex -1.9381 -9.94697 1.4
      vertex -1.9381 -9.94697 2
    endloop
  endfacet
  facet normal 0.827125 -0.562018 0
    outer loop
      vertex -1.9381 -9.94697 1.4
      vertex -1.97079 -9.99508 2
      vertex -1.97079 -9.99508 1.4
    endloop
  endfacet
  facet normal 0.752281 -0.658843 0
    outer loop
      vertex -2.00943 -10.0392 2
      vertex -1.97079 -9.99508 1.4
      vertex -1.97079 -9.99508 2
    endloop
  endfacet
  facet normal 0.752281 -0.658843 0
    outer loop
      vertex -1.97079 -9.99508 1.4
      vertex -2.00943 -10.0392 2
      vertex -2.00943 -10.0392 1.4
    endloop
  endfacet
  facet normal 0.669599 -0.742722 0
    outer loop
      vertex -2.05402 -10.0794 1.4
      vertex -2.00943 -10.0392 2
      vertex -2.05402 -10.0794 2
    endloop
  endfacet
  facet normal 0.669599 -0.742722 0
    outer loop
      vertex -2.00943 -10.0392 2
      vertex -2.05402 -10.0794 1.4
      vertex -2.00943 -10.0392 1.4
    endloop
  endfacet
  facet normal 0.582455 -0.812863 0
    outer loop
      vertex -2.10454 -10.1156 1.4
      vertex -2.05402 -10.0794 2
      vertex -2.10454 -10.1156 2
    endloop
  endfacet
  facet normal 0.582455 -0.812863 0
    outer loop
      vertex -2.05402 -10.0794 2
      vertex -2.10454 -10.1156 1.4
      vertex -2.05402 -10.0794 1.4
    endloop
  endfacet
  facet normal 0.495709 -0.868489 0
    outer loop
      vertex -2.16113 -10.1479 1.4
      vertex -2.10454 -10.1156 2
      vertex -2.16113 -10.1479 2
    endloop
  endfacet
  facet normal 0.495709 -0.868489 0
    outer loop
      vertex -2.10454 -10.1156 2
      vertex -2.16113 -10.1479 1.4
      vertex -2.10454 -10.1156 1.4
    endloop
  endfacet
  facet normal 0.413366 -0.910565 0
    outer loop
      vertex -2.22391 -10.1764 1.4
      vertex -2.16113 -10.1479 2
      vertex -2.22391 -10.1764 2
    endloop
  endfacet
  facet normal 0.413366 -0.910565 0
    outer loop
      vertex -2.16113 -10.1479 2
      vertex -2.22391 -10.1764 1.4
      vertex -2.16113 -10.1479 1.4
    endloop
  endfacet
  facet normal 0.338323 -0.94103 0
    outer loop
      vertex -2.29289 -10.2012 1.4
      vertex -2.22391 -10.1764 2
      vertex -2.29289 -10.2012 2
    endloop
  endfacet
  facet normal 0.338323 -0.94103 0
    outer loop
      vertex -2.22391 -10.1764 2
      vertex -2.29289 -10.2012 1.4
      vertex -2.22391 -10.1764 1.4
    endloop
  endfacet
  facet normal 0.267842 -0.963463 0
    outer loop
      vertex -2.36807 -10.2221 1.4
      vertex -2.29289 -10.2012 2
      vertex -2.36807 -10.2221 2
    endloop
  endfacet
  facet normal 0.267842 -0.963463 0
    outer loop
      vertex -2.29289 -10.2012 2
      vertex -2.36807 -10.2221 1.4
      vertex -2.29289 -10.2012 1.4
    endloop
  endfacet
  facet normal 0.205635 -0.978629 0
    outer loop
      vertex -2.44945 -10.2392 1.4
      vertex -2.36807 -10.2221 2
      vertex -2.44945 -10.2392 2
    endloop
  endfacet
  facet normal 0.205635 -0.978629 0
    outer loop
      vertex -2.36807 -10.2221 2
      vertex -2.44945 -10.2392 1.4
      vertex -2.36807 -10.2221 1.4
    endloop
  endfacet
  facet normal 0.150157 -0.988662 0
    outer loop
      vertex -2.53702 -10.2525 1.4
      vertex -2.44945 -10.2392 2
      vertex -2.53702 -10.2525 2
    endloop
  endfacet
  facet normal 0.150157 -0.988662 0
    outer loop
      vertex -2.44945 -10.2392 2
      vertex -2.53702 -10.2525 1.4
      vertex -2.44945 -10.2392 1.4
    endloop
  endfacet
  facet normal 0.100817 -0.994905 0
    outer loop
      vertex -2.63077 -10.262 1.4
      vertex -2.53702 -10.2525 2
      vertex -2.63077 -10.262 2
    endloop
  endfacet
  facet normal 0.100817 -0.994905 0
    outer loop
      vertex -2.53702 -10.2525 2
      vertex -2.63077 -10.262 1.4
      vertex -2.53702 -10.2525 1.4
    endloop
  endfacet
  facet normal 0.0569247 -0.998378 0
    outer loop
      vertex -2.73074 -10.2677 1.4
      vertex -2.63077 -10.262 2
      vertex -2.73074 -10.2677 2
    endloop
  endfacet
  facet normal 0.0569247 -0.998378 0
    outer loop
      vertex -2.63077 -10.262 2
      vertex -2.73074 -10.2677 1.4
      vertex -2.63077 -10.262 1.4
    endloop
  endfacet
  facet normal 0.0178946 -0.99984 0
    outer loop
      vertex -2.8369 -10.2696 1.4
      vertex -2.73074 -10.2677 2
      vertex -2.8369 -10.2696 2
    endloop
  endfacet
  facet normal 0.0178946 -0.99984 0
    outer loop
      vertex -2.73074 -10.2677 2
      vertex -2.8369 -10.2696 1.4
      vertex -2.73074 -10.2677 1.4
    endloop
  endfacet
  facet normal 0 -1 0
    outer loop
      vertex -3.3862 -10.2696 1.4
      vertex -2.8369 -10.2696 2
      vertex -3.3862 -10.2696 2
    endloop
  endfacet
  facet normal 0 -1 -0
    outer loop
      vertex -2.8369 -10.2696 2
      vertex -3.3862 -10.2696 1.4
      vertex -2.8369 -10.2696 1.4
    endloop
  endfacet
  facet normal 1 -0 0
    outer loop
      vertex -3.3862 -11.1112 2
      vertex -3.3862 -10.2696 1.4
      vertex -3.3862 -10.2696 2
    endloop
  endfacet
  facet normal 1 0 0
    outer loop
      vertex -3.3862 -10.2696 1.4
      vertex -3.3862 -11.1112 2
      vertex -3.3862 -11.1112 1.4
    endloop
  endfacet
  facet normal 0 1 -0
    outer loop
      vertex -2.86404 -11.1112 1.4
      vertex -3.3862 -11.1112 2
      vertex -2.86404 -11.1112 2
    endloop
  endfacet
  facet normal 0 1 0
    outer loop
      vertex -3.3862 -11.1112 2
      vertex -2.86404 -11.1112 1.4
      vertex -3.3862 -11.1112 1.4
    endloop
  endfacet
  facet normal 0.0184085 0.999831 -0
    outer loop
      vertex -2.74455 -11.1134 1.4
      vertex -2.86404 -11.1112 2
      vertex -2.74455 -11.1134 2
    endloop
  endfacet
  facet normal 0.0184085 0.999831 0
    outer loop
      vertex -2.86404 -11.1112 2
      vertex -2.74455 -11.1134 1.4
      vertex -2.86404 -11.1112 1.4
    endloop
  endfacet
  facet normal 0.0583901 0.998294 -0
    outer loop
      vertex -2.63171 -11.12 1.4
      vertex -2.74455 -11.1134 2
      vertex -2.63171 -11.12 2
    endloop
  endfacet
  facet normal 0.0583901 0.998294 0
    outer loop
      vertex -2.74455 -11.1134 2
      vertex -2.63171 -11.12 1.4
      vertex -2.74455 -11.1134 1.4
    endloop
  endfacet
  facet normal 0.103046 0.994677 -0
    outer loop
      vertex -2.52553 -11.131 1.4
      vertex -2.63171 -11.12 2
      vertex -2.52553 -11.131 2
    endloop
  endfacet
  facet normal 0.103046 0.994677 0
    outer loop
      vertex -2.63171 -11.12 2
      vertex -2.52553 -11.131 1.4
      vertex -2.63171 -11.12 1.4
    endloop
  endfacet
  facet normal 0.152923 0.988238 -0
    outer loop
      vertex -2.42601 -11.1464 1.4
      vertex -2.52553 -11.131 2
      vertex -2.42601 -11.1464 2
    endloop
  endfacet
  facet normal 0.152923 0.988238 0
    outer loop
      vertex -2.52553 -11.131 2
      vertex -2.42601 -11.1464 1.4
      vertex -2.52553 -11.131 1.4
    endloop
  endfacet
  facet normal 0.208536 0.978015 -0
    outer loop
      vertex -2.33315 -11.1662 1.4
      vertex -2.42601 -11.1464 2
      vertex -2.33315 -11.1662 2
    endloop
  endfacet
  facet normal 0.208536 0.978015 0
    outer loop
      vertex -2.42601 -11.1464 2
      vertex -2.33315 -11.1662 1.4
      vertex -2.42601 -11.1464 1.4
    endloop
  endfacet
  facet normal 0.270235 0.962795 -0
    outer loop
      vertex -2.24693 -11.1904 1.4
      vertex -2.33315 -11.1662 2
      vertex -2.24693 -11.1904 2
    endloop
  endfacet
  facet normal 0.270235 0.962795 0
    outer loop
      vertex -2.33315 -11.1662 2
      vertex -2.24693 -11.1904 1.4
      vertex -2.33315 -11.1662 1.4
    endloop
  endfacet
  facet normal 0.338284 0.941044 -0
    outer loop
      vertex -2.16737 -11.219 1.4
      vertex -2.24693 -11.1904 2
      vertex -2.16737 -11.219 2
    endloop
  endfacet
  facet normal 0.338284 0.941044 0
    outer loop
      vertex -2.24693 -11.1904 2
      vertex -2.16737 -11.219 1.4
      vertex -2.24693 -11.1904 1.4
    endloop
  endfacet
  facet normal 0.412437 0.910986 -0
    outer loop
      vertex -2.09448 -11.252 1.4
      vertex -2.16737 -11.219 2
      vertex -2.09448 -11.252 2
    endloop
  endfacet
  facet normal 0.412437 0.910986 0
    outer loop
      vertex -2.16737 -11.219 2
      vertex -2.09448 -11.252 1.4
      vertex -2.16737 -11.219 1.4
    endloop
  endfacet
  facet normal 0.491659 0.870788 -0
    outer loop
      vertex -2.02824 -11.2894 1.4
      vertex -2.09448 -11.252 2
      vertex -2.02824 -11.2894 2
    endloop
  endfacet
  facet normal 0.491659 0.870788 0
    outer loop
      vertex -2.09448 -11.252 2
      vertex -2.02824 -11.2894 1.4
      vertex -2.09448 -11.252 1.4
    endloop
  endfacet
  facet normal 0.574377 0.818591 -0
    outer loop
      vertex -1.96881 -11.3311 1.4
      vertex -2.02824 -11.2894 2
      vertex -1.96881 -11.3311 2
    endloop
  endfacet
  facet normal 0.574377 0.818591 0
    outer loop
      vertex -2.02824 -11.2894 2
      vertex -1.96881 -11.3311 1.4
      vertex -2.02824 -11.2894 1.4
    endloop
  endfacet
  facet normal 0.657884 0.753119 -0
    outer loop
      vertex -1.91638 -11.3769 1.4
      vertex -1.96881 -11.3311 2
      vertex -1.91638 -11.3769 2
    endloop
  endfacet
  facet normal 0.657884 0.753119 0
    outer loop
      vertex -1.96881 -11.3311 2
      vertex -1.91638 -11.3769 1.4
      vertex -1.96881 -11.3311 1.4
    endloop
  endfacet
  facet normal 0.740047 0.672555 0
    outer loop
      vertex -1.87094 -11.4269 2
      vertex -1.91638 -11.3769 1.4
      vertex -1.91638 -11.3769 2
    endloop
  endfacet
  facet normal 0.740047 0.672555 0
    outer loop
      vertex -1.91638 -11.3769 1.4
      vertex -1.87094 -11.4269 2
      vertex -1.87094 -11.4269 1.4
    endloop
  endfacet
  facet normal 0.815106 0.579313 0
    outer loop
      vertex -1.83249 -11.481 2
      vertex -1.87094 -11.4269 1.4
      vertex -1.87094 -11.4269 2
    endloop
  endfacet
  facet normal 0.815106 0.579313 0
    outer loop
      vertex -1.87094 -11.4269 1.4
      vertex -1.83249 -11.481 2
      vertex -1.83249 -11.481 1.4
    endloop
  endfacet
  facet normal 0.880044 0.474892 0
    outer loop
      vertex -1.80103 -11.5393 2
      vertex -1.83249 -11.481 1.4
      vertex -1.83249 -11.481 2
    endloop
  endfacet
  facet normal 0.880044 0.474892 0
    outer loop
      vertex -1.83249 -11.481 1.4
      vertex -1.80103 -11.5393 2
      vertex -1.80103 -11.5393 1.4
    endloop
  endfacet
  facet normal 0.930925 0.365209 0
    outer loop
      vertex -1.77655 -11.6017 2
      vertex -1.80103 -11.5393 1.4
      vertex -1.80103 -11.5393 2
    endloop
  endfacet
  facet normal 0.930925 0.365209 0
    outer loop
      vertex -1.80103 -11.5393 1.4
      vertex -1.77655 -11.6017 2
      vertex -1.77655 -11.6017 1.4
    endloop
  endfacet
  facet normal 0.967182 0.254085 0
    outer loop
      vertex -1.75908 -11.6682 2
      vertex -1.77655 -11.6017 1.4
      vertex -1.77655 -11.6017 2
    endloop
  endfacet
  facet normal 0.967182 0.254085 0
    outer loop
      vertex -1.77655 -11.6017 1.4
      vertex -1.75908 -11.6682 2
      vertex -1.75908 -11.6682 1.4
    endloop
  endfacet
  facet normal 0.989191 0.14663 0
    outer loop
      vertex -1.7486 -11.7389 2
      vertex -1.75908 -11.6682 1.4
      vertex -1.75908 -11.6682 2
    endloop
  endfacet
  facet normal 0.989191 0.14663 0
    outer loop
      vertex -1.75908 -11.6682 1.4
      vertex -1.7486 -11.7389 2
      vertex -1.7486 -11.7389 1.4
    endloop
  endfacet
  facet normal 0.998904 0.0468111 0
    outer loop
      vertex -1.74509 -11.8138 2
      vertex -1.7486 -11.7389 1.4
      vertex -1.7486 -11.7389 2
    endloop
  endfacet
  facet normal 0.998904 0.0468111 0
    outer loop
      vertex -1.7486 -11.7389 1.4
      vertex -1.74509 -11.8138 2
      vertex -1.74509 -11.8138 1.4
    endloop
  endfacet
  facet normal 0.998902 -0.0468536 0
    outer loop
      vertex -1.7485 -11.8865 2
      vertex -1.74509 -11.8138 1.4
      vertex -1.74509 -11.8138 2
    endloop
  endfacet
  facet normal 0.998902 -0.0468536 0
    outer loop
      vertex -1.74509 -11.8138 1.4
      vertex -1.7485 -11.8865 2
      vertex -1.7485 -11.8865 1.4
    endloop
  endfacet
  facet normal 0.989136 -0.147006 0
    outer loop
      vertex -1.75874 -11.9554 2
      vertex -1.7485 -11.8865 1.4
      vertex -1.7485 -11.8865 2
    endloop
  endfacet
  facet normal 0.989136 -0.147006 0
    outer loop
      vertex -1.7485 -11.8865 1.4
      vertex -1.75874 -11.9554 2
      vertex -1.75874 -11.9554 1.4
    endloop
  endfacet
  facet normal 0.967336 -0.253498 0
    outer loop
      vertex -1.7758 -12.0205 2
      vertex -1.75874 -11.9554 1.4
      vertex -1.75874 -11.9554 2
    endloop
  endfacet
  facet normal 0.967336 -0.253498 0
    outer loop
      vertex -1.75874 -11.9554 1.4
      vertex -1.7758 -12.0205 2
      vertex -1.7758 -12.0205 1.4
    endloop
  endfacet
  facet normal 0.931391 -0.36402 0
    outer loop
      vertex -1.79968 -12.0816 2
      vertex -1.7758 -12.0205 1.4
      vertex -1.7758 -12.0205 2
    endloop
  endfacet
  facet normal 0.931391 -0.36402 0
    outer loop
      vertex -1.7758 -12.0205 1.4
      vertex -1.79968 -12.0816 2
      vertex -1.79968 -12.0816 1.4
    endloop
  endfacet
  facet normal 0.881799 -0.471624 0
    outer loop
      vertex -1.83038 -12.139 2
      vertex -1.79968 -12.0816 1.4
      vertex -1.79968 -12.0816 2
    endloop
  endfacet
  facet normal 0.881799 -0.471624 0
    outer loop
      vertex -1.79968 -12.0816 1.4
      vertex -1.83038 -12.139 2
      vertex -1.83038 -12.139 1.4
    endloop
  endfacet
  facet normal 0.818079 -0.575106 0
    outer loop
      vertex -1.86792 -12.1924 2
      vertex -1.83038 -12.139 1.4
      vertex -1.83038 -12.139 2
    endloop
  endfacet
  facet normal 0.818079 -0.575106 0
    outer loop
      vertex -1.83038 -12.139 1.4
      vertex -1.86792 -12.1924 2
      vertex -1.86792 -12.1924 1.4
    endloop
  endfacet
  facet normal 0.745532 -0.66647 0
    outer loop
      vertex -1.91226 -12.242 2
      vertex -1.86792 -12.1924 1.4
      vertex -1.86792 -12.1924 2
    endloop
  endfacet
  facet normal 0.745532 -0.66647 0
    outer loop
      vertex -1.86792 -12.1924 1.4
      vertex -1.91226 -12.242 2
      vertex -1.91226 -12.242 1.4
    endloop
  endfacet
  facet normal 0.666854 -0.745188 0
    outer loop
      vertex -1.96344 -12.2878 1.4
      vertex -1.91226 -12.242 2
      vertex -1.96344 -12.2878 2
    endloop
  endfacet
  facet normal 0.666854 -0.745188 0
    outer loop
      vertex -1.91226 -12.242 2
      vertex -1.96344 -12.2878 1.4
      vertex -1.91226 -12.242 1.4
    endloop
  endfacet
  facet normal 0.585593 -0.810606 0
    outer loop
      vertex -2.02144 -12.3297 1.4
      vertex -1.96344 -12.2878 2
      vertex -2.02144 -12.3297 2
    endloop
  endfacet
  facet normal 0.585593 -0.810606 0
    outer loop
      vertex -1.96344 -12.2878 2
      vertex -2.02144 -12.3297 1.4
      vertex -1.96344 -12.2878 1.4
    endloop
  endfacet
  facet normal 0.506142 -0.86245 0
    outer loop
      vertex -2.08585 -12.3675 1.4
      vertex -2.02144 -12.3297 2
      vertex -2.08585 -12.3675 2
    endloop
  endfacet
  facet normal 0.506142 -0.86245 0
    outer loop
      vertex -2.02144 -12.3297 2
      vertex -2.08585 -12.3675 1.4
      vertex -2.02144 -12.3297 1.4
    endloop
  endfacet
  facet normal 0.427689 -0.903926 0
    outer loop
      vertex -2.15623 -12.4008 1.4
      vertex -2.08585 -12.3675 2
      vertex -2.15623 -12.4008 2
    endloop
  endfacet
  facet normal 0.427689 -0.903926 0
    outer loop
      vertex -2.08585 -12.3675 2
      vertex -2.15623 -12.4008 1.4
      vertex -2.08585 -12.3675 1.4
    endloop
  endfacet
  facet normal 0.353927 -0.935273 0
    outer loop
      vertex -2.2326 -12.4297 1.4
      vertex -2.15623 -12.4008 2
      vertex -2.2326 -12.4297 2
    endloop
  endfacet
  facet normal 0.353927 -0.935273 0
    outer loop
      vertex -2.15623 -12.4008 2
      vertex -2.2326 -12.4297 1.4
      vertex -2.15623 -12.4008 1.4
    endloop
  endfacet
  facet normal 0.284025 -0.958817 0
    outer loop
      vertex -2.31497 -12.4541 1.4
      vertex -2.2326 -12.4297 2
      vertex -2.31497 -12.4541 2
    endloop
  endfacet
  facet normal 0.284025 -0.958817 0
    outer loop
      vertex -2.2326 -12.4297 2
      vertex -2.31497 -12.4541 1.4
      vertex -2.2326 -12.4297 1.4
    endloop
  endfacet
  facet normal 0.220786 -0.975322 0
    outer loop
      vertex -2.40332 -12.4741 1.4
      vertex -2.31497 -12.4541 2
      vertex -2.40332 -12.4741 2
    endloop
  endfacet
  facet normal 0.220786 -0.975322 0
    outer loop
      vertex -2.31497 -12.4541 2
      vertex -2.40332 -12.4741 1.4
      vertex -2.31497 -12.4541 1.4
    endloop
  endfacet
  facet normal 0.162142 -0.986767 0
    outer loop
      vertex -2.49765 -12.4896 1.4
      vertex -2.40332 -12.4741 2
      vertex -2.49765 -12.4896 2
    endloop
  endfacet
  facet normal 0.162142 -0.986767 0
    outer loop
      vertex -2.40332 -12.4741 2
      vertex -2.49765 -12.4896 1.4
      vertex -2.40332 -12.4741 1.4
    endloop
  endfacet
  facet normal 0.109986 -0.993933 0
    outer loop
      vertex -2.59796 -12.5007 1.4
      vertex -2.49765 -12.4896 2
      vertex -2.59796 -12.5007 2
    endloop
  endfacet
  facet normal 0.109986 -0.993933 0
    outer loop
      vertex -2.49765 -12.4896 2
      vertex -2.59796 -12.5007 1.4
      vertex -2.49765 -12.4896 1.4
    endloop
  endfacet
  facet normal 0.0629102 -0.998019 0
    outer loop
      vertex -2.70425 -12.5074 1.4
      vertex -2.59796 -12.5007 2
      vertex -2.70425 -12.5074 2
    endloop
  endfacet
  facet normal 0.0629102 -0.998019 0
    outer loop
      vertex -2.59796 -12.5007 2
      vertex -2.70425 -12.5074 1.4
      vertex -2.59796 -12.5007 1.4
    endloop
  endfacet
  facet normal 0.0195884 -0.999808 0
    outer loop
      vertex -2.81654 -12.5096 1.4
      vertex -2.70425 -12.5074 2
      vertex -2.81654 -12.5096 2
    endloop
  endfacet
  facet normal 0.0195884 -0.999808 0
    outer loop
      vertex -2.70425 -12.5074 2
      vertex -2.81654 -12.5096 1.4
      vertex -2.70425 -12.5074 1.4
    endloop
  endfacet
  facet normal -0.0154303 -0.999881 0
    outer loop
      vertex -2.8943 -12.5084 1.4
      vertex -2.81654 -12.5096 2
      vertex -2.8943 -12.5084 2
    endloop
  endfacet
  facet normal -0.0154303 -0.999881 -0
    outer loop
      vertex -2.81654 -12.5096 2
      vertex -2.8943 -12.5084 1.4
      vertex -2.81654 -12.5096 1.4
    endloop
  endfacet
  facet normal -0.0435205 -0.999053 0
    outer loop
      vertex -2.97235 -12.505 1.4
      vertex -2.8943 -12.5084 2
      vertex -2.97235 -12.505 2
    endloop
  endfacet
  facet normal -0.0435205 -0.999053 -0
    outer loop
      vertex -2.8943 -12.5084 2
      vertex -2.97235 -12.505 1.4
      vertex -2.8943 -12.5084 1.4
    endloop
  endfacet
  facet normal -0.0738342 -0.997271 0
    outer loop
      vertex -3.05069 -12.4992 1.4
      vertex -2.97235 -12.505 2
      vertex -3.05069 -12.4992 2
    endloop
  endfacet
  facet normal -0.0738342 -0.997271 -0
    outer loop
      vertex -2.97235 -12.505 2
      vertex -3.05069 -12.4992 1.4
      vertex -2.97235 -12.505 1.4
    endloop
  endfacet
  facet normal -0.102459 -0.994737 0
    outer loop
      vertex -3.12933 -12.4911 1.4
      vertex -3.05069 -12.4992 2
      vertex -3.12933 -12.4911 2
    endloop
  endfacet
  facet normal -0.102459 -0.994737 -0
    outer loop
      vertex -3.05069 -12.4992 2
      vertex -3.12933 -12.4911 1.4
      vertex -3.05069 -12.4992 1.4
    endloop
  endfacet
  facet normal -0.130649 -0.991429 0
    outer loop
      vertex -3.20825 -12.4807 1.4
      vertex -3.12933 -12.4911 2
      vertex -3.20825 -12.4807 2
    endloop
  endfacet
  facet normal -0.130649 -0.991429 -0
    outer loop
      vertex -3.12933 -12.4911 2
      vertex -3.20825 -12.4807 1.4
      vertex -3.12933 -12.4911 1.4
    endloop
  endfacet
  facet normal -0.158272 -0.987395 0
    outer loop
      vertex -3.28748 -12.468 1.4
      vertex -3.20825 -12.4807 2
      vertex -3.28748 -12.468 2
    endloop
  endfacet
  facet normal -0.158272 -0.987395 -0
    outer loop
      vertex -3.20825 -12.4807 2
      vertex -3.28748 -12.468 1.4
      vertex -3.20825 -12.4807 1.4
    endloop
  endfacet
  facet normal -0.185385 -0.982666 0
    outer loop
      vertex -3.36699 -12.453 1.4
      vertex -3.28748 -12.468 2
      vertex -3.36699 -12.453 2
    endloop
  endfacet
  facet normal -0.185385 -0.982666 -0
    outer loop
      vertex -3.28748 -12.468 2
      vertex -3.36699 -12.453 1.4
      vertex -3.28748 -12.468 1.4
    endloop
  endfacet
  facet normal -0.21304 -0.977044 0
    outer loop
      vertex -3.44679 -12.4356 1.4
      vertex -3.36699 -12.453 2
      vertex -3.44679 -12.4356 2
    endloop
  endfacet
  facet normal -0.21304 -0.977044 -0
    outer loop
      vertex -3.36699 -12.453 2
      vertex -3.44679 -12.4356 1.4
      vertex -3.36699 -12.453 1.4
    endloop
  endfacet
  facet normal -0.237682 -0.971343 0
    outer loop
      vertex -3.52689 -12.416 1.4
      vertex -3.44679 -12.4356 2
      vertex -3.52689 -12.416 2
    endloop
  endfacet
  facet normal -0.237682 -0.971343 -0
    outer loop
      vertex -3.44679 -12.4356 2
      vertex -3.52689 -12.416 1.4
      vertex -3.44679 -12.4356 1.4
    endloop
  endfacet
  facet normal -0.264174 -0.964475 0
    outer loop
      vertex -3.60721 -12.394 1.4
      vertex -3.52689 -12.416 2
      vertex -3.60721 -12.394 2
    endloop
  endfacet
  facet normal -0.264174 -0.964475 -0
    outer loop
      vertex -3.52689 -12.416 2
      vertex -3.60721 -12.394 1.4
      vertex -3.52689 -12.416 1.4
    endloop
  endfacet
  facet normal -0.287031 -0.957921 0
    outer loop
      vertex -3.68764 -12.3699 1.4
      vertex -3.60721 -12.394 2
      vertex -3.68764 -12.3699 2
    endloop
  endfacet
  facet normal -0.287031 -0.957921 -0
    outer loop
      vertex -3.60721 -12.394 2
      vertex -3.68764 -12.3699 1.4
      vertex -3.60721 -12.394 1.4
    endloop
  endfacet
  facet normal -0.311446 -0.950264 0
    outer loop
      vertex -3.76819 -12.3435 1.4
      vertex -3.68764 -12.3699 2
      vertex -3.76819 -12.3435 2
    endloop
  endfacet
  facet normal -0.311446 -0.950264 -0
    outer loop
      vertex -3.68764 -12.3699 2
      vertex -3.76819 -12.3435 1.4
      vertex -3.68764 -12.3699 1.4
    endloop
  endfacet
  facet normal -0.334079 -0.942545 0
    outer loop
      vertex -3.84888 -12.3149 1.4
      vertex -3.76819 -12.3435 2
      vertex -3.84888 -12.3149 2
    endloop
  endfacet
  facet normal -0.334079 -0.942545 -0
    outer loop
      vertex -3.76819 -12.3435 2
      vertex -3.84888 -12.3149 1.4
      vertex -3.76819 -12.3435 1.4
    endloop
  endfacet
  facet normal -0.356149 -0.934429 0
    outer loop
      vertex -3.92969 -12.2841 1.4
      vertex -3.84888 -12.3149 2
      vertex -3.92969 -12.2841 2
    endloop
  endfacet
  facet normal -0.356149 -0.934429 -0
    outer loop
      vertex -3.84888 -12.3149 2
      vertex -3.92969 -12.2841 1.4
      vertex -3.84888 -12.3149 1.4
    endloop
  endfacet
  facet normal -0.378557 -0.925578 0
    outer loop
      vertex -4.01062 -12.251 1.4
      vertex -3.92969 -12.2841 2
      vertex -4.01062 -12.251 2
    endloop
  endfacet
  facet normal -0.378557 -0.925578 -0
    outer loop
      vertex -3.92969 -12.2841 2
      vertex -4.01062 -12.251 1.4
      vertex -3.92969 -12.2841 1.4
    endloop
  endfacet
  facet normal -0.399222 -0.916854 0
    outer loop
      vertex -4.09169 -12.2157 1.4
      vertex -4.01062 -12.251 2
      vertex -4.09169 -12.2157 2
    endloop
  endfacet
  facet normal -0.399222 -0.916854 -0
    outer loop
      vertex -4.01062 -12.251 2
      vertex -4.09169 -12.2157 1.4
      vertex -4.01062 -12.251 1.4
    endloop
  endfacet
  facet normal -0.419313 -0.907842 0
    outer loop
      vertex -4.17288 -12.1782 1.4
      vertex -4.09169 -12.2157 2
      vertex -4.17288 -12.1782 2
    endloop
  endfacet
  facet normal -0.419313 -0.907842 -0
    outer loop
      vertex -4.09169 -12.2157 2
      vertex -4.17288 -12.1782 1.4
      vertex -4.09169 -12.2157 1.4
    endloop
  endfacet
  facet normal -0.439598 -0.898194 0
    outer loop
      vertex -4.2542 -12.1384 1.4
      vertex -4.17288 -12.1782 2
      vertex -4.2542 -12.1384 2
    endloop
  endfacet
  facet normal -0.439598 -0.898194 -0
    outer loop
      vertex -4.17288 -12.1782 2
      vertex -4.2542 -12.1384 1.4
      vertex -4.17288 -12.1782 1.4
    endloop
  endfacet
  facet normal 1 -0 0
    outer loop
      vertex -4.2542 -13.1464 2
      vertex -4.2542 -12.1384 1.4
      vertex -4.2542 -12.1384 2
    endloop
  endfacet
  facet normal 1 0 0
    outer loop
      vertex -4.2542 -12.1384 1.4
      vertex -4.2542 -13.1464 2
      vertex -4.2542 -13.1464 1.4
    endloop
  endfacet
  facet normal 0.304978 0.952359 -0
    outer loop
      vertex -4.16895 -13.1737 1.4
      vertex -4.2542 -13.1464 2
      vertex -4.16895 -13.1737 2
    endloop
  endfacet
  facet normal 0.304978 0.952359 0
    outer loop
      vertex -4.2542 -13.1464 2
      vertex -4.16895 -13.1737 1.4
      vertex -4.2542 -13.1464 1.4
    endloop
  endfacet
  facet normal 0.288981 0.957335 -0
    outer loop
      vertex -4.08348 -13.1995 1.4
      vertex -4.16895 -13.1737 2
      vertex -4.08348 -13.1995 2
    endloop
  endfacet
  facet normal 0.288981 0.957335 0
    outer loop
      vertex -4.16895 -13.1737 2
      vertex -4.08348 -13.1995 1.4
      vertex -4.16895 -13.1737 1.4
    endloop
  endfacet
  facet normal 0.27083 0.962627 -0
    outer loop
      vertex -3.99782 -13.2236 1.4
      vertex -4.08348 -13.1995 2
      vertex -3.99782 -13.2236 2
    endloop
  endfacet
  facet normal 0.27083 0.962627 0
    outer loop
      vertex -4.08348 -13.1995 2
      vertex -3.99782 -13.2236 1.4
      vertex -4.08348 -13.1995 1.4
    endloop
  endfacet
  facet normal 0.255546 0.966797 -0
    outer loop
      vertex -3.91194 -13.2463 1.4
      vertex -3.99782 -13.2236 2
      vertex -3.91194 -13.2463 2
    endloop
  endfacet
  facet normal 0.255546 0.966797 0
    outer loop
      vertex -3.99782 -13.2236 2
      vertex -3.91194 -13.2463 1.4
      vertex -3.99782 -13.2236 1.4
    endloop
  endfacet
  facet normal 0.237034 0.971501 -0
    outer loop
      vertex -3.82587 -13.2673 1.4
      vertex -3.91194 -13.2463 2
      vertex -3.82587 -13.2673 2
    endloop
  endfacet
  facet normal 0.237034 0.971501 0
    outer loop
      vertex -3.91194 -13.2463 2
      vertex -3.82587 -13.2673 1.4
      vertex -3.91194 -13.2463 1.4
    endloop
  endfacet
  facet normal 0.220424 0.975404 -0
    outer loop
      vertex -3.73958 -13.2868 1.4
      vertex -3.82587 -13.2673 2
      vertex -3.73958 -13.2868 2
    endloop
  endfacet
  facet normal 0.220424 0.975404 0
    outer loop
      vertex -3.82587 -13.2673 2
      vertex -3.73958 -13.2868 1.4
      vertex -3.82587 -13.2673 1.4
    endloop
  endfacet
  facet normal 0.203728 0.979027 -0
    outer loop
      vertex -3.65308 -13.3048 1.4
      vertex -3.73958 -13.2868 2
      vertex -3.65308 -13.3048 2
    endloop
  endfacet
  facet normal 0.203728 0.979027 0
    outer loop
      vertex -3.73958 -13.2868 2
      vertex -3.65308 -13.3048 1.4
      vertex -3.73958 -13.2868 1.4
    endloop
  endfacet
  facet normal 0.185821 0.982584 -0
    outer loop
      vertex -3.56636 -13.3212 1.4
      vertex -3.65308 -13.3048 2
      vertex -3.56636 -13.3212 2
    endloop
  endfacet
  facet normal 0.185821 0.982584 0
    outer loop
      vertex -3.65308 -13.3048 2
      vertex -3.56636 -13.3212 1.4
      vertex -3.65308 -13.3048 1.4
    endloop
  endfacet
  facet normal 0.167874 0.985808 -0
    outer loop
      vertex -3.47945 -13.336 1.4
      vertex -3.56636 -13.3212 2
      vertex -3.47945 -13.336 2
    endloop
  endfacet
  facet normal 0.167874 0.985808 0
    outer loop
      vertex -3.56636 -13.3212 2
      vertex -3.47945 -13.336 1.4
      vertex -3.56636 -13.3212 1.4
    endloop
  endfacet
  facet normal 0.151101 0.988518 -0
    outer loop
      vertex -3.39244 -13.3493 1.4
      vertex -3.47945 -13.336 2
      vertex -3.39244 -13.3493 2
    endloop
  endfacet
  facet normal 0.151101 0.988518 0
    outer loop
      vertex -3.47945 -13.336 2
      vertex -3.39244 -13.3493 1.4
      vertex -3.47945 -13.336 1.4
    endloop
  endfacet
  facet normal 0.133343 0.99107 -0
    outer loop
      vertex -3.30548 -13.361 1.4
      vertex -3.39244 -13.3493 2
      vertex -3.30548 -13.361 2
    endloop
  endfacet
  facet normal 0.133343 0.99107 0
    outer loop
      vertex -3.39244 -13.3493 2
      vertex -3.30548 -13.361 1.4
      vertex -3.39244 -13.3493 1.4
    endloop
  endfacet
  facet normal 0.115435 0.993315 -0
    outer loop
      vertex -3.21857 -13.3711 1.4
      vertex -3.30548 -13.361 2
      vertex -3.21857 -13.3711 2
    endloop
  endfacet
  facet normal 0.115435 0.993315 0
    outer loop
      vertex -3.30548 -13.361 2
      vertex -3.21857 -13.3711 1.4
      vertex -3.30548 -13.361 1.4
    endloop
  endfacet
  facet normal 0.0984945 0.995138 -0
    outer loop
      vertex -3.13168 -13.3797 1.4
      vertex -3.21857 -13.3711 2
      vertex -3.13168 -13.3797 2
    endloop
  endfacet
  facet normal 0.0984945 0.995138 0
    outer loop
      vertex -3.21857 -13.3711 2
      vertex -3.13168 -13.3797 1.4
      vertex -3.21857 -13.3711 1.4
    endloop
  endfacet
  facet normal 0.0803566 0.996766 -0
    outer loop
      vertex -3.04485 -13.3867 1.4
      vertex -3.13168 -13.3797 2
      vertex -3.04485 -13.3867 2
    endloop
  endfacet
  facet normal 0.0803566 0.996766 0
    outer loop
      vertex -3.13168 -13.3797 2
      vertex -3.04485 -13.3867 1.4
      vertex -3.13168 -13.3797 1.4
    endloop
  endfacet
  facet normal 0.06323 0.997999 -0
    outer loop
      vertex -2.95804 -13.3922 1.4
      vertex -3.04485 -13.3867 2
      vertex -2.95804 -13.3922 2
    endloop
  endfacet
  facet normal 0.06323 0.997999 0
    outer loop
      vertex -3.04485 -13.3867 2
      vertex -2.95804 -13.3922 1.4
      vertex -3.04485 -13.3867 1.4
    endloop
  endfacet
  facet normal 0.0449114 0.998991 -0
    outer loop
      vertex -2.87129 -13.3961 1.4
      vertex -2.95804 -13.3922 2
      vertex -2.87129 -13.3961 2
    endloop
  endfacet
  facet normal 0.0449114 0.998991 0
    outer loop
      vertex -2.95804 -13.3922 2
      vertex -2.87129 -13.3961 1.4
      vertex -2.95804 -13.3922 1.4
    endloop
  endfacet
  facet normal 0.0265159 0.999648 -0
    outer loop
      vertex -2.78458 -13.3984 1.4
      vertex -2.87129 -13.3961 2
      vertex -2.78458 -13.3984 2
    endloop
  endfacet
  facet normal 0.0265159 0.999648 0
    outer loop
      vertex -2.87129 -13.3961 2
      vertex -2.78458 -13.3984 1.4
      vertex -2.87129 -13.3961 1.4
    endloop
  endfacet
  facet normal 0.00922789 0.999957 -0
    outer loop
      vertex -2.69789 -13.3992 1.4
      vertex -2.78458 -13.3984 2
      vertex -2.69789 -13.3992 2
    endloop
  endfacet
  facet normal 0.00922789 0.999957 0
    outer loop
      vertex -2.78458 -13.3984 2
      vertex -2.69789 -13.3992 1.4
      vertex -2.78458 -13.3984 1.4
    endloop
  endfacet
  facet normal -0.0204892 0.99979 0
    outer loop
      vertex -2.45879 -13.3943 1.4
      vertex -2.69789 -13.3992 2
      vertex -2.45879 -13.3943 2
    endloop
  endfacet
  facet normal -0.0204892 0.99979 0
    outer loop
      vertex -2.69789 -13.3992 2
      vertex -2.45879 -13.3943 1.4
      vertex -2.69789 -13.3992 1.4
    endloop
  endfacet
  facet normal -0.0706074 0.997504 0
    outer loop
      vertex 2.83069 -13.3802 1.4
      vertex 2.63008 -13.3944 2
      vertex 2.83069 -13.3802 2
    endloop
  endfacet
  facet normal -0.0706074 0.997504 0
    outer loop
      vertex 2.63008 -13.3944 2
      vertex 2.83069 -13.3802 1.4
      vertex 2.63008 -13.3944 1.4
    endloop
  endfacet
  facet normal -0.125154 0.992137 0
    outer loop
      vertex 3.01936 -13.3564 1.4
      vertex 2.83069 -13.3802 2
      vertex 3.01936 -13.3564 2
    endloop
  endfacet
  facet normal -0.125154 0.992137 0
    outer loop
      vertex 2.83069 -13.3802 2
      vertex 3.01936 -13.3564 1.4
      vertex 2.83069 -13.3802 1.4
    endloop
  endfacet
  facet normal -0.185144 0.982711 0
    outer loop
      vertex 3.19611 -13.3231 1.4
      vertex 3.01936 -13.3564 2
      vertex 3.19611 -13.3231 2
    endloop
  endfacet
  facet normal -0.185144 0.982711 0
    outer loop
      vertex 3.01936 -13.3564 2
      vertex 3.19611 -13.3231 1.4
      vertex 3.01936 -13.3564 1.4
    endloop
  endfacet
  facet normal -0.250805 0.968038 0
    outer loop
      vertex 3.36092 -13.2804 1.4
      vertex 3.19611 -13.3231 2
      vertex 3.36092 -13.2804 2
    endloop
  endfacet
  facet normal -0.250805 0.968038 0
    outer loop
      vertex 3.19611 -13.3231 2
      vertex 3.36092 -13.2804 1.4
      vertex 3.19611 -13.3231 1.4
    endloop
  endfacet
  facet normal -0.323663 0.946172 0
    outer loop
      vertex 3.51381 -13.2281 1.4
      vertex 3.36092 -13.2804 2
      vertex 3.51381 -13.2281 2
    endloop
  endfacet
  facet normal -0.323663 0.946172 0
    outer loop
      vertex 3.36092 -13.2804 2
      vertex 3.51381 -13.2281 1.4
      vertex 3.36092 -13.2804 1.4
    endloop
  endfacet
  facet normal -0.401528 0.915847 0
    outer loop
      vertex 3.65477 -13.1663 1.4
      vertex 3.51381 -13.2281 2
      vertex 3.65477 -13.1663 2
    endloop
  endfacet
  facet normal -0.401528 0.915847 0
    outer loop
      vertex 3.51381 -13.2281 2
      vertex 3.65477 -13.1663 1.4
      vertex 3.51381 -13.2281 1.4
    endloop
  endfacet
  facet normal -0.483655 0.875259 0
    outer loop
      vertex 3.7838 -13.095 1.4
      vertex 3.65477 -13.1663 2
      vertex 3.7838 -13.095 2
    endloop
  endfacet
  facet normal -0.483655 0.875259 0
    outer loop
      vertex 3.65477 -13.1663 2
      vertex 3.7838 -13.095 1.4
      vertex 3.65477 -13.1663 1.4
    endloop
  endfacet
  facet normal -0.567486 0.823383 0
    outer loop
      vertex 3.90089 -13.0143 1.4
      vertex 3.7838 -13.095 2
      vertex 3.90089 -13.0143 2
    endloop
  endfacet
  facet normal -0.567486 0.823383 0
    outer loop
      vertex 3.7838 -13.095 2
      vertex 3.90089 -13.0143 1.4
      vertex 3.7838 -13.095 1.4
    endloop
  endfacet
  facet normal -0.651315 0.758807 0
    outer loop
      vertex 4.00586 -12.9242 1.4
      vertex 3.90089 -13.0143 2
      vertex 4.00586 -12.9242 2
    endloop
  endfacet
  facet normal -0.651315 0.758807 0
    outer loop
      vertex 3.90089 -13.0143 2
      vertex 4.00586 -12.9242 1.4
      vertex 3.90089 -13.0143 1.4
    endloop
  endfacet
  facet normal -0.730933 0.68245 0
    outer loop
      vertex 4.00586 -12.9242 1.4
      vertex 4.09848 -12.825 2
      vertex 4.09848 -12.825 1.4
    endloop
  endfacet
  facet normal -0.730933 0.68245 0
    outer loop
      vertex 4.09848 -12.825 2
      vertex 4.00586 -12.9242 1.4
      vertex 4.00586 -12.9242 2
    endloop
  endfacet
  facet normal -0.803352 0.595504 0
    outer loop
      vertex 4.09848 -12.825 1.4
      vertex 4.17876 -12.7167 2
      vertex 4.17876 -12.7167 1.4
    endloop
  endfacet
  facet normal -0.803352 0.595504 0
    outer loop
      vertex 4.17876 -12.7167 2
      vertex 4.09848 -12.825 1.4
      vertex 4.09848 -12.825 2
    endloop
  endfacet
  facet normal -0.865613 0.500714 0
    outer loop
      vertex 4.17876 -12.7167 1.4
      vertex 4.24667 -12.5993 2
      vertex 4.24667 -12.5993 1.4
    endloop
  endfacet
  facet normal -0.865613 0.500714 0
    outer loop
      vertex 4.24667 -12.5993 2
      vertex 4.17876 -12.7167 1.4
      vertex 4.17876 -12.7167 2
    endloop
  endfacet
  facet normal -0.915411 0.40252 0
    outer loop
      vertex 4.24667 -12.5993 1.4
      vertex 4.30225 -12.4729 2
      vertex 4.30225 -12.4729 1.4
    endloop
  endfacet
  facet normal -0.915411 0.40252 0
    outer loop
      vertex 4.30225 -12.4729 2
      vertex 4.24667 -12.5993 1.4
      vertex 4.24667 -12.5993 2
    endloop
  endfacet
  facet normal -0.952709 0.303883 0
    outer loop
      vertex 4.30225 -12.4729 1.4
      vertex 4.34547 -12.3374 2
      vertex 4.34547 -12.3374 1.4
    endloop
  endfacet
  facet normal -0.952709 0.303883 0
    outer loop
      vertex 4.34547 -12.3374 2
      vertex 4.30225 -12.4729 1.4
      vertex 4.30225 -12.4729 2
    endloop
  endfacet
  facet normal -0.977962 0.208781 0
    outer loop
      vertex 4.34547 -12.3374 1.4
      vertex 4.37634 -12.1928 2
      vertex 4.37634 -12.1928 1.4
    endloop
  endfacet
  facet normal -0.977962 0.208781 0
    outer loop
      vertex 4.37634 -12.1928 2
      vertex 4.34547 -12.3374 1.4
      vertex 4.34547 -12.3374 2
    endloop
  endfacet
  facet normal -0.992811 0.119693 0
    outer loop
      vertex 4.37634 -12.1928 1.4
      vertex 4.39487 -12.0391 2
      vertex 4.39487 -12.0391 1.4
    endloop
  endfacet
  facet normal -0.992811 0.119693 0
    outer loop
      vertex 4.39487 -12.0391 2
      vertex 4.37634 -12.1928 1.4
      vertex 4.37634 -12.1928 2
    endloop
  endfacet
  facet normal -0.99928 0.0379334 0
    outer loop
      vertex 4.39487 -12.0391 1.4
      vertex 4.40105 -11.8763 2
      vertex 4.40105 -11.8763 1.4
    endloop
  endfacet
  facet normal -0.99928 0.0379334 0
    outer loop
      vertex 4.40105 -11.8763 2
      vertex 4.39487 -12.0391 1.4
      vertex 4.39487 -12.0391 2
    endloop
  endfacet
  facet normal -0.999535 -0.0305022 0
    outer loop
      vertex 4.40105 -11.8763 1.4
      vertex 4.3978 -11.7698 2
      vertex 4.3978 -11.7698 1.4
    endloop
  endfacet
  facet normal -0.999535 -0.0305022 0
    outer loop
      vertex 4.3978 -11.7698 2
      vertex 4.40105 -11.8763 1.4
      vertex 4.40105 -11.8763 2
    endloop
  endfacet
  facet normal -0.995498 -0.0947815 0
    outer loop
      vertex 4.3978 -11.7698 1.4
      vertex 4.38806 -11.6675 2
      vertex 4.38806 -11.6675 1.4
    endloop
  endfacet
  facet normal -0.995498 -0.0947815 0
    outer loop
      vertex 4.38806 -11.6675 2
      vertex 4.3978 -11.7698 1.4
      vertex 4.3978 -11.7698 2
    endloop
  endfacet
  facet normal -0.986605 -0.163127 0
    outer loop
      vertex 4.38806 -11.6675 1.4
      vertex 4.37184 -11.5694 2
      vertex 4.37184 -11.5694 1.4
    endloop
  endfacet
  facet normal -0.986605 -0.163127 0
    outer loop
      vertex 4.37184 -11.5694 2
      vertex 4.38806 -11.6675 1.4
      vertex 4.38806 -11.6675 2
    endloop
  endfacet
  facet normal -0.972115 -0.234506 0
    outer loop
      vertex 4.37184 -11.5694 1.4
      vertex 4.34914 -11.4753 2
      vertex 4.34914 -11.4753 1.4
    endloop
  endfacet
  facet normal -0.972115 -0.234506 0
    outer loop
      vertex 4.34914 -11.4753 2
      vertex 4.37184 -11.5694 1.4
      vertex 4.37184 -11.5694 2
    endloop
  endfacet
  facet normal -0.950956 -0.309326 0
    outer loop
      vertex 4.34914 -11.4753 1.4
      vertex 4.31993 -11.3855 2
      vertex 4.31993 -11.3855 1.4
    endloop
  endfacet
  facet normal -0.950956 -0.309326 0
    outer loop
      vertex 4.31993 -11.3855 2
      vertex 4.34914 -11.4753 1.4
      vertex 4.34914 -11.4753 2
    endloop
  endfacet
  facet normal -0.923306 -0.384065 0
    outer loop
      vertex 4.31993 -11.3855 1.4
      vertex 4.28424 -11.2997 2
      vertex 4.28424 -11.2997 1.4
    endloop
  endfacet
  facet normal -0.923306 -0.384065 0
    outer loop
      vertex 4.28424 -11.2997 2
      vertex 4.31993 -11.3855 1.4
      vertex 4.31993 -11.3855 2
    endloop
  endfacet
  facet normal -0.888382 -0.459106 0
    outer loop
      vertex 4.28424 -11.2997 1.4
      vertex 4.24207 -11.2181 2
      vertex 4.24207 -11.2181 1.4
    endloop
  endfacet
  facet normal -0.888382 -0.459106 0
    outer loop
      vertex 4.24207 -11.2181 2
      vertex 4.28424 -11.2997 1.4
      vertex 4.28424 -11.2997 2
    endloop
  endfacet
  facet normal -0.846594 -0.532239 0
    outer loop
      vertex 4.24207 -11.2181 1.4
      vertex 4.19341 -11.1407 2
      vertex 4.19341 -11.1407 1.4
    endloop
  endfacet
  facet normal -0.846594 -0.532239 0
    outer loop
      vertex 4.19341 -11.1407 2
      vertex 4.24207 -11.2181 1.4
      vertex 4.24207 -11.2181 2
    endloop
  endfacet
  facet normal -0.798979 -0.601359 0
    outer loop
      vertex 4.19341 -11.1407 1.4
      vertex 4.13824 -11.0674 2
      vertex 4.13824 -11.0674 1.4
    endloop
  endfacet
  facet normal -0.798979 -0.601359 0
    outer loop
      vertex 4.13824 -11.0674 2
      vertex 4.19341 -11.1407 1.4
      vertex 4.19341 -11.1407 2
    endloop
  endfacet
  facet normal -0.746513 -0.665371 0
    outer loop
      vertex 4.13824 -11.0674 1.4
      vertex 4.07674 -10.9984 2
      vertex 4.07674 -10.9984 1.4
    endloop
  endfacet
  facet normal -0.746513 -0.665371 0
    outer loop
      vertex 4.07674 -10.9984 2
      vertex 4.13824 -11.0674 1.4
      vertex 4.13824 -11.0674 2
    endloop
  endfacet
  facet normal -0.690641 -0.723198 0
    outer loop
      vertex 4.00899 -10.9337 1.4
      vertex 4.07674 -10.9984 2
      vertex 4.00899 -10.9337 2
    endloop
  endfacet
  facet normal -0.690641 -0.723198 -0
    outer loop
      vertex 4.07674 -10.9984 2
      vertex 4.00899 -10.9337 1.4
      vertex 4.07674 -10.9984 1.4
    endloop
  endfacet
  facet normal -0.631117 -0.775687 0
    outer loop
      vertex 3.935 -10.8735 1.4
      vertex 4.00899 -10.9337 2
      vertex 3.935 -10.8735 2
    endloop
  endfacet
  facet normal -0.631117 -0.775687 -0
    outer loop
      vertex 4.00899 -10.9337 2
      vertex 3.935 -10.8735 1.4
      vertex 4.00899 -10.9337 1.4
    endloop
  endfacet
  facet normal -0.571029 -0.82093 0
    outer loop
      vertex 3.85478 -10.8177 1.4
      vertex 3.935 -10.8735 2
      vertex 3.85478 -10.8177 2
    endloop
  endfacet
  facet normal -0.571029 -0.82093 -0
    outer loop
      vertex 3.935 -10.8735 2
      vertex 3.85478 -10.8177 1.4
      vertex 3.935 -10.8735 1.4
    endloop
  endfacet
  facet normal -0.51179 -0.859111 0
    outer loop
      vertex 3.76833 -10.7662 1.4
      vertex 3.85478 -10.8177 2
      vertex 3.76833 -10.7662 2
    endloop
  endfacet
  facet normal -0.51179 -0.859111 -0
    outer loop
      vertex 3.85478 -10.8177 2
      vertex 3.76833 -10.7662 1.4
      vertex 3.85478 -10.8177 1.4
    endloop
  endfacet
  facet normal -0.452132 -0.891951 0
    outer loop
      vertex 3.67561 -10.7192 1.4
      vertex 3.76833 -10.7662 2
      vertex 3.67561 -10.7192 2
    endloop
  endfacet
  facet normal -0.452132 -0.891951 -0
    outer loop
      vertex 3.76833 -10.7662 2
      vertex 3.67561 -10.7192 1.4
      vertex 3.76833 -10.7662 1.4
    endloop
  endfacet
  facet normal -0.396281 -0.918129 0
    outer loop
      vertex 3.57668 -10.6765 1.4
      vertex 3.67561 -10.7192 2
      vertex 3.57668 -10.6765 2
    endloop
  endfacet
  facet normal -0.396281 -0.918129 -0
    outer loop
      vertex 3.67561 -10.7192 2
      vertex 3.57668 -10.6765 1.4
      vertex 3.67561 -10.7192 1.4
    endloop
  endfacet
  facet normal -0.341399 -0.939919 0
    outer loop
      vertex 3.47151 -10.6383 1.4
      vertex 3.57668 -10.6765 2
      vertex 3.47151 -10.6383 2
    endloop
  endfacet
  facet normal -0.341399 -0.939919 -0
    outer loop
      vertex 3.57668 -10.6765 2
      vertex 3.47151 -10.6383 1.4
      vertex 3.57668 -10.6765 1.4
    endloop
  endfacet
  facet normal -0.29108 -0.956699 0
    outer loop
      vertex 3.36009 -10.6044 1.4
      vertex 3.47151 -10.6383 2
      vertex 3.36009 -10.6044 2
    endloop
  endfacet
  facet normal -0.29108 -0.956699 -0
    outer loop
      vertex 3.47151 -10.6383 2
      vertex 3.36009 -10.6044 1.4
      vertex 3.47151 -10.6383 1.4
    endloop
  endfacet
  facet normal -0.311649 0.950197 0
    outer loop
      vertex 3.45979 -10.5717 1.4
      vertex 3.36009 -10.6044 2
      vertex 3.45979 -10.5717 2
    endloop
  endfacet
  facet normal -0.311649 0.950197 0
    outer loop
      vertex 3.36009 -10.6044 2
      vertex 3.45979 -10.5717 1.4
      vertex 3.36009 -10.6044 1.4
    endloop
  endfacet
  facet normal -0.361567 0.932346 0
    outer loop
      vertex 3.55391 -10.5352 1.4
      vertex 3.45979 -10.5717 2
      vertex 3.55391 -10.5352 2
    endloop
  endfacet
  facet normal -0.361567 0.932346 0
    outer loop
      vertex 3.45979 -10.5717 2
      vertex 3.55391 -10.5352 1.4
      vertex 3.45979 -10.5717 1.4
    endloop
  endfacet
  facet normal -0.412485 0.910964 0
    outer loop
      vertex 3.64247 -10.4951 1.4
      vertex 3.55391 -10.5352 2
      vertex 3.64247 -10.4951 2
    endloop
  endfacet
  facet normal -0.412485 0.910964 0
    outer loop
      vertex 3.55391 -10.5352 2
      vertex 3.64247 -10.4951 1.4
      vertex 3.55391 -10.5352 1.4
    endloop
  endfacet
  facet normal -0.466756 0.884386 0
    outer loop
      vertex 3.72546 -10.4513 1.4
      vertex 3.64247 -10.4951 2
      vertex 3.72546 -10.4513 2
    endloop
  endfacet
  facet normal -0.466756 0.884386 0
    outer loop
      vertex 3.64247 -10.4951 2
      vertex 3.72546 -10.4513 1.4
      vertex 3.64247 -10.4951 1.4
    endloop
  endfacet
  facet normal -0.522905 0.852391 0
    outer loop
      vertex 3.80289 -10.4038 1.4
      vertex 3.72546 -10.4513 2
      vertex 3.80289 -10.4038 2
    endloop
  endfacet
  facet normal -0.522905 0.852391 0
    outer loop
      vertex 3.72546 -10.4513 2
      vertex 3.80289 -10.4038 1.4
      vertex 3.72546 -10.4513 1.4
    endloop
  endfacet
  facet normal -0.580326 0.814384 0
    outer loop
      vertex 3.87474 -10.3526 1.4
      vertex 3.80289 -10.4038 2
      vertex 3.87474 -10.3526 2
    endloop
  endfacet
  facet normal -0.580326 0.814384 0
    outer loop
      vertex 3.80289 -10.4038 2
      vertex 3.87474 -10.3526 1.4
      vertex 3.80289 -10.4038 1.4
    endloop
  endfacet
  facet normal -0.637896 0.770123 0
    outer loop
      vertex 3.94102 -10.2977 1.4
      vertex 3.87474 -10.3526 2
      vertex 3.94102 -10.2977 2
    endloop
  endfacet
  facet normal -0.637896 0.770123 0
    outer loop
      vertex 3.87474 -10.3526 2
      vertex 3.94102 -10.2977 1.4
      vertex 3.87474 -10.3526 1.4
    endloop
  endfacet
  facet normal -0.693819 0.720149 0
    outer loop
      vertex 4.00174 -10.2392 1.4
      vertex 3.94102 -10.2977 2
      vertex 4.00174 -10.2392 2
    endloop
  endfacet
  facet normal -0.693819 0.720149 0
    outer loop
      vertex 3.94102 -10.2977 2
      vertex 4.00174 -10.2392 1.4
      vertex 3.94102 -10.2977 1.4
    endloop
  endfacet
  facet normal -0.748298 0.663363 0
    outer loop
      vertex 4.00174 -10.2392 1.4
      vertex 4.05688 -10.177 2
      vertex 4.05688 -10.177 1.4
    endloop
  endfacet
  facet normal -0.748298 0.663363 0
    outer loop
      vertex 4.05688 -10.177 2
      vertex 4.00174 -10.2392 1.4
      vertex 4.00174 -10.2392 2
    endloop
  endfacet
  facet normal -0.799738 0.600349 0
    outer loop
      vertex 4.05688 -10.177 1.4
      vertex 4.10635 -10.1111 2
      vertex 4.10635 -10.1111 1.4
    endloop
  endfacet
  facet normal -0.799738 0.600349 0
    outer loop
      vertex 4.10635 -10.1111 2
      vertex 4.05688 -10.177 1.4
      vertex 4.05688 -10.177 2
    endloop
  endfacet
  facet normal -0.846542 0.532321 0
    outer loop
      vertex 4.10635 -10.1111 1.4
      vertex 4.14999 -10.0417 2
      vertex 4.14999 -10.0417 1.4
    endloop
  endfacet
  facet normal -0.846542 0.532321 0
    outer loop
      vertex 4.14999 -10.0417 2
      vertex 4.10635 -10.1111 1.4
      vertex 4.10635 -10.1111 2
    endloop
  endfacet
  facet normal -0.887474 0.460858 0
    outer loop
      vertex 4.14999 -10.0417 1.4
      vertex 4.18781 -9.96887 2
      vertex 4.18781 -9.96887 1.4
    endloop
  endfacet
  facet normal -0.887474 0.460858 0
    outer loop
      vertex 4.18781 -9.96887 2
      vertex 4.14999 -10.0417 1.4
      vertex 4.14999 -10.0417 2
    endloop
  endfacet
  facet normal -0.922318 0.386432 0
    outer loop
      vertex 4.18781 -9.96887 1.4
      vertex 4.21982 -9.89247 2
      vertex 4.21982 -9.89247 1.4
    endloop
  endfacet
  facet normal -0.922318 0.386432 0
    outer loop
      vertex 4.21982 -9.89247 2
      vertex 4.18781 -9.96887 1.4
      vertex 4.18781 -9.96887 2
    endloop
  endfacet
  facet normal -0.950358 0.311158 0
    outer loop
      vertex 4.21982 -9.89247 1.4
      vertex 4.24599 -9.81254 2
      vertex 4.24599 -9.81254 1.4
    endloop
  endfacet
  facet normal -0.950358 0.311158 0
    outer loop
      vertex 4.24599 -9.81254 2
      vertex 4.21982 -9.89247 1.4
      vertex 4.21982 -9.89247 2
    endloop
  endfacet
  facet normal -0.971463 0.237189 0
    outer loop
      vertex 4.24599 -9.81254 1.4
      vertex 4.26636 -9.72911 2
      vertex 4.26636 -9.72911 1.4
    endloop
  endfacet
  facet normal -0.971463 0.237189 0
    outer loop
      vertex 4.26636 -9.72911 2
      vertex 4.24599 -9.81254 1.4
      vertex 4.24599 -9.81254 2
    endloop
  endfacet
  facet normal -0.986305 0.164932 0
    outer loop
      vertex 4.26636 -9.72911 1.4
      vertex 4.2809 -9.64216 2
      vertex 4.2809 -9.64216 1.4
    endloop
  endfacet
  facet normal -0.986305 0.164932 0
    outer loop
      vertex 4.2809 -9.64216 2
      vertex 4.26636 -9.72911 1.4
      vertex 4.26636 -9.72911 2
    endloop
  endfacet
  facet normal -0.995377 0.0960499 0
    outer loop
      vertex 4.2809 -9.64216 1.4
      vertex 4.28963 -9.55169 2
      vertex 4.28963 -9.55169 1.4
    endloop
  endfacet
  facet normal -0.995377 0.0960499 0
    outer loop
      vertex 4.28963 -9.55169 2
      vertex 4.2809 -9.64216 1.4
      vertex 4.2809 -9.64216 2
    endloop
  endfacet
  facet normal -0.999521 0.0309492 0
    outer loop
      vertex 4.28963 -9.55169 1.4
      vertex 4.29254 -9.45771 2
      vertex 4.29254 -9.45771 1.4
    endloop
  endfacet
  facet normal -0.999521 0.0309492 0
    outer loop
      vertex 4.29254 -9.45771 2
      vertex 4.28963 -9.55169 1.4
      vertex 4.28963 -9.55169 2
    endloop
  endfacet
  facet normal -0.999106 -0.0422864 0
    outer loop
      vertex 4.29254 -9.45771 1.4
      vertex 4.28664 -9.31831 2
      vertex 4.28664 -9.31831 1.4
    endloop
  endfacet
  facet normal -0.999106 -0.0422864 0
    outer loop
      vertex 4.28664 -9.31831 2
      vertex 4.29254 -9.45771 1.4
      vertex 4.29254 -9.45771 2
    endloop
  endfacet
  facet normal -0.991095 -0.133159 0
    outer loop
      vertex 4.28664 -9.31831 1.4
      vertex 4.26894 -9.18657 2
      vertex 4.26894 -9.18657 1.4
    endloop
  endfacet
  facet normal -0.991095 -0.133159 0
    outer loop
      vertex 4.26894 -9.18657 2
      vertex 4.28664 -9.31831 1.4
      vertex 4.28664 -9.31831 2
    endloop
  endfacet
  facet normal -0.97286 -0.231394 0
    outer loop
      vertex 4.26894 -9.18657 1.4
      vertex 4.23943 -9.0625 2
      vertex 4.23943 -9.0625 1.4
    endloop
  endfacet
  facet normal -0.97286 -0.231394 0
    outer loop
      vertex 4.23943 -9.0625 2
      vertex 4.26894 -9.18657 1.4
      vertex 4.26894 -9.18657 2
    endloop
  endfacet
  facet normal -0.942368 -0.334577 0
    outer loop
      vertex 4.23943 -9.0625 1.4
      vertex 4.1981 -8.94609 2
      vertex 4.1981 -8.94609 1.4
    endloop
  endfacet
  facet normal -0.942368 -0.334577 0
    outer loop
      vertex 4.1981 -8.94609 2
      vertex 4.23943 -9.0625 1.4
      vertex 4.23943 -9.0625 2
    endloop
  endfacet
  facet normal -0.898504 -0.438966 0
    outer loop
      vertex 4.1981 -8.94609 1.4
      vertex 4.14497 -8.83734 2
      vertex 4.14497 -8.83734 1.4
    endloop
  endfacet
  facet normal -0.898504 -0.438966 0
    outer loop
      vertex 4.14497 -8.83734 2
      vertex 4.1981 -8.94609 1.4
      vertex 4.1981 -8.94609 2
    endloop
  endfacet
  facet normal -0.841406 -0.540404 0
    outer loop
      vertex 4.14497 -8.83734 1.4
      vertex 4.08005 -8.73626 2
      vertex 4.08005 -8.73626 1.4
    endloop
  endfacet
  facet normal -0.841406 -0.540404 0
    outer loop
      vertex 4.08005 -8.73626 2
      vertex 4.14497 -8.83734 1.4
      vertex 4.14497 -8.83734 2
    endloop
  endfacet
  facet normal -0.772765 -0.634692 0
    outer loop
      vertex 4.08005 -8.73626 1.4
      vertex 4.00333 -8.64285 2
      vertex 4.00333 -8.64285 1.4
    endloop
  endfacet
  facet normal -0.772765 -0.634692 0
    outer loop
      vertex 4.00333 -8.64285 2
      vertex 4.08005 -8.73626 1.4
      vertex 4.08005 -8.73626 2
    endloop
  endfacet
  facet normal -0.6957 -0.718333 0
    outer loop
      vertex 3.91478 -8.55709 1.4
      vertex 4.00333 -8.64285 2
      vertex 3.91478 -8.55709 2
    endloop
  endfacet
  facet normal -0.6957 -0.718333 -0
    outer loop
      vertex 4.00333 -8.64285 2
      vertex 3.91478 -8.55709 1.4
      vertex 4.00333 -8.64285 1.4
    endloop
  endfacet
  facet normal -0.614175 -0.78917 0
    outer loop
      vertex 3.81444 -8.479 1.4
      vertex 3.91478 -8.55709 2
      vertex 3.81444 -8.479 2
    endloop
  endfacet
  facet normal -0.614175 -0.78917 -0
    outer loop
      vertex 3.91478 -8.55709 2
      vertex 3.81444 -8.479 1.4
      vertex 3.91478 -8.55709 1.4
    endloop
  endfacet
  facet normal -0.531831 -0.84685 0
    outer loop
      vertex 3.70277 -8.40887 1.4
      vertex 3.81444 -8.479 2
      vertex 3.70277 -8.40887 2
    endloop
  endfacet
  facet normal -0.531831 -0.84685 -0
    outer loop
      vertex 3.81444 -8.479 2
      vertex 3.70277 -8.40887 1.4
      vertex 3.81444 -8.479 1.4
    endloop
  endfacet
  facet normal -0.450735 -0.892658 0
    outer loop
      vertex 3.5802 -8.34698 1.4
      vertex 3.70277 -8.40887 2
      vertex 3.5802 -8.34698 2
    endloop
  endfacet
  facet normal -0.450735 -0.892658 -0
    outer loop
      vertex 3.70277 -8.40887 2
      vertex 3.5802 -8.34698 1.4
      vertex 3.70277 -8.40887 1.4
    endloop
  endfacet
  facet normal -0.372913 -0.927866 0
    outer loop
      vertex 3.44676 -8.29335 1.4
      vertex 3.5802 -8.34698 2
      vertex 3.44676 -8.29335 2
    endloop
  endfacet
  facet normal -0.372913 -0.927866 -0
    outer loop
      vertex 3.5802 -8.34698 2
      vertex 3.44676 -8.29335 1.4
      vertex 3.5802 -8.34698 1.4
    endloop
  endfacet
  facet normal -0.300062 -0.95392 0
    outer loop
      vertex 3.30243 -8.24795 1.4
      vertex 3.44676 -8.29335 2
      vertex 3.30243 -8.24795 2
    endloop
  endfacet
  facet normal -0.300062 -0.95392 -0
    outer loop
      vertex 3.44676 -8.29335 2
      vertex 3.30243 -8.24795 1.4
      vertex 3.44676 -8.29335 1.4
    endloop
  endfacet
  facet normal -0.2326 -0.972572 0
    outer loop
      vertex 3.14722 -8.21083 1.4
      vertex 3.30243 -8.24795 2
      vertex 3.14722 -8.21083 2
    endloop
  endfacet
  facet normal -0.2326 -0.972572 -0
    outer loop
      vertex 3.30243 -8.24795 2
      vertex 3.14722 -8.21083 1.4
      vertex 3.30243 -8.24795 1.4
    endloop
  endfacet
  facet normal -0.171349 -0.98521 0
    outer loop
      vertex 2.98111 -8.18194 1.4
      vertex 3.14722 -8.21083 2
      vertex 2.98111 -8.18194 2
    endloop
  endfacet
  facet normal -0.171349 -0.98521 -0
    outer loop
      vertex 3.14722 -8.21083 2
      vertex 2.98111 -8.18194 1.4
      vertex 3.14722 -8.21083 1.4
    endloop
  endfacet
  facet normal -0.115776 -0.993275 0
    outer loop
      vertex 2.80412 -8.16131 1.4
      vertex 2.98111 -8.18194 2
      vertex 2.80412 -8.16131 2
    endloop
  endfacet
  facet normal -0.115776 -0.993275 -0
    outer loop
      vertex 2.98111 -8.18194 2
      vertex 2.80412 -8.16131 1.4
      vertex 2.98111 -8.18194 1.4
    endloop
  endfacet
  facet normal -0.0657046 -0.997839 0
    outer loop
      vertex 2.61626 -8.14894 1.4
      vertex 2.80412 -8.16131 2
      vertex 2.61626 -8.14894 2
    endloop
  endfacet
  facet normal -0.0657046 -0.997839 -0
    outer loop
      vertex 2.80412 -8.16131 2
      vertex 2.61626 -8.14894 1.4
      vertex 2.80412 -8.16131 1.4
    endloop
  endfacet
  facet normal -0.0208078 -0.999783 0
    outer loop
      vertex 2.44809 -8.14544 1.4
      vertex 2.61626 -8.14894 2
      vertex 2.44809 -8.14544 2
    endloop
  endfacet
  facet normal -0.0208078 -0.999783 -0
    outer loop
      vertex 2.61626 -8.14894 2
      vertex 2.44809 -8.14544 1.4
      vertex 2.61626 -8.14894 1.4
    endloop
  endfacet
  facet normal 0.882031 0.47119 0
    outer loop
      vertex 0.677216 -10.0417 2
      vertex 0.676201 -10.0398 1.4
      vertex 0.676201 -10.0398 2
    endloop
  endfacet
  facet normal 0.882031 0.47119 0
    outer loop
      vertex 0.676201 -10.0398 1.4
      vertex 0.677216 -10.0417 2
      vertex 0.677216 -10.0417 1.4
    endloop
  endfacet
  facet normal 0.848306 0.529507 0
    outer loop
      vertex 0.720535 -10.1111 2
      vertex 0.677216 -10.0417 1.4
      vertex 0.677216 -10.0417 2
    endloop
  endfacet
  facet normal 0.848306 0.529507 0
    outer loop
      vertex 0.677216 -10.0417 1.4
      vertex 0.720535 -10.1111 2
      vertex 0.720535 -10.1111 1.4
    endloop
  endfacet
  facet normal 0.801877 0.597489 0
    outer loop
      vertex 0.769638 -10.177 2
      vertex 0.720535 -10.1111 1.4
      vertex 0.720535 -10.1111 2
    endloop
  endfacet
  facet normal 0.801877 0.597489 0
    outer loop
      vertex 0.720535 -10.1111 1.4
      vertex 0.769638 -10.177 2
      vertex 0.769638 -10.177 1.4
    endloop
  endfacet
  facet normal 0.750366 0.661022 0
    outer loop
      vertex 0.824432 -10.2392 2
      vertex 0.769638 -10.177 1.4
      vertex 0.769638 -10.177 2
    endloop
  endfacet
  facet normal 0.750366 0.661022 0
    outer loop
      vertex 0.769638 -10.177 1.4
      vertex 0.824432 -10.2392 2
      vertex 0.824432 -10.2392 1.4
    endloop
  endfacet
  facet normal 0.695659 0.718372 -0
    outer loop
      vertex 0.884842 -10.2977 1.4
      vertex 0.824432 -10.2392 2
      vertex 0.884842 -10.2977 2
    endloop
  endfacet
  facet normal 0.695659 0.718372 0
    outer loop
      vertex 0.824432 -10.2392 2
      vertex 0.884842 -10.2977 1.4
      vertex 0.824432 -10.2392 1.4
    endloop
  endfacet
  facet normal 0.639445 0.768837 -0
    outer loop
      vertex 0.950851 -10.3526 1.4
      vertex 0.884842 -10.2977 2
      vertex 0.950851 -10.3526 2
    endloop
  endfacet
  facet normal 0.639445 0.768837 0
    outer loop
      vertex 0.884842 -10.2977 2
      vertex 0.950851 -10.3526 1.4
      vertex 0.884842 -10.2977 1.4
    endloop
  endfacet
  facet normal 0.581512 0.813538 -0
    outer loop
      vertex 1.02248 -10.4038 1.4
      vertex 0.950851 -10.3526 2
      vertex 1.02248 -10.4038 2
    endloop
  endfacet
  facet normal 0.581512 0.813538 0
    outer loop
      vertex 0.950851 -10.3526 2
      vertex 1.02248 -10.4038 1.4
      vertex 0.950851 -10.3526 1.4
    endloop
  endfacet
  facet normal 0.523839 0.851817 -0
    outer loop
      vertex 1.09972 -10.4513 1.4
      vertex 1.02248 -10.4038 2
      vertex 1.09972 -10.4513 2
    endloop
  endfacet
  facet normal 0.523839 0.851817 0
    outer loop
      vertex 1.02248 -10.4038 2
      vertex 1.09972 -10.4513 1.4
      vertex 1.02248 -10.4038 1.4
    endloop
  endfacet
  facet normal 0.467417 0.884037 -0
    outer loop
      vertex 1.18256 -10.4951 1.4
      vertex 1.09972 -10.4513 2
      vertex 1.18256 -10.4951 2
    endloop
  endfacet
  facet normal 0.467417 0.884037 0
    outer loop
      vertex 1.09972 -10.4513 2
      vertex 1.18256 -10.4951 1.4
      vertex 1.09972 -10.4513 1.4
    endloop
  endfacet
  facet normal 0.412911 0.910772 -0
    outer loop
      vertex 1.27101 -10.5352 1.4
      vertex 1.18256 -10.4951 2
      vertex 1.27101 -10.5352 2
    endloop
  endfacet
  facet normal 0.412911 0.910772 0
    outer loop
      vertex 1.18256 -10.4951 2
      vertex 1.27101 -10.5352 1.4
      vertex 1.18256 -10.4951 1.4
    endloop
  endfacet
  facet normal 0.361767 0.932269 -0
    outer loop
      vertex 1.36507 -10.5717 1.4
      vertex 1.27101 -10.5352 2
      vertex 1.36507 -10.5717 2
    endloop
  endfacet
  facet normal 0.361767 0.932269 0
    outer loop
      vertex 1.27101 -10.5352 2
      vertex 1.36507 -10.5717 1.4
      vertex 1.27101 -10.5352 1.4
    endloop
  endfacet
  facet normal 0.311734 0.950169 -0
    outer loop
      vertex 1.46474 -10.6044 1.4
      vertex 1.36507 -10.5717 2
      vertex 1.46474 -10.6044 2
    endloop
  endfacet
  facet normal 0.311734 0.950169 0
    outer loop
      vertex 1.36507 -10.5717 2
      vertex 1.46474 -10.6044 1.4
      vertex 1.36507 -10.5717 1.4
    endloop
  endfacet
  facet normal 0.291104 -0.956692 0
    outer loop
      vertex 1.35333 -10.6383 1.4
      vertex 1.46474 -10.6044 2
      vertex 1.35333 -10.6383 2
    endloop
  endfacet
  facet normal 0.291104 -0.956692 0
    outer loop
      vertex 1.46474 -10.6044 2
      vertex 1.35333 -10.6383 1.4
      vertex 1.46474 -10.6044 1.4
    endloop
  endfacet
  facet normal 0.341427 -0.939908 0
    outer loop
      vertex 1.24817 -10.6765 1.4
      vertex 1.35333 -10.6383 2
      vertex 1.24817 -10.6765 2
    endloop
  endfacet
  facet normal 0.341427 -0.939908 0
    outer loop
      vertex 1.35333 -10.6383 2
      vertex 1.24817 -10.6765 1.4
      vertex 1.35333 -10.6383 1.4
    endloop
  endfacet
  facet normal 0.396248 -0.918144 0
    outer loop
      vertex 1.14923 -10.7192 1.4
      vertex 1.24817 -10.6765 2
      vertex 1.14923 -10.7192 2
    endloop
  endfacet
  facet normal 0.396248 -0.918144 0
    outer loop
      vertex 1.24817 -10.6765 2
      vertex 1.14923 -10.7192 1.4
      vertex 1.24817 -10.6765 1.4
    endloop
  endfacet
  facet normal 0.45221 -0.891912 0
    outer loop
      vertex 1.05653 -10.7662 1.4
      vertex 1.14923 -10.7192 2
      vertex 1.05653 -10.7662 2
    endloop
  endfacet
  facet normal 0.45221 -0.891912 0
    outer loop
      vertex 1.14923 -10.7192 2
      vertex 1.05653 -10.7662 1.4
      vertex 1.14923 -10.7192 1.4
    endloop
  endfacet
  facet normal 0.511781 -0.859116 0
    outer loop
      vertex 0.970078 -10.8177 1.4
      vertex 1.05653 -10.7662 2
      vertex 0.970078 -10.8177 2
    endloop
  endfacet
  facet normal 0.511781 -0.859116 0
    outer loop
      vertex 1.05653 -10.7662 2
      vertex 0.970078 -10.8177 1.4
      vertex 1.05653 -10.7662 1.4
    endloop
  endfacet
  facet normal 0.570976 -0.820967 0
    outer loop
      vertex 0.889847 -10.8735 1.4
      vertex 0.970078 -10.8177 2
      vertex 0.889847 -10.8735 2
    endloop
  endfacet
  facet normal 0.570976 -0.820967 0
    outer loop
      vertex 0.970078 -10.8177 2
      vertex 0.889847 -10.8735 1.4
      vertex 0.970078 -10.8177 1.4
    endloop
  endfacet
  facet normal 0.631117 -0.775687 0
    outer loop
      vertex 0.815857 -10.9337 1.4
      vertex 0.889847 -10.8735 2
      vertex 0.815857 -10.9337 2
    endloop
  endfacet
  facet normal 0.631117 -0.775687 0
    outer loop
      vertex 0.889847 -10.8735 2
      vertex 0.815857 -10.9337 1.4
      vertex 0.889847 -10.8735 1.4
    endloop
  endfacet
  facet normal 0.690646 -0.723193 0
    outer loop
      vertex 0.748108 -10.9984 1.4
      vertex 0.815857 -10.9337 2
      vertex 0.748108 -10.9984 2
    endloop
  endfacet
  facet normal 0.690646 -0.723193 0
    outer loop
      vertex 0.815857 -10.9337 2
      vertex 0.748108 -10.9984 1.4
      vertex 0.815857 -10.9337 1.4
    endloop
  endfacet
  facet normal 0.74647 -0.665419 0
    outer loop
      vertex 0.6866 -11.0674 2
      vertex 0.748108 -10.9984 1.4
      vertex 0.748108 -10.9984 2
    endloop
  endfacet
  facet normal 0.74647 -0.665419 0
    outer loop
      vertex 0.748108 -10.9984 1.4
      vertex 0.6866 -11.0674 2
      vertex 0.6866 -11.0674 1.4
    endloop
  endfacet
  facet normal 0.799104 -0.601192 0
    outer loop
      vertex 0.631454 -11.1407 2
      vertex 0.6866 -11.0674 1.4
      vertex 0.6866 -11.0674 2
    endloop
  endfacet
  facet normal 0.799104 -0.601192 0
    outer loop
      vertex 0.6866 -11.0674 1.4
      vertex 0.631454 -11.1407 2
      vertex 0.631454 -11.1407 1.4
    endloop
  endfacet
  facet normal 0.846594 -0.532239 0
    outer loop
      vertex 0.582794 -11.2181 2
      vertex 0.631454 -11.1407 1.4
      vertex 0.631454 -11.1407 2
    endloop
  endfacet
  facet normal 0.846594 -0.532239 0
    outer loop
      vertex 0.631454 -11.1407 1.4
      vertex 0.582794 -11.2181 2
      vertex 0.582794 -11.2181 1.4
    endloop
  endfacet
  facet normal 0.888359 -0.459149 0
    outer loop
      vertex 0.540619 -11.2997 2
      vertex 0.582794 -11.2181 1.4
      vertex 0.582794 -11.2181 2
    endloop
  endfacet
  facet normal 0.888359 -0.459149 0
    outer loop
      vertex 0.582794 -11.2181 1.4
      vertex 0.540619 -11.2997 2
      vertex 0.540619 -11.2997 1.4
    endloop
  endfacet
  facet normal 0.923363 -0.383928 0
    outer loop
      vertex 0.504944 -11.3855 2
      vertex 0.540619 -11.2997 1.4
      vertex 0.540619 -11.2997 2
    endloop
  endfacet
  facet normal 0.923363 -0.383928 0
    outer loop
      vertex 0.540619 -11.2997 1.4
      vertex 0.504944 -11.3855 2
      vertex 0.504944 -11.3855 1.4
    endloop
  endfacet
  facet normal 0.950972 -0.309278 0
    outer loop
      vertex 0.475739 -11.4753 2
      vertex 0.504944 -11.3855 1.4
      vertex 0.504944 -11.3855 2
    endloop
  endfacet
  facet normal 0.950972 -0.309278 0
    outer loop
      vertex 0.504944 -11.3855 1.4
      vertex 0.475739 -11.4753 2
      vertex 0.475739 -11.4753 1.4
    endloop
  endfacet
  facet normal 0.972101 -0.234564 0
    outer loop
      vertex 0.453033 -11.5694 2
      vertex 0.475739 -11.4753 1.4
      vertex 0.475739 -11.4753 2
    endloop
  endfacet
  facet normal 0.972101 -0.234564 0
    outer loop
      vertex 0.475739 -11.4753 1.4
      vertex 0.453033 -11.5694 2
      vertex 0.453033 -11.5694 1.4
    endloop
  endfacet
  facet normal 0.986605 -0.163127 0
    outer loop
      vertex 0.436813 -11.6675 2
      vertex 0.453033 -11.5694 1.4
      vertex 0.453033 -11.5694 2
    endloop
  endfacet
  facet normal 0.986605 -0.163127 0
    outer loop
      vertex 0.453033 -11.5694 1.4
      vertex 0.436813 -11.6675 2
      vertex 0.436813 -11.6675 1.4
    endloop
  endfacet
  facet normal 0.995517 -0.094579 0
    outer loop
      vertex 0.427094 -11.7698 2
      vertex 0.436813 -11.6675 1.4
      vertex 0.436813 -11.6675 2
    endloop
  endfacet
  facet normal 0.995517 -0.094579 0
    outer loop
      vertex 0.436813 -11.6675 1.4
      vertex 0.427094 -11.7698 2
      vertex 0.427094 -11.7698 1.4
    endloop
  endfacet
  facet normal 0.999534 -0.0305116 0
    outer loop
      vertex 0.423843 -11.8763 2
      vertex 0.427094 -11.7698 1.4
      vertex 0.427094 -11.7698 2
    endloop
  endfacet
  facet normal 0.999534 -0.0305116 0
    outer loop
      vertex 0.427094 -11.7698 1.4
      vertex 0.423843 -11.8763 2
      vertex 0.423843 -11.8763 1.4
    endloop
  endfacet
  facet normal 0.999273 0.0381234 0
    outer loop
      vertex 0.430054 -12.0391 2
      vertex 0.423843 -11.8763 1.4
      vertex 0.423843 -11.8763 2
    endloop
  endfacet
  facet normal 0.999273 0.0381234 0
    outer loop
      vertex 0.423843 -11.8763 1.4
      vertex 0.430054 -12.0391 2
      vertex 0.430054 -12.0391 1.4
    endloop
  endfacet
  facet normal 0.992722 0.120431 0
    outer loop
      vertex 0.4487 -12.1928 2
      vertex 0.430054 -12.0391 1.4
      vertex 0.430054 -12.0391 2
    endloop
  endfacet
  facet normal 0.992722 0.120431 0
    outer loop
      vertex 0.430054 -12.0391 1.4
      vertex 0.4487 -12.1928 2
      vertex 0.4487 -12.1928 1.4
    endloop
  endfacet
  facet normal 0.977669 0.210151 0
    outer loop
      vertex 0.479782 -12.3374 2
      vertex 0.4487 -12.1928 1.4
      vertex 0.4487 -12.1928 2
    endloop
  endfacet
  facet normal 0.977669 0.210151 0
    outer loop
      vertex 0.4487 -12.1928 1.4
      vertex 0.479782 -12.3374 2
      vertex 0.479782 -12.3374 1.4
    endloop
  endfacet
  facet normal 0.952101 0.305783 0
    outer loop
      vertex 0.5233 -12.4729 2
      vertex 0.479782 -12.3374 1.4
      vertex 0.479782 -12.3374 2
    endloop
  endfacet
  facet normal 0.952101 0.305783 0
    outer loop
      vertex 0.479782 -12.3374 1.4
      vertex 0.5233 -12.4729 2
      vertex 0.5233 -12.4729 1.4
    endloop
  endfacet
  facet normal 0.914452 0.404695 0
    outer loop
      vertex 0.579239 -12.5993 2
      vertex 0.5233 -12.4729 1.4
      vertex 0.5233 -12.4729 2
    endloop
  endfacet
  facet normal 0.914452 0.404695 0
    outer loop
      vertex 0.5233 -12.4729 1.4
      vertex 0.579239 -12.5993 2
      vertex 0.579239 -12.5993 1.4
    endloop
  endfacet
  facet normal 0.864126 0.503276 0
    outer loop
      vertex 0.647614 -12.7167 2
      vertex 0.579239 -12.5993 1.4
      vertex 0.579239 -12.5993 2
    endloop
  endfacet
  facet normal 0.864126 0.503276 0
    outer loop
      vertex 0.579239 -12.5993 1.4
      vertex 0.647614 -12.7167 2
      vertex 0.647614 -12.7167 1.4
    endloop
  endfacet
  facet normal 0.801472 0.598033 0
    outer loop
      vertex 0.728424 -12.825 2
      vertex 0.647614 -12.7167 1.4
      vertex 0.647614 -12.7167 2
    endloop
  endfacet
  facet normal 0.801472 0.598033 0
    outer loop
      vertex 0.647614 -12.7167 1.4
      vertex 0.728424 -12.825 2
      vertex 0.728424 -12.825 1.4
    endloop
  endfacet
  facet normal 0.728631 0.684906 0
    outer loop
      vertex 0.821671 -12.9242 2
      vertex 0.728424 -12.825 1.4
      vertex 0.728424 -12.825 2
    endloop
  endfacet
  facet normal 0.728631 0.684906 0
    outer loop
      vertex 0.728424 -12.825 1.4
      vertex 0.821671 -12.9242 2
      vertex 0.821671 -12.9242 1.4
    endloop
  endfacet
  facet normal 0.648831 0.760933 -0
    outer loop
      vertex 0.927338 -13.0143 1.4
      vertex 0.821671 -12.9242 2
      vertex 0.927338 -13.0143 2
    endloop
  endfacet
  facet normal 0.648831 0.760933 0
    outer loop
      vertex 0.821671 -12.9242 2
      vertex 0.927338 -13.0143 1.4
      vertex 0.821671 -12.9242 1.4
    endloop
  endfacet
  facet normal 0.564958 0.825119 -0
    outer loop
      vertex 1.0452 -13.095 1.4
      vertex 0.927338 -13.0143 2
      vertex 1.0452 -13.095 2
    endloop
  endfacet
  facet normal 0.564958 0.825119 0
    outer loop
      vertex 0.927338 -13.0143 2
      vertex 1.0452 -13.095 1.4
      vertex 0.927338 -13.0143 1.4
    endloop
  endfacet
  facet normal 0.481481 0.876457 -0
    outer loop
      vertex 1.17499 -13.1663 1.4
      vertex 1.0452 -13.095 2
      vertex 1.17499 -13.1663 2
    endloop
  endfacet
  facet normal 0.481481 0.876457 0
    outer loop
      vertex 1.0452 -13.095 2
      vertex 1.17499 -13.1663 1.4
      vertex 1.0452 -13.095 1.4
    endloop
  endfacet
  facet normal 0.399743 0.916627 -0
    outer loop
      vertex 1.3167 -13.2281 1.4
      vertex 1.17499 -13.1663 2
      vertex 1.3167 -13.2281 2
    endloop
  endfacet
  facet normal 0.399743 0.916627 0
    outer loop
      vertex 1.17499 -13.1663 2
      vertex 1.3167 -13.2281 1.4
      vertex 1.17499 -13.1663 1.4
    endloop
  endfacet
  facet normal 0.322229 0.946662 -0
    outer loop
      vertex 1.47035 -13.2804 1.4
      vertex 1.3167 -13.2281 2
      vertex 1.47035 -13.2804 2
    endloop
  endfacet
  facet normal 0.322229 0.946662 0
    outer loop
      vertex 1.3167 -13.2281 2
      vertex 1.47035 -13.2804 1.4
      vertex 1.3167 -13.2281 1.4
    endloop
  endfacet
  facet normal 0.249712 0.96832 -0
    outer loop
      vertex 1.63593 -13.3231 1.4
      vertex 1.47035 -13.2804 2
      vertex 1.63593 -13.3231 2
    endloop
  endfacet
  facet normal 0.249712 0.96832 0
    outer loop
      vertex 1.47035 -13.2804 2
      vertex 1.63593 -13.3231 1.4
      vertex 1.47035 -13.2804 1.4
    endloop
  endfacet
  facet normal 0.184389 0.982853 -0
    outer loop
      vertex 1.81343 -13.3564 1.4
      vertex 1.63593 -13.3231 2
      vertex 1.81343 -13.3564 2
    endloop
  endfacet
  facet normal 0.184389 0.982853 0
    outer loop
      vertex 1.63593 -13.3231 2
      vertex 1.81343 -13.3564 1.4
      vertex 1.63593 -13.3231 1.4
    endloop
  endfacet
  facet normal 0.124654 0.9922 -0
    outer loop
      vertex 2.00287 -13.3802 1.4
      vertex 1.81343 -13.3564 2
      vertex 2.00287 -13.3802 2
    endloop
  endfacet
  facet normal 0.124654 0.9922 0
    outer loop
      vertex 1.81343 -13.3564 2
      vertex 2.00287 -13.3802 1.4
      vertex 1.81343 -13.3564 1.4
    endloop
  endfacet
  facet normal 0.0703423 0.997523 -0
    outer loop
      vertex 2.20424 -13.3944 1.4
      vertex 2.00287 -13.3802 2
      vertex 2.20424 -13.3944 2
    endloop
  endfacet
  facet normal 0.0703423 0.997523 0
    outer loop
      vertex 2.00287 -13.3802 2
      vertex 2.20424 -13.3944 1.4
      vertex 2.00287 -13.3802 1.4
    endloop
  endfacet
  facet normal 0.0224978 0.999747 -0
    outer loop
      vertex 2.41754 -13.3992 1.4
      vertex 2.20424 -13.3944 2
      vertex 2.41754 -13.3992 2
    endloop
  endfacet
  facet normal 0.0224978 0.999747 0
    outer loop
      vertex 2.20424 -13.3944 2
      vertex 2.41754 -13.3992 1.4
      vertex 2.20424 -13.3944 1.4
    endloop
  endfacet
  facet normal -0.0225782 0.999745 0
    outer loop
      vertex 2.63008 -13.3944 1.4
      vertex 2.41754 -13.3992 2
      vertex 2.63008 -13.3944 2
    endloop
  endfacet
  facet normal -0.0225782 0.999745 0
    outer loop
      vertex 2.41754 -13.3992 2
      vertex 2.63008 -13.3944 1.4
      vertex 2.41754 -13.3992 1.4
    endloop
  endfacet
  facet normal -0.0933552 -0.995633 0
    outer loop
      vertex 2.28596 -10.2104 1.4
      vertex 2.34995 -10.2164 2
      vertex 2.28596 -10.2104 2
    endloop
  endfacet
  facet normal -0.0933552 -0.995633 -0
    outer loop
      vertex 2.34995 -10.2164 2
      vertex 2.28596 -10.2104 1.4
      vertex 2.34995 -10.2164 1.4
    endloop
  endfacet
  facet normal -0.164875 -0.986314 0
    outer loop
      vertex 2.22554 -10.2003 1.4
      vertex 2.28596 -10.2104 2
      vertex 2.22554 -10.2003 2
    endloop
  endfacet
  facet normal -0.164875 -0.986314 -0
    outer loop
      vertex 2.28596 -10.2104 2
      vertex 2.22554 -10.2003 1.4
      vertex 2.28596 -10.2104 1.4
    endloop
  endfacet
  facet normal -0.240648 -0.970613 0
    outer loop
      vertex 2.16867 -10.1862 1.4
      vertex 2.22554 -10.2003 2
      vertex 2.16867 -10.1862 2
    endloop
  endfacet
  facet normal -0.240648 -0.970613 -0
    outer loop
      vertex 2.22554 -10.2003 2
      vertex 2.16867 -10.1862 1.4
      vertex 2.22554 -10.2003 1.4
    endloop
  endfacet
  facet normal -0.321498 -0.94691 0
    outer loop
      vertex 2.11536 -10.1681 1.4
      vertex 2.16867 -10.1862 2
      vertex 2.11536 -10.1681 2
    endloop
  endfacet
  facet normal -0.321498 -0.94691 -0
    outer loop
      vertex 2.16867 -10.1862 2
      vertex 2.11536 -10.1681 1.4
      vertex 2.16867 -10.1862 1.4
    endloop
  endfacet
  facet normal -0.407432 -0.913235 0
    outer loop
      vertex 2.0656 -10.1459 1.4
      vertex 2.11536 -10.1681 2
      vertex 2.0656 -10.1459 2
    endloop
  endfacet
  facet normal -0.407432 -0.913235 -0
    outer loop
      vertex 2.11536 -10.1681 2
      vertex 2.0656 -10.1459 1.4
      vertex 2.11536 -10.1681 1.4
    endloop
  endfacet
  facet normal -0.493378 -0.869815 0
    outer loop
      vertex 2.01941 -10.1197 1.4
      vertex 2.0656 -10.1459 2
      vertex 2.01941 -10.1197 2
    endloop
  endfacet
  facet normal -0.493378 -0.869815 -0
    outer loop
      vertex 2.0656 -10.1459 2
      vertex 2.01941 -10.1197 1.4
      vertex 2.0656 -10.1459 1.4
    endloop
  endfacet
  facet normal -0.578065 -0.815991 0
    outer loop
      vertex 1.97678 -10.0895 1.4
      vertex 2.01941 -10.1197 2
      vertex 1.97678 -10.0895 2
    endloop
  endfacet
  facet normal -0.578065 -0.815991 -0
    outer loop
      vertex 2.01941 -10.1197 2
      vertex 1.97678 -10.0895 1.4
      vertex 2.01941 -10.1197 1.4
    endloop
  endfacet
  facet normal -0.658559 -0.752529 0
    outer loop
      vertex 1.9377 -10.0553 1.4
      vertex 1.97678 -10.0895 2
      vertex 1.9377 -10.0553 2
    endloop
  endfacet
  facet normal -0.658559 -0.752529 -0
    outer loop
      vertex 1.97678 -10.0895 2
      vertex 1.9377 -10.0553 1.4
      vertex 1.97678 -10.0895 1.4
    endloop
  endfacet
  facet normal -0.733426 -0.67977 0
    outer loop
      vertex 1.9377 -10.0553 1.4
      vertex 1.90248 -10.0173 2
      vertex 1.90248 -10.0173 1.4
    endloop
  endfacet
  facet normal -0.733426 -0.67977 0
    outer loop
      vertex 1.90248 -10.0173 2
      vertex 1.9377 -10.0553 1.4
      vertex 1.9377 -10.0553 2
    endloop
  endfacet
  facet normal -0.800139 -0.599815 0
    outer loop
      vertex 1.90248 -10.0173 1.4
      vertex 1.8714 -9.97584 2
      vertex 1.8714 -9.97584 1.4
    endloop
  endfacet
  facet normal -0.800139 -0.599815 0
    outer loop
      vertex 1.8714 -9.97584 2
      vertex 1.90248 -10.0173 1.4
      vertex 1.90248 -10.0173 2
    endloop
  endfacet
  facet normal -0.857375 -0.514692 0
    outer loop
      vertex 1.8714 -9.97584 1.4
      vertex 1.84447 -9.93098 2
      vertex 1.84447 -9.93098 1.4
    endloop
  endfacet
  facet normal -0.857375 -0.514692 0
    outer loop
      vertex 1.84447 -9.93098 2
      vertex 1.8714 -9.97584 1.4
      vertex 1.8714 -9.97584 2
    endloop
  endfacet
  facet normal -0.904487 -0.4265 0
    outer loop
      vertex 1.84447 -9.93098 1.4
      vertex 1.82169 -9.88267 2
      vertex 1.82169 -9.88267 1.4
    endloop
  endfacet
  facet normal -0.904487 -0.4265 0
    outer loop
      vertex 1.82169 -9.88267 2
      vertex 1.84447 -9.93098 1.4
      vertex 1.84447 -9.93098 2
    endloop
  endfacet
  facet normal -0.940792 -0.338983 0
    outer loop
      vertex 1.82169 -9.88267 1.4
      vertex 1.80304 -9.83091 2
      vertex 1.80304 -9.83091 1.4
    endloop
  endfacet
  facet normal -0.940792 -0.338983 0
    outer loop
      vertex 1.80304 -9.83091 2
      vertex 1.82169 -9.88267 1.4
      vertex 1.82169 -9.88267 2
    endloop
  endfacet
  facet normal -0.967177 -0.254105 0
    outer loop
      vertex 1.80304 -9.83091 1.4
      vertex 1.78854 -9.77572 2
      vertex 1.78854 -9.77572 1.4
    endloop
  endfacet
  facet normal -0.967177 -0.254105 0
    outer loop
      vertex 1.78854 -9.77572 2
      vertex 1.80304 -9.83091 1.4
      vertex 1.80304 -9.83091 2
    endloop
  endfacet
  facet normal -0.98474 -0.174034 0
    outer loop
      vertex 1.78854 -9.77572 1.4
      vertex 1.77818 -9.7171 2
      vertex 1.77818 -9.7171 1.4
    endloop
  endfacet
  facet normal -0.98474 -0.174034 0
    outer loop
      vertex 1.77818 -9.7171 2
      vertex 1.78854 -9.77572 1.4
      vertex 1.78854 -9.77572 2
    endloop
  endfacet
  facet normal -0.995017 -0.0997101 0
    outer loop
      vertex 1.77818 -9.7171 1.4
      vertex 1.77196 -9.65503 2
      vertex 1.77196 -9.65503 1.4
    endloop
  endfacet
  facet normal -0.995017 -0.0997101 0
    outer loop
      vertex 1.77196 -9.65503 2
      vertex 1.77818 -9.7171 1.4
      vertex 1.77818 -9.7171 2
    endloop
  endfacet
  facet normal -0.999506 -0.0314205 0
    outer loop
      vertex 1.77196 -9.65503 1.4
      vertex 1.7699 -9.5895 2
      vertex 1.7699 -9.5895 1.4
    endloop
  endfacet
  facet normal -0.999506 -0.0314205 0
    outer loop
      vertex 1.7699 -9.5895 2
      vertex 1.77196 -9.65503 1.4
      vertex 1.77196 -9.65503 2
    endloop
  endfacet
  facet normal -0.999495 0.0317839 0
    outer loop
      vertex 1.7699 -9.5895 1.4
      vertex 1.77196 -9.52472 2
      vertex 1.77196 -9.52472 1.4
    endloop
  endfacet
  facet normal -0.999495 0.0317839 0
    outer loop
      vertex 1.77196 -9.52472 2
      vertex 1.7699 -9.5895 1.4
      vertex 1.7699 -9.5895 2
    endloop
  endfacet
  facet normal -0.994916 0.100706 0
    outer loop
      vertex 1.77196 -9.52472 1.4
      vertex 1.77818 -9.46327 2
      vertex 1.77818 -9.46327 1.4
    endloop
  endfacet
  facet normal -0.994916 0.100706 0
    outer loop
      vertex 1.77818 -9.46327 2
      vertex 1.77196 -9.52472 1.4
      vertex 1.77196 -9.52472 2
    endloop
  endfacet
  facet normal -0.984466 0.175574 0
    outer loop
      vertex 1.77818 -9.46327 1.4
      vertex 1.78854 -9.40518 2
      vertex 1.78854 -9.40518 1.4
    endloop
  endfacet
  facet normal -0.984466 0.175574 0
    outer loop
      vertex 1.78854 -9.40518 2
      vertex 1.77818 -9.46327 1.4
      vertex 1.77818 -9.46327 2
    endloop
  endfacet
  facet normal -0.966662 0.256055 0
    outer loop
      vertex 1.78854 -9.40518 1.4
      vertex 1.79548 -9.37898 2
      vertex 1.79548 -9.37898 1.4
    endloop
  endfacet
  facet normal -0.966662 0.256055 0
    outer loop
      vertex 1.79548 -9.37898 2
      vertex 1.78854 -9.40518 1.4
      vertex 1.78854 -9.40518 2
    endloop
  endfacet
  facet normal -0.406901 0.913472 0
    outer loop
      vertex 2.11536 -9.01437 1.4
      vertex 2.0809 -9.02972 2
      vertex 2.11536 -9.01437 2
    endloop
  endfacet
  facet normal -0.406901 0.913472 0
    outer loop
      vertex 2.0809 -9.02972 2
      vertex 2.11536 -9.01437 1.4
      vertex 2.0809 -9.02972 1.4
    endloop
  endfacet
  facet normal -0.321976 0.946748 0
    outer loop
      vertex 2.16867 -8.99624 1.4
      vertex 2.11536 -9.01437 2
      vertex 2.16867 -8.99624 2
    endloop
  endfacet
  facet normal -0.321976 0.946748 0
    outer loop
      vertex 2.11536 -9.01437 2
      vertex 2.16867 -8.99624 1.4
      vertex 2.11536 -9.01437 1.4
    endloop
  endfacet
  facet normal -0.240648 0.970613 0
    outer loop
      vertex 2.22554 -8.98214 1.4
      vertex 2.16867 -8.99624 2
      vertex 2.22554 -8.98214 2
    endloop
  endfacet
  facet normal -0.240648 0.970613 0
    outer loop
      vertex 2.16867 -8.99624 2
      vertex 2.22554 -8.98214 1.4
      vertex 2.16867 -8.99624 1.4
    endloop
  endfacet
  facet normal -0.164399 0.986394 0
    outer loop
      vertex 2.28596 -8.97207 1.4
      vertex 2.22554 -8.98214 2
      vertex 2.28596 -8.97207 2
    endloop
  endfacet
  facet normal -0.164399 0.986394 0
    outer loop
      vertex 2.22554 -8.98214 2
      vertex 2.28596 -8.97207 1.4
      vertex 2.22554 -8.98214 1.4
    endloop
  endfacet
  facet normal -0.0942805 0.995546 0
    outer loop
      vertex 2.34995 -8.96601 1.4
      vertex 2.28596 -8.97207 2
      vertex 2.34995 -8.96601 2
    endloop
  endfacet
  facet normal -0.0942805 0.995546 0
    outer loop
      vertex 2.28596 -8.97207 2
      vertex 2.34995 -8.96601 1.4
      vertex 2.28596 -8.97207 1.4
    endloop
  endfacet
  facet normal -0.0297426 0.999558 0
    outer loop
      vertex 2.4175 -8.964 1.4
      vertex 2.34995 -8.96601 2
      vertex 2.4175 -8.964 2
    endloop
  endfacet
  facet normal -0.0297426 0.999558 0
    outer loop
      vertex 2.34995 -8.96601 2
      vertex 2.4175 -8.964 1.4
      vertex 2.34995 -8.96601 1.4
    endloop
  endfacet
  facet normal 0.0302525 0.999542 -0
    outer loop
      vertex 2.48358 -8.966 1.4
      vertex 2.4175 -8.964 2
      vertex 2.48358 -8.966 2
    endloop
  endfacet
  facet normal 0.0302525 0.999542 0
    outer loop
      vertex 2.4175 -8.964 2
      vertex 2.48358 -8.966 1.4
      vertex 2.4175 -8.964 1.4
    endloop
  endfacet
  facet normal 0.094989 0.995478 -0
    outer loop
      vertex 2.54625 -8.97198 1.4
      vertex 2.48358 -8.966 2
      vertex 2.54625 -8.97198 2
    endloop
  endfacet
  facet normal 0.094989 0.995478 0
    outer loop
      vertex 2.48358 -8.966 2
      vertex 2.54625 -8.97198 1.4
      vertex 2.48358 -8.966 1.4
    endloop
  endfacet
  facet normal 0.165992 0.986127 -0
    outer loop
      vertex 2.60548 -8.98195 1.4
      vertex 2.54625 -8.97198 2
      vertex 2.60548 -8.98195 2
    endloop
  endfacet
  facet normal 0.165992 0.986127 0
    outer loop
      vertex 2.54625 -8.97198 2
      vertex 2.60548 -8.98195 1.4
      vertex 2.54625 -8.97198 1.4
    endloop
  endfacet
  facet normal 0.242658 0.970112 -0
    outer loop
      vertex 2.66129 -8.99591 1.4
      vertex 2.60548 -8.98195 2
      vertex 2.66129 -8.99591 2
    endloop
  endfacet
  facet normal 0.242658 0.970112 0
    outer loop
      vertex 2.60548 -8.98195 2
      vertex 2.66129 -8.99591 1.4
      vertex 2.60548 -8.98195 1.4
    endloop
  endfacet
  facet normal 0.32413 0.946012 -0
    outer loop
      vertex 2.71365 -9.01385 1.4
      vertex 2.66129 -8.99591 2
      vertex 2.71365 -9.01385 2
    endloop
  endfacet
  facet normal 0.32413 0.946012 0
    outer loop
      vertex 2.66129 -8.99591 2
      vertex 2.71365 -9.01385 1.4
      vertex 2.66129 -8.99591 1.4
    endloop
  endfacet
  facet normal 0.408922 0.912569 -0
    outer loop
      vertex 2.76259 -9.03578 1.4
      vertex 2.71365 -9.01385 2
      vertex 2.76259 -9.03578 2
    endloop
  endfacet
  facet normal 0.408922 0.912569 0
    outer loop
      vertex 2.71365 -9.01385 2
      vertex 2.76259 -9.03578 1.4
      vertex 2.71365 -9.01385 1.4
    endloop
  endfacet
  facet normal 0.494987 0.8689 -0
    outer loop
      vertex 2.80809 -9.0617 1.4
      vertex 2.76259 -9.03578 2
      vertex 2.80809 -9.0617 2
    endloop
  endfacet
  facet normal 0.494987 0.8689 0
    outer loop
      vertex 2.76259 -9.03578 2
      vertex 2.80809 -9.0617 1.4
      vertex 2.76259 -9.03578 1.4
    endloop
  endfacet
  facet normal 0.579441 0.815014 -0
    outer loop
      vertex 2.85016 -9.09161 1.4
      vertex 2.80809 -9.0617 2
      vertex 2.85016 -9.09161 2
    endloop
  endfacet
  facet normal 0.579441 0.815014 0
    outer loop
      vertex 2.80809 -9.0617 2
      vertex 2.85016 -9.09161 1.4
      vertex 2.80809 -9.0617 1.4
    endloop
  endfacet
  facet normal 0.659482 0.75172 -0
    outer loop
      vertex 2.88879 -9.1255 1.4
      vertex 2.85016 -9.09161 2
      vertex 2.88879 -9.1255 2
    endloop
  endfacet
  facet normal 0.659482 0.75172 0
    outer loop
      vertex 2.85016 -9.09161 2
      vertex 2.88879 -9.1255 1.4
      vertex 2.85016 -9.09161 1.4
    endloop
  endfacet
  facet normal 0.733494 0.679696 0
    outer loop
      vertex 2.92366 -9.16313 2
      vertex 2.88879 -9.1255 1.4
      vertex 2.88879 -9.1255 2
    endloop
  endfacet
  facet normal 0.733494 0.679696 0
    outer loop
      vertex 2.88879 -9.1255 1.4
      vertex 2.92366 -9.16313 2
      vertex 2.92366 -9.16313 1.4
    endloop
  endfacet
  facet normal 0.80049 0.599346 0
    outer loop
      vertex 2.95444 -9.20424 2
      vertex 2.92366 -9.16313 1.4
      vertex 2.92366 -9.16313 2
    endloop
  endfacet
  facet normal 0.80049 0.599346 0
    outer loop
      vertex 2.92366 -9.16313 1.4
      vertex 2.95444 -9.20424 2
      vertex 2.95444 -9.20424 1.4
    endloop
  endfacet
  facet normal 0.858324 0.513108 0
    outer loop
      vertex 2.98109 -9.24882 2
      vertex 2.95444 -9.20424 1.4
      vertex 2.95444 -9.20424 2
    endloop
  endfacet
  facet normal 0.858324 0.513108 0
    outer loop
      vertex 2.95444 -9.20424 1.4
      vertex 2.98109 -9.24882 2
      vertex 2.98109 -9.24882 1.4
    endloop
  endfacet
  facet normal 0.90519 0.425008 0
    outer loop
      vertex 3.00366 -9.29689 2
      vertex 2.98109 -9.24882 1.4
      vertex 2.98109 -9.24882 2
    endloop
  endfacet
  facet normal 0.90519 0.425008 0
    outer loop
      vertex 2.98109 -9.24882 1.4
      vertex 3.00366 -9.29689 2
      vertex 3.00366 -9.29689 1.4
    endloop
  endfacet
  facet normal 0.941419 0.337238 0
    outer loop
      vertex 3.02213 -9.34845 2
      vertex 3.00366 -9.29689 1.4
      vertex 3.00366 -9.29689 2
    endloop
  endfacet
  facet normal 0.941419 0.337238 0
    outer loop
      vertex 3.00366 -9.29689 1.4
      vertex 3.02213 -9.34845 2
      vertex 3.02213 -9.34845 1.4
    endloop
  endfacet
  facet normal 0.967642 0.252329 0
    outer loop
      vertex 3.03648 -9.40348 2
      vertex 3.02213 -9.34845 1.4
      vertex 3.02213 -9.34845 2
    endloop
  endfacet
  facet normal 0.967642 0.252329 0
    outer loop
      vertex 3.02213 -9.34845 1.4
      vertex 3.03648 -9.40348 2
      vertex 3.03648 -9.40348 1.4
    endloop
  endfacet
  facet normal 0.984976 0.172691 0
    outer loop
      vertex 3.04674 -9.462 2
      vertex 3.03648 -9.40348 1.4
      vertex 3.03648 -9.40348 2
    endloop
  endfacet
  facet normal 0.984976 0.172691 0
    outer loop
      vertex 3.03648 -9.40348 1.4
      vertex 3.04674 -9.462 2
      vertex 3.04674 -9.462 1.4
    endloop
  endfacet
  facet normal 0.995118 0.0986934 0
    outer loop
      vertex 3.05289 -9.52401 2
      vertex 3.04674 -9.462 1.4
      vertex 3.04674 -9.462 2
    endloop
  endfacet
  facet normal 0.995118 0.0986934 0
    outer loop
      vertex 3.04674 -9.462 1.4
      vertex 3.05289 -9.52401 2
      vertex 3.05289 -9.52401 1.4
    endloop
  endfacet
  facet normal 0.999506 0.0314396 0
    outer loop
      vertex 3.05495 -9.5895 2
      vertex 3.05289 -9.52401 1.4
      vertex 3.05289 -9.52401 2
    endloop
  endfacet
  facet normal 0.999506 0.0314396 0
    outer loop
      vertex 3.05289 -9.52401 1.4
      vertex 3.05495 -9.5895 2
      vertex 3.05495 -9.5895 1.4
    endloop
  endfacet
  facet normal 0.999506 -0.0314205 0
    outer loop
      vertex 3.05289 -9.65503 2
      vertex 3.05495 -9.5895 1.4
      vertex 3.05495 -9.5895 2
    endloop
  endfacet
  facet normal 0.999506 -0.0314205 0
    outer loop
      vertex 3.05495 -9.5895 1.4
      vertex 3.05289 -9.65503 2
      vertex 3.05289 -9.65503 1.4
    endloop
  endfacet
  facet normal 0.995127 -0.0985989 0
    outer loop
      vertex 3.04674 -9.7171 2
      vertex 3.05289 -9.65503 1.4
      vertex 3.05289 -9.65503 2
    endloop
  endfacet
  facet normal 0.995127 -0.0985989 0
    outer loop
      vertex 3.05289 -9.65503 1.4
      vertex 3.04674 -9.7171 2
      vertex 3.04674 -9.7171 1.4
    endloop
  endfacet
  facet normal 0.985026 -0.172405 0
    outer loop
      vertex 3.03648 -9.77572 2
      vertex 3.04674 -9.7171 1.4
      vertex 3.04674 -9.7171 2
    endloop
  endfacet
  facet normal 0.985026 -0.172405 0
    outer loop
      vertex 3.04674 -9.7171 1.4
      vertex 3.03648 -9.77572 2
      vertex 3.03648 -9.77572 1.4
    endloop
  endfacet
  facet normal 0.96782 -0.251644 0
    outer loop
      vertex 3.02213 -9.83091 2
      vertex 3.03648 -9.77572 1.4
      vertex 3.03648 -9.77572 2
    endloop
  endfacet
  facet normal 0.96782 -0.251644 0
    outer loop
      vertex 3.03648 -9.77572 1.4
      vertex 3.02213 -9.83091 2
      vertex 3.02213 -9.83091 1.4
    endloop
  endfacet
  facet normal 0.941832 -0.336083 0
    outer loop
      vertex 3.00366 -9.88267 2
      vertex 3.02213 -9.83091 1.4
      vertex 3.02213 -9.83091 2
    endloop
  endfacet
  facet normal 0.941832 -0.336083 0
    outer loop
      vertex 3.02213 -9.83091 1.4
      vertex 3.00366 -9.88267 2
      vertex 3.00366 -9.88267 1.4
    endloop
  endfacet
  facet normal 0.906001 -0.423276 0
    outer loop
      vertex 2.98109 -9.93098 2
      vertex 3.00366 -9.88267 1.4
      vertex 3.00366 -9.88267 2
    endloop
  endfacet
  facet normal 0.906001 -0.423276 0
    outer loop
      vertex 3.00366 -9.88267 1.4
      vertex 2.98109 -9.93098 2
      vertex 2.98109 -9.93098 1.4
    endloop
  endfacet
  facet normal 0.859734 -0.510742 0
    outer loop
      vertex 2.95444 -9.97584 2
      vertex 2.98109 -9.93098 1.4
      vertex 2.98109 -9.93098 2
    endloop
  endfacet
  facet normal 0.859734 -0.510742 0
    outer loop
      vertex 2.98109 -9.93098 1.4
      vertex 2.95444 -9.97584 2
      vertex 2.95444 -9.97584 1.4
    endloop
  endfacet
  facet normal 0.802919 -0.596089 0
    outer loop
      vertex 2.92366 -10.0173 2
      vertex 2.95444 -9.97584 1.4
      vertex 2.95444 -9.97584 2
    endloop
  endfacet
  facet normal 0.802919 -0.596089 0
    outer loop
      vertex 2.95444 -9.97584 1.4
      vertex 2.92366 -10.0173 2
      vertex 2.92366 -10.0173 1.4
    endloop
  endfacet
  facet normal 0.7368 -0.676111 0
    outer loop
      vertex 2.88879 -10.0553 2
      vertex 2.92366 -10.0173 1.4
      vertex 2.92366 -10.0173 2
    endloop
  endfacet
  facet normal 0.7368 -0.676111 0
    outer loop
      vertex 2.92366 -10.0173 1.4
      vertex 2.88879 -10.0553 2
      vertex 2.88879 -10.0553 1.4
    endloop
  endfacet
  facet normal 0.662871 -0.748734 0
    outer loop
      vertex 2.85016 -10.0895 1.4
      vertex 2.88879 -10.0553 2
      vertex 2.85016 -10.0895 2
    endloop
  endfacet
  facet normal 0.662871 -0.748734 0
    outer loop
      vertex 2.88879 -10.0553 2
      vertex 2.85016 -10.0895 1.4
      vertex 2.88879 -10.0553 1.4
    endloop
  endfacet
  facet normal 0.583155 -0.812361 0
    outer loop
      vertex 2.80809 -10.1197 1.4
      vertex 2.85016 -10.0895 2
      vertex 2.80809 -10.1197 2
    endloop
  endfacet
  facet normal 0.583155 -0.812361 0
    outer loop
      vertex 2.85016 -10.0895 2
      vertex 2.80809 -10.1197 1.4
      vertex 2.85016 -10.0895 1.4
    endloop
  endfacet
  facet normal 0.499008 -0.866597 0
    outer loop
      vertex 2.76259 -10.1459 1.4
      vertex 2.80809 -10.1197 2
      vertex 2.76259 -10.1459 2
    endloop
  endfacet
  facet normal 0.499008 -0.866597 0
    outer loop
      vertex 2.80809 -10.1197 2
      vertex 2.76259 -10.1459 1.4
      vertex 2.80809 -10.1197 1.4
    endloop
  endfacet
  facet normal 0.413102 -0.910685 0
    outer loop
      vertex 2.71365 -10.1681 1.4
      vertex 2.76259 -10.1459 2
      vertex 2.71365 -10.1681 2
    endloop
  endfacet
  facet normal 0.413102 -0.910685 0
    outer loop
      vertex 2.76259 -10.1459 2
      vertex 2.71365 -10.1681 1.4
      vertex 2.76259 -10.1459 1.4
    endloop
  endfacet
  facet normal 0.326714 -0.945123 0
    outer loop
      vertex 2.66129 -10.1862 1.4
      vertex 2.71365 -10.1681 2
      vertex 2.66129 -10.1862 2
    endloop
  endfacet
  facet normal 0.326714 -0.945123 0
    outer loop
      vertex 2.71365 -10.1681 2
      vertex 2.66129 -10.1862 1.4
      vertex 2.71365 -10.1681 1.4
    endloop
  endfacet
  facet normal 0.244947 -0.969537 0
    outer loop
      vertex 2.60548 -10.2003 1.4
      vertex 2.66129 -10.1862 2
      vertex 2.60548 -10.2003 2
    endloop
  endfacet
  facet normal 0.244947 -0.969537 0
    outer loop
      vertex 2.66129 -10.1862 2
      vertex 2.60548 -10.2003 1.4
      vertex 2.66129 -10.1862 1.4
    endloop
  endfacet
  facet normal 0.168095 -0.985771 0
    outer loop
      vertex 2.54625 -10.2104 1.4
      vertex 2.60548 -10.2003 2
      vertex 2.54625 -10.2104 2
    endloop
  endfacet
  facet normal 0.168095 -0.985771 0
    outer loop
      vertex 2.60548 -10.2003 2
      vertex 2.54625 -10.2104 1.4
      vertex 2.60548 -10.2003 1.4
    endloop
  endfacet
  facet normal 0.0953038 -0.995448 0
    outer loop
      vertex 2.48358 -10.2164 1.4
      vertex 2.54625 -10.2104 2
      vertex 2.48358 -10.2164 2
    endloop
  endfacet
  facet normal 0.0953038 -0.995448 0
    outer loop
      vertex 2.54625 -10.2104 2
      vertex 2.48358 -10.2164 1.4
      vertex 2.54625 -10.2104 1.4
    endloop
  endfacet
  facet normal 0.0302525 -0.999542 0
    outer loop
      vertex 2.4175 -10.2184 1.4
      vertex 2.48358 -10.2164 2
      vertex 2.4175 -10.2184 2
    endloop
  endfacet
  facet normal 0.0302525 -0.999542 0
    outer loop
      vertex 2.48358 -10.2164 2
      vertex 2.4175 -10.2184 1.4
      vertex 2.48358 -10.2164 1.4
    endloop
  endfacet
  facet normal -0.0295947 -0.999562 0
    outer loop
      vertex 2.34995 -10.2164 1.4
      vertex 2.4175 -10.2184 2
      vertex 2.34995 -10.2164 2
    endloop
  endfacet
  facet normal -0.0295947 -0.999562 -0
    outer loop
      vertex 2.4175 -10.2184 2
      vertex 2.34995 -10.2164 1.4
      vertex 2.4175 -10.2184 1.4
    endloop
  endfacet
  facet normal -0.0980604 -0.99518 0
    outer loop
      vertex 2.26311 -12.5702 1.4
      vertex 2.33821 -12.5776 2
      vertex 2.26311 -12.5702 2
    endloop
  endfacet
  facet normal -0.0980604 -0.99518 -0
    outer loop
      vertex 2.33821 -12.5776 2
      vertex 2.26311 -12.5702 1.4
      vertex 2.33821 -12.5776 1.4
    endloop
  endfacet
  facet normal -0.170907 -0.985287 0
    outer loop
      vertex 2.1922 -12.5579 1.4
      vertex 2.26311 -12.5702 2
      vertex 2.1922 -12.5579 2
    endloop
  endfacet
  facet normal -0.170907 -0.985287 -0
    outer loop
      vertex 2.26311 -12.5702 2
      vertex 2.1922 -12.5579 1.4
      vertex 2.26311 -12.5702 1.4
    endloop
  endfacet
  facet normal -0.248236 -0.9687 0
    outer loop
      vertex 2.12547 -12.5408 1.4
      vertex 2.1922 -12.5579 2
      vertex 2.12547 -12.5408 2
    endloop
  endfacet
  facet normal -0.248236 -0.9687 -0
    outer loop
      vertex 2.1922 -12.5579 2
      vertex 2.12547 -12.5408 1.4
      vertex 2.1922 -12.5579 1.4
    endloop
  endfacet
  facet normal -0.333183 -0.942862 0
    outer loop
      vertex 2.06293 -12.5187 1.4
      vertex 2.12547 -12.5408 2
      vertex 2.06293 -12.5187 2
    endloop
  endfacet
  facet normal -0.333183 -0.942862 -0
    outer loop
      vertex 2.12547 -12.5408 2
      vertex 2.06293 -12.5187 1.4
      vertex 2.12547 -12.5408 1.4
    endloop
  endfacet
  facet normal -0.419946 -0.907549 0
    outer loop
      vertex 2.00458 -12.4917 1.4
      vertex 2.06293 -12.5187 2
      vertex 2.00458 -12.4917 2
    endloop
  endfacet
  facet normal -0.419946 -0.907549 -0
    outer loop
      vertex 2.06293 -12.5187 2
      vertex 2.00458 -12.4917 1.4
      vertex 2.06293 -12.5187 1.4
    endloop
  endfacet
  facet normal -0.507437 -0.861689 0
    outer loop
      vertex 1.95041 -12.4598 1.4
      vertex 2.00458 -12.4917 2
      vertex 1.95041 -12.4598 2
    endloop
  endfacet
  facet normal -0.507437 -0.861689 -0
    outer loop
      vertex 2.00458 -12.4917 2
      vertex 1.95041 -12.4598 1.4
      vertex 2.00458 -12.4917 1.4
    endloop
  endfacet
  facet normal -0.59299 -0.80521 0
    outer loop
      vertex 1.90044 -12.423 1.4
      vertex 1.95041 -12.4598 2
      vertex 1.90044 -12.423 2
    endloop
  endfacet
  facet normal -0.59299 -0.80521 -0
    outer loop
      vertex 1.95041 -12.4598 2
      vertex 1.90044 -12.423 1.4
      vertex 1.95041 -12.4598 1.4
    endloop
  endfacet
  facet normal -0.673235 -0.739428 0
    outer loop
      vertex 1.85464 -12.3813 1.4
      vertex 1.90044 -12.423 2
      vertex 1.85464 -12.3813 2
    endloop
  endfacet
  facet normal -0.673235 -0.739428 -0
    outer loop
      vertex 1.90044 -12.423 2
      vertex 1.85464 -12.3813 1.4
      vertex 1.90044 -12.423 1.4
    endloop
  endfacet
  facet normal -0.746492 -0.665394 0
    outer loop
      vertex 1.85464 -12.3813 1.4
      vertex 1.81337 -12.335 2
      vertex 1.81337 -12.335 1.4
    endloop
  endfacet
  facet normal -0.746492 -0.665394 0
    outer loop
      vertex 1.81337 -12.335 2
      vertex 1.85464 -12.3813 1.4
      vertex 1.85464 -12.3813 2
    endloop
  endfacet
  facet normal -0.812172 -0.583418 0
    outer loop
      vertex 1.81337 -12.335 1.4
      vertex 1.77695 -12.2843 2
      vertex 1.77695 -12.2843 1.4
    endloop
  endfacet
  facet normal -0.812172 -0.583418 0
    outer loop
      vertex 1.77695 -12.2843 2
      vertex 1.81337 -12.335 1.4
      vertex 1.81337 -12.335 2
    endloop
  endfacet
  facet normal -0.866957 -0.498382 0
    outer loop
      vertex 1.77695 -12.2843 1.4
      vertex 1.74539 -12.2294 2
      vertex 1.74539 -12.2294 1.4
    endloop
  endfacet
  facet normal -0.866957 -0.498382 0
    outer loop
      vertex 1.74539 -12.2294 2
      vertex 1.77695 -12.2843 1.4
      vertex 1.77695 -12.2843 2
    endloop
  endfacet
  facet normal -0.911835 -0.410556 0
    outer loop
      vertex 1.74539 -12.2294 1.4
      vertex 1.71869 -12.1701 2
      vertex 1.71869 -12.1701 1.4
    endloop
  endfacet
  facet normal -0.911835 -0.410556 0
    outer loop
      vertex 1.71869 -12.1701 2
      vertex 1.74539 -12.2294 1.4
      vertex 1.74539 -12.2294 2
    endloop
  endfacet
  facet normal -0.945744 -0.324914 0
    outer loop
      vertex 1.71869 -12.1701 1.4
      vertex 1.69684 -12.1065 2
      vertex 1.69684 -12.1065 1.4
    endloop
  endfacet
  facet normal -0.945744 -0.324914 0
    outer loop
      vertex 1.69684 -12.1065 2
      vertex 1.71869 -12.1701 1.4
      vertex 1.71869 -12.1701 2
    endloop
  endfacet
  facet normal -0.970058 -0.242872 0
    outer loop
      vertex 1.69684 -12.1065 1.4
      vertex 1.67984 -12.0386 2
      vertex 1.67984 -12.0386 1.4
    endloop
  endfacet
  facet normal -0.970058 -0.242872 0
    outer loop
      vertex 1.67984 -12.0386 2
      vertex 1.69684 -12.1065 1.4
      vertex 1.69684 -12.1065 2
    endloop
  endfacet
  facet normal -0.986216 -0.165461 0
    outer loop
      vertex 1.67984 -12.0386 1.4
      vertex 1.66771 -11.9663 2
      vertex 1.66771 -11.9663 1.4
    endloop
  endfacet
  facet normal -0.986216 -0.165461 0
    outer loop
      vertex 1.66771 -11.9663 2
      vertex 1.67984 -12.0386 1.4
      vertex 1.67984 -12.0386 2
    endloop
  endfacet
  facet normal -0.99549 -0.0948644 0
    outer loop
      vertex 1.66771 -11.9663 1.4
      vertex 1.66042 -11.8898 2
      vertex 1.66042 -11.8898 1.4
    endloop
  endfacet
  facet normal -0.99549 -0.0948644 0
    outer loop
      vertex 1.66042 -11.8898 2
      vertex 1.66771 -11.9663 1.4
      vertex 1.66771 -11.9663 2
    endloop
  endfacet
  facet normal -0.999549 -0.0300235 0
    outer loop
      vertex 1.66042 -11.8898 1.4
      vertex 1.65799 -11.8089 2
      vertex 1.65799 -11.8089 1.4
    endloop
  endfacet
  facet normal -0.999549 -0.0300235 0
    outer loop
      vertex 1.65799 -11.8089 2
      vertex 1.66042 -11.8898 1.4
      vertex 1.66042 -11.8898 2
    endloop
  endfacet
  facet normal -0.999549 0.0300235 0
    outer loop
      vertex 1.65799 -11.8089 1.4
      vertex 1.66042 -11.728 2
      vertex 1.66042 -11.728 1.4
    endloop
  endfacet
  facet normal -0.999549 0.0300235 0
    outer loop
      vertex 1.66042 -11.728 2
      vertex 1.65799 -11.8089 1.4
      vertex 1.65799 -11.8089 2
    endloop
  endfacet
  facet normal -0.995502 0.0947416 0
    outer loop
      vertex 1.66042 -11.728 1.4
      vertex 1.66771 -11.6514 2
      vertex 1.66771 -11.6514 1.4
    endloop
  endfacet
  facet normal -0.995502 0.0947416 0
    outer loop
      vertex 1.66771 -11.6514 2
      vertex 1.66042 -11.728 1.4
      vertex 1.66042 -11.728 2
    endloop
  endfacet
  facet normal -0.986216 0.165461 0
    outer loop
      vertex 1.66771 -11.6514 1.4
      vertex 1.67984 -11.5791 2
      vertex 1.67984 -11.5791 1.4
    endloop
  endfacet
  facet normal -0.986216 0.165461 0
    outer loop
      vertex 1.67984 -11.5791 2
      vertex 1.66771 -11.6514 1.4
      vertex 1.66771 -11.6514 2
    endloop
  endfacet
  facet normal -0.970226 0.2422 0
    outer loop
      vertex 1.67984 -11.5791 1.4
      vertex 1.69684 -11.511 2
      vertex 1.69684 -11.511 1.4
    endloop
  endfacet
  facet normal -0.970226 0.2422 0
    outer loop
      vertex 1.69684 -11.511 2
      vertex 1.67984 -11.5791 1.4
      vertex 1.67984 -11.5791 2
    endloop
  endfacet
  facet normal -0.946056 0.324002 0
    outer loop
      vertex 1.69684 -11.511 1.4
      vertex 1.71869 -11.4472 2
      vertex 1.71869 -11.4472 1.4
    endloop
  endfacet
  facet normal -0.946056 0.324002 0
    outer loop
      vertex 1.71869 -11.4472 2
      vertex 1.69684 -11.511 1.4
      vertex 1.69684 -11.511 2
    endloop
  endfacet
  facet normal -0.912351 0.409408 0
    outer loop
      vertex 1.71869 -11.4472 1.4
      vertex 1.74539 -11.3877 2
      vertex 1.74539 -11.3877 1.4
    endloop
  endfacet
  facet normal -0.912351 0.409408 0
    outer loop
      vertex 1.74539 -11.3877 2
      vertex 1.71869 -11.4472 1.4
      vertex 1.71869 -11.4472 2
    endloop
  endfacet
  facet normal -0.868127 0.496342 0
    outer loop
      vertex 1.74539 -11.3877 1.4
      vertex 1.77695 -11.3325 2
      vertex 1.77695 -11.3325 1.4
    endloop
  endfacet
  facet normal -0.868127 0.496342 0
    outer loop
      vertex 1.77695 -11.3325 2
      vertex 1.74539 -11.3877 1.4
      vertex 1.74539 -11.3877 2
    endloop
  endfacet
  facet normal -0.813798 0.581148 0
    outer loop
      vertex 1.77695 -11.3325 1.4
      vertex 1.81337 -11.2815 2
      vertex 1.81337 -11.2815 1.4
    endloop
  endfacet
  facet normal -0.813798 0.581148 0
    outer loop
      vertex 1.81337 -11.2815 2
      vertex 1.77695 -11.3325 1.4
      vertex 1.77695 -11.3325 2
    endloop
  endfacet
  facet normal -0.748622 0.662997 0
    outer loop
      vertex 1.81337 -11.2815 1.4
      vertex 1.85464 -11.2349 2
      vertex 1.85464 -11.2349 1.4
    endloop
  endfacet
  facet normal -0.748622 0.662997 0
    outer loop
      vertex 1.85464 -11.2349 2
      vertex 1.81337 -11.2815 1.4
      vertex 1.81337 -11.2815 2
    endloop
  endfacet
  facet normal -0.676743 0.736219 0
    outer loop
      vertex 1.90044 -11.1928 1.4
      vertex 1.85464 -11.2349 2
      vertex 1.90044 -11.1928 2
    endloop
  endfacet
  facet normal -0.676743 0.736219 0
    outer loop
      vertex 1.85464 -11.2349 2
      vertex 1.90044 -11.1928 1.4
      vertex 1.85464 -11.2349 1.4
    endloop
  endfacet
  facet normal -0.596111 0.802902 0
    outer loop
      vertex 1.95041 -11.1557 1.4
      vertex 1.90044 -11.1928 2
      vertex 1.95041 -11.1557 2
    endloop
  endfacet
  facet normal -0.596111 0.802902 0
    outer loop
      vertex 1.90044 -11.1928 2
      vertex 1.95041 -11.1557 1.4
      vertex 1.90044 -11.1928 1.4
    endloop
  endfacet
  facet normal -0.510968 0.8596 0
    outer loop
      vertex 2.00458 -11.1235 1.4
      vertex 1.95041 -11.1557 2
      vertex 2.00458 -11.1235 2
    endloop
  endfacet
  facet normal -0.510968 0.8596 0
    outer loop
      vertex 1.95041 -11.1557 2
      vertex 2.00458 -11.1235 1.4
      vertex 1.95041 -11.1557 1.4
    endloop
  endfacet
  facet normal -0.422503 0.906362 0
    outer loop
      vertex 2.06293 -11.0963 1.4
      vertex 2.00458 -11.1235 2
      vertex 2.06293 -11.0963 2
    endloop
  endfacet
  facet normal -0.422503 0.906362 0
    outer loop
      vertex 2.00458 -11.1235 2
      vertex 2.06293 -11.0963 1.4
      vertex 2.00458 -11.1235 1.4
    endloop
  endfacet
  facet normal -0.335859 0.941912 0
    outer loop
      vertex 2.12547 -11.074 1.4
      vertex 2.06293 -11.0963 2
      vertex 2.12547 -11.074 2
    endloop
  endfacet
  facet normal -0.335859 0.941912 0
    outer loop
      vertex 2.06293 -11.0963 2
      vertex 2.12547 -11.074 1.4
      vertex 2.06293 -11.0963 1.4
    endloop
  endfacet
  facet normal -0.250957 0.967998 0
    outer loop
      vertex 2.1922 -11.0567 1.4
      vertex 2.12547 -11.074 2
      vertex 2.1922 -11.0567 2
    endloop
  endfacet
  facet normal -0.250957 0.967998 0
    outer loop
      vertex 2.12547 -11.074 2
      vertex 2.1922 -11.0567 1.4
      vertex 2.12547 -11.074 1.4
    endloop
  endfacet
  facet normal -0.172256 0.985052 0
    outer loop
      vertex 2.26311 -11.0443 1.4
      vertex 2.1922 -11.0567 2
      vertex 2.26311 -11.0443 2
    endloop
  endfacet
  facet normal -0.172256 0.985052 0
    outer loop
      vertex 2.1922 -11.0567 2
      vertex 2.26311 -11.0443 1.4
      vertex 2.1922 -11.0567 1.4
    endloop
  endfacet
  facet normal -0.0980604 0.99518 0
    outer loop
      vertex 2.33821 -11.0369 1.4
      vertex 2.26311 -11.0443 2
      vertex 2.33821 -11.0369 2
    endloop
  endfacet
  facet normal -0.0980604 0.99518 0
    outer loop
      vertex 2.26311 -11.0443 2
      vertex 2.33821 -11.0369 1.4
      vertex 2.26311 -11.0443 1.4
    endloop
  endfacet
  facet normal -0.0315142 0.999503 0
    outer loop
      vertex 2.4175 -11.0344 1.4
      vertex 2.33821 -11.0369 2
      vertex 2.4175 -11.0344 2
    endloop
  endfacet
  facet normal -0.0315142 0.999503 0
    outer loop
      vertex 2.33821 -11.0369 2
      vertex 2.4175 -11.0344 1.4
      vertex 2.33821 -11.0369 1.4
    endloop
  endfacet
  facet normal 0.0318229 0.999494 -0
    outer loop
      vertex 2.49602 -11.0369 1.4
      vertex 2.4175 -11.0344 2
      vertex 2.49602 -11.0369 2
    endloop
  endfacet
  facet normal 0.0318229 0.999494 0
    outer loop
      vertex 2.4175 -11.0344 2
      vertex 2.49602 -11.0369 1.4
      vertex 2.4175 -11.0344 1.4
    endloop
  endfacet
  facet normal 0.0977274 0.995213 -0
    outer loop
      vertex 2.57036 -11.0442 1.4
      vertex 2.49602 -11.0369 2
      vertex 2.57036 -11.0442 2
    endloop
  endfacet
  facet normal 0.0977274 0.995213 0
    outer loop
      vertex 2.49602 -11.0369 2
      vertex 2.57036 -11.0442 1.4
      vertex 2.49602 -11.0369 1.4
    endloop
  endfacet
  facet normal 0.17268 0.984978 -0
    outer loop
      vertex 2.64052 -11.0565 1.4
      vertex 2.57036 -11.0442 2
      vertex 2.64052 -11.0565 2
    endloop
  endfacet
  facet normal 0.17268 0.984978 0
    outer loop
      vertex 2.57036 -11.0442 2
      vertex 2.64052 -11.0565 1.4
      vertex 2.57036 -11.0442 1.4
    endloop
  endfacet
  facet normal 0.252255 0.967661 -0
    outer loop
      vertex 2.7065 -11.0737 1.4
      vertex 2.64052 -11.0565 2
      vertex 2.7065 -11.0737 2
    endloop
  endfacet
  facet normal 0.252255 0.967661 0
    outer loop
      vertex 2.64052 -11.0565 2
      vertex 2.7065 -11.0737 1.4
      vertex 2.64052 -11.0565 1.4
    endloop
  endfacet
  facet normal 0.335467 0.942052 -0
    outer loop
      vertex 2.76828 -11.0957 1.4
      vertex 2.7065 -11.0737 2
      vertex 2.76828 -11.0957 2
    endloop
  endfacet
  facet normal 0.335467 0.942052 0
    outer loop
      vertex 2.7065 -11.0737 2
      vertex 2.76828 -11.0957 1.4
      vertex 2.7065 -11.0737 1.4
    endloop
  endfacet
  facet normal 0.424494 0.905431 -0
    outer loop
      vertex 2.82587 -11.1227 1.4
      vertex 2.76828 -11.0957 2
      vertex 2.82587 -11.1227 2
    endloop
  endfacet
  facet normal 0.424494 0.905431 0
    outer loop
      vertex 2.76828 -11.0957 2
      vertex 2.82587 -11.1227 1.4
      vertex 2.76828 -11.0957 1.4
    endloop
  endfacet
  facet normal 0.512698 0.858569 -0
    outer loop
      vertex 2.87929 -11.1546 1.4
      vertex 2.82587 -11.1227 2
      vertex 2.87929 -11.1546 2
    endloop
  endfacet
  facet normal 0.512698 0.858569 0
    outer loop
      vertex 2.82587 -11.1227 2
      vertex 2.87929 -11.1546 1.4
      vertex 2.82587 -11.1227 1.4
    endloop
  endfacet
  facet normal 0.59888 0.800839 -0
    outer loop
      vertex 2.9285 -11.1914 1.4
      vertex 2.87929 -11.1546 2
      vertex 2.9285 -11.1914 2
    endloop
  endfacet
  facet normal 0.59888 0.800839 0
    outer loop
      vertex 2.87929 -11.1546 2
      vertex 2.9285 -11.1914 1.4
      vertex 2.87929 -11.1546 1.4
    endloop
  endfacet
  facet normal 0.680251 0.732979 -0
    outer loop
      vertex 2.97354 -11.2332 1.4
      vertex 2.9285 -11.1914 2
      vertex 2.97354 -11.2332 2
    endloop
  endfacet
  facet normal 0.680251 0.732979 0
    outer loop
      vertex 2.9285 -11.1914 2
      vertex 2.97354 -11.2332 1.4
      vertex 2.9285 -11.1914 1.4
    endloop
  endfacet
  facet normal 0.752114 0.659033 0
    outer loop
      vertex 3.01411 -11.2795 2
      vertex 2.97354 -11.2332 1.4
      vertex 2.97354 -11.2332 2
    endloop
  endfacet
  facet normal 0.752114 0.659033 0
    outer loop
      vertex 2.97354 -11.2332 1.4
      vertex 3.01411 -11.2795 2
      vertex 3.01411 -11.2795 1.4
    endloop
  endfacet
  facet normal 0.817414 0.576051 0
    outer loop
      vertex 3.04991 -11.3303 2
      vertex 3.01411 -11.2795 1.4
      vertex 3.01411 -11.2795 2
    endloop
  endfacet
  facet normal 0.817414 0.576051 0
    outer loop
      vertex 3.01411 -11.2795 1.4
      vertex 3.04991 -11.3303 2
      vertex 3.04991 -11.3303 1.4
    endloop
  endfacet
  facet normal 0.871398 0.490577 0
    outer loop
      vertex 3.08093 -11.3854 2
      vertex 3.04991 -11.3303 1.4
      vertex 3.04991 -11.3303 2
    endloop
  endfacet
  facet normal 0.871398 0.490577 0
    outer loop
      vertex 3.04991 -11.3303 1.4
      vertex 3.08093 -11.3854 2
      vertex 3.08093 -11.3854 1.4
    endloop
  endfacet
  facet normal 0.915168 0.403073 0
    outer loop
      vertex 3.10718 -11.445 2
      vertex 3.08093 -11.3854 1.4
      vertex 3.08093 -11.3854 2
    endloop
  endfacet
  facet normal 0.915168 0.403073 0
    outer loop
      vertex 3.08093 -11.3854 1.4
      vertex 3.10718 -11.445 2
      vertex 3.10718 -11.445 1.4
    endloop
  endfacet
  facet normal 0.94803 0.318182 0
    outer loop
      vertex 3.12866 -11.509 2
      vertex 3.10718 -11.445 1.4
      vertex 3.10718 -11.445 2
    endloop
  endfacet
  facet normal 0.94803 0.318182 0
    outer loop
      vertex 3.10718 -11.445 1.4
      vertex 3.12866 -11.509 2
      vertex 3.12866 -11.509 1.4
    endloop
  endfacet
  facet normal 0.971432 0.237319 0
    outer loop
      vertex 3.14537 -11.5774 2
      vertex 3.12866 -11.509 1.4
      vertex 3.12866 -11.509 2
    endloop
  endfacet
  facet normal 0.971432 0.237319 0
    outer loop
      vertex 3.12866 -11.509 1.4
      vertex 3.14537 -11.5774 2
      vertex 3.14537 -11.5774 1.4
    endloop
  endfacet
  facet normal 0.986802 0.161933 0
    outer loop
      vertex 3.1573 -11.6501 2
      vertex 3.14537 -11.5774 1.4
      vertex 3.14537 -11.5774 2
    endloop
  endfacet
  facet normal 0.986802 0.161933 0
    outer loop
      vertex 3.14537 -11.5774 1.4
      vertex 3.1573 -11.6501 2
      vertex 3.1573 -11.6501 1.4
    endloop
  endfacet
  facet normal 0.995727 0.0923498 0
    outer loop
      vertex 3.16446 -11.7273 2
      vertex 3.1573 -11.6501 1.4
      vertex 3.1573 -11.6501 2
    endloop
  endfacet
  facet normal 0.995727 0.0923498 0
    outer loop
      vertex 3.1573 -11.6501 1.4
      vertex 3.16446 -11.7273 2
      vertex 3.16446 -11.7273 1.4
    endloop
  endfacet
  facet normal 0.999575 0.0291543 0
    outer loop
      vertex 3.16684 -11.8089 2
      vertex 3.16446 -11.7273 1.4
      vertex 3.16446 -11.7273 2
    endloop
  endfacet
  facet normal 0.999575 0.0291543 0
    outer loop
      vertex 3.16446 -11.7273 1.4
      vertex 3.16684 -11.8089 2
      vertex 3.16684 -11.8089 1.4
    endloop
  endfacet
  facet normal 0.999568 -0.0294063 0
    outer loop
      vertex 3.16446 -11.8898 2
      vertex 3.16684 -11.8089 1.4
      vertex 3.16684 -11.8089 2
    endloop
  endfacet
  facet normal 0.999568 -0.0294063 0
    outer loop
      vertex 3.16684 -11.8089 1.4
      vertex 3.16446 -11.8898 2
      vertex 3.16446 -11.8898 1.4
    endloop
  endfacet
  facet normal 0.995649 -0.0931875 0
    outer loop
      vertex 3.1573 -11.9663 2
      vertex 3.16446 -11.8898 1.4
      vertex 3.16446 -11.8898 2
    endloop
  endfacet
  facet normal 0.995649 -0.0931875 0
    outer loop
      vertex 3.16446 -11.8898 1.4
      vertex 3.1573 -11.9663 2
      vertex 3.1573 -11.9663 1.4
    endloop
  endfacet
  facet normal 0.986658 -0.162805 0
    outer loop
      vertex 3.14537 -12.0386 2
      vertex 3.1573 -11.9663 1.4
      vertex 3.1573 -11.9663 2
    endloop
  endfacet
  facet normal 0.986658 -0.162805 0
    outer loop
      vertex 3.1573 -11.9663 1.4
      vertex 3.14537 -12.0386 2
      vertex 3.14537 -12.0386 1.4
    endloop
  endfacet
  facet normal 0.971028 -0.238967 0
    outer loop
      vertex 3.12866 -12.1065 2
      vertex 3.14537 -12.0386 1.4
      vertex 3.14537 -12.0386 2
    endloop
  endfacet
  facet normal 0.971028 -0.238967 0
    outer loop
      vertex 3.14537 -12.0386 1.4
      vertex 3.12866 -12.1065 2
      vertex 3.12866 -12.1065 1.4
    endloop
  endfacet
  facet normal 0.947425 -0.319979 0
    outer loop
      vertex 3.10718 -12.1701 2
      vertex 3.12866 -12.1065 1.4
      vertex 3.12866 -12.1065 2
    endloop
  endfacet
  facet normal 0.947425 -0.319979 0
    outer loop
      vertex 3.12866 -12.1065 1.4
      vertex 3.10718 -12.1701 2
      vertex 3.10718 -12.1701 1.4
    endloop
  endfacet
  facet normal 0.914415 -0.404779 0
    outer loop
      vertex 3.08093 -12.2294 2
      vertex 3.10718 -12.1701 1.4
      vertex 3.10718 -12.1701 2
    endloop
  endfacet
  facet normal 0.914415 -0.404779 0
    outer loop
      vertex 3.10718 -12.1701 1.4
      vertex 3.08093 -12.2294 2
      vertex 3.08093 -12.2294 1.4
    endloop
  endfacet
  facet normal 0.870634 -0.491932 0
    outer loop
      vertex 3.04991 -12.2843 2
      vertex 3.08093 -12.2294 1.4
      vertex 3.08093 -12.2294 2
    endloop
  endfacet
  facet normal 0.870634 -0.491932 0
    outer loop
      vertex 3.08093 -12.2294 1.4
      vertex 3.04991 -12.2843 2
      vertex 3.04991 -12.2843 1.4
    endloop
  endfacet
  facet normal 0.816879 -0.57681 0
    outer loop
      vertex 3.01411 -12.335 2
      vertex 3.04991 -12.2843 1.4
      vertex 3.04991 -12.2843 2
    endloop
  endfacet
  facet normal 0.816879 -0.57681 0
    outer loop
      vertex 3.04991 -12.2843 1.4
      vertex 3.01411 -12.335 2
      vertex 3.01411 -12.335 1.4
    endloop
  endfacet
  facet normal 0.752114 -0.659033 0
    outer loop
      vertex 2.97354 -12.3813 2
      vertex 3.01411 -12.335 1.4
      vertex 3.01411 -12.335 2
    endloop
  endfacet
  facet normal 0.752114 -0.659033 0
    outer loop
      vertex 3.01411 -12.335 1.4
      vertex 2.97354 -12.3813 2
      vertex 2.97354 -12.3813 1.4
    endloop
  endfacet
  facet normal 0.679376 -0.733791 0
    outer loop
      vertex 2.9285 -12.423 1.4
      vertex 2.97354 -12.3813 2
      vertex 2.9285 -12.423 2
    endloop
  endfacet
  facet normal 0.679376 -0.733791 0
    outer loop
      vertex 2.97354 -12.3813 2
      vertex 2.9285 -12.423 1.4
      vertex 2.97354 -12.3813 1.4
    endloop
  endfacet
  facet normal 0.59888 -0.800839 0
    outer loop
      vertex 2.87929 -12.4598 1.4
      vertex 2.9285 -12.423 2
      vertex 2.87929 -12.4598 2
    endloop
  endfacet
  facet normal 0.59888 -0.800839 0
    outer loop
      vertex 2.9285 -12.423 2
      vertex 2.87929 -12.4598 1.4
      vertex 2.9285 -12.423 1.4
    endloop
  endfacet
  facet normal 0.512698 -0.858569 0
    outer loop
      vertex 2.82587 -12.4917 1.4
      vertex 2.87929 -12.4598 2
      vertex 2.82587 -12.4917 2
    endloop
  endfacet
  facet normal 0.512698 -0.858569 0
    outer loop
      vertex 2.87929 -12.4598 2
      vertex 2.82587 -12.4917 1.4
      vertex 2.87929 -12.4598 1.4
    endloop
  endfacet
  facet normal 0.424494 -0.905431 0
    outer loop
      vertex 2.76828 -12.5187 1.4
      vertex 2.82587 -12.4917 2
      vertex 2.76828 -12.5187 2
    endloop
  endfacet
  facet normal 0.424494 -0.905431 0
    outer loop
      vertex 2.82587 -12.4917 2
      vertex 2.76828 -12.5187 1.4
      vertex 2.82587 -12.4917 1.4
    endloop
  endfacet
  facet normal 0.336819 -0.941569 0
    outer loop
      vertex 2.7065 -12.5408 1.4
      vertex 2.76828 -12.5187 2
      vertex 2.7065 -12.5408 2
    endloop
  endfacet
  facet normal 0.336819 -0.941569 0
    outer loop
      vertex 2.76828 -12.5187 2
      vertex 2.7065 -12.5408 1.4
      vertex 2.76828 -12.5187 1.4
    endloop
  endfacet
  facet normal 0.250881 -0.968018 0
    outer loop
      vertex 2.64052 -12.5579 1.4
      vertex 2.7065 -12.5408 2
      vertex 2.64052 -12.5579 2
    endloop
  endfacet
  facet normal 0.250881 -0.968018 0
    outer loop
      vertex 2.7065 -12.5408 2
      vertex 2.64052 -12.5579 1.4
      vertex 2.7065 -12.5408 1.4
    endloop
  endfacet
  facet normal 0.17268 -0.984978 0
    outer loop
      vertex 2.57036 -12.5702 1.4
      vertex 2.64052 -12.5579 2
      vertex 2.57036 -12.5702 2
    endloop
  endfacet
  facet normal 0.17268 -0.984978 0
    outer loop
      vertex 2.64052 -12.5579 2
      vertex 2.57036 -12.5702 1.4
      vertex 2.64052 -12.5579 1.4
    endloop
  endfacet
  facet normal 0.0990531 -0.995082 0
    outer loop
      vertex 2.49602 -12.5776 1.4
      vertex 2.57036 -12.5702 2
      vertex 2.49602 -12.5776 2
    endloop
  endfacet
  facet normal 0.0990531 -0.995082 0
    outer loop
      vertex 2.57036 -12.5702 2
      vertex 2.49602 -12.5776 1.4
      vertex 2.57036 -12.5702 1.4
    endloop
  endfacet
  facet normal 0.0305512 -0.999533 0
    outer loop
      vertex 2.4175 -12.58 1.4
      vertex 2.49602 -12.5776 2
      vertex 2.4175 -12.58 2
    endloop
  endfacet
  facet normal 0.0305512 -0.999533 0
    outer loop
      vertex 2.49602 -12.5776 2
      vertex 2.4175 -12.58 1.4
      vertex 2.49602 -12.5776 1.4
    endloop
  endfacet
  facet normal -0.0302548 -0.999542 0
    outer loop
      vertex 2.33821 -12.5776 1.4
      vertex 2.4175 -12.58 2
      vertex 2.33821 -12.5776 2
    endloop
  endfacet
  facet normal -0.0302548 -0.999542 -0
    outer loop
      vertex 2.4175 -12.58 2
      vertex 2.33821 -12.5776 1.4
      vertex 2.4175 -12.58 1.4
    endloop
  endfacet
endsolid OpenSCAD_Model
