solid OpenSCAD_Model
  facet normal -0.970047 -0.242919 0
    outer loop
      vertex -7.91388 -19.5806 0
      vertex -7.96156 -19.3902 2
      vertex -7.96156 -19.3902 0
    endloop
  endfacet
  facet normal -0.970047 -0.242919 0
    outer loop
      vertex -7.96156 -19.3902 2
      vertex -7.91388 -19.5806 0
      vertex -7.91388 -19.5806 2
    endloop
  endfacet
  facet normal 1 -0 0
    outer loop
      vertex 8 -19 2
      vertex 8 19 0
      vertex 8 19 2
    endloop
  endfacet
  facet normal 1 0 0
    outer loop
      vertex 8 19 0
      vertex 8 -19 2
      vertex 8 -19 0
    endloop
  endfacet
  facet normal 0.998793 -0.0491243 0
    outer loop
      vertex 7.99036 -19.196 2
      vertex 8 -19 0
      vertex 8 -19 2
    endloop
  endfacet
  facet normal 0.998793 -0.0491243 0
    outer loop
      vertex 8 -19 0
      vertex 7.99036 -19.196 2
      vertex 7.99036 -19.196 0
    endloop
  endfacet
  facet normal -0.803325 -0.595541 0
    outer loop
      vertex -7.54602 -20.2688 0
      vertex -7.66293 -20.1111 2
      vertex -7.66293 -20.1111 0
    endloop
  endfacet
  facet normal -0.803325 -0.595541 0
    outer loop
      vertex -7.66293 -20.1111 2
      vertex -7.54602 -20.2688 0
      vertex -7.54602 -20.2688 2
    endloop
  endfacet
  facet normal 0.970047 0.242919 0
    outer loop
      vertex 7.96156 19.3902 2
      vertex 7.91388 19.5806 0
      vertex 7.91388 19.5806 2
    endloop
  endfacet
  facet normal 0.970047 0.242919 0
    outer loop
      vertex 7.91388 19.5806 0
      vertex 7.96156 19.3902 2
      vertex 7.96156 19.3902 0
    endloop
  endfacet
  facet normal -1 0 0
    outer loop
      vertex -8 -19 0
      vertex -8 16.7574 2
      vertex -8 16.7574 0
    endloop
  endfacet
  facet normal -1 -0 0
    outer loop
      vertex -8 16.7574 2
      vertex -8 -19 0
      vertex -8 -19 2
    endloop
  endfacet
  facet normal 0 1 -0
    outer loop
      vertex 6 21 0
      vertex -3.75736 21 2
      vertex 6 21 2
    endloop
  endfacet
  facet normal 0 1 0
    outer loop
      vertex -3.75736 21 2
      vertex 6 21 0
      vertex -3.75736 21 0
    endloop
  endfacet
  facet normal 0.740857 -0.671663 0
    outer loop
      vertex 7.4142 -20.4142 2
      vertex 7.54602 -20.2688 0
      vertex 7.54602 -20.2688 2
    endloop
  endfacet
  facet normal 0.740857 -0.671663 0
    outer loop
      vertex 7.54602 -20.2688 0
      vertex 7.4142 -20.4142 2
      vertex 7.4142 -20.4142 0
    endloop
  endfacet
  facet normal -0.989182 -0.146696 0
    outer loop
      vertex -7.96156 -19.3902 0
      vertex -7.99036 -19.196 2
      vertex -7.99036 -19.196 0
    endloop
  endfacet
  facet normal -0.989182 -0.146696 0
    outer loop
      vertex -7.99036 -19.196 2
      vertex -7.96156 -19.3902 0
      vertex -7.96156 -19.3902 2
    endloop
  endfacet
  facet normal -0.740857 -0.671663 0
    outer loop
      vertex -7.4142 -20.4142 0
      vertex -7.54602 -20.2688 2
      vertex -7.54602 -20.2688 0
    endloop
  endfacet
  facet normal -0.740857 -0.671663 0
    outer loop
      vertex -7.54602 -20.2688 2
      vertex -7.4142 -20.4142 0
      vertex -7.4142 -20.4142 2
    endloop
  endfacet
  facet normal 0.970047 -0.242919 0
    outer loop
      vertex 7.91388 -19.5806 2
      vertex 7.96156 -19.3902 0
      vertex 7.96156 -19.3902 2
    endloop
  endfacet
  facet normal 0.970047 -0.242919 0
    outer loop
      vertex 7.96156 -19.3902 0
      vertex 7.91388 -19.5806 2
      vertex 7.91388 -19.5806 0
    endloop
  endfacet
  facet normal 0.803325 0.595541 0
    outer loop
      vertex 7.66293 20.1111 2
      vertex 7.54602 20.2688 0
      vertex 7.54602 20.2688 2
    endloop
  endfacet
  facet normal 0.803325 0.595541 0
    outer loop
      vertex 7.54602 20.2688 0
      vertex 7.66293 20.1111 2
      vertex 7.66293 20.1111 0
    endloop
  endfacet
  facet normal 0.85765 0.514233 0
    outer loop
      vertex 7.76384 19.9428 2
      vertex 7.66293 20.1111 0
      vertex 7.66293 20.1111 2
    endloop
  endfacet
  facet normal 0.85765 0.514233 0
    outer loop
      vertex 7.66293 20.1111 0
      vertex 7.76384 19.9428 2
      vertex 7.76384 19.9428 0
    endloop
  endfacet
  facet normal 0.59563 -0.803259 0
    outer loop
      vertex 7.11113 -20.6629 0
      vertex 7.26878 -20.546 2
      vertex 7.11113 -20.6629 2
    endloop
  endfacet
  facet normal 0.59563 -0.803259 0
    outer loop
      vertex 7.26878 -20.546 2
      vertex 7.11113 -20.6629 0
      vertex 7.26878 -20.546 0
    endloop
  endfacet
  facet normal -0.998793 -0.0491243 0
    outer loop
      vertex -7.99036 -19.196 0
      vertex -8 -19 2
      vertex -8 -19 0
    endloop
  endfacet
  facet normal -0.998793 -0.0491243 0
    outer loop
      vertex -8 -19 2
      vertex -7.99036 -19.196 0
      vertex -7.99036 -19.196 2
    endloop
  endfacet
  facet normal 0.33724 0.941419 -0
    outer loop
      vertex 6.76537 20.8477 0
      vertex 6.58057 20.9139 2
      vertex 6.76537 20.8477 2
    endloop
  endfacet
  facet normal 0.33724 0.941419 0
    outer loop
      vertex 6.58057 20.9139 2
      vertex 6.76537 20.8477 0
      vertex 6.58057 20.9139 0
    endloop
  endfacet
  facet normal 0.59563 0.803259 -0
    outer loop
      vertex 7.26878 20.546 0
      vertex 7.11113 20.6629 2
      vertex 7.26878 20.546 2
    endloop
  endfacet
  facet normal 0.59563 0.803259 0
    outer loop
      vertex 7.11113 20.6629 2
      vertex 7.26878 20.546 0
      vertex 7.11113 20.6629 0
    endloop
  endfacet
  facet normal 0.33724 -0.941419 0
    outer loop
      vertex 6.58057 -20.9139 0
      vertex 6.76537 -20.8477 2
      vertex 6.58057 -20.9139 2
    endloop
  endfacet
  facet normal 0.33724 -0.941419 0
    outer loop
      vertex 6.76537 -20.8477 2
      vertex 6.58057 -20.9139 0
      vertex 6.76537 -20.8477 0
    endloop
  endfacet
  facet normal 0.941532 -0.336924 0
    outer loop
      vertex 7.84775 -19.7654 2
      vertex 7.91388 -19.5806 0
      vertex 7.91388 -19.5806 2
    endloop
  endfacet
  facet normal 0.941532 -0.336924 0
    outer loop
      vertex 7.91388 -19.5806 0
      vertex 7.84775 -19.7654 2
      vertex 7.84775 -19.7654 0
    endloop
  endfacet
  facet normal 0.903977 0.42758 0
    outer loop
      vertex 7.84775 19.7654 2
      vertex 7.76384 19.9428 0
      vertex 7.76384 19.9428 2
    endloop
  endfacet
  facet normal 0.903977 0.42758 0
    outer loop
      vertex 7.76384 19.9428 0
      vertex 7.84775 19.7654 2
      vertex 7.84775 19.7654 0
    endloop
  endfacet
  facet normal 0.243015 0.970023 -0
    outer loop
      vertex 6.58057 20.9139 0
      vertex 6.39017 20.9616 2
      vertex 6.58057 20.9139 2
    endloop
  endfacet
  facet normal 0.243015 0.970023 0
    outer loop
      vertex 6.39017 20.9616 2
      vertex 6.58057 20.9139 0
      vertex 6.39017 20.9616 0
    endloop
  endfacet
  facet normal 0.514084 0.85774 -0
    outer loop
      vertex 7.11113 20.6629 0
      vertex 6.94278 20.7638 2
      vertex 7.11113 20.6629 2
    endloop
  endfacet
  facet normal 0.514084 0.85774 0
    outer loop
      vertex 6.94278 20.7638 2
      vertex 7.11113 20.6629 0
      vertex 6.94278 20.7638 0
    endloop
  endfacet
  facet normal 0.989182 -0.146696 0
    outer loop
      vertex 7.96156 -19.3902 2
      vertex 7.99036 -19.196 0
      vertex 7.99036 -19.196 2
    endloop
  endfacet
  facet normal 0.989182 -0.146696 0
    outer loop
      vertex 7.99036 -19.196 0
      vertex 7.96156 -19.3902 2
      vertex 7.96156 -19.3902 0
    endloop
  endfacet
  facet normal -0.514084 -0.85774 0
    outer loop
      vertex -7.11113 -20.6629 0
      vertex -6.94278 -20.7638 2
      vertex -7.11113 -20.6629 2
    endloop
  endfacet
  facet normal -0.514084 -0.85774 -0
    outer loop
      vertex -6.94278 -20.7638 2
      vertex -7.11113 -20.6629 0
      vertex -6.94278 -20.7638 0
    endloop
  endfacet
  facet normal 0.941532 0.336924 0
    outer loop
      vertex 7.91388 19.5806 2
      vertex 7.84775 19.7654 0
      vertex 7.84775 19.7654 2
    endloop
  endfacet
  facet normal 0.941532 0.336924 0
    outer loop
      vertex 7.84775 19.7654 0
      vertex 7.91388 19.5806 2
      vertex 7.91388 19.5806 0
    endloop
  endfacet
  facet normal -0.146741 -0.989175 0
    outer loop
      vertex -6.39017 -20.9616 0
      vertex -6.19603 -20.9904 2
      vertex -6.39017 -20.9616 2
    endloop
  endfacet
  facet normal -0.146741 -0.989175 -0
    outer loop
      vertex -6.19603 -20.9904 2
      vertex -6.39017 -20.9616 0
      vertex -6.19603 -20.9904 0
    endloop
  endfacet
  facet normal 0.989182 0.146696 0
    outer loop
      vertex 7.99036 19.196 2
      vertex 7.96156 19.3902 0
      vertex 7.96156 19.3902 2
    endloop
  endfacet
  facet normal 0.989182 0.146696 0
    outer loop
      vertex 7.96156 19.3902 0
      vertex 7.99036 19.196 2
      vertex 7.99036 19.196 0
    endloop
  endfacet
  facet normal 0.146741 0.989175 -0
    outer loop
      vertex 6.39017 20.9616 0
      vertex 6.19603 20.9904 2
      vertex 6.39017 20.9616 2
    endloop
  endfacet
  facet normal 0.146741 0.989175 0
    outer loop
      vertex 6.19603 20.9904 2
      vertex 6.39017 20.9616 0
      vertex 6.19603 20.9904 0
    endloop
  endfacet
  facet normal 0.998793 0.0491243 0
    outer loop
      vertex 8 19 2
      vertex 7.99036 19.196 0
      vertex 7.99036 19.196 2
    endloop
  endfacet
  facet normal 0.998793 0.0491243 0
    outer loop
      vertex 7.99036 19.196 0
      vertex 8 19 2
      vertex 8 19 0
    endloop
  endfacet
  facet normal 0.0489135 0.998803 -0
    outer loop
      vertex 6.19603 20.9904 0
      vertex 6 21 2
      vertex 6.19603 20.9904 2
    endloop
  endfacet
  facet normal 0.0489135 0.998803 0
    outer loop
      vertex 6 21 2
      vertex 6.19603 20.9904 0
      vertex 6 21 0
    endloop
  endfacet
  facet normal -0.903977 -0.42758 0
    outer loop
      vertex -7.76384 -19.9428 0
      vertex -7.84775 -19.7654 2
      vertex -7.84775 -19.7654 0
    endloop
  endfacet
  facet normal -0.903977 -0.42758 0
    outer loop
      vertex -7.84775 -19.7654 2
      vertex -7.76384 -19.9428 0
      vertex -7.76384 -19.9428 2
    endloop
  endfacet
  facet normal 0 -1 0
    outer loop
      vertex -6 -21 0
      vertex 6 -21 2
      vertex -6 -21 2
    endloop
  endfacet
  facet normal 0 -1 -0
    outer loop
      vertex 6 -21 2
      vertex -6 -21 0
      vertex 6 -21 0
    endloop
  endfacet
  facet normal 0.803325 -0.595541 0
    outer loop
      vertex 7.54602 -20.2688 2
      vertex 7.66293 -20.1111 0
      vertex 7.66293 -20.1111 2
    endloop
  endfacet
  facet normal 0.803325 -0.595541 0
    outer loop
      vertex 7.66293 -20.1111 0
      vertex 7.54602 -20.2688 2
      vertex 7.54602 -20.2688 0
    endloop
  endfacet
  facet normal 0.740857 0.671663 0
    outer loop
      vertex 7.54602 20.2688 2
      vertex 7.4142 20.4142 0
      vertex 7.4142 20.4142 2
    endloop
  endfacet
  facet normal 0.740857 0.671663 0
    outer loop
      vertex 7.4142 20.4142 0
      vertex 7.54602 20.2688 2
      vertex 7.54602 20.2688 0
    endloop
  endfacet
  facet normal 0 0 -1
    outer loop
      vertex 6 -21 0
      vertex 8 -19 0
      vertex 7.99036 -19.196 0
    endloop
  endfacet
  facet normal 0 0 -1
    outer loop
      vertex 8 -19 0
      vertex 5.70081 7.22947 0
      vertex 8 19 0
    endloop
  endfacet
  facet normal 0 0 -1
    outer loop
      vertex 6 -21 0
      vertex 7.99036 -19.196 0
      vertex 7.96156 -19.3902 0
    endloop
  endfacet
  facet normal 0 -0 -1
    outer loop
      vertex 5.75 7.98 0
      vertex 8 19 0
      vertex 5.70081 7.22947 0
    endloop
  endfacet
  facet normal 0 0 -1
    outer loop
      vertex 6 -21 0
      vertex 7.96156 -19.3902 0
      vertex 7.91388 -19.5806 0
    endloop
  endfacet
  facet normal 0 0 -1
    outer loop
      vertex 5.70081 8.73053 0
      vertex 8 19 0
      vertex 5.75 7.98 0
    endloop
  endfacet
  facet normal 0 0 -1
    outer loop
      vertex 6 -21 0
      vertex 7.91388 -19.5806 0
      vertex 7.84775 -19.7654 0
    endloop
  endfacet
  facet normal 0 0 -1
    outer loop
      vertex 5.55407 9.46821 0
      vertex 8 19 0
      vertex 5.70081 8.73053 0
    endloop
  endfacet
  facet normal 0 0 -1
    outer loop
      vertex 6 -21 0
      vertex 7.84775 -19.7654 0
      vertex 7.76384 -19.9428 0
    endloop
  endfacet
  facet normal 0 0 -1
    outer loop
      vertex 5.31231 10.1804 0
      vertex 8 19 0
      vertex 5.55407 9.46821 0
    endloop
  endfacet
  facet normal 0 0 -1
    outer loop
      vertex 6 -21 0
      vertex 7.76384 -19.9428 0
      vertex 7.66293 -20.1111 0
    endloop
  endfacet
  facet normal 0 0 -1
    outer loop
      vertex 4.97965 10.855 0
      vertex 8 19 0
      vertex 5.31231 10.1804 0
    endloop
  endfacet
  facet normal 0 0 -1
    outer loop
      vertex 6 -21 0
      vertex 7.66293 -20.1111 0
      vertex 7.54602 -20.2688 0
    endloop
  endfacet
  facet normal 0 0 -1
    outer loop
      vertex 4.56178 11.4804 0
      vertex 8 19 0
      vertex 4.97965 10.855 0
    endloop
  endfacet
  facet normal 0 0 -1
    outer loop
      vertex 6 -21 0
      vertex 7.54602 -20.2688 0
      vertex 7.4142 -20.4142 0
    endloop
  endfacet
  facet normal 0 0 -1
    outer loop
      vertex 4.06586 12.0459 0
      vertex 8 19 0
      vertex 4.56178 11.4804 0
    endloop
  endfacet
  facet normal 0 0 -1
    outer loop
      vertex 6 -21 0
      vertex 7.4142 -20.4142 0
      vertex 7.26878 -20.546 0
    endloop
  endfacet
  facet normal 0 0 -1
    outer loop
      vertex 2.875 12.9596 0
      vertex 8 19 0
      vertex 3.50038 12.5418 0
    endloop
  endfacet
  facet normal 0 0 -1
    outer loop
      vertex 6 -21 0
      vertex 7.26878 -20.546 0
      vertex 7.11113 -20.6629 0
    endloop
  endfacet
  facet normal 0 0 -1
    outer loop
      vertex 2.20043 13.2923 0
      vertex 8 19 0
      vertex 2.875 12.9596 0
    endloop
  endfacet
  facet normal 0 0 -1
    outer loop
      vertex 6 -21 0
      vertex 7.11113 -20.6629 0
      vertex 6.94278 -20.7638 0
    endloop
  endfacet
  facet normal 0 -0 -1
    outer loop
      vertex 6 21 0
      vertex 8 19 0
      vertex 2.20043 13.2923 0
    endloop
  endfacet
  facet normal 0 0 -1
    outer loop
      vertex 6 -21 0
      vertex 6.94278 -20.7638 0
      vertex 6.76537 -20.8477 0
    endloop
  endfacet
  facet normal 0 0 -1
    outer loop
      vertex 8 19 0
      vertex 6 21 0
      vertex 7.99036 19.196 0
    endloop
  endfacet
  facet normal 0 0 -1
    outer loop
      vertex 6 -21 0
      vertex 6.76537 -20.8477 0
      vertex 6.58057 -20.9139 0
    endloop
  endfacet
  facet normal 0 0 -1
    outer loop
      vertex 7.96156 19.3902 0
      vertex 6 21 0
      vertex 7.91388 19.5806 0
    endloop
  endfacet
  facet normal 0 0 -1
    outer loop
      vertex 6 -21 0
      vertex 6.58057 -20.9139 0
      vertex 6.39017 -20.9616 0
    endloop
  endfacet
  facet normal 0 0 -1
    outer loop
      vertex 7.91388 19.5806 0
      vertex 6 21 0
      vertex 7.84775 19.7654 0
    endloop
  endfacet
  facet normal 0 0 -1
    outer loop
      vertex 6 -21 0
      vertex 6.39017 -20.9616 0
      vertex 6.19603 -20.9904 0
    endloop
  endfacet
  facet normal 0 0 -1
    outer loop
      vertex 7.84775 19.7654 0
      vertex 6 21 0
      vertex 7.76384 19.9428 0
    endloop
  endfacet
  facet normal -0 0 -1
    outer loop
      vertex 8 -19 0
      vertex 6 -21 0
      vertex 0.956696 -10.2097 0
    endloop
  endfacet
  facet normal 0 0 -1
    outer loop
      vertex 7.76384 19.9428 0
      vertex 6 21 0
      vertex 7.66293 20.1111 0
    endloop
  endfacet
  facet normal 0 0 -1
    outer loop
      vertex 7.66293 20.1111 0
      vertex 6 21 0
      vertex 7.54602 20.2688 0
    endloop
  endfacet
  facet normal 0 0 -1
    outer loop
      vertex 3.50038 12.5418 0
      vertex 8 19 0
      vertex 4.06586 12.0459 0
    endloop
  endfacet
  facet normal 0 0 -1
    outer loop
      vertex 8 -19 0
      vertex 5.55407 6.49179 0
      vertex 5.70081 7.22947 0
    endloop
  endfacet
  facet normal 0 0 -1
    outer loop
      vertex 8 -19 0
      vertex 5.31231 5.77957 0
      vertex 5.55407 6.49179 0
    endloop
  endfacet
  facet normal 0 0 -1
    outer loop
      vertex 8 -19 0
      vertex 2.5 -7.9 0
      vertex 4.97965 5.105 0
    endloop
  endfacet
  facet normal 0 0 -1
    outer loop
      vertex 8 -19 0
      vertex 4.97965 5.105 0
      vertex 5.31231 5.77957 0
    endloop
  endfacet
  facet normal 0 0 -1
    outer loop
      vertex 4.97965 5.105 0
      vertex 2.5 -7.9 0
      vertex 4.56178 4.47962 0
    endloop
  endfacet
  facet normal 0 0 -1
    outer loop
      vertex 4.56178 4.47962 0
      vertex 2.5 -7.9 0
      vertex 4.06586 3.91414 0
    endloop
  endfacet
  facet normal 0 0 -1
    outer loop
      vertex 2.5 1.6 0
      vertex 4.06586 3.91414 0
      vertex 2.5 -7.9 0
    endloop
  endfacet
  facet normal 0 0 -1
    outer loop
      vertex 4.06586 3.91414 0
      vertex 2.5 1.6 0
      vertex 3.50038 3.41822 0
    endloop
  endfacet
  facet normal 0 0 -1
    outer loop
      vertex 8 -19 0
      vertex 2.45195 -8.38772 0
      vertex 2.5 -7.9 0
    endloop
  endfacet
  facet normal 0 0 -1
    outer loop
      vertex 8 -19 0
      vertex 2.30969 -8.8567 0
      vertex 2.45195 -8.38772 0
    endloop
  endfacet
  facet normal 0 0 -1
    outer loop
      vertex 8 -19 0
      vertex 2.07866 -9.28892 0
      vertex 2.30969 -8.8567 0
    endloop
  endfacet
  facet normal 0 0 -1
    outer loop
      vertex 8 -19 0
      vertex 1.76776 -9.66776 0
      vertex 2.07866 -9.28892 0
    endloop
  endfacet
  facet normal 0 0 -1
    outer loop
      vertex 8 -19 0
      vertex 1.38892 -9.97866 0
      vertex 1.76776 -9.66776 0
    endloop
  endfacet
  facet normal 0 0 -1
    outer loop
      vertex 8 -19 0
      vertex 0.956696 -10.2097 0
      vertex 1.38892 -9.97866 0
    endloop
  endfacet
  facet normal 0 0 -1
    outer loop
      vertex 6 -21 0
      vertex 0.487717 -10.3519 0
      vertex 0.956696 -10.2097 0
    endloop
  endfacet
  facet normal 0 0 -1
    outer loop
      vertex 6 -21 0
      vertex 0 -10.4 0
      vertex 0.487717 -10.3519 0
    endloop
  endfacet
  facet normal 0 0 -1
    outer loop
      vertex -6 -21 0
      vertex 0 -10.4 0
      vertex 6 -21 0
    endloop
  endfacet
  facet normal -0 0 -1
    outer loop
      vertex 0 -10.4 0
      vertex -6 -21 0
      vertex -0.487717 -10.3519 0
    endloop
  endfacet
  facet normal -0 0 -1
    outer loop
      vertex -0.487717 -10.3519 0
      vertex -6 -21 0
      vertex -0.956696 -10.2097 0
    endloop
  endfacet
  facet normal 0 0 -1
    outer loop
      vertex -8 -19 0
      vertex -0.956696 -10.2097 0
      vertex -6 -21 0
    endloop
  endfacet
  facet normal -0 0 -1
    outer loop
      vertex -0.956696 -10.2097 0
      vertex -8 -19 0
      vertex -1.38892 -9.97866 0
    endloop
  endfacet
  facet normal 0 0 -1
    outer loop
      vertex -4.06586 3.91414 0
      vertex -2.5 1.6 0
      vertex -2.5 -7.9 0
    endloop
  endfacet
  facet normal 0 0 -1
    outer loop
      vertex -2.5 1.6 0
      vertex -3.50038 3.41822 0
      vertex -2.875 3.00035 0
    endloop
  endfacet
  facet normal 0 0 -1
    outer loop
      vertex -2.5 1.6 0
      vertex -4.06586 3.91414 0
      vertex -3.50038 3.41822 0
    endloop
  endfacet
  facet normal 0 0 -1
    outer loop
      vertex -8 -19 0
      vertex -2.5 -7.9 0
      vertex -2.45195 -8.38772 0
    endloop
  endfacet
  facet normal 0 0 -1
    outer loop
      vertex -2.5 -7.9 0
      vertex -4.56178 4.47962 0
      vertex -4.06586 3.91414 0
    endloop
  endfacet
  facet normal 0 0 -1
    outer loop
      vertex -2.5 -7.9 0
      vertex -4.97965 5.105 0
      vertex -4.56178 4.47962 0
    endloop
  endfacet
  facet normal -0 0 -1
    outer loop
      vertex -2.5 -7.9 0
      vertex -8 -19 0
      vertex -4.97965 5.105 0
    endloop
  endfacet
  facet normal -0 0 -1
    outer loop
      vertex -4.97965 5.105 0
      vertex -8 -19 0
      vertex -5.31231 5.77957 0
    endloop
  endfacet
  facet normal -0 0 -1
    outer loop
      vertex -5.55407 6.49179 0
      vertex -8 -19 0
      vertex -5.70081 7.22947 0
    endloop
  endfacet
  facet normal -0 0 -1
    outer loop
      vertex -5.31231 5.77957 0
      vertex -8 -19 0
      vertex -5.55407 6.49179 0
    endloop
  endfacet
  facet normal -0 0 -1
    outer loop
      vertex -2.30969 -8.8567 0
      vertex -8 -19 0
      vertex -2.45195 -8.38772 0
    endloop
  endfacet
  facet normal -0 0 -1
    outer loop
      vertex -2.07866 -9.28892 0
      vertex -8 -19 0
      vertex -2.30969 -8.8567 0
    endloop
  endfacet
  facet normal -0 0 -1
    outer loop
      vertex -1.76776 -9.66776 0
      vertex -8 -19 0
      vertex -2.07866 -9.28892 0
    endloop
  endfacet
  facet normal -0 0 -1
    outer loop
      vertex -1.38892 -9.97866 0
      vertex -8 -19 0
      vertex -1.76776 -9.66776 0
    endloop
  endfacet
  facet normal 0 0 -1
    outer loop
      vertex 7.54602 20.2688 0
      vertex 6 21 0
      vertex 7.4142 20.4142 0
    endloop
  endfacet
  facet normal 0 0 -1
    outer loop
      vertex 7.4142 20.4142 0
      vertex 6 21 0
      vertex 7.26878 20.546 0
    endloop
  endfacet
  facet normal 0 0 -1
    outer loop
      vertex 7.26878 20.546 0
      vertex 6 21 0
      vertex 7.11113 20.6629 0
    endloop
  endfacet
  facet normal 0 0 -1
    outer loop
      vertex 7.11113 20.6629 0
      vertex 6 21 0
      vertex 6.94278 20.7638 0
    endloop
  endfacet
  facet normal 0 0 -1
    outer loop
      vertex 6.94278 20.7638 0
      vertex 6 21 0
      vertex 6.76537 20.8477 0
    endloop
  endfacet
  facet normal 0 0 -1
    outer loop
      vertex 6.58057 20.9139 0
      vertex 6 21 0
      vertex 6.39017 20.9616 0
    endloop
  endfacet
  facet normal 0 0 -1
    outer loop
      vertex 6.39017 20.9616 0
      vertex 6 21 0
      vertex 6.19603 20.9904 0
    endloop
  endfacet
  facet normal 0 0 -1
    outer loop
      vertex 6.76537 20.8477 0
      vertex 6 21 0
      vertex 6.58057 20.9139 0
    endloop
  endfacet
  facet normal 0 0 -1
    outer loop
      vertex 7.99036 19.196 0
      vertex 6 21 0
      vertex 7.96156 19.3902 0
    endloop
  endfacet
  facet normal 0 0 -1
    outer loop
      vertex 1.48821 13.5341 0
      vertex 6 21 0
      vertex 2.20043 13.2923 0
    endloop
  endfacet
  facet normal 0 0 -1
    outer loop
      vertex 0.750525 13.6808 0
      vertex 6 21 0
      vertex 1.48821 13.5341 0
    endloop
  endfacet
  facet normal 0 0 -1
    outer loop
      vertex -3.75736 21 0
      vertex 0.750525 13.6808 0
      vertex 0 13.73 0
    endloop
  endfacet
  facet normal 0 0 -1
    outer loop
      vertex -3.75736 21 0
      vertex 0 13.73 0
      vertex -0.750525 13.6808 0
    endloop
  endfacet
  facet normal 0 0 -1
    outer loop
      vertex -3.75736 21 0
      vertex -0.750525 13.6808 0
      vertex -1.48821 13.5341 0
    endloop
  endfacet
  facet normal 0 0 -1
    outer loop
      vertex -3.75736 21 0
      vertex -1.48821 13.5341 0
      vertex -2.20043 13.2923 0
    endloop
  endfacet
  facet normal 0 0 -1
    outer loop
      vertex -8 16.7574 0
      vertex -2.20043 13.2923 0
      vertex -2.875 12.9596 0
    endloop
  endfacet
  facet normal 0 0 -1
    outer loop
      vertex -8 16.7574 0
      vertex -2.875 12.9596 0
      vertex -3.50038 12.5418 0
    endloop
  endfacet
  facet normal 0 0 -1
    outer loop
      vertex 0.750525 13.6808 0
      vertex -3.75736 21 0
      vertex 6 21 0
    endloop
  endfacet
  facet normal 0 0 -1
    outer loop
      vertex -8 16.7574 0
      vertex -3.50038 12.5418 0
      vertex -4.06586 12.0459 0
    endloop
  endfacet
  facet normal 0 0 -1
    outer loop
      vertex -8 16.7574 0
      vertex -4.06586 12.0459 0
      vertex -4.56178 11.4804 0
    endloop
  endfacet
  facet normal 0 0 -1
    outer loop
      vertex -8 16.7574 0
      vertex -4.56178 11.4804 0
      vertex -4.97965 10.855 0
    endloop
  endfacet
  facet normal 0 0 -1
    outer loop
      vertex -8 16.7574 0
      vertex -4.97965 10.855 0
      vertex -5.31231 10.1804 0
    endloop
  endfacet
  facet normal 0 0 -1
    outer loop
      vertex -8 16.7574 0
      vertex -5.31231 10.1804 0
      vertex -5.55407 9.46821 0
    endloop
  endfacet
  facet normal 0 0 -1
    outer loop
      vertex -8 16.7574 0
      vertex -5.55407 9.46821 0
      vertex -5.70081 8.73053 0
    endloop
  endfacet
  facet normal 0 0 -1
    outer loop
      vertex -8 -19 0
      vertex -6 -21 0
      vertex -6.19603 -20.9904 0
    endloop
  endfacet
  facet normal 0 0 -1
    outer loop
      vertex -8 -19 0
      vertex -6.19603 -20.9904 0
      vertex -6.39017 -20.9616 0
    endloop
  endfacet
  facet normal 0 0 -1
    outer loop
      vertex -8 -19 0
      vertex -6.39017 -20.9616 0
      vertex -6.58057 -20.9139 0
    endloop
  endfacet
  facet normal 0 0 -1
    outer loop
      vertex -8 -19 0
      vertex -6.58057 -20.9139 0
      vertex -6.76537 -20.8477 0
    endloop
  endfacet
  facet normal 0 0 -1
    outer loop
      vertex -8 -19 0
      vertex -6.76537 -20.8477 0
      vertex -6.94278 -20.7638 0
    endloop
  endfacet
  facet normal 0 0 -1
    outer loop
      vertex -8 -19 0
      vertex -6.94278 -20.7638 0
      vertex -7.11113 -20.6629 0
    endloop
  endfacet
  facet normal 0 0 -1
    outer loop
      vertex -8 -19 0
      vertex -7.11113 -20.6629 0
      vertex -7.26878 -20.546 0
    endloop
  endfacet
  facet normal 0 0 -1
    outer loop
      vertex -8 -19 0
      vertex -7.26878 -20.546 0
      vertex -7.4142 -20.4142 0
    endloop
  endfacet
  facet normal 0 0 -1
    outer loop
      vertex -8 -19 0
      vertex -7.4142 -20.4142 0
      vertex -7.54602 -20.2688 0
    endloop
  endfacet
  facet normal 0 0 -1
    outer loop
      vertex -8 -19 0
      vertex -7.54602 -20.2688 0
      vertex -7.66293 -20.1111 0
    endloop
  endfacet
  facet normal 0 0 -1
    outer loop
      vertex -8 16.7574 0
      vertex -5.70081 7.22947 0
      vertex -8 -19 0
    endloop
  endfacet
  facet normal 0 0 -1
    outer loop
      vertex -8 -19 0
      vertex -7.66293 -20.1111 0
      vertex -7.76384 -19.9428 0
    endloop
  endfacet
  facet normal 0 0 -1
    outer loop
      vertex -8 -19 0
      vertex -7.76384 -19.9428 0
      vertex -7.84775 -19.7654 0
    endloop
  endfacet
  facet normal 0 0 -1
    outer loop
      vertex -8 -19 0
      vertex -7.84775 -19.7654 0
      vertex -7.91388 -19.5806 0
    endloop
  endfacet
  facet normal 0 0 -1
    outer loop
      vertex -8 -19 0
      vertex -7.91388 -19.5806 0
      vertex -7.96156 -19.3902 0
    endloop
  endfacet
  facet normal 0 0 -1
    outer loop
      vertex -8 -19 0
      vertex -7.96156 -19.3902 0
      vertex -7.99036 -19.196 0
    endloop
  endfacet
  facet normal 0 0 -1
    outer loop
      vertex -5.70081 7.22947 0
      vertex -8 16.7574 0
      vertex -5.75 7.98 0
    endloop
  endfacet
  facet normal 0 0 -1
    outer loop
      vertex -2.20043 13.2923 0
      vertex -8 16.7574 0
      vertex -3.75736 21 0
    endloop
  endfacet
  facet normal 0 0 -1
    outer loop
      vertex -5.75 7.98 0
      vertex -8 16.7574 0
      vertex -5.70081 8.73053 0
    endloop
  endfacet
  facet normal 0 0 -1
    outer loop
      vertex 3.50038 3.41822 0
      vertex 2.5 1.6 0
      vertex 2.875 3.00035 0
    endloop
  endfacet
  facet normal 0 0 -1
    outer loop
      vertex 2.45195 2.08772 0
      vertex 2.875 3.00035 0
      vertex 2.5 1.6 0
    endloop
  endfacet
  facet normal 0 0 -1
    outer loop
      vertex 2.30969 2.55669 0
      vertex 2.875 3.00035 0
      vertex 2.45195 2.08772 0
    endloop
  endfacet
  facet normal 0 0 -1
    outer loop
      vertex 2.875 3.00035 0
      vertex 2.30969 2.55669 0
      vertex 2.23994 2.68718 0
    endloop
  endfacet
  facet normal 0 0 -1
    outer loop
      vertex -2.30969 2.55669 0
      vertex -2.875 3.00035 0
      vertex -2.23994 2.68718 0
    endloop
  endfacet
  facet normal 0 0 -1
    outer loop
      vertex -2.45195 2.08772 0
      vertex -2.875 3.00035 0
      vertex -2.30969 2.55669 0
    endloop
  endfacet
  facet normal 0 0 -1
    outer loop
      vertex -2.875 3.00035 0
      vertex -2.45195 2.08772 0
      vertex -2.5 1.6 0
    endloop
  endfacet
  facet normal 0.671556 0.740954 -0
    outer loop
      vertex 7.4142 20.4142 0
      vertex 7.26878 20.546 2
      vertex 7.4142 20.4142 2
    endloop
  endfacet
  facet normal 0.671556 0.740954 0
    outer loop
      vertex 7.26878 20.546 2
      vertex 7.4142 20.4142 0
      vertex 7.26878 20.546 0
    endloop
  endfacet
  facet normal 0.0489135 -0.998803 0
    outer loop
      vertex 6 -21 0
      vertex 6.19603 -20.9904 2
      vertex 6 -21 2
    endloop
  endfacet
  facet normal 0.0489135 -0.998803 0
    outer loop
      vertex 6.19603 -20.9904 2
      vertex 6 -21 0
      vertex 6.19603 -20.9904 0
    endloop
  endfacet
  facet normal 0.243015 -0.970023 0
    outer loop
      vertex 6.39017 -20.9616 0
      vertex 6.58057 -20.9139 2
      vertex 6.39017 -20.9616 2
    endloop
  endfacet
  facet normal 0.243015 -0.970023 0
    outer loop
      vertex 6.58057 -20.9139 2
      vertex 6.39017 -20.9616 0
      vertex 6.58057 -20.9139 0
    endloop
  endfacet
  facet normal 0.671556 -0.740954 0
    outer loop
      vertex 7.26878 -20.546 0
      vertex 7.4142 -20.4142 2
      vertex 7.26878 -20.546 2
    endloop
  endfacet
  facet normal 0.671556 -0.740954 0
    outer loop
      vertex 7.4142 -20.4142 2
      vertex 7.26878 -20.546 0
      vertex 7.4142 -20.4142 0
    endloop
  endfacet
  facet normal 0.427519 0.904006 -0
    outer loop
      vertex 6.94278 20.7638 0
      vertex 6.76537 20.8477 2
      vertex 6.94278 20.7638 2
    endloop
  endfacet
  facet normal 0.427519 0.904006 0
    outer loop
      vertex 6.76537 20.8477 2
      vertex 6.94278 20.7638 0
      vertex 6.76537 20.8477 0
    endloop
  endfacet
  facet normal -0.941532 -0.336924 0
    outer loop
      vertex -7.84775 -19.7654 0
      vertex -7.91388 -19.5806 2
      vertex -7.91388 -19.5806 0
    endloop
  endfacet
  facet normal -0.941532 -0.336924 0
    outer loop
      vertex -7.91388 -19.5806 2
      vertex -7.84775 -19.7654 0
      vertex -7.84775 -19.7654 2
    endloop
  endfacet
  facet normal 0.85765 -0.514233 0
    outer loop
      vertex 7.66293 -20.1111 2
      vertex 7.76384 -19.9428 0
      vertex 7.76384 -19.9428 2
    endloop
  endfacet
  facet normal 0.85765 -0.514233 0
    outer loop
      vertex 7.76384 -19.9428 0
      vertex 7.66293 -20.1111 2
      vertex 7.66293 -20.1111 0
    endloop
  endfacet
  facet normal -0.671556 -0.740954 0
    outer loop
      vertex -7.4142 -20.4142 0
      vertex -7.26878 -20.546 2
      vertex -7.4142 -20.4142 2
    endloop
  endfacet
  facet normal -0.671556 -0.740954 -0
    outer loop
      vertex -7.26878 -20.546 2
      vertex -7.4142 -20.4142 0
      vertex -7.26878 -20.546 0
    endloop
  endfacet
  facet normal -0.243015 -0.970023 0
    outer loop
      vertex -6.58057 -20.9139 0
      vertex -6.39017 -20.9616 2
      vertex -6.58057 -20.9139 2
    endloop
  endfacet
  facet normal -0.243015 -0.970023 -0
    outer loop
      vertex -6.39017 -20.9616 2
      vertex -6.58057 -20.9139 0
      vertex -6.39017 -20.9616 0
    endloop
  endfacet
  facet normal 0.427519 -0.904006 0
    outer loop
      vertex 6.76537 -20.8477 0
      vertex 6.94278 -20.7638 2
      vertex 6.76537 -20.8477 2
    endloop
  endfacet
  facet normal 0.427519 -0.904006 0
    outer loop
      vertex 6.94278 -20.7638 2
      vertex 6.76537 -20.8477 0
      vertex 6.94278 -20.7638 0
    endloop
  endfacet
  facet normal -0.427519 -0.904006 0
    outer loop
      vertex -6.94278 -20.7638 0
      vertex -6.76537 -20.8477 2
      vertex -6.94278 -20.7638 2
    endloop
  endfacet
  facet normal -0.427519 -0.904006 -0
    outer loop
      vertex -6.76537 -20.8477 2
      vertex -6.94278 -20.7638 0
      vertex -6.76537 -20.8477 0
    endloop
  endfacet
  facet normal -0.85765 -0.514233 0
    outer loop
      vertex -7.66293 -20.1111 0
      vertex -7.76384 -19.9428 2
      vertex -7.76384 -19.9428 0
    endloop
  endfacet
  facet normal -0.85765 -0.514233 0
    outer loop
      vertex -7.76384 -19.9428 2
      vertex -7.66293 -20.1111 0
      vertex -7.66293 -20.1111 2
    endloop
  endfacet
  facet normal 0.903977 -0.42758 0
    outer loop
      vertex 7.76384 -19.9428 2
      vertex 7.84775 -19.7654 0
      vertex 7.84775 -19.7654 2
    endloop
  endfacet
  facet normal 0.903977 -0.42758 0
    outer loop
      vertex 7.84775 -19.7654 0
      vertex 7.76384 -19.9428 2
      vertex 7.76384 -19.9428 0
    endloop
  endfacet
  facet normal 0.146741 -0.989175 0
    outer loop
      vertex 6.19603 -20.9904 0
      vertex 6.39017 -20.9616 2
      vertex 6.19603 -20.9904 2
    endloop
  endfacet
  facet normal 0.146741 -0.989175 0
    outer loop
      vertex 6.39017 -20.9616 2
      vertex 6.19603 -20.9904 0
      vertex 6.39017 -20.9616 0
    endloop
  endfacet
  facet normal 0.514084 -0.85774 0
    outer loop
      vertex 6.94278 -20.7638 0
      vertex 7.11113 -20.6629 2
      vertex 6.94278 -20.7638 2
    endloop
  endfacet
  facet normal 0.514084 -0.85774 0
    outer loop
      vertex 7.11113 -20.6629 2
      vertex 6.94278 -20.7638 0
      vertex 7.11113 -20.6629 0
    endloop
  endfacet
  facet normal -0.59563 -0.803259 0
    outer loop
      vertex -7.26878 -20.546 0
      vertex -7.11113 -20.6629 2
      vertex -7.26878 -20.546 2
    endloop
  endfacet
  facet normal -0.59563 -0.803259 -0
    outer loop
      vertex -7.11113 -20.6629 2
      vertex -7.26878 -20.546 0
      vertex -7.11113 -20.6629 0
    endloop
  endfacet
  facet normal -0.0489135 -0.998803 0
    outer loop
      vertex -6.19603 -20.9904 0
      vertex -6 -21 2
      vertex -6.19603 -20.9904 2
    endloop
  endfacet
  facet normal -0.0489135 -0.998803 -0
    outer loop
      vertex -6 -21 2
      vertex -6.19603 -20.9904 0
      vertex -6 -21 0
    endloop
  endfacet
  facet normal -0.33724 -0.941419 0
    outer loop
      vertex -6.76537 -20.8477 0
      vertex -6.58057 -20.9139 2
      vertex -6.76537 -20.8477 2
    endloop
  endfacet
  facet normal -0.33724 -0.941419 -0
    outer loop
      vertex -6.58057 -20.9139 2
      vertex -6.76537 -20.8477 0
      vertex -6.58057 -20.9139 0
    endloop
  endfacet
  facet normal 0 0 1
    outer loop
      vertex -3.50038 3.41822 2
      vertex -2.5 1.6 2
      vertex -2.875 3.00035 2
    endloop
  endfacet
  facet normal 0 0 1
    outer loop
      vertex -2.45195 2.08772 2
      vertex -2.875 3.00035 2
      vertex -2.5 1.6 2
    endloop
  endfacet
  facet normal 0 0 1
    outer loop
      vertex -2.30969 2.55669 2
      vertex -2.875 3.00035 2
      vertex -2.45195 2.08772 2
    endloop
  endfacet
  facet normal 0 0 1
    outer loop
      vertex -2.875 3.00035 2
      vertex -2.30969 2.55669 2
      vertex -2.23994 2.68718 2
    endloop
  endfacet
  facet normal 0 0 1
    outer loop
      vertex -2.16214 -14.0784 2
      vertex -4.40674 -14.0784 2
      vertex -2.16214 -15 2
    endloop
  endfacet
  facet normal -0 0 1
    outer loop
      vertex 0.487717 -10.3519 2
      vertex 0.562836 -11.256 2
      vertex 0.562836 -10.3292 2
    endloop
  endfacet
  facet normal 0 0 1
    outer loop
      vertex 0.562836 -11.256 2
      vertex -0.205795 -13.1312 2
      vertex 0.549286 -14.04 2
    endloop
  endfacet
  facet normal -0 0 1
    outer loop
      vertex 0 -10.4 2
      vertex 0.562836 -11.256 2
      vertex 0.487717 -10.3519 2
    endloop
  endfacet
  facet normal 0 0 1
    outer loop
      vertex 2.32872 -10.7805 2
      vertex 2.88205 -11.5275 2
      vertex 2.87909 -11.4501 2
    endloop
  endfacet
  facet normal 0 0 1
    outer loop
      vertex 2.88205 -11.5275 2
      vertex 2.32872 -10.7805 2
      vertex 2.88057 -11.5785 2
    endloop
  endfacet
  facet normal 0 0 1
    outer loop
      vertex 2.39937 -10.8046 2
      vertex 2.87909 -11.4501 2
      vertex 2.87024 -11.3762 2
    endloop
  endfacet
  facet normal 0 0 1
    outer loop
      vertex 2.2542 -10.7617 2
      vertex 2.88057 -11.5785 2
      vertex 2.32872 -10.7805 2
    endloop
  endfacet
  facet normal 0 0 1
    outer loop
      vertex 2.88057 -11.5785 2
      vertex 2.2542 -10.7617 2
      vertex 2.87617 -11.6291 2
    endloop
  endfacet
  facet normal 0 0 1
    outer loop
      vertex 2.52896 -10.8689 2
      vertex 2.87024 -11.3762 2
      vertex 2.85548 -11.3056 2
    endloop
  endfacet
  facet normal 0 0 1
    outer loop
      vertex 2.87909 -11.4501 2
      vertex 2.39937 -10.8046 2
      vertex 2.32872 -10.7805 2
    endloop
  endfacet
  facet normal 0 0 1
    outer loop
      vertex 2.58792 -10.9091 2
      vertex 2.85548 -11.3056 2
      vertex 2.83482 -11.2386 2
    endloop
  endfacet
  facet normal 0 0 1
    outer loop
      vertex 2.87617 -11.6291 2
      vertex 2.2542 -10.7617 2
      vertex 2.86885 -11.6793 2
    endloop
  endfacet
  facet normal 0 0 1
    outer loop
      vertex 2.86885 -11.6793 2
      vertex 2.2542 -10.7617 2
      vertex 2.8586 -11.7291 2
    endloop
  endfacet
  facet normal 0 0 1
    outer loop
      vertex 2.64299 -10.9546 2
      vertex 2.83482 -11.2386 2
      vertex 2.80826 -11.1749 2
    endloop
  endfacet
  facet normal 0 0 1
    outer loop
      vertex 2.87024 -11.3762 2
      vertex 2.46611 -10.834 2
      vertex 2.39937 -10.8046 2
    endloop
  endfacet
  facet normal 0 0 1
    outer loop
      vertex 2.64299 -10.9546 2
      vertex 2.80826 -11.1749 2
      vertex 2.7758 -11.1147 2
    endloop
  endfacet
  facet normal 0 0 1
    outer loop
      vertex 2.83482 -11.2386 2
      vertex 2.64299 -10.9546 2
      vertex 2.58792 -10.9091 2
    endloop
  endfacet
  facet normal 0 0 1
    outer loop
      vertex 2.69316 -11.0045 2
      vertex 2.7758 -11.1147 2
      vertex 2.73743 -11.0579 2
    endloop
  endfacet
  facet normal 0 0 1
    outer loop
      vertex 2.64299 -10.9546 2
      vertex 2.7758 -11.1147 2
      vertex 2.69316 -11.0045 2
    endloop
  endfacet
  facet normal 0 0 1
    outer loop
      vertex 2.85548 -11.3056 2
      vertex 2.58792 -10.9091 2
      vertex 2.52896 -10.8689 2
    endloop
  endfacet
  facet normal 0 0 1
    outer loop
      vertex 2.87024 -11.3762 2
      vertex 2.52896 -10.8689 2
      vertex 2.46611 -10.834 2
    endloop
  endfacet
  facet normal 0 0 1
    outer loop
      vertex 2.8586 -11.7291 2
      vertex 2.2542 -10.7617 2
      vertex 2.84541 -11.7784 2
    endloop
  endfacet
  facet normal 0 0 1
    outer loop
      vertex 2.17577 -10.7483 2
      vertex 2.84541 -11.7784 2
      vertex 2.2542 -10.7617 2
    endloop
  endfacet
  facet normal 0 0 1
    outer loop
      vertex 2.84541 -11.7784 2
      vertex 2.17577 -10.7483 2
      vertex 2.82928 -11.8274 2
    endloop
  endfacet
  facet normal 0 0 1
    outer loop
      vertex 2.82928 -11.8274 2
      vertex 2.17577 -10.7483 2
      vertex 2.81024 -11.8759 2
    endloop
  endfacet
  facet normal 0 0 1
    outer loop
      vertex 2.81024 -11.8759 2
      vertex 2.17577 -10.7483 2
      vertex 2.78825 -11.924 2
    endloop
  endfacet
  facet normal 0 0 1
    outer loop
      vertex 2.09344 -10.7403 2
      vertex 2.78825 -11.924 2
      vertex 2.17577 -10.7483 2
    endloop
  endfacet
  facet normal 0 0 1
    outer loop
      vertex 2.78825 -11.924 2
      vertex 2.09344 -10.7403 2
      vertex 2.76334 -11.9717 2
    endloop
  endfacet
  facet normal 0 0 1
    outer loop
      vertex 2.76334 -11.9717 2
      vertex 2.09344 -10.7403 2
      vertex 2.73538 -12.0192 2
    endloop
  endfacet
  facet normal 0 0 1
    outer loop
      vertex 2.00725 -10.7376 2
      vertex 2.73538 -12.0192 2
      vertex 2.09344 -10.7403 2
    endloop
  endfacet
  facet normal 0 0 1
    outer loop
      vertex 2.73538 -12.0192 2
      vertex 2.00725 -10.7376 2
      vertex 2.70424 -12.0671 2
    endloop
  endfacet
  facet normal 0 0 1
    outer loop
      vertex 2.70424 -12.0671 2
      vertex 2.00725 -10.7376 2
      vertex 2.66992 -12.1152 2
    endloop
  endfacet
  facet normal -0 0 1
    outer loop
      vertex 1.93872 -10.7392 2
      vertex 2.66992 -12.1152 2
      vertex 2.00725 -10.7376 2
    endloop
  endfacet
  facet normal 0 0 1
    outer loop
      vertex 2.66992 -12.1152 2
      vertex 1.93872 -10.7392 2
      vertex 2.63242 -12.1635 2
    endloop
  endfacet
  facet normal -0 0 1
    outer loop
      vertex 1.86877 -10.744 2
      vertex 2.63242 -12.1635 2
      vertex 1.93872 -10.7392 2
    endloop
  endfacet
  facet normal 0 0 1
    outer loop
      vertex 2.63242 -12.1635 2
      vertex 1.86877 -10.744 2
      vertex 2.59172 -12.2121 2
    endloop
  endfacet
  facet normal -0 0 1
    outer loop
      vertex 1.79741 -10.7521 2
      vertex 2.59172 -12.2121 2
      vertex 1.86877 -10.744 2
    endloop
  endfacet
  facet normal 0 0 1
    outer loop
      vertex 2.59172 -12.2121 2
      vertex 1.79741 -10.7521 2
      vertex 2.54785 -12.2609 2
    endloop
  endfacet
  facet normal -0 0 1
    outer loop
      vertex 1.72461 -10.7634 2
      vertex 2.54785 -12.2609 2
      vertex 1.79741 -10.7521 2
    endloop
  endfacet
  facet normal 0 0 1
    outer loop
      vertex 2.54785 -12.2609 2
      vertex 1.72461 -10.7634 2
      vertex 2.50079 -12.31 2
    endloop
  endfacet
  facet normal -0 0 1
    outer loop
      vertex 1.65039 -10.7779 2
      vertex 2.50079 -12.31 2
      vertex 1.72461 -10.7634 2
    endloop
  endfacet
  facet normal 0 0 1
    outer loop
      vertex 2.50079 -12.31 2
      vertex 1.65039 -10.7779 2
      vertex 2.45056 -12.3594 2
    endloop
  endfacet
  facet normal -0 0 1
    outer loop
      vertex 1.57475 -10.7956 2
      vertex 2.45056 -12.3594 2
      vertex 1.65039 -10.7779 2
    endloop
  endfacet
  facet normal 0 0 1
    outer loop
      vertex 2.45056 -12.3594 2
      vertex 1.57475 -10.7956 2
      vertex 2.39714 -12.409 2
    endloop
  endfacet
  facet normal -0 0 1
    outer loop
      vertex 1.4977 -10.8165 2
      vertex 2.39714 -12.409 2
      vertex 1.57475 -10.7956 2
    endloop
  endfacet
  facet normal -0 0 1
    outer loop
      vertex 1.4192 -10.8407 2
      vertex 2.39714 -12.409 2
      vertex 1.4977 -10.8165 2
    endloop
  endfacet
  facet normal -0 0 1
    outer loop
      vertex 1.33929 -10.8681 2
      vertex 2.39714 -12.409 2
      vertex 1.4192 -10.8407 2
    endloop
  endfacet
  facet normal -0 0 1
    outer loop
      vertex 1.25804 -10.8986 2
      vertex 2.39714 -12.409 2
      vertex 1.33929 -10.8681 2
    endloop
  endfacet
  facet normal -0 0 1
    outer loop
      vertex 1.17554 -10.9323 2
      vertex 2.39714 -12.409 2
      vertex 1.25804 -10.8986 2
    endloop
  endfacet
  facet normal -0 0 1
    outer loop
      vertex 1.09178 -10.9691 2
      vertex 2.39714 -12.409 2
      vertex 1.17554 -10.9323 2
    endloop
  endfacet
  facet normal -0 0 1
    outer loop
      vertex 1.00676 -11.0091 2
      vertex 2.39714 -12.409 2
      vertex 1.09178 -10.9691 2
    endloop
  endfacet
  facet normal -0 0 1
    outer loop
      vertex 0.920486 -11.0522 2
      vertex 2.39714 -12.409 2
      vertex 1.00676 -11.0091 2
    endloop
  endfacet
  facet normal -0 0 1
    outer loop
      vertex 0.832962 -11.0985 2
      vertex 2.39714 -12.409 2
      vertex 0.920486 -11.0522 2
    endloop
  endfacet
  facet normal -0 0 1
    outer loop
      vertex 0.744171 -11.1478 2
      vertex 2.39714 -12.409 2
      vertex 0.832962 -11.0985 2
    endloop
  endfacet
  facet normal -0 0 1
    outer loop
      vertex 0.654144 -11.2003 2
      vertex 2.39714 -12.409 2
      vertex 0.744171 -11.1478 2
    endloop
  endfacet
  facet normal -0 0 1
    outer loop
      vertex 0.562836 -11.256 2
      vertex 2.39714 -12.409 2
      vertex 0.654144 -11.2003 2
    endloop
  endfacet
  facet normal 0 0 1
    outer loop
      vertex 2.39714 -12.409 2
      vertex 0.562836 -11.256 2
      vertex 0.549286 -14.04 2
    endloop
  endfacet
  facet normal -0 0 1
    outer loop
      vertex 4.19156 -11.4521 2
      vertex 8 -19 2
      vertex 4.1942 -11.3608 2
    endloop
  endfacet
  facet normal 0 0 1
    outer loop
      vertex 4.97965 5.105 2
      vertex 4.18797 -11.2057 2
      vertex 4.1942 -11.3608 2
    endloop
  endfacet
  facet normal 0 0 1
    outer loop
      vertex 4.97965 5.105 2
      vertex 4.16933 -11.0583 2
      vertex 4.18797 -11.2057 2
    endloop
  endfacet
  facet normal 0 0 1
    outer loop
      vertex 4.97965 5.105 2
      vertex 4.13824 -10.9188 2
      vertex 4.16933 -11.0583 2
    endloop
  endfacet
  facet normal 0 0 1
    outer loop
      vertex 4.97965 5.105 2
      vertex 4.09474 -10.787 2
      vertex 4.13824 -10.9188 2
    endloop
  endfacet
  facet normal 0 0 1
    outer loop
      vertex 2.5 -7.9 2
      vertex 4.56178 4.47962 2
      vertex 4.06586 3.91414 2
    endloop
  endfacet
  facet normal 0 0 1
    outer loop
      vertex 4.97965 5.105 2
      vertex 4.03879 -10.663 2
      vertex 4.09474 -10.787 2
    endloop
  endfacet
  facet normal 0 0 1
    outer loop
      vertex 4.56178 4.47962 2
      vertex 3.97041 -10.5468 2
      vertex 4.03879 -10.663 2
    endloop
  endfacet
  facet normal 0 0 1
    outer loop
      vertex 4.56178 4.47962 2
      vertex 2.5 -7.9 2
      vertex 3.97041 -10.5468 2
    endloop
  endfacet
  facet normal 0 0 1
    outer loop
      vertex 3.97041 -10.5468 2
      vertex 2.5 -7.9 2
      vertex 3.8896 -10.4384 2
    endloop
  endfacet
  facet normal 0 0 1
    outer loop
      vertex 3.8896 -10.4384 2
      vertex 2.5 -7.9 2
      vertex 3.79637 -10.3378 2
    endloop
  endfacet
  facet normal 0 0 1
    outer loop
      vertex 3.79637 -10.3378 2
      vertex 2.5 -7.9 2
      vertex 3.69069 -10.245 2
    endloop
  endfacet
  facet normal 0 0 1
    outer loop
      vertex 2.5 1.6 2
      vertex 4.06586 3.91414 2
      vertex 3.50038 3.41822 2
    endloop
  endfacet
  facet normal 0 0 1
    outer loop
      vertex 3.69069 -10.245 2
      vertex 2.5 -7.9 2
      vertex 3.57381 -10.161 2
    endloop
  endfacet
  facet normal 0 0 1
    outer loop
      vertex 3.57381 -10.161 2
      vertex 2.5 -7.9 2
      vertex 3.4469 -10.0869 2
    endloop
  endfacet
  facet normal -0 0 1
    outer loop
      vertex 2.45195 -8.38772 2
      vertex 3.4469 -10.0869 2
      vertex 2.5 -7.9 2
    endloop
  endfacet
  facet normal 0 0 1
    outer loop
      vertex 3.4469 -10.0869 2
      vertex 2.45195 -8.38772 2
      vertex 3.31 -10.0227 2
    endloop
  endfacet
  facet normal 0 0 1
    outer loop
      vertex 2.5 1.6 2
      vertex 3.50038 3.41822 2
      vertex 2.875 3.00035 2
    endloop
  endfacet
  facet normal 0 0 1
    outer loop
      vertex 3.31 -10.0227 2
      vertex 2.45195 -8.38772 2
      vertex 3.1631 -9.96832 2
    endloop
  endfacet
  facet normal 0 0 1
    outer loop
      vertex 3.1631 -9.96832 2
      vertex 2.45195 -8.38772 2
      vertex 3.00618 -9.92386 2
    endloop
  endfacet
  facet normal 0 0 1
    outer loop
      vertex 4.06586 3.91414 2
      vertex 2.5 1.6 2
      vertex 2.5 -7.9 2
    endloop
  endfacet
  facet normal 0 0 1
    outer loop
      vertex 2.875 3.00035 2
      vertex 2.45195 2.08772 2
      vertex 2.5 1.6 2
    endloop
  endfacet
  facet normal 0 0 1
    outer loop
      vertex 2.875 3.00035 2
      vertex 2.30969 2.55669 2
      vertex 2.45195 2.08772 2
    endloop
  endfacet
  facet normal 0 -0 1
    outer loop
      vertex 2.30969 2.55669 2
      vertex 2.875 3.00035 2
      vertex 2.23994 2.68718 2
    endloop
  endfacet
  facet normal 0 0 1
    outer loop
      vertex 6 21 2
      vertex 8 19 2
      vertex 7.99036 19.196 2
    endloop
  endfacet
  facet normal 0 0 1
    outer loop
      vertex 8 19 2
      vertex 5.70081 7.22947 2
      vertex 8 -19 2
    endloop
  endfacet
  facet normal 0 0 1
    outer loop
      vertex 6 21 2
      vertex 7.99036 19.196 2
      vertex 7.96156 19.3902 2
    endloop
  endfacet
  facet normal -0 0 1
    outer loop
      vertex 5.55407 6.49179 2
      vertex 8 -19 2
      vertex 5.70081 7.22947 2
    endloop
  endfacet
  facet normal 0 0 1
    outer loop
      vertex 6 21 2
      vertex 7.96156 19.3902 2
      vertex 7.91388 19.5806 2
    endloop
  endfacet
  facet normal -0 0 1
    outer loop
      vertex 5.31231 5.77957 2
      vertex 8 -19 2
      vertex 5.55407 6.49179 2
    endloop
  endfacet
  facet normal 0 0 1
    outer loop
      vertex 6 21 2
      vertex 7.91388 19.5806 2
      vertex 7.84775 19.7654 2
    endloop
  endfacet
  facet normal 0 0 1
    outer loop
      vertex 4.1942 -11.3608 2
      vertex 5.31231 5.77957 2
      vertex 4.97965 5.105 2
    endloop
  endfacet
  facet normal 0 0 1
    outer loop
      vertex 6 21 2
      vertex 7.84775 19.7654 2
      vertex 7.76384 19.9428 2
    endloop
  endfacet
  facet normal 0 0 1
    outer loop
      vertex 5.31231 5.77957 2
      vertex 4.1942 -11.3608 2
      vertex 8 -19 2
    endloop
  endfacet
  facet normal 0 0 1
    outer loop
      vertex 6 21 2
      vertex 7.76384 19.9428 2
      vertex 7.66293 20.1111 2
    endloop
  endfacet
  facet normal -0 0 1
    outer loop
      vertex 4.22809 -15 2
      vertex 8 -19 2
      vertex 4.22809 -14.04 2
    endloop
  endfacet
  facet normal 0 0 1
    outer loop
      vertex 6 21 2
      vertex 7.66293 20.1111 2
      vertex 7.54602 20.2688 2
    endloop
  endfacet
  facet normal 0 -0 1
    outer loop
      vertex 6 -21 2
      vertex 8 -19 2
      vertex 4.22809 -15 2
    endloop
  endfacet
  facet normal 0 0 1
    outer loop
      vertex 6 21 2
      vertex 7.54602 20.2688 2
      vertex 7.4142 20.4142 2
    endloop
  endfacet
  facet normal 0 0 1
    outer loop
      vertex 8 19 2
      vertex 5.75 7.98 2
      vertex 5.70081 7.22947 2
    endloop
  endfacet
  facet normal 0 0 1
    outer loop
      vertex 6 21 2
      vertex 7.4142 20.4142 2
      vertex 7.26878 20.546 2
    endloop
  endfacet
  facet normal 0 0 1
    outer loop
      vertex 8 -19 2
      vertex 6 -21 2
      vertex 7.99036 -19.196 2
    endloop
  endfacet
  facet normal 0 0 1
    outer loop
      vertex 6 21 2
      vertex 7.26878 20.546 2
      vertex 7.11113 20.6629 2
    endloop
  endfacet
  facet normal 0 0 1
    outer loop
      vertex 7.99036 -19.196 2
      vertex 6 -21 2
      vertex 7.96156 -19.3902 2
    endloop
  endfacet
  facet normal 0 0 1
    outer loop
      vertex 6 21 2
      vertex 7.11113 20.6629 2
      vertex 6.94278 20.7638 2
    endloop
  endfacet
  facet normal 0 0 1
    outer loop
      vertex 7.91388 -19.5806 2
      vertex 6 -21 2
      vertex 7.84775 -19.7654 2
    endloop
  endfacet
  facet normal 0 0 1
    outer loop
      vertex 6 21 2
      vertex 6.94278 20.7638 2
      vertex 6.76537 20.8477 2
    endloop
  endfacet
  facet normal 0 0 1
    outer loop
      vertex 7.84775 -19.7654 2
      vertex 6 -21 2
      vertex 7.76384 -19.9428 2
    endloop
  endfacet
  facet normal 0 0 1
    outer loop
      vertex 6 21 2
      vertex 6.76537 20.8477 2
      vertex 6.58057 20.9139 2
    endloop
  endfacet
  facet normal 0 0 1
    outer loop
      vertex 7.76384 -19.9428 2
      vertex 6 -21 2
      vertex 7.66293 -20.1111 2
    endloop
  endfacet
  facet normal 0 0 1
    outer loop
      vertex 6 21 2
      vertex 6.58057 20.9139 2
      vertex 6.39017 20.9616 2
    endloop
  endfacet
  facet normal 0 0 1
    outer loop
      vertex 7.66293 -20.1111 2
      vertex 6 -21 2
      vertex 7.54602 -20.2688 2
    endloop
  endfacet
  facet normal 0 0 1
    outer loop
      vertex 6 21 2
      vertex 6.39017 20.9616 2
      vertex 6.19603 20.9904 2
    endloop
  endfacet
  facet normal 0 0 1
    outer loop
      vertex 7.54602 -20.2688 2
      vertex 6 -21 2
      vertex 7.4142 -20.4142 2
    endloop
  endfacet
  facet normal 0 0 1
    outer loop
      vertex 8 19 2
      vertex 6 21 2
      vertex 2.20043 13.2923 2
    endloop
  endfacet
  facet normal 0 0 1
    outer loop
      vertex 7.4142 -20.4142 2
      vertex 6 -21 2
      vertex 7.26878 -20.546 2
    endloop
  endfacet
  facet normal 0 0 1
    outer loop
      vertex 7.26878 -20.546 2
      vertex 6 -21 2
      vertex 7.11113 -20.6629 2
    endloop
  endfacet
  facet normal 0 0 1
    outer loop
      vertex 8 19 2
      vertex 5.70081 8.73053 2
      vertex 5.75 7.98 2
    endloop
  endfacet
  facet normal 0 0 1
    outer loop
      vertex 8 19 2
      vertex 5.55407 9.46821 2
      vertex 5.70081 8.73053 2
    endloop
  endfacet
  facet normal 0 0 1
    outer loop
      vertex 8 19 2
      vertex 5.31231 10.1804 2
      vertex 5.55407 9.46821 2
    endloop
  endfacet
  facet normal 0 0 1
    outer loop
      vertex 8 19 2
      vertex 4.97965 10.855 2
      vertex 5.31231 10.1804 2
    endloop
  endfacet
  facet normal 0 0 1
    outer loop
      vertex 8 19 2
      vertex 4.56178 11.4804 2
      vertex 4.97965 10.855 2
    endloop
  endfacet
  facet normal 0 0 1
    outer loop
      vertex 8 19 2
      vertex 4.06586 12.0459 2
      vertex 4.56178 11.4804 2
    endloop
  endfacet
  facet normal 0 0 1
    outer loop
      vertex 8 19 2
      vertex 3.50038 12.5418 2
      vertex 4.06586 12.0459 2
    endloop
  endfacet
  facet normal 0 0 1
    outer loop
      vertex 8 19 2
      vertex 2.875 12.9596 2
      vertex 3.50038 12.5418 2
    endloop
  endfacet
  facet normal 0 0 1
    outer loop
      vertex 8 19 2
      vertex 2.20043 13.2923 2
      vertex 2.875 12.9596 2
    endloop
  endfacet
  facet normal 0 0 1
    outer loop
      vertex 6 21 2
      vertex 1.48821 13.5341 2
      vertex 2.20043 13.2923 2
    endloop
  endfacet
  facet normal 0 0 1
    outer loop
      vertex 6 21 2
      vertex 0.750525 13.6808 2
      vertex 1.48821 13.5341 2
    endloop
  endfacet
  facet normal -0 0 1
    outer loop
      vertex -3.75736 21 2
      vertex 0.750525 13.6808 2
      vertex 6 21 2
    endloop
  endfacet
  facet normal 0 0 1
    outer loop
      vertex 0.750525 13.6808 2
      vertex -3.75736 21 2
      vertex 0 13.73 2
    endloop
  endfacet
  facet normal 0 0 1
    outer loop
      vertex 0 13.73 2
      vertex -3.75736 21 2
      vertex -0.750525 13.6808 2
    endloop
  endfacet
  facet normal 0 0 1
    outer loop
      vertex -0.750525 13.6808 2
      vertex -3.75736 21 2
      vertex -1.48821 13.5341 2
    endloop
  endfacet
  facet normal 0 0 1
    outer loop
      vertex -1.48821 13.5341 2
      vertex -3.75736 21 2
      vertex -2.20043 13.2923 2
    endloop
  endfacet
  facet normal -0 0 1
    outer loop
      vertex -8 16.7574 2
      vertex -2.20043 13.2923 2
      vertex -3.75736 21 2
    endloop
  endfacet
  facet normal 0 0 1
    outer loop
      vertex -2.20043 13.2923 2
      vertex -8 16.7574 2
      vertex -2.875 12.9596 2
    endloop
  endfacet
  facet normal 0 0 1
    outer loop
      vertex -2.875 12.9596 2
      vertex -8 16.7574 2
      vertex -3.50038 12.5418 2
    endloop
  endfacet
  facet normal 0 0 1
    outer loop
      vertex -3.50038 12.5418 2
      vertex -8 16.7574 2
      vertex -4.06586 12.0459 2
    endloop
  endfacet
  facet normal 0 0 1
    outer loop
      vertex -4.06586 12.0459 2
      vertex -8 16.7574 2
      vertex -4.56178 11.4804 2
    endloop
  endfacet
  facet normal 0 0 1
    outer loop
      vertex -4.56178 11.4804 2
      vertex -8 16.7574 2
      vertex -4.97965 10.855 2
    endloop
  endfacet
  facet normal 0 0 1
    outer loop
      vertex -4.97965 10.855 2
      vertex -8 16.7574 2
      vertex -5.31231 10.1804 2
    endloop
  endfacet
  facet normal 0 0 1
    outer loop
      vertex -5.31231 10.1804 2
      vertex -8 16.7574 2
      vertex -5.55407 9.46821 2
    endloop
  endfacet
  facet normal 0 0 1
    outer loop
      vertex -4.40674 -14.0784 2
      vertex -6.19603 -20.9904 2
      vertex -6 -21 2
    endloop
  endfacet
  facet normal 0 0 1
    outer loop
      vertex -5.70081 7.22947 2
      vertex -8 -19 2
      vertex -6.19603 -20.9904 2
    endloop
  endfacet
  facet normal 0 0 1
    outer loop
      vertex -6.19603 -20.9904 2
      vertex -8 -19 2
      vertex -6.39017 -20.9616 2
    endloop
  endfacet
  facet normal 0 0 1
    outer loop
      vertex -6.39017 -20.9616 2
      vertex -8 -19 2
      vertex -6.58057 -20.9139 2
    endloop
  endfacet
  facet normal 0 0 1
    outer loop
      vertex -6.58057 -20.9139 2
      vertex -8 -19 2
      vertex -6.76537 -20.8477 2
    endloop
  endfacet
  facet normal 0 0 1
    outer loop
      vertex -6.76537 -20.8477 2
      vertex -8 -19 2
      vertex -6.94278 -20.7638 2
    endloop
  endfacet
  facet normal 0 0 1
    outer loop
      vertex -6.94278 -20.7638 2
      vertex -8 -19 2
      vertex -7.11113 -20.6629 2
    endloop
  endfacet
  facet normal 0 0 1
    outer loop
      vertex -7.11113 -20.6629 2
      vertex -8 -19 2
      vertex -7.26878 -20.546 2
    endloop
  endfacet
  facet normal 0 0 1
    outer loop
      vertex -7.26878 -20.546 2
      vertex -8 -19 2
      vertex -7.4142 -20.4142 2
    endloop
  endfacet
  facet normal 0 0 1
    outer loop
      vertex -7.4142 -20.4142 2
      vertex -8 -19 2
      vertex -7.54602 -20.2688 2
    endloop
  endfacet
  facet normal 0 0 1
    outer loop
      vertex -8 16.7574 2
      vertex -5.75 7.98 2
      vertex -5.70081 8.73053 2
    endloop
  endfacet
  facet normal 0 0 1
    outer loop
      vertex -7.54602 -20.2688 2
      vertex -8 -19 2
      vertex -7.66293 -20.1111 2
    endloop
  endfacet
  facet normal 0 0 1
    outer loop
      vertex -7.66293 -20.1111 2
      vertex -8 -19 2
      vertex -7.76384 -19.9428 2
    endloop
  endfacet
  facet normal 0 0 1
    outer loop
      vertex -7.76384 -19.9428 2
      vertex -8 -19 2
      vertex -7.84775 -19.7654 2
    endloop
  endfacet
  facet normal 0 0 1
    outer loop
      vertex -7.84775 -19.7654 2
      vertex -8 -19 2
      vertex -7.91388 -19.5806 2
    endloop
  endfacet
  facet normal 0 0 1
    outer loop
      vertex -7.91388 -19.5806 2
      vertex -8 -19 2
      vertex -7.96156 -19.3902 2
    endloop
  endfacet
  facet normal 0 0 1
    outer loop
      vertex -5.55407 9.46821 2
      vertex -8 16.7574 2
      vertex -5.70081 8.73053 2
    endloop
  endfacet
  facet normal 0 0 1
    outer loop
      vertex -5.70081 7.22947 2
      vertex -8 16.7574 2
      vertex -8 -19 2
    endloop
  endfacet
  facet normal 0 0 1
    outer loop
      vertex -7.96156 -19.3902 2
      vertex -8 -19 2
      vertex -7.99036 -19.196 2
    endloop
  endfacet
  facet normal 0 0 1
    outer loop
      vertex 6.94278 -20.7638 2
      vertex 6 -21 2
      vertex 6.76537 -20.8477 2
    endloop
  endfacet
  facet normal 0 0 1
    outer loop
      vertex 6.76537 -20.8477 2
      vertex 6 -21 2
      vertex 6.58057 -20.9139 2
    endloop
  endfacet
  facet normal 0 0 1
    outer loop
      vertex 7.11113 -20.6629 2
      vertex 6 -21 2
      vertex 6.94278 -20.7638 2
    endloop
  endfacet
  facet normal 0 0 1
    outer loop
      vertex 7.96156 -19.3902 2
      vertex 6 -21 2
      vertex 7.91388 -19.5806 2
    endloop
  endfacet
  facet normal 0 0 1
    outer loop
      vertex 4.03879 -10.663 2
      vertex 4.97965 5.105 2
      vertex 4.56178 4.47962 2
    endloop
  endfacet
  facet normal 0 0 1
    outer loop
      vertex 6.58057 -20.9139 2
      vertex 6 -21 2
      vertex 6.39017 -20.9616 2
    endloop
  endfacet
  facet normal 0 0 1
    outer loop
      vertex 6.39017 -20.9616 2
      vertex 6 -21 2
      vertex 6.19603 -20.9904 2
    endloop
  endfacet
  facet normal -0 0 1
    outer loop
      vertex 0.549286 -15 2
      vertex 6 -21 2
      vertex 4.22809 -15 2
    endloop
  endfacet
  facet normal 0 0 1
    outer loop
      vertex -0.487717 -10.3519 2
      vertex 0.562836 -11.256 2
      vertex 0 -10.4 2
    endloop
  endfacet
  facet normal 0 0 1
    outer loop
      vertex -0.205795 -14.0784 2
      vertex 0.549286 -14.04 2
      vertex -0.205795 -13.1312 2
    endloop
  endfacet
  facet normal 0 0 1
    outer loop
      vertex 0.549286 -14.04 2
      vertex -0.205795 -14.0784 2
      vertex 0.549286 -15 2
    endloop
  endfacet
  facet normal 0 0 1
    outer loop
      vertex -0.927994 -15 2
      vertex -0.205795 -14.0784 2
      vertex -0.927994 -14.0784 2
    endloop
  endfacet
  facet normal 0 0 1
    outer loop
      vertex -0.205795 -14.0784 2
      vertex -0.927994 -15 2
      vertex 0.549286 -15 2
    endloop
  endfacet
  facet normal 0 0 1
    outer loop
      vertex -6 -21 2
      vertex 0.549286 -15 2
      vertex -0.927994 -15 2
    endloop
  endfacet
  facet normal 0 0 1
    outer loop
      vertex -6 -21 2
      vertex -0.927994 -15 2
      vertex -2.16214 -15 2
    endloop
  endfacet
  facet normal 0 0 1
    outer loop
      vertex -6 -21 2
      vertex -2.16214 -15 2
      vertex -4.40674 -14.0784 2
    endloop
  endfacet
  facet normal 0 0 1
    outer loop
      vertex -5.31231 5.77957 2
      vertex -4.40674 -12.9593 2
      vertex -4.97965 5.105 2
    endloop
  endfacet
  facet normal 0 0 1
    outer loop
      vertex -5.55407 6.49179 2
      vertex -4.40674 -12.9593 2
      vertex -5.31231 5.77957 2
    endloop
  endfacet
  facet normal 0 0 1
    outer loop
      vertex -6.19603 -20.9904 2
      vertex -4.40674 -12.9593 2
      vertex -5.55407 6.49179 2
    endloop
  endfacet
  facet normal 0 0 1
    outer loop
      vertex -6.19603 -20.9904 2
      vertex -5.55407 6.49179 2
      vertex -5.70081 7.22947 2
    endloop
  endfacet
  facet normal 0 0 1
    outer loop
      vertex -8 16.7574 2
      vertex -5.70081 7.22947 2
      vertex -5.75 7.98 2
    endloop
  endfacet
  facet normal 0 0 1
    outer loop
      vertex 0.549286 -15 2
      vertex -6 -21 2
      vertex 6 -21 2
    endloop
  endfacet
  facet normal 0 0 1
    outer loop
      vertex -6.19603 -20.9904 2
      vertex -4.40674 -14.0784 2
      vertex -4.40674 -12.9593 2
    endloop
  endfacet
  facet normal -0 0 1
    outer loop
      vertex 4.18364 -11.5419 2
      vertex 8 -19 2
      vertex 4.19156 -11.4521 2
    endloop
  endfacet
  facet normal 0 0 1
    outer loop
      vertex 8 -19 2
      vertex 4.18364 -11.5419 2
      vertex 4.22809 -14.04 2
    endloop
  endfacet
  facet normal -0 0 1
    outer loop
      vertex 4.17046 -11.6304 2
      vertex 4.22809 -14.04 2
      vertex 4.18364 -11.5419 2
    endloop
  endfacet
  facet normal -0 0 1
    outer loop
      vertex 4.15199 -11.7176 2
      vertex 4.22809 -14.04 2
      vertex 4.17046 -11.6304 2
    endloop
  endfacet
  facet normal -0 0 1
    outer loop
      vertex 4.12827 -11.8033 2
      vertex 4.22809 -14.04 2
      vertex 4.15199 -11.7176 2
    endloop
  endfacet
  facet normal -0 0 1
    outer loop
      vertex 4.09926 -11.8876 2
      vertex 4.22809 -14.04 2
      vertex 4.12827 -11.8033 2
    endloop
  endfacet
  facet normal -0 0 1
    outer loop
      vertex 4.06497 -11.9706 2
      vertex 4.22809 -14.04 2
      vertex 4.09926 -11.8876 2
    endloop
  endfacet
  facet normal -0 0 1
    outer loop
      vertex 4.02542 -12.0522 2
      vertex 4.22809 -14.04 2
      vertex 4.06497 -11.9706 2
    endloop
  endfacet
  facet normal -0 0 1
    outer loop
      vertex 3.98059 -12.1324 2
      vertex 4.22809 -14.04 2
      vertex 4.02542 -12.0522 2
    endloop
  endfacet
  facet normal -0 0 1
    outer loop
      vertex 3.92731 -12.2149 2
      vertex 4.22809 -14.04 2
      vertex 3.98059 -12.1324 2
    endloop
  endfacet
  facet normal -0 0 1
    outer loop
      vertex 3.86238 -12.3034 2
      vertex 4.22809 -14.04 2
      vertex 3.92731 -12.2149 2
    endloop
  endfacet
  facet normal -0 0 1
    outer loop
      vertex 3.78583 -12.3979 2
      vertex 4.22809 -14.04 2
      vertex 3.86238 -12.3034 2
    endloop
  endfacet
  facet normal -0 0 1
    outer loop
      vertex 3.69763 -12.4984 2
      vertex 4.22809 -14.04 2
      vertex 3.78583 -12.3979 2
    endloop
  endfacet
  facet normal -0 0 1
    outer loop
      vertex 3.59779 -12.6048 2
      vertex 4.22809 -14.04 2
      vertex 3.69763 -12.4984 2
    endloop
  endfacet
  facet normal -0 0 1
    outer loop
      vertex 3.48633 -12.7173 2
      vertex 4.22809 -14.04 2
      vertex 3.59779 -12.6048 2
    endloop
  endfacet
  facet normal -0 0 1
    outer loop
      vertex 3.36322 -12.8357 2
      vertex 4.22809 -14.04 2
      vertex 3.48633 -12.7173 2
    endloop
  endfacet
  facet normal -0 0 1
    outer loop
      vertex 3.22847 -12.9601 2
      vertex 4.22809 -14.04 2
      vertex 3.36322 -12.8357 2
    endloop
  endfacet
  facet normal -0 0 1
    outer loop
      vertex 3.08209 -13.0905 2
      vertex 4.22809 -14.04 2
      vertex 3.22847 -12.9601 2
    endloop
  endfacet
  facet normal 0 0 1
    outer loop
      vertex 4.22809 -14.04 2
      vertex 3.08209 -13.0905 2
      vertex 2.00044 -14.04 2
    endloop
  endfacet
  facet normal -0 0 1
    outer loop
      vertex 2.30969 -8.8567 2
      vertex 3.00618 -9.92386 2
      vertex 2.45195 -8.38772 2
    endloop
  endfacet
  facet normal 0 0 1
    outer loop
      vertex 3.00618 -9.92386 2
      vertex 2.30969 -8.8567 2
      vertex 2.83926 -9.88927 2
    endloop
  endfacet
  facet normal 0 0 1
    outer loop
      vertex 2.83926 -9.88927 2
      vertex 2.30969 -8.8567 2
      vertex 2.66235 -9.86456 2
    endloop
  endfacet
  facet normal -0 0 1
    outer loop
      vertex 2.07866 -9.28892 2
      vertex 2.66235 -9.86456 2
      vertex 2.30969 -8.8567 2
    endloop
  endfacet
  facet normal 0 0 1
    outer loop
      vertex 2.66235 -9.86456 2
      vertex 2.07866 -9.28892 2
      vertex 2.47542 -9.84975 2
    endloop
  endfacet
  facet normal 0 0 1
    outer loop
      vertex 2.47542 -9.84975 2
      vertex 2.07866 -9.28892 2
      vertex 2.27849 -9.8448 2
    endloop
  endfacet
  facet normal 0 0 1
    outer loop
      vertex 2.27849 -9.8448 2
      vertex 2.07866 -9.28892 2
      vertex 2.18636 -9.84575 2
    endloop
  endfacet
  facet normal 0 0 1
    outer loop
      vertex 2.18636 -9.84575 2
      vertex 2.07866 -9.28892 2
      vertex 2.09381 -9.84857 2
    endloop
  endfacet
  facet normal 0 0 1
    outer loop
      vertex 2.07866 -9.28892 2
      vertex 2.00084 -9.85326 2
      vertex 2.09381 -9.84857 2
    endloop
  endfacet
  facet normal -0 0 1
    outer loop
      vertex 1.76776 -9.66776 2
      vertex 2.00084 -9.85326 2
      vertex 2.07866 -9.28892 2
    endloop
  endfacet
  facet normal 0 0 1
    outer loop
      vertex 2.00084 -9.85326 2
      vertex 1.76776 -9.66776 2
      vertex 1.90746 -9.85983 2
    endloop
  endfacet
  facet normal 0 0 1
    outer loop
      vertex 1.90746 -9.85983 2
      vertex 1.76776 -9.66776 2
      vertex 1.81364 -9.8683 2
    endloop
  endfacet
  facet normal 0 0 1
    outer loop
      vertex 1.76776 -9.66776 2
      vertex 1.71942 -9.87863 2
      vertex 1.81364 -9.8683 2
    endloop
  endfacet
  facet normal 0 0 1
    outer loop
      vertex 1.76776 -9.66776 2
      vertex 1.62479 -9.89084 2
      vertex 1.71942 -9.87863 2
    endloop
  endfacet
  facet normal 0 0 1
    outer loop
      vertex 1.76776 -9.66776 2
      vertex 1.52972 -9.90494 2
      vertex 1.62479 -9.89084 2
    endloop
  endfacet
  facet normal 0 -0 1
    outer loop
      vertex 1.52972 -9.90494 2
      vertex 1.76776 -9.66776 2
      vertex 1.46569 -9.91565 2
    endloop
  endfacet
  facet normal 0 0 1
    outer loop
      vertex -0.927994 -13.1312 2
      vertex 0.562836 -11.256 2
      vertex -0.487717 -10.3519 2
    endloop
  endfacet
  facet normal 0 0 1
    outer loop
      vertex -0.927994 -13.1312 2
      vertex -0.487717 -10.3519 2
      vertex -0.927994 -10.2184 2
    endloop
  endfacet
  facet normal 0 0 1
    outer loop
      vertex 0.562836 -11.256 2
      vertex -0.927994 -13.1312 2
      vertex -0.205795 -13.1312 2
    endloop
  endfacet
  facet normal 0 0 1
    outer loop
      vertex -1.76776 -9.66776 2
      vertex -2.37915 -9.93761 2
      vertex -1.43894 -9.93761 2
    endloop
  endfacet
  facet normal 0 0 1
    outer loop
      vertex -2.07866 -9.28892 2
      vertex -2.37915 -9.93761 2
      vertex -1.76776 -9.66776 2
    endloop
  endfacet
  facet normal 0 0 1
    outer loop
      vertex -2.30969 -8.8567 2
      vertex -2.37915 -9.93761 2
      vertex -2.07866 -9.28892 2
    endloop
  endfacet
  facet normal 0 0 1
    outer loop
      vertex -2.45195 -8.38772 2
      vertex -2.37915 -9.93761 2
      vertex -2.30969 -8.8567 2
    endloop
  endfacet
  facet normal 0 0 1
    outer loop
      vertex -4.40674 -12.9593 2
      vertex -2.45195 -8.38772 2
      vertex -2.5 -7.9 2
    endloop
  endfacet
  facet normal 0 0 1
    outer loop
      vertex -4.06586 3.91414 2
      vertex -2.5 1.6 2
      vertex -3.50038 3.41822 2
    endloop
  endfacet
  facet normal 0 0 1
    outer loop
      vertex -2.5 1.6 2
      vertex -4.06586 3.91414 2
      vertex -2.5 -7.9 2
    endloop
  endfacet
  facet normal 0 0 1
    outer loop
      vertex -4.56178 4.47962 2
      vertex -2.5 -7.9 2
      vertex -4.06586 3.91414 2
    endloop
  endfacet
  facet normal 0 0 1
    outer loop
      vertex -2.45195 -8.38772 2
      vertex -4.40674 -12.9593 2
      vertex -2.37915 -9.93761 2
    endloop
  endfacet
  facet normal 0 0 1
    outer loop
      vertex -2.5 -7.9 2
      vertex -4.97965 5.105 2
      vertex -4.40674 -12.9593 2
    endloop
  endfacet
  facet normal 0 0 1
    outer loop
      vertex -4.97965 5.105 2
      vertex -2.5 -7.9 2
      vertex -4.56178 4.47962 2
    endloop
  endfacet
  facet normal 0 0 1
    outer loop
      vertex -2.16214 -11.0123 2
      vertex -3.59299 -13.1312 2
      vertex -2.16214 -13.1312 2
    endloop
  endfacet
  facet normal -0.980784 -0.195098 0
    outer loop
      vertex 5.70081 8.73053 0
      vertex 5.55407 9.46821 2
      vertex 5.55407 9.46821 0
    endloop
  endfacet
  facet normal -0.980784 -0.195098 0
    outer loop
      vertex 5.55407 9.46821 2
      vertex 5.70081 8.73053 0
      vertex 5.70081 8.73053 2
    endloop
  endfacet
  facet normal -0.997859 -0.0654 0
    outer loop
      vertex 5.75 7.98 0
      vertex 5.70081 8.73053 2
      vertex 5.70081 8.73053 0
    endloop
  endfacet
  facet normal -0.997859 -0.0654 0
    outer loop
      vertex 5.70081 8.73053 2
      vertex 5.75 7.98 0
      vertex 5.75 7.98 2
    endloop
  endfacet
  facet normal 0.659351 0.751835 -0
    outer loop
      vertex -3.50038 3.41822 0
      vertex -4.06586 3.91414 2
      vertex -3.50038 3.41822 2
    endloop
  endfacet
  facet normal 0.659351 0.751835 0
    outer loop
      vertex -4.06586 3.91414 2
      vertex -3.50038 3.41822 0
      vertex -4.06586 3.91414 0
    endloop
  endfacet
  facet normal 0.44233 -0.896852 0
    outer loop
      vertex -2.875 12.9596 0
      vertex -2.20043 13.2923 2
      vertex -2.875 12.9596 2
    endloop
  endfacet
  facet normal 0.44233 -0.896852 0
    outer loop
      vertex -2.20043 13.2923 2
      vertex -2.875 12.9596 0
      vertex -2.20043 13.2923 0
    endloop
  endfacet
  facet normal 0.32148 -0.946916 0
    outer loop
      vertex -2.20043 13.2923 0
      vertex -1.48821 13.5341 2
      vertex -2.20043 13.2923 2
    endloop
  endfacet
  facet normal 0.32148 -0.946916 0
    outer loop
      vertex -1.48821 13.5341 2
      vertex -2.20043 13.2923 0
      vertex -1.48821 13.5341 0
    endloop
  endfacet
  facet normal -0.751847 -0.659338 0
    outer loop
      vertex 4.56178 11.4804 0
      vertex 4.06586 12.0459 2
      vertex 4.06586 12.0459 0
    endloop
  endfacet
  facet normal -0.751847 -0.659338 0
    outer loop
      vertex 4.06586 12.0459 2
      vertex 4.56178 11.4804 0
      vertex 4.56178 11.4804 2
    endloop
  endfacet
  facet normal 0.997859 -0.0654 0
    outer loop
      vertex -5.75 7.98 2
      vertex -5.70081 8.73053 0
      vertex -5.70081 8.73053 2
    endloop
  endfacet
  facet normal 0.997859 -0.0654 0
    outer loop
      vertex -5.70081 8.73053 0
      vertex -5.75 7.98 2
      vertex -5.75 7.98 0
    endloop
  endfacet
  facet normal 0.946933 0.321432 0
    outer loop
      vertex -5.31231 5.77957 2
      vertex -5.55407 6.49179 0
      vertex -5.55407 6.49179 2
    endloop
  endfacet
  facet normal 0.946933 0.321432 0
    outer loop
      vertex -5.55407 6.49179 0
      vertex -5.31231 5.77957 2
      vertex -5.31231 5.77957 0
    endloop
  endfacet
  facet normal -0.896873 0.442288 0
    outer loop
      vertex 4.97965 5.105 0
      vertex 5.31231 5.77957 2
      vertex 5.31231 5.77957 0
    endloop
  endfacet
  facet normal -0.896873 0.442288 0
    outer loop
      vertex 5.31231 5.77957 2
      vertex 4.97965 5.105 0
      vertex 4.97965 5.105 2
    endloop
  endfacet
  facet normal -0.997859 0.0654 0
    outer loop
      vertex 5.70081 7.22947 0
      vertex 5.75 7.98 2
      vertex 5.75 7.98 0
    endloop
  endfacet
  facet normal -0.997859 0.0654 0
    outer loop
      vertex 5.75 7.98 2
      vertex 5.70081 7.22947 0
      vertex 5.70081 7.22947 2
    endloop
  endfacet
  facet normal 0.659336 -0.751848 0
    outer loop
      vertex -4.06586 12.0459 0
      vertex -3.50038 12.5418 2
      vertex -4.06586 12.0459 2
    endloop
  endfacet
  facet normal 0.659336 -0.751848 0
    outer loop
      vertex -3.50038 12.5418 2
      vertex -4.06586 12.0459 0
      vertex -3.50038 12.5418 0
    endloop
  endfacet
  facet normal 0.997859 0.0654 0
    outer loop
      vertex -5.70081 7.22947 2
      vertex -5.75 7.98 0
      vertex -5.75 7.98 2
    endloop
  endfacet
  facet normal 0.997859 0.0654 0
    outer loop
      vertex -5.75 7.98 0
      vertex -5.70081 7.22947 2
      vertex -5.70081 7.22947 0
    endloop
  endfacet
  facet normal -0.831467 0.555574 0
    outer loop
      vertex 4.56178 4.47962 0
      vertex 4.97965 5.105 2
      vertex 4.97965 5.105 0
    endloop
  endfacet
  facet normal -0.831467 0.555574 0
    outer loop
      vertex 4.97965 5.105 2
      vertex 4.56178 4.47962 0
      vertex 4.56178 4.47962 2
    endloop
  endfacet
  facet normal -0.831475 -0.555562 0
    outer loop
      vertex 4.97965 10.855 0
      vertex 4.56178 11.4804 2
      vertex 4.56178 11.4804 0
    endloop
  endfacet
  facet normal -0.831475 -0.555562 0
    outer loop
      vertex 4.56178 11.4804 2
      vertex 4.97965 10.855 0
      vertex 4.97965 10.855 2
    endloop
  endfacet
  facet normal -0.946933 0.321432 0
    outer loop
      vertex 5.31231 5.77957 0
      vertex 5.55407 6.49179 2
      vertex 5.55407 6.49179 0
    endloop
  endfacet
  facet normal -0.946933 0.321432 0
    outer loop
      vertex 5.55407 6.49179 2
      vertex 5.31231 5.77957 0
      vertex 5.31231 5.77957 2
    endloop
  endfacet
  facet normal -0.44233 -0.896852 0
    outer loop
      vertex 2.20043 13.2923 0
      vertex 2.875 12.9596 2
      vertex 2.20043 13.2923 2
    endloop
  endfacet
  facet normal -0.44233 -0.896852 -0
    outer loop
      vertex 2.875 12.9596 2
      vertex 2.20043 13.2923 0
      vertex 2.875 12.9596 0
    endloop
  endfacet
  facet normal -0.555574 0.831467 0
    outer loop
      vertex 3.50038 3.41822 0
      vertex 2.875 3.00035 2
      vertex 3.50038 3.41822 2
    endloop
  endfacet
  facet normal -0.555574 0.831467 0
    outer loop
      vertex 2.875 3.00035 2
      vertex 3.50038 3.41822 0
      vertex 2.875 3.00035 0
    endloop
  endfacet
  facet normal 0.980784 -0.195098 0
    outer loop
      vertex -5.70081 8.73053 2
      vertex -5.55407 9.46821 0
      vertex -5.55407 9.46821 2
    endloop
  endfacet
  facet normal 0.980784 -0.195098 0
    outer loop
      vertex -5.55407 9.46821 0
      vertex -5.70081 8.73053 2
      vertex -5.70081 8.73053 0
    endloop
  endfacet
  facet normal 0.980784 0.195098 0
    outer loop
      vertex -5.55407 6.49179 2
      vertex -5.70081 7.22947 0
      vertex -5.70081 7.22947 2
    endloop
  endfacet
  facet normal 0.980784 0.195098 0
    outer loop
      vertex -5.70081 7.22947 0
      vertex -5.55407 6.49179 2
      vertex -5.55407 6.49179 0
    endloop
  endfacet
  facet normal -0.55551 -0.83151 0
    outer loop
      vertex 2.875 12.9596 0
      vertex 3.50038 12.5418 2
      vertex 2.875 12.9596 2
    endloop
  endfacet
  facet normal -0.55551 -0.83151 -0
    outer loop
      vertex 3.50038 12.5418 2
      vertex 2.875 12.9596 0
      vertex 3.50038 12.5418 0
    endloop
  endfacet
  facet normal -0.896881 -0.442272 0
    outer loop
      vertex 5.31231 10.1804 0
      vertex 4.97965 10.855 2
      vertex 4.97965 10.855 0
    endloop
  endfacet
  facet normal -0.896881 -0.442272 0
    outer loop
      vertex 4.97965 10.855 2
      vertex 5.31231 10.1804 0
      vertex 5.31231 10.1804 2
    endloop
  endfacet
  facet normal 0.896873 0.442288 0
    outer loop
      vertex -4.97965 5.105 2
      vertex -5.31231 5.77957 0
      vertex -5.31231 5.77957 2
    endloop
  endfacet
  facet normal 0.896873 0.442288 0
    outer loop
      vertex -5.31231 5.77957 0
      vertex -4.97965 5.105 2
      vertex -4.97965 5.105 0
    endloop
  endfacet
  facet normal 0.946928 -0.321444 0
    outer loop
      vertex -5.55407 9.46821 2
      vertex -5.31231 10.1804 0
      vertex -5.31231 10.1804 2
    endloop
  endfacet
  facet normal 0.946928 -0.321444 0
    outer loop
      vertex -5.31231 10.1804 0
      vertex -5.55407 9.46821 2
      vertex -5.55407 9.46821 0
    endloop
  endfacet
  facet normal -0.659336 -0.751848 0
    outer loop
      vertex 3.50038 12.5418 0
      vertex 4.06586 12.0459 2
      vertex 3.50038 12.5418 2
    endloop
  endfacet
  facet normal -0.659336 -0.751848 -0
    outer loop
      vertex 4.06586 12.0459 2
      vertex 3.50038 12.5418 0
      vertex 4.06586 12.0459 0
    endloop
  endfacet
  facet normal -0.980784 0.195098 0
    outer loop
      vertex 5.55407 6.49179 0
      vertex 5.70081 7.22947 2
      vertex 5.70081 7.22947 0
    endloop
  endfacet
  facet normal -0.980784 0.195098 0
    outer loop
      vertex 5.70081 7.22947 2
      vertex 5.55407 6.49179 0
      vertex 5.55407 6.49179 2
    endloop
  endfacet
  facet normal 0.751835 0.659351 0
    outer loop
      vertex -4.06586 3.91414 2
      vertex -4.56178 4.47962 0
      vertex -4.56178 4.47962 2
    endloop
  endfacet
  facet normal 0.751835 0.659351 0
    outer loop
      vertex -4.56178 4.47962 0
      vertex -4.06586 3.91414 2
      vertex -4.06586 3.91414 0
    endloop
  endfacet
  facet normal -0.32148 -0.946916 0
    outer loop
      vertex 1.48821 13.5341 0
      vertex 2.20043 13.2923 2
      vertex 1.48821 13.5341 2
    endloop
  endfacet
  facet normal -0.32148 -0.946916 -0
    outer loop
      vertex 2.20043 13.2923 2
      vertex 1.48821 13.5341 0
      vertex 2.20043 13.2923 0
    endloop
  endfacet
  facet normal 0.751847 -0.659338 0
    outer loop
      vertex -4.56178 11.4804 2
      vertex -4.06586 12.0459 0
      vertex -4.06586 12.0459 2
    endloop
  endfacet
  facet normal 0.751847 -0.659338 0
    outer loop
      vertex -4.06586 12.0459 0
      vertex -4.56178 11.4804 2
      vertex -4.56178 11.4804 0
    endloop
  endfacet
  facet normal 0.55551 -0.83151 0
    outer loop
      vertex -3.50038 12.5418 0
      vertex -2.875 12.9596 2
      vertex -3.50038 12.5418 2
    endloop
  endfacet
  facet normal 0.55551 -0.83151 0
    outer loop
      vertex -2.875 12.9596 2
      vertex -3.50038 12.5418 0
      vertex -2.875 12.9596 0
    endloop
  endfacet
  facet normal -0.946928 -0.321444 0
    outer loop
      vertex 5.55407 9.46821 0
      vertex 5.31231 10.1804 2
      vertex 5.31231 10.1804 0
    endloop
  endfacet
  facet normal -0.946928 -0.321444 0
    outer loop
      vertex 5.31231 10.1804 2
      vertex 5.55407 9.46821 0
      vertex 5.55407 9.46821 2
    endloop
  endfacet
  facet normal 0.0654137 -0.997858 0
    outer loop
      vertex -0.750525 13.6808 0
      vertex 0 13.73 2
      vertex -0.750525 13.6808 2
    endloop
  endfacet
  facet normal 0.0654137 -0.997858 0
    outer loop
      vertex 0 13.73 2
      vertex -0.750525 13.6808 0
      vertex 0 13.73 0
    endloop
  endfacet
  facet normal -0.442281 0.896877 0
    outer loop
      vertex 2.875 3.00035 0
      vertex 2.23994 2.68718 2
      vertex 2.875 3.00035 2
    endloop
  endfacet
  facet normal -0.442281 0.896877 0
    outer loop
      vertex 2.23994 2.68718 2
      vertex 2.875 3.00035 0
      vertex 2.23994 2.68718 0
    endloop
  endfacet
  facet normal 0.195046 -0.980794 0
    outer loop
      vertex -1.48821 13.5341 0
      vertex -0.750525 13.6808 2
      vertex -1.48821 13.5341 2
    endloop
  endfacet
  facet normal 0.195046 -0.980794 0
    outer loop
      vertex -0.750525 13.6808 2
      vertex -1.48821 13.5341 0
      vertex -0.750525 13.6808 0
    endloop
  endfacet
  facet normal 0.831467 0.555574 0
    outer loop
      vertex -4.56178 4.47962 2
      vertex -4.97965 5.105 0
      vertex -4.97965 5.105 2
    endloop
  endfacet
  facet normal 0.831467 0.555574 0
    outer loop
      vertex -4.97965 5.105 0
      vertex -4.56178 4.47962 2
      vertex -4.56178 4.47962 0
    endloop
  endfacet
  facet normal -0.0654137 -0.997858 0
    outer loop
      vertex 0 13.73 0
      vertex 0.750525 13.6808 2
      vertex 0 13.73 2
    endloop
  endfacet
  facet normal -0.0654137 -0.997858 -0
    outer loop
      vertex 0.750525 13.6808 2
      vertex 0 13.73 0
      vertex 0.750525 13.6808 0
    endloop
  endfacet
  facet normal 0.831475 -0.555562 0
    outer loop
      vertex -4.97965 10.855 2
      vertex -4.56178 11.4804 0
      vertex -4.56178 11.4804 2
    endloop
  endfacet
  facet normal 0.831475 -0.555562 0
    outer loop
      vertex -4.56178 11.4804 0
      vertex -4.97965 10.855 2
      vertex -4.97965 10.855 0
    endloop
  endfacet
  facet normal 0.896881 -0.442272 0
    outer loop
      vertex -5.31231 10.1804 2
      vertex -4.97965 10.855 0
      vertex -4.97965 10.855 2
    endloop
  endfacet
  facet normal 0.896881 -0.442272 0
    outer loop
      vertex -4.97965 10.855 0
      vertex -5.31231 10.1804 2
      vertex -5.31231 10.1804 0
    endloop
  endfacet
  facet normal -0.195046 -0.980794 0
    outer loop
      vertex 0.750525 13.6808 0
      vertex 1.48821 13.5341 2
      vertex 0.750525 13.6808 2
    endloop
  endfacet
  facet normal -0.195046 -0.980794 -0
    outer loop
      vertex 1.48821 13.5341 2
      vertex 0.750525 13.6808 0
      vertex 1.48821 13.5341 0
    endloop
  endfacet
  facet normal 0.555574 0.831467 -0
    outer loop
      vertex -2.875 3.00035 0
      vertex -3.50038 3.41822 2
      vertex -2.875 3.00035 2
    endloop
  endfacet
  facet normal 0.555574 0.831467 0
    outer loop
      vertex -3.50038 3.41822 2
      vertex -2.875 3.00035 0
      vertex -3.50038 3.41822 0
    endloop
  endfacet
  facet normal 0.442281 0.896877 -0
    outer loop
      vertex -2.23994 2.68718 0
      vertex -2.875 3.00035 2
      vertex -2.23994 2.68718 2
    endloop
  endfacet
  facet normal 0.442281 0.896877 0
    outer loop
      vertex -2.875 3.00035 2
      vertex -2.23994 2.68718 0
      vertex -2.875 3.00035 0
    endloop
  endfacet
  facet normal -0.659351 0.751835 0
    outer loop
      vertex 4.06586 3.91414 0
      vertex 3.50038 3.41822 2
      vertex 4.06586 3.91414 2
    endloop
  endfacet
  facet normal -0.659351 0.751835 0
    outer loop
      vertex 3.50038 3.41822 2
      vertex 4.06586 3.91414 0
      vertex 3.50038 3.41822 0
    endloop
  endfacet
  facet normal -0.751835 0.659351 0
    outer loop
      vertex 4.06586 3.91414 0
      vertex 4.56178 4.47962 2
      vertex 4.56178 4.47962 0
    endloop
  endfacet
  facet normal -0.751835 0.659351 0
    outer loop
      vertex 4.56178 4.47962 2
      vertex 4.06586 3.91414 0
      vertex 4.06586 3.91414 2
    endloop
  endfacet
  facet normal 0.956942 0.290278 0
    outer loop
      vertex -2.30969 -8.8567 2
      vertex -2.45195 -8.38772 0
      vertex -2.45195 -8.38772 2
    endloop
  endfacet
  facet normal 0.956942 0.290278 0
    outer loop
      vertex -2.45195 -8.38772 0
      vertex -2.30969 -8.8567 2
      vertex -2.30969 -8.8567 0
    endloop
  endfacet
  facet normal -0.773016 0.634386 0
    outer loop
      vertex 1.76776 -9.66776 0
      vertex 2.07866 -9.28892 2
      vertex 2.07866 -9.28892 0
    endloop
  endfacet
  facet normal -0.773016 0.634386 0
    outer loop
      vertex 2.07866 -9.28892 2
      vertex 1.76776 -9.66776 0
      vertex 1.76776 -9.66776 2
    endloop
  endfacet
  facet normal 0.956941 -0.290284 0
    outer loop
      vertex -2.45195 2.08772 2
      vertex -2.30969 2.55669 0
      vertex -2.30969 2.55669 2
    endloop
  endfacet
  facet normal 0.956941 -0.290284 0
    outer loop
      vertex -2.30969 2.55669 0
      vertex -2.45195 2.08772 2
      vertex -2.45195 2.08772 0
    endloop
  endfacet
  facet normal 0.471415 0.881912 -0
    outer loop
      vertex -0.956696 -10.2097 0
      vertex -1.38892 -9.97866 1.4
      vertex -0.956696 -10.2097 1.4
    endloop
  endfacet
  facet normal 0.471415 0.881912 0
    outer loop
      vertex -1.38892 -9.97866 1.4
      vertex -0.956696 -10.2097 0
      vertex -1.38892 -9.97866 0
    endloop
  endfacet
  facet normal -0.0981466 0.995172 0
    outer loop
      vertex 0.487717 -10.3519 0
      vertex 0 -10.4 2
      vertex 0.487717 -10.3519 2
    endloop
  endfacet
  facet normal -0.0981466 0.995172 0
    outer loop
      vertex 0 -10.4 2
      vertex 0.487717 -10.3519 0
      vertex 0 -10.4 0
    endloop
  endfacet
  facet normal 0.995182 0.098045 0
    outer loop
      vertex -2.45195 -8.38772 2
      vertex -2.5 -7.9 0
      vertex -2.5 -7.9 2
    endloop
  endfacet
  facet normal 0.995182 0.098045 0
    outer loop
      vertex -2.5 -7.9 0
      vertex -2.45195 -8.38772 2
      vertex -2.45195 -8.38772 0
    endloop
  endfacet
  facet normal -0.956942 0.290278 0
    outer loop
      vertex 2.30969 -8.8567 0
      vertex 2.45195 -8.38772 2
      vertex 2.45195 -8.38772 0
    endloop
  endfacet
  facet normal -0.956942 0.290278 0
    outer loop
      vertex 2.45195 -8.38772 2
      vertex 2.30969 -8.8567 0
      vertex 2.30969 -8.8567 2
    endloop
  endfacet
  facet normal 1 -0 0
    outer loop
      vertex -2.5 -7.9 2
      vertex -2.5 1.6 0
      vertex -2.5 1.6 2
    endloop
  endfacet
  facet normal 1 0 0
    outer loop
      vertex -2.5 1.6 0
      vertex -2.5 -7.9 2
      vertex -2.5 -7.9 0
    endloop
  endfacet
  facet normal 0.290172 0.956974 0
    outer loop
      vertex -0.487717 -10.3519 2
      vertex -0.927994 -10.2184 1.4
      vertex -0.927994 -10.2184 2
    endloop
  endfacet
  facet normal 0.290172 0.956974 -0
    outer loop
      vertex -0.487717 -10.3519 0
      vertex -0.927994 -10.2184 1.4
      vertex -0.487717 -10.3519 2
    endloop
  endfacet
  facet normal 0.290167 0.956976 -1.90515e-06
    outer loop
      vertex -0.956696 -10.2097 0
      vertex -0.927994 -10.2184 1.4
      vertex -0.487717 -10.3519 0
    endloop
  endfacet
  facet normal 0.290081 0.957002 0
    outer loop
      vertex -0.927994 -10.2184 1.4
      vertex -0.956696 -10.2097 0
      vertex -0.956696 -10.2097 1.4
    endloop
  endfacet
  facet normal 0.63439 0.773013 0
    outer loop
      vertex -1.38892 -9.97866 1.4
      vertex -1.38892 -9.97866 0
      vertex -1.43894 -9.93761 1.4
    endloop
  endfacet
  facet normal 0.634385 0.773017 -0
    outer loop
      vertex -1.43894 -9.93761 1.4
      vertex -1.76776 -9.66776 2
      vertex -1.43894 -9.93761 2
    endloop
  endfacet
  facet normal 0.634386 0.773016 -2.39028e-07
    outer loop
      vertex -1.76776 -9.66776 0
      vertex -1.43894 -9.93761 1.4
      vertex -1.38892 -9.97866 0
    endloop
  endfacet
  facet normal 0.634385 0.773017 0
    outer loop
      vertex -1.43894 -9.93761 1.4
      vertex -1.76776 -9.66776 0
      vertex -1.76776 -9.66776 2
    endloop
  endfacet
  facet normal -0.881918 0.471402 0
    outer loop
      vertex 2.07866 -9.28892 0
      vertex 2.30969 -8.8567 2
      vertex 2.30969 -8.8567 0
    endloop
  endfacet
  facet normal -0.881918 0.471402 0
    outer loop
      vertex 2.30969 -8.8567 2
      vertex 2.07866 -9.28892 0
      vertex 2.07866 -9.28892 2
    endloop
  endfacet
  facet normal -0.995182 -0.098045 0
    outer loop
      vertex 2.5 1.6 0
      vertex 2.45195 2.08772 2
      vertex 2.45195 2.08772 0
    endloop
  endfacet
  facet normal -0.995182 -0.098045 0
    outer loop
      vertex 2.45195 2.08772 2
      vertex 2.5 1.6 0
      vertex 2.5 1.6 2
    endloop
  endfacet
  facet normal 0.995182 -0.098045 0
    outer loop
      vertex -2.5 1.6 2
      vertex -2.45195 2.08772 0
      vertex -2.45195 2.08772 2
    endloop
  endfacet
  facet normal 0.995182 -0.098045 0
    outer loop
      vertex -2.45195 2.08772 0
      vertex -2.5 1.6 2
      vertex -2.5 1.6 0
    endloop
  endfacet
  facet normal 0.881918 0.471402 0
    outer loop
      vertex -2.07866 -9.28892 2
      vertex -2.30969 -8.8567 0
      vertex -2.30969 -8.8567 2
    endloop
  endfacet
  facet normal 0.881918 0.471402 0
    outer loop
      vertex -2.30969 -8.8567 0
      vertex -2.07866 -9.28892 2
      vertex -2.07866 -9.28892 0
    endloop
  endfacet
  facet normal -1 0 0
    outer loop
      vertex 2.5 -7.9 0
      vertex 2.5 1.6 2
      vertex 2.5 1.6 0
    endloop
  endfacet
  facet normal -1 -0 0
    outer loop
      vertex 2.5 1.6 2
      vertex 2.5 -7.9 0
      vertex 2.5 -7.9 2
    endloop
  endfacet
  facet normal -0.634374 0.773026 0
    outer loop
      vertex 1.76776 -9.66776 2
      vertex 1.46569 -9.91565 1.4
      vertex 1.46569 -9.91565 2
    endloop
  endfacet
  facet normal -0.634374 0.773026 0
    outer loop
      vertex 1.76776 -9.66776 0
      vertex 1.46569 -9.91565 1.4
      vertex 1.76776 -9.66776 2
    endloop
  endfacet
  facet normal -0.634386 0.773016 -4.24916e-06
    outer loop
      vertex 1.38892 -9.97866 0
      vertex 1.46569 -9.91565 1.4
      vertex 1.76776 -9.66776 0
    endloop
  endfacet
  facet normal -0.634432 0.772978 0
    outer loop
      vertex 1.46569 -9.91565 1.4
      vertex 1.38892 -9.97866 0
      vertex 1.38892 -9.97866 1.4
    endloop
  endfacet
  facet normal -0.956941 -0.290284 0
    outer loop
      vertex 2.45195 2.08772 0
      vertex 2.30969 2.55669 2
      vertex 2.30969 2.55669 0
    endloop
  endfacet
  facet normal -0.956941 -0.290284 0
    outer loop
      vertex 2.30969 2.55669 2
      vertex 2.45195 2.08772 0
      vertex 2.45195 2.08772 2
    endloop
  endfacet
  facet normal 0.0981466 0.995172 -0
    outer loop
      vertex 0 -10.4 0
      vertex -0.487717 -10.3519 2
      vertex 0 -10.4 2
    endloop
  endfacet
  facet normal 0.0981466 0.995172 0
    outer loop
      vertex -0.487717 -10.3519 2
      vertex 0 -10.4 0
      vertex -0.487717 -10.3519 0
    endloop
  endfacet
  facet normal -0.471415 0.881912 0
    outer loop
      vertex 1.38892 -9.97866 0
      vertex 0.956696 -10.2097 1.4
      vertex 1.38892 -9.97866 1.4
    endloop
  endfacet
  facet normal -0.471415 0.881912 0
    outer loop
      vertex 0.956696 -10.2097 1.4
      vertex 1.38892 -9.97866 0
      vertex 0.956696 -10.2097 0
    endloop
  endfacet
  facet normal -0.290338 0.956924 0
    outer loop
      vertex 0.956696 -10.2097 1.4
      vertex 0.956696 -10.2097 0
      vertex 0.562836 -10.3292 1.4
    endloop
  endfacet
  facet normal -0.289268 0.957248 0
    outer loop
      vertex 0.562836 -10.3292 1.4
      vertex 0.487717 -10.3519 2
      vertex 0.562836 -10.3292 2
    endloop
  endfacet
  facet normal -0.289268 0.957248 0
    outer loop
      vertex 0.562836 -10.3292 1.4
      vertex 0.487717 -10.3519 0
      vertex 0.487717 -10.3519 2
    endloop
  endfacet
  facet normal -0.290167 0.956976 5.26149e-05
    outer loop
      vertex 0.487717 -10.3519 0
      vertex 0.562836 -10.3292 1.4
      vertex 0.956696 -10.2097 0
    endloop
  endfacet
  facet normal 0.881917 -0.471405 0
    outer loop
      vertex -2.30969 2.55669 2
      vertex -2.23994 2.68718 0
      vertex -2.23994 2.68718 2
    endloop
  endfacet
  facet normal 0.881917 -0.471405 0
    outer loop
      vertex -2.23994 2.68718 0
      vertex -2.30969 2.55669 2
      vertex -2.30969 2.55669 0
    endloop
  endfacet
  facet normal 0.773016 0.634386 0
    outer loop
      vertex -1.76776 -9.66776 2
      vertex -2.07866 -9.28892 0
      vertex -2.07866 -9.28892 2
    endloop
  endfacet
  facet normal 0.773016 0.634386 0
    outer loop
      vertex -2.07866 -9.28892 0
      vertex -1.76776 -9.66776 2
      vertex -1.76776 -9.66776 0
    endloop
  endfacet
  facet normal -0.881917 -0.471405 0
    outer loop
      vertex 2.30969 2.55669 0
      vertex 2.23994 2.68718 2
      vertex 2.23994 2.68718 0
    endloop
  endfacet
  facet normal -0.881917 -0.471405 0
    outer loop
      vertex 2.23994 2.68718 2
      vertex 2.30969 2.55669 0
      vertex 2.30969 2.55669 2
    endloop
  endfacet
  facet normal -0.995182 0.098045 0
    outer loop
      vertex 2.45195 -8.38772 0
      vertex 2.5 -7.9 2
      vertex 2.5 -7.9 0
    endloop
  endfacet
  facet normal -0.995182 0.098045 0
    outer loop
      vertex 2.5 -7.9 2
      vertex 2.45195 -8.38772 0
      vertex 2.45195 -8.38772 2
    endloop
  endfacet
  facet normal -0.707103 0.70711 0
    outer loop
      vertex -8 16.7574 0
      vertex -3.75736 21 2
      vertex -3.75736 21 0
    endloop
  endfacet
  facet normal -0.707103 0.70711 0
    outer loop
      vertex -3.75736 21 2
      vertex -8 16.7574 0
      vertex -8 16.7574 2
    endloop
  endfacet
  facet normal 0 0 1
    outer loop
      vertex 4.18364 -11.5419 1.4
      vertex 2.87909 -11.4501 1.4
      vertex 2.88205 -11.5275 1.4
    endloop
  endfacet
  facet normal 0 0 1
    outer loop
      vertex 3.1631 -9.96832 1.4
      vertex 2.87024 -11.3762 1.4
      vertex 2.87909 -11.4501 1.4
    endloop
  endfacet
  facet normal 0 0 1
    outer loop
      vertex 3.1631 -9.96832 1.4
      vertex 2.85548 -11.3056 1.4
      vertex 2.87024 -11.3762 1.4
    endloop
  endfacet
  facet normal 0 0 1
    outer loop
      vertex 2.52896 -10.8689 1.4
      vertex 3.00618 -9.92386 1.4
      vertex 2.83926 -9.88927 1.4
    endloop
  endfacet
  facet normal 0 0 1
    outer loop
      vertex 3.1631 -9.96832 1.4
      vertex 2.83482 -11.2386 1.4
      vertex 2.85548 -11.3056 1.4
    endloop
  endfacet
  facet normal 0 0 1
    outer loop
      vertex 3.1631 -9.96832 1.4
      vertex 2.80826 -11.1749 1.4
      vertex 2.83482 -11.2386 1.4
    endloop
  endfacet
  facet normal 0 0 1
    outer loop
      vertex 3.1631 -9.96832 1.4
      vertex 2.7758 -11.1147 1.4
      vertex 2.80826 -11.1749 1.4
    endloop
  endfacet
  facet normal 0 0 1
    outer loop
      vertex 3.1631 -9.96832 1.4
      vertex 2.73743 -11.0579 1.4
      vertex 2.7758 -11.1147 1.4
    endloop
  endfacet
  facet normal 0 0 1
    outer loop
      vertex 3.1631 -9.96832 1.4
      vertex 2.69316 -11.0045 1.4
      vertex 2.73743 -11.0579 1.4
    endloop
  endfacet
  facet normal 0 0 1
    outer loop
      vertex 2.46611 -10.834 1.4
      vertex 2.83926 -9.88927 1.4
      vertex 2.66235 -9.86456 1.4
    endloop
  endfacet
  facet normal 0 0 1
    outer loop
      vertex 3.1631 -9.96832 1.4
      vertex 2.64299 -10.9546 1.4
      vertex 2.69316 -11.0045 1.4
    endloop
  endfacet
  facet normal 0 0 1
    outer loop
      vertex 3.1631 -9.96832 1.4
      vertex 2.58792 -10.9091 1.4
      vertex 2.64299 -10.9546 1.4
    endloop
  endfacet
  facet normal 0 0 1
    outer loop
      vertex 3.00618 -9.92386 1.4
      vertex 2.52896 -10.8689 1.4
      vertex 2.58792 -10.9091 1.4
    endloop
  endfacet
  facet normal 0 0 1
    outer loop
      vertex 2.39937 -10.8046 1.4
      vertex 2.66235 -9.86456 1.4
      vertex 2.47542 -9.84975 1.4
    endloop
  endfacet
  facet normal 0 0 1
    outer loop
      vertex 2.83926 -9.88927 1.4
      vertex 2.46611 -10.834 1.4
      vertex 2.52896 -10.8689 1.4
    endloop
  endfacet
  facet normal 0 0 1
    outer loop
      vertex 2.66235 -9.86456 1.4
      vertex 2.39937 -10.8046 1.4
      vertex 2.46611 -10.834 1.4
    endloop
  endfacet
  facet normal 0 0 1
    outer loop
      vertex 2.47542 -9.84975 1.4
      vertex 2.32872 -10.7805 1.4
      vertex 2.39937 -10.8046 1.4
    endloop
  endfacet
  facet normal 0 0 1
    outer loop
      vertex 2.2542 -10.7617 1.4
      vertex 2.47542 -9.84975 1.4
      vertex 2.27849 -9.8448 1.4
    endloop
  endfacet
  facet normal 0 0 1
    outer loop
      vertex 2.47542 -9.84975 1.4
      vertex 2.2542 -10.7617 1.4
      vertex 2.32872 -10.7805 1.4
    endloop
  endfacet
  facet normal 0 0 1
    outer loop
      vertex 2.17577 -10.7483 1.4
      vertex 2.27849 -9.8448 1.4
      vertex 2.18636 -9.84575 1.4
    endloop
  endfacet
  facet normal 0 0 1
    outer loop
      vertex 2.27849 -9.8448 1.4
      vertex 2.17577 -10.7483 1.4
      vertex 2.2542 -10.7617 1.4
    endloop
  endfacet
  facet normal 0 0 1
    outer loop
      vertex 2.09344 -10.7403 1.4
      vertex 2.18636 -9.84575 1.4
      vertex 2.09381 -9.84857 1.4
    endloop
  endfacet
  facet normal 0 0 1
    outer loop
      vertex 2.18636 -9.84575 1.4
      vertex 2.09344 -10.7403 1.4
      vertex 2.17577 -10.7483 1.4
    endloop
  endfacet
  facet normal -0 0 1
    outer loop
      vertex 2.00084 -9.85326 1.4
      vertex 2.09344 -10.7403 1.4
      vertex 2.09381 -9.84857 1.4
    endloop
  endfacet
  facet normal 0 0 1
    outer loop
      vertex 2.09344 -10.7403 1.4
      vertex 2.00084 -9.85326 1.4
      vertex 2.00725 -10.7376 1.4
    endloop
  endfacet
  facet normal -0 0 1
    outer loop
      vertex 1.90746 -9.85983 1.4
      vertex 2.00725 -10.7376 1.4
      vertex 2.00084 -9.85326 1.4
    endloop
  endfacet
  facet normal 0 0 1
    outer loop
      vertex 2.00725 -10.7376 1.4
      vertex 1.90746 -9.85983 1.4
      vertex 1.93872 -10.7392 1.4
    endloop
  endfacet
  facet normal -0 0 1
    outer loop
      vertex 1.81364 -9.8683 1.4
      vertex 1.93872 -10.7392 1.4
      vertex 1.90746 -9.85983 1.4
    endloop
  endfacet
  facet normal 0 0 1
    outer loop
      vertex 1.93872 -10.7392 1.4
      vertex 1.81364 -9.8683 1.4
      vertex 1.86877 -10.744 1.4
    endloop
  endfacet
  facet normal -0 0 1
    outer loop
      vertex 1.71942 -9.87863 1.4
      vertex 1.86877 -10.744 1.4
      vertex 1.81364 -9.8683 1.4
    endloop
  endfacet
  facet normal 0 0 1
    outer loop
      vertex 1.86877 -10.744 1.4
      vertex 1.71942 -9.87863 1.4
      vertex 1.79741 -10.7521 1.4
    endloop
  endfacet
  facet normal -0 0 1
    outer loop
      vertex 1.62479 -9.89084 1.4
      vertex 1.79741 -10.7521 1.4
      vertex 1.71942 -9.87863 1.4
    endloop
  endfacet
  facet normal 0 0 1
    outer loop
      vertex 1.79741 -10.7521 1.4
      vertex 1.62479 -9.89084 1.4
      vertex 1.72461 -10.7634 1.4
    endloop
  endfacet
  facet normal -0 0 1
    outer loop
      vertex 1.38892 -9.97866 1.4
      vertex 1.72461 -10.7634 1.4
      vertex 1.62479 -9.89084 1.4
    endloop
  endfacet
  facet normal 0 0 1
    outer loop
      vertex 1.72461 -10.7634 1.4
      vertex 1.38892 -9.97866 1.4
      vertex 1.65039 -10.7779 1.4
    endloop
  endfacet
  facet normal 0 0 1
    outer loop
      vertex 1.38892 -9.97866 1.4
      vertex 1.62479 -9.89084 1.4
      vertex 1.52972 -9.90494 1.4
    endloop
  endfacet
  facet normal 0 0 1
    outer loop
      vertex 1.65039 -10.7779 1.4
      vertex 1.38892 -9.97866 1.4
      vertex 1.57475 -10.7956 1.4
    endloop
  endfacet
  facet normal 0 0 1
    outer loop
      vertex 1.38892 -9.97866 1.4
      vertex 1.52972 -9.90494 1.4
      vertex 1.46569 -9.91565 1.4
    endloop
  endfacet
  facet normal 0 0 1
    outer loop
      vertex 1.57475 -10.7956 1.4
      vertex 1.38892 -9.97866 1.4
      vertex 1.4977 -10.8165 1.4
    endloop
  endfacet
  facet normal -0 0 1
    outer loop
      vertex 0.956696 -10.2097 1.4
      vertex 1.4977 -10.8165 1.4
      vertex 1.38892 -9.97866 1.4
    endloop
  endfacet
  facet normal 0 0 1
    outer loop
      vertex 1.4977 -10.8165 1.4
      vertex 0.956696 -10.2097 1.4
      vertex 1.4192 -10.8407 1.4
    endloop
  endfacet
  facet normal 0 0 1
    outer loop
      vertex 1.4192 -10.8407 1.4
      vertex 0.956696 -10.2097 1.4
      vertex 1.33929 -10.8681 1.4
    endloop
  endfacet
  facet normal 0 0 1
    outer loop
      vertex 1.33929 -10.8681 1.4
      vertex 0.956696 -10.2097 1.4
      vertex 1.25804 -10.8986 1.4
    endloop
  endfacet
  facet normal 0 0 1
    outer loop
      vertex 1.25804 -10.8986 1.4
      vertex 0.956696 -10.2097 1.4
      vertex 1.17554 -10.9323 1.4
    endloop
  endfacet
  facet normal 0 0 1
    outer loop
      vertex 1.17554 -10.9323 1.4
      vertex 0.956696 -10.2097 1.4
      vertex 1.09178 -10.9691 1.4
    endloop
  endfacet
  facet normal 0 0 1
    outer loop
      vertex 1.09178 -10.9691 1.4
      vertex 0.956696 -10.2097 1.4
      vertex 1.00676 -11.0091 1.4
    endloop
  endfacet
  facet normal -0 0 1
    outer loop
      vertex 0.562836 -10.3292 1.4
      vertex 1.00676 -11.0091 1.4
      vertex 0.956696 -10.2097 1.4
    endloop
  endfacet
  facet normal 0 0 1
    outer loop
      vertex 1.00676 -11.0091 1.4
      vertex 0.562836 -10.3292 1.4
      vertex 0.920486 -11.0522 1.4
    endloop
  endfacet
  facet normal 0 0 1
    outer loop
      vertex 0.920486 -11.0522 1.4
      vertex 0.562836 -10.3292 1.4
      vertex 0.832962 -11.0985 1.4
    endloop
  endfacet
  facet normal 0 0 1
    outer loop
      vertex 0.832962 -11.0985 1.4
      vertex 0.562836 -10.3292 1.4
      vertex 0.744171 -11.1478 1.4
    endloop
  endfacet
  facet normal 0 0 1
    outer loop
      vertex 0.744171 -11.1478 1.4
      vertex 0.562836 -10.3292 1.4
      vertex 0.654144 -11.2003 1.4
    endloop
  endfacet
  facet normal 0 0 1
    outer loop
      vertex 0.654144 -11.2003 1.4
      vertex 0.562836 -10.3292 1.4
      vertex 0.562836 -11.256 1.4
    endloop
  endfacet
  facet normal 0 0 1
    outer loop
      vertex 2.87909 -11.4501 1.4
      vertex 4.1942 -11.3608 1.4
      vertex 4.18797 -11.2057 1.4
    endloop
  endfacet
  facet normal -0 0 1
    outer loop
      vertex 2.87909 -11.4501 1.4
      vertex 4.19156 -11.4521 1.4
      vertex 4.1942 -11.3608 1.4
    endloop
  endfacet
  facet normal 0 0 1
    outer loop
      vertex 2.87909 -11.4501 1.4
      vertex 4.18364 -11.5419 1.4
      vertex 4.19156 -11.4521 1.4
    endloop
  endfacet
  facet normal 0 0 1
    outer loop
      vertex 2.87909 -11.4501 1.4
      vertex 4.18797 -11.2057 1.4
      vertex 4.16933 -11.0583 1.4
    endloop
  endfacet
  facet normal 0 0 1
    outer loop
      vertex 4.18364 -11.5419 1.4
      vertex 2.88205 -11.5275 1.4
      vertex 4.17046 -11.6304 1.4
    endloop
  endfacet
  facet normal 0 0 1
    outer loop
      vertex 2.87909 -11.4501 1.4
      vertex 4.16933 -11.0583 1.4
      vertex 4.13824 -10.9188 1.4
    endloop
  endfacet
  facet normal 0 0 1
    outer loop
      vertex 4.17046 -11.6304 1.4
      vertex 2.88205 -11.5275 1.4
      vertex 4.15199 -11.7176 1.4
    endloop
  endfacet
  facet normal -0 0 1
    outer loop
      vertex 2.88057 -11.5785 1.4
      vertex 4.15199 -11.7176 1.4
      vertex 2.88205 -11.5275 1.4
    endloop
  endfacet
  facet normal 0 0 1
    outer loop
      vertex 2.87909 -11.4501 1.4
      vertex 4.13824 -10.9188 1.4
      vertex 4.09474 -10.787 1.4
    endloop
  endfacet
  facet normal 0 0 1
    outer loop
      vertex 4.15199 -11.7176 1.4
      vertex 2.88057 -11.5785 1.4
      vertex 4.12827 -11.8033 1.4
    endloop
  endfacet
  facet normal 0 0 1
    outer loop
      vertex 2.87909 -11.4501 1.4
      vertex 4.09474 -10.787 1.4
      vertex 4.03879 -10.663 1.4
    endloop
  endfacet
  facet normal 0 0 1
    outer loop
      vertex 4.12827 -11.8033 1.4
      vertex 2.88057 -11.5785 1.4
      vertex 4.09926 -11.8876 1.4
    endloop
  endfacet
  facet normal -0 0 1
    outer loop
      vertex 2.87617 -11.6291 1.4
      vertex 4.09926 -11.8876 1.4
      vertex 2.88057 -11.5785 1.4
    endloop
  endfacet
  facet normal 0 0 1
    outer loop
      vertex 2.87909 -11.4501 1.4
      vertex 4.03879 -10.663 1.4
      vertex 3.97041 -10.5468 1.4
    endloop
  endfacet
  facet normal 0 0 1
    outer loop
      vertex 4.09926 -11.8876 1.4
      vertex 2.87617 -11.6291 1.4
      vertex 4.06497 -11.9706 1.4
    endloop
  endfacet
  facet normal 0 0 1
    outer loop
      vertex 2.87909 -11.4501 1.4
      vertex 3.97041 -10.5468 1.4
      vertex 3.8896 -10.4384 1.4
    endloop
  endfacet
  facet normal 0 0 1
    outer loop
      vertex 4.06497 -11.9706 1.4
      vertex 2.87617 -11.6291 1.4
      vertex 4.02542 -12.0522 1.4
    endloop
  endfacet
  facet normal 0 0 1
    outer loop
      vertex 2.87909 -11.4501 1.4
      vertex 3.8896 -10.4384 1.4
      vertex 3.79637 -10.3378 1.4
    endloop
  endfacet
  facet normal -0 0 1
    outer loop
      vertex 2.86885 -11.6793 1.4
      vertex 4.02542 -12.0522 1.4
      vertex 2.87617 -11.6291 1.4
    endloop
  endfacet
  facet normal 0 0 1
    outer loop
      vertex 4.02542 -12.0522 1.4
      vertex 2.86885 -11.6793 1.4
      vertex 3.98059 -12.1324 1.4
    endloop
  endfacet
  facet normal 0 0 1
    outer loop
      vertex 2.87909 -11.4501 1.4
      vertex 3.79637 -10.3378 1.4
      vertex 3.69069 -10.245 1.4
    endloop
  endfacet
  facet normal -0 0 1
    outer loop
      vertex 2.8586 -11.7291 1.4
      vertex 3.98059 -12.1324 1.4
      vertex 2.86885 -11.6793 1.4
    endloop
  endfacet
  facet normal 0 0 1
    outer loop
      vertex 2.87909 -11.4501 1.4
      vertex 3.69069 -10.245 1.4
      vertex 3.57381 -10.161 1.4
    endloop
  endfacet
  facet normal 0 0 1
    outer loop
      vertex 3.98059 -12.1324 1.4
      vertex 2.8586 -11.7291 1.4
      vertex 3.92731 -12.2149 1.4
    endloop
  endfacet
  facet normal 0 0 1
    outer loop
      vertex 2.87909 -11.4501 1.4
      vertex 3.57381 -10.161 1.4
      vertex 3.4469 -10.0869 1.4
    endloop
  endfacet
  facet normal 0 0 1
    outer loop
      vertex 3.92731 -12.2149 1.4
      vertex 2.8586 -11.7291 1.4
      vertex 3.86238 -12.3034 1.4
    endloop
  endfacet
  facet normal 0 0 1
    outer loop
      vertex 2.87909 -11.4501 1.4
      vertex 3.4469 -10.0869 1.4
      vertex 3.31 -10.0227 1.4
    endloop
  endfacet
  facet normal -0 0 1
    outer loop
      vertex 2.84541 -11.7784 1.4
      vertex 3.86238 -12.3034 1.4
      vertex 2.8586 -11.7291 1.4
    endloop
  endfacet
  facet normal 0 0 1
    outer loop
      vertex 2.87909 -11.4501 1.4
      vertex 3.31 -10.0227 1.4
      vertex 3.1631 -9.96832 1.4
    endloop
  endfacet
  facet normal -0 0 1
    outer loop
      vertex 2.82928 -11.8274 1.4
      vertex 3.86238 -12.3034 1.4
      vertex 2.84541 -11.7784 1.4
    endloop
  endfacet
  facet normal 0 0 1
    outer loop
      vertex 2.58792 -10.9091 1.4
      vertex 3.1631 -9.96832 1.4
      vertex 3.00618 -9.92386 1.4
    endloop
  endfacet
  facet normal 0 0 1
    outer loop
      vertex 3.86238 -12.3034 1.4
      vertex 2.82928 -11.8274 1.4
      vertex 3.78583 -12.3979 1.4
    endloop
  endfacet
  facet normal -0 0 1
    outer loop
      vertex 2.81024 -11.8759 1.4
      vertex 3.78583 -12.3979 1.4
      vertex 2.82928 -11.8274 1.4
    endloop
  endfacet
  facet normal 0 0 1
    outer loop
      vertex 3.78583 -12.3979 1.4
      vertex 2.81024 -11.8759 1.4
      vertex 3.69763 -12.4984 1.4
    endloop
  endfacet
  facet normal -0 0 1
    outer loop
      vertex 2.78825 -11.924 1.4
      vertex 3.69763 -12.4984 1.4
      vertex 2.81024 -11.8759 1.4
    endloop
  endfacet
  facet normal 0 0 1
    outer loop
      vertex 3.69763 -12.4984 1.4
      vertex 2.78825 -11.924 1.4
      vertex 3.59779 -12.6048 1.4
    endloop
  endfacet
  facet normal -0 0 1
    outer loop
      vertex 2.76334 -11.9717 1.4
      vertex 3.59779 -12.6048 1.4
      vertex 2.78825 -11.924 1.4
    endloop
  endfacet
  facet normal -0 0 1
    outer loop
      vertex 2.73538 -12.0192 1.4
      vertex 3.59779 -12.6048 1.4
      vertex 2.76334 -11.9717 1.4
    endloop
  endfacet
  facet normal 0 0 1
    outer loop
      vertex 3.59779 -12.6048 1.4
      vertex 2.73538 -12.0192 1.4
      vertex 3.48633 -12.7173 1.4
    endloop
  endfacet
  facet normal -0 0 1
    outer loop
      vertex 2.70424 -12.0671 1.4
      vertex 3.48633 -12.7173 1.4
      vertex 2.73538 -12.0192 1.4
    endloop
  endfacet
  facet normal -0 0 1
    outer loop
      vertex 2.66992 -12.1152 1.4
      vertex 3.48633 -12.7173 1.4
      vertex 2.70424 -12.0671 1.4
    endloop
  endfacet
  facet normal 0 0 1
    outer loop
      vertex 3.48633 -12.7173 1.4
      vertex 2.66992 -12.1152 1.4
      vertex 3.36322 -12.8357 1.4
    endloop
  endfacet
  facet normal -0 0 1
    outer loop
      vertex 2.63242 -12.1635 1.4
      vertex 3.36322 -12.8357 1.4
      vertex 2.66992 -12.1152 1.4
    endloop
  endfacet
  facet normal -0 0 1
    outer loop
      vertex 2.59172 -12.2121 1.4
      vertex 3.36322 -12.8357 1.4
      vertex 2.63242 -12.1635 1.4
    endloop
  endfacet
  facet normal 0 0 1
    outer loop
      vertex 3.36322 -12.8357 1.4
      vertex 2.59172 -12.2121 1.4
      vertex 3.22847 -12.9601 1.4
    endloop
  endfacet
  facet normal -0 0 1
    outer loop
      vertex 2.54785 -12.2609 1.4
      vertex 3.22847 -12.9601 1.4
      vertex 2.59172 -12.2121 1.4
    endloop
  endfacet
  facet normal -0 0 1
    outer loop
      vertex 2.50079 -12.31 1.4
      vertex 3.22847 -12.9601 1.4
      vertex 2.54785 -12.2609 1.4
    endloop
  endfacet
  facet normal 0 0 1
    outer loop
      vertex 3.22847 -12.9601 1.4
      vertex 2.50079 -12.31 1.4
      vertex 3.08209 -13.0905 1.4
    endloop
  endfacet
  facet normal -0 0 1
    outer loop
      vertex 2.45056 -12.3594 1.4
      vertex 3.08209 -13.0905 1.4
      vertex 2.50079 -12.31 1.4
    endloop
  endfacet
  facet normal -0 0 1
    outer loop
      vertex 2.39714 -12.409 1.4
      vertex 3.08209 -13.0905 1.4
      vertex 2.45056 -12.3594 1.4
    endloop
  endfacet
  facet normal 0 0 1
    outer loop
      vertex 2.39714 -12.409 1.4
      vertex 2.00044 -14.04 1.4
      vertex 3.08209 -13.0905 1.4
    endloop
  endfacet
  facet normal 0 -0 1
    outer loop
      vertex 2.00044 -14.04 1.4
      vertex 2.39714 -12.409 1.4
      vertex 0.549286 -14.04 1.4
    endloop
  endfacet
  facet normal -0 0 1
    outer loop
      vertex 2.00044 -14.04 1.4
      vertex 4.22809 -15 1.4
      vertex 4.22809 -14.04 1.4
    endloop
  endfacet
  facet normal 0 0 1
    outer loop
      vertex 0.549286 -15 1.4
      vertex 2.00044 -14.04 1.4
      vertex 0.549286 -14.04 1.4
    endloop
  endfacet
  facet normal 0 0 1
    outer loop
      vertex 2.00044 -14.04 1.4
      vertex 0.549286 -15 1.4
      vertex 4.22809 -15 1.4
    endloop
  endfacet
  facet normal -0 0 1
    outer loop
      vertex -3.59299 -13.1312 1.4
      vertex -2.16214 -14.0784 1.4
      vertex -2.16214 -13.1312 1.4
    endloop
  endfacet
  facet normal 0 0 1
    outer loop
      vertex -4.40674 -14.0784 1.4
      vertex -3.59299 -13.1312 1.4
      vertex -4.40674 -12.9593 1.4
    endloop
  endfacet
  facet normal 0 0 1
    outer loop
      vertex -3.59299 -13.1312 1.4
      vertex -4.40674 -14.0784 1.4
      vertex -2.16214 -14.0784 1.4
    endloop
  endfacet
  facet normal -0 0 1
    outer loop
      vertex -2.37915 -9.93761 1.4
      vertex -2.16214 -11.0123 1.4
      vertex -1.43894 -9.93761 1.4
    endloop
  endfacet
  facet normal 0 0 1
    outer loop
      vertex -4.40674 -12.9593 1.4
      vertex -2.16214 -11.0123 1.4
      vertex -2.37915 -9.93761 1.4
    endloop
  endfacet
  facet normal 0 0 1
    outer loop
      vertex -2.16214 -11.0123 1.4
      vertex -4.40674 -12.9593 1.4
      vertex -3.59299 -13.1312 1.4
    endloop
  endfacet
  facet normal -0 0 1
    outer loop
      vertex -2.16214 -11.0123 1.4
      vertex -0.927994 -13.1312 1.4
      vertex -0.927994 -10.2184 1.4
    endloop
  endfacet
  facet normal 0 0 1
    outer loop
      vertex -0.927994 -13.1312 1.4
      vertex -2.16214 -13.1312 1.4
      vertex -0.927994 -14.0784 1.4
    endloop
  endfacet
  facet normal 0 0 1
    outer loop
      vertex -2.16214 -11.0123 1.4
      vertex -0.927994 -10.2184 1.4
      vertex -0.956696 -10.2097 1.4
    endloop
  endfacet
  facet normal 0 0 1
    outer loop
      vertex -2.16214 -11.0123 1.4
      vertex -0.956696 -10.2097 1.4
      vertex -1.38892 -9.97866 1.4
    endloop
  endfacet
  facet normal 0 0 1
    outer loop
      vertex -2.16214 -11.0123 1.4
      vertex -1.38892 -9.97866 1.4
      vertex -1.43894 -9.93761 1.4
    endloop
  endfacet
  facet normal 0 0 1
    outer loop
      vertex -0.927994 -13.1312 1.4
      vertex -2.16214 -11.0123 1.4
      vertex -2.16214 -13.1312 1.4
    endloop
  endfacet
  facet normal 0 0 1
    outer loop
      vertex -2.16214 -14.0784 1.4
      vertex -0.927994 -14.0784 1.4
      vertex -2.16214 -13.1312 1.4
    endloop
  endfacet
  facet normal 0 0 1
    outer loop
      vertex -0.927994 -14.0784 1.4
      vertex -2.16214 -14.0784 1.4
      vertex -0.927994 -15 1.4
    endloop
  endfacet
  facet normal 0 0 1
    outer loop
      vertex -0.927994 -15 1.4
      vertex -2.16214 -14.0784 1.4
      vertex -2.16214 -15 1.4
    endloop
  endfacet
  facet normal -0 0 1
    outer loop
      vertex -0.927994 -13.1312 1.4
      vertex -0.205795 -14.0784 1.4
      vertex -0.205795 -13.1312 1.4
    endloop
  endfacet
  facet normal 0 0 1
    outer loop
      vertex -0.205795 -14.0784 1.4
      vertex -0.927994 -13.1312 1.4
      vertex -0.927994 -14.0784 1.4
    endloop
  endfacet
  facet normal 0 -1 0
    outer loop
      vertex 2.00044 -14.04 1.4
      vertex 4.22809 -14.04 2
      vertex 2.00044 -14.04 2
    endloop
  endfacet
  facet normal 0 -1 -0
    outer loop
      vertex 4.22809 -14.04 2
      vertex 2.00044 -14.04 1.4
      vertex 4.22809 -14.04 1.4
    endloop
  endfacet
  facet normal -0.659706 0.751523 0
    outer loop
      vertex 3.08209 -13.0905 1.4
      vertex 2.00044 -14.04 2
      vertex 3.08209 -13.0905 2
    endloop
  endfacet
  facet normal -0.659706 0.751523 0
    outer loop
      vertex 2.00044 -14.04 2
      vertex 3.08209 -13.0905 1.4
      vertex 2.00044 -14.04 1.4
    endloop
  endfacet
  facet normal -0.665174 0.746688 0
    outer loop
      vertex 3.22847 -12.9601 1.4
      vertex 3.08209 -13.0905 2
      vertex 3.22847 -12.9601 2
    endloop
  endfacet
  facet normal -0.665174 0.746688 0
    outer loop
      vertex 3.08209 -13.0905 2
      vertex 3.22847 -12.9601 1.4
      vertex 3.08209 -13.0905 1.4
    endloop
  endfacet
  facet normal -0.678325 0.734762 0
    outer loop
      vertex 3.36322 -12.8357 1.4
      vertex 3.22847 -12.9601 2
      vertex 3.36322 -12.8357 2
    endloop
  endfacet
  facet normal -0.678325 0.734762 0
    outer loop
      vertex 3.22847 -12.9601 2
      vertex 3.36322 -12.8357 1.4
      vertex 3.22847 -12.9601 1.4
    endloop
  endfacet
  facet normal -0.693185 0.72076 0
    outer loop
      vertex 3.48633 -12.7173 1.4
      vertex 3.36322 -12.8357 2
      vertex 3.48633 -12.7173 2
    endloop
  endfacet
  facet normal -0.693185 0.72076 0
    outer loop
      vertex 3.36322 -12.8357 2
      vertex 3.48633 -12.7173 1.4
      vertex 3.36322 -12.8357 1.4
    endloop
  endfacet
  facet normal -0.710383 0.703816 0
    outer loop
      vertex 3.48633 -12.7173 1.4
      vertex 3.59779 -12.6048 2
      vertex 3.59779 -12.6048 1.4
    endloop
  endfacet
  facet normal -0.710383 0.703816 0
    outer loop
      vertex 3.59779 -12.6048 2
      vertex 3.48633 -12.7173 1.4
      vertex 3.48633 -12.7173 2
    endloop
  endfacet
  facet normal -0.729229 0.684269 0
    outer loop
      vertex 3.59779 -12.6048 1.4
      vertex 3.69763 -12.4984 2
      vertex 3.69763 -12.4984 1.4
    endloop
  endfacet
  facet normal -0.729229 0.684269 0
    outer loop
      vertex 3.69763 -12.4984 2
      vertex 3.59779 -12.6048 1.4
      vertex 3.59779 -12.6048 2
    endloop
  endfacet
  facet normal -0.751603 0.659616 0
    outer loop
      vertex 3.69763 -12.4984 1.4
      vertex 3.78583 -12.3979 2
      vertex 3.78583 -12.3979 1.4
    endloop
  endfacet
  facet normal -0.751603 0.659616 0
    outer loop
      vertex 3.78583 -12.3979 2
      vertex 3.69763 -12.4984 1.4
      vertex 3.69763 -12.4984 2
    endloop
  endfacet
  facet normal -0.777044 0.629447 0
    outer loop
      vertex 3.78583 -12.3979 1.4
      vertex 3.86238 -12.3034 2
      vertex 3.86238 -12.3034 1.4
    endloop
  endfacet
  facet normal -0.777044 0.629447 0
    outer loop
      vertex 3.86238 -12.3034 2
      vertex 3.78583 -12.3979 1.4
      vertex 3.78583 -12.3979 2
    endloop
  endfacet
  facet normal -0.806275 0.591541 0
    outer loop
      vertex 3.86238 -12.3034 1.4
      vertex 3.92731 -12.2149 2
      vertex 3.92731 -12.2149 1.4
    endloop
  endfacet
  facet normal -0.806275 0.591541 0
    outer loop
      vertex 3.92731 -12.2149 2
      vertex 3.86238 -12.3034 1.4
      vertex 3.86238 -12.3034 2
    endloop
  endfacet
  facet normal -0.840045 0.542516 0
    outer loop
      vertex 3.92731 -12.2149 1.4
      vertex 3.98059 -12.1324 2
      vertex 3.98059 -12.1324 1.4
    endloop
  endfacet
  facet normal -0.840045 0.542516 0
    outer loop
      vertex 3.98059 -12.1324 2
      vertex 3.92731 -12.2149 1.4
      vertex 3.92731 -12.2149 2
    endloop
  endfacet
  facet normal -0.872886 0.487924 0
    outer loop
      vertex 3.98059 -12.1324 1.4
      vertex 4.02542 -12.0522 2
      vertex 4.02542 -12.0522 1.4
    endloop
  endfacet
  facet normal -0.872886 0.487924 0
    outer loop
      vertex 4.02542 -12.0522 2
      vertex 3.98059 -12.1324 1.4
      vertex 3.98059 -12.1324 2
    endloop
  endfacet
  facet normal -0.899873 0.436152 0
    outer loop
      vertex 4.02542 -12.0522 1.4
      vertex 4.06497 -11.9706 2
      vertex 4.06497 -11.9706 1.4
    endloop
  endfacet
  facet normal -0.899873 0.436152 0
    outer loop
      vertex 4.06497 -11.9706 2
      vertex 4.02542 -12.0522 1.4
      vertex 4.02542 -12.0522 2
    endloop
  endfacet
  facet normal -0.924232 0.38183 0
    outer loop
      vertex 4.06497 -11.9706 1.4
      vertex 4.09926 -11.8876 2
      vertex 4.09926 -11.8876 1.4
    endloop
  endfacet
  facet normal -0.924232 0.38183 0
    outer loop
      vertex 4.09926 -11.8876 2
      vertex 4.06497 -11.9706 1.4
      vertex 4.06497 -11.9706 2
    endloop
  endfacet
  facet normal -0.945577 0.3254 0
    outer loop
      vertex 4.09926 -11.8876 1.4
      vertex 4.12827 -11.8033 2
      vertex 4.12827 -11.8033 1.4
    endloop
  endfacet
  facet normal -0.945577 0.3254 0
    outer loop
      vertex 4.12827 -11.8033 2
      vertex 4.09926 -11.8876 1.4
      vertex 4.09926 -11.8876 2
    endloop
  endfacet
  facet normal -0.963766 0.266751 0
    outer loop
      vertex 4.12827 -11.8033 1.4
      vertex 4.15199 -11.7176 2
      vertex 4.15199 -11.7176 1.4
    endloop
  endfacet
  facet normal -0.963766 0.266751 0
    outer loop
      vertex 4.15199 -11.7176 2
      vertex 4.12827 -11.8033 1.4
      vertex 4.12827 -11.8033 2
    endloop
  endfacet
  facet normal -0.978296 0.207215 0
    outer loop
      vertex 4.15199 -11.7176 1.4
      vertex 4.17046 -11.6304 2
      vertex 4.17046 -11.6304 1.4
    endloop
  endfacet
  facet normal -0.978296 0.207215 0
    outer loop
      vertex 4.17046 -11.6304 2
      vertex 4.15199 -11.7176 1.4
      vertex 4.15199 -11.7176 2
    endloop
  endfacet
  facet normal -0.989092 0.147302 0
    outer loop
      vertex 4.17046 -11.6304 1.4
      vertex 4.18364 -11.5419 2
      vertex 4.18364 -11.5419 1.4
    endloop
  endfacet
  facet normal -0.989092 0.147302 0
    outer loop
      vertex 4.18364 -11.5419 2
      vertex 4.17046 -11.6304 1.4
      vertex 4.17046 -11.6304 2
    endloop
  endfacet
  facet normal -0.996133 0.087855 0
    outer loop
      vertex 4.18364 -11.5419 1.4
      vertex 4.19156 -11.4521 2
      vertex 4.19156 -11.4521 1.4
    endloop
  endfacet
  facet normal -0.996133 0.087855 0
    outer loop
      vertex 4.19156 -11.4521 2
      vertex 4.18364 -11.5419 1.4
      vertex 4.18364 -11.5419 2
    endloop
  endfacet
  facet normal -0.999582 0.0289036 0
    outer loop
      vertex 4.19156 -11.4521 1.4
      vertex 4.1942 -11.3608 2
      vertex 4.1942 -11.3608 1.4
    endloop
  endfacet
  facet normal -0.999582 0.0289036 0
    outer loop
      vertex 4.1942 -11.3608 2
      vertex 4.19156 -11.4521 1.4
      vertex 4.19156 -11.4521 2
    endloop
  endfacet
  facet normal -0.999194 -0.0401353 0
    outer loop
      vertex 4.1942 -11.3608 1.4
      vertex 4.18797 -11.2057 2
      vertex 4.18797 -11.2057 1.4
    endloop
  endfacet
  facet normal -0.999194 -0.0401353 0
    outer loop
      vertex 4.18797 -11.2057 2
      vertex 4.1942 -11.3608 1.4
      vertex 4.1942 -11.3608 2
    endloop
  endfacet
  facet normal -0.992099 -0.125459 0
    outer loop
      vertex 4.18797 -11.2057 1.4
      vertex 4.16933 -11.0583 2
      vertex 4.16933 -11.0583 1.4
    endloop
  endfacet
  facet normal -0.992099 -0.125459 0
    outer loop
      vertex 4.16933 -11.0583 2
      vertex 4.18797 -11.2057 1.4
      vertex 4.18797 -11.2057 2
    endloop
  endfacet
  facet normal -0.976054 -0.21753 0
    outer loop
      vertex 4.16933 -11.0583 1.4
      vertex 4.13824 -10.9188 2
      vertex 4.13824 -10.9188 1.4
    endloop
  endfacet
  facet normal -0.976054 -0.21753 0
    outer loop
      vertex 4.13824 -10.9188 2
      vertex 4.16933 -11.0583 1.4
      vertex 4.16933 -11.0583 2
    endloop
  endfacet
  facet normal -0.949616 -0.313416 0
    outer loop
      vertex 4.13824 -10.9188 1.4
      vertex 4.09474 -10.787 2
      vertex 4.09474 -10.787 1.4
    endloop
  endfacet
  facet normal -0.949616 -0.313416 0
    outer loop
      vertex 4.09474 -10.787 2
      vertex 4.13824 -10.9188 1.4
      vertex 4.13824 -10.9188 2
    endloop
  endfacet
  facet normal -0.911508 -0.411281 0
    outer loop
      vertex 4.09474 -10.787 1.4
      vertex 4.03879 -10.663 2
      vertex 4.03879 -10.663 1.4
    endloop
  endfacet
  facet normal -0.911508 -0.411281 0
    outer loop
      vertex 4.03879 -10.663 2
      vertex 4.09474 -10.787 1.4
      vertex 4.09474 -10.787 2
    endloop
  endfacet
  facet normal -0.861846 -0.507169 0
    outer loop
      vertex 4.03879 -10.663 1.4
      vertex 3.97041 -10.5468 2
      vertex 3.97041 -10.5468 1.4
    endloop
  endfacet
  facet normal -0.861846 -0.507169 0
    outer loop
      vertex 3.97041 -10.5468 2
      vertex 4.03879 -10.663 1.4
      vertex 4.03879 -10.663 2
    endloop
  endfacet
  facet normal -0.801736 -0.597678 0
    outer loop
      vertex 3.97041 -10.5468 1.4
      vertex 3.8896 -10.4384 2
      vertex 3.8896 -10.4384 1.4
    endloop
  endfacet
  facet normal -0.801736 -0.597678 0
    outer loop
      vertex 3.8896 -10.4384 2
      vertex 3.97041 -10.5468 1.4
      vertex 3.97041 -10.5468 2
    endloop
  endfacet
  facet normal -0.733463 -0.679729 0
    outer loop
      vertex 3.8896 -10.4384 1.4
      vertex 3.79637 -10.3378 2
      vertex 3.79637 -10.3378 1.4
    endloop
  endfacet
  facet normal -0.733463 -0.679729 0
    outer loop
      vertex 3.79637 -10.3378 2
      vertex 3.8896 -10.4384 1.4
      vertex 3.8896 -10.4384 2
    endloop
  endfacet
  facet normal -0.659833 -0.751413 0
    outer loop
      vertex 3.69069 -10.245 1.4
      vertex 3.79637 -10.3378 2
      vertex 3.69069 -10.245 2
    endloop
  endfacet
  facet normal -0.659833 -0.751413 -0
    outer loop
      vertex 3.79637 -10.3378 2
      vertex 3.69069 -10.245 1.4
      vertex 3.79637 -10.3378 1.4
    endloop
  endfacet
  facet normal -0.583602 -0.81204 0
    outer loop
      vertex 3.57381 -10.161 1.4
      vertex 3.69069 -10.245 2
      vertex 3.57381 -10.161 2
    endloop
  endfacet
  facet normal -0.583602 -0.81204 -0
    outer loop
      vertex 3.69069 -10.245 2
      vertex 3.57381 -10.161 1.4
      vertex 3.69069 -10.245 1.4
    endloop
  endfacet
  facet normal -0.504222 -0.863574 0
    outer loop
      vertex 3.4469 -10.0869 1.4
      vertex 3.57381 -10.161 2
      vertex 3.4469 -10.0869 2
    endloop
  endfacet
  facet normal -0.504222 -0.863574 -0
    outer loop
      vertex 3.57381 -10.161 2
      vertex 3.4469 -10.0869 1.4
      vertex 3.57381 -10.161 1.4
    endloop
  endfacet
  facet normal -0.424586 -0.905387 0
    outer loop
      vertex 3.31 -10.0227 1.4
      vertex 3.4469 -10.0869 2
      vertex 3.31 -10.0227 2
    endloop
  endfacet
  facet normal -0.424586 -0.905387 -0
    outer loop
      vertex 3.4469 -10.0869 2
      vertex 3.31 -10.0227 1.4
      vertex 3.4469 -10.0869 1.4
    endloop
  endfacet
  facet normal -0.34716 -0.937806 0
    outer loop
      vertex 3.1631 -9.96832 1.4
      vertex 3.31 -10.0227 2
      vertex 3.1631 -9.96832 2
    endloop
  endfacet
  facet normal -0.34716 -0.937806 -0
    outer loop
      vertex 3.31 -10.0227 2
      vertex 3.1631 -9.96832 1.4
      vertex 3.31 -10.0227 1.4
    endloop
  endfacet
  facet normal -0.272599 -0.962128 0
    outer loop
      vertex 3.00618 -9.92386 1.4
      vertex 3.1631 -9.96832 2
      vertex 3.00618 -9.92386 2
    endloop
  endfacet
  facet normal -0.272599 -0.962128 -0
    outer loop
      vertex 3.1631 -9.96832 2
      vertex 3.00618 -9.92386 1.4
      vertex 3.1631 -9.96832 1.4
    endloop
  endfacet
  facet normal -0.202914 -0.979197 0
    outer loop
      vertex 2.83926 -9.88927 1.4
      vertex 3.00618 -9.92386 2
      vertex 2.83926 -9.88927 2
    endloop
  endfacet
  facet normal -0.202914 -0.979197 -0
    outer loop
      vertex 3.00618 -9.92386 2
      vertex 2.83926 -9.88927 1.4
      vertex 3.00618 -9.92386 1.4
    endloop
  endfacet
  facet normal -0.138333 -0.990386 0
    outer loop
      vertex 2.66235 -9.86456 1.4
      vertex 2.83926 -9.88927 2
      vertex 2.66235 -9.86456 2
    endloop
  endfacet
  facet normal -0.138333 -0.990386 -0
    outer loop
      vertex 2.83926 -9.88927 2
      vertex 2.66235 -9.86456 1.4
      vertex 2.83926 -9.88927 1.4
    endloop
  endfacet
  facet normal -0.07898 -0.996876 0
    outer loop
      vertex 2.47542 -9.84975 1.4
      vertex 2.66235 -9.86456 2
      vertex 2.47542 -9.84975 2
    endloop
  endfacet
  facet normal -0.07898 -0.996876 -0
    outer loop
      vertex 2.66235 -9.86456 2
      vertex 2.47542 -9.84975 1.4
      vertex 2.66235 -9.86456 1.4
    endloop
  endfacet
  facet normal -0.0251279 -0.999684 0
    outer loop
      vertex 2.27849 -9.8448 1.4
      vertex 2.47542 -9.84975 2
      vertex 2.27849 -9.8448 2
    endloop
  endfacet
  facet normal -0.0251279 -0.999684 -0
    outer loop
      vertex 2.47542 -9.84975 2
      vertex 2.27849 -9.8448 1.4
      vertex 2.47542 -9.84975 1.4
    endloop
  endfacet
  facet normal 0.010311 -0.999947 0
    outer loop
      vertex 2.18636 -9.84575 1.4
      vertex 2.27849 -9.8448 2
      vertex 2.18636 -9.84575 2
    endloop
  endfacet
  facet normal 0.010311 -0.999947 0
    outer loop
      vertex 2.27849 -9.8448 2
      vertex 2.18636 -9.84575 1.4
      vertex 2.27849 -9.8448 1.4
    endloop
  endfacet
  facet normal 0.0304559 -0.999536 0
    outer loop
      vertex 2.09381 -9.84857 1.4
      vertex 2.18636 -9.84575 2
      vertex 2.09381 -9.84857 2
    endloop
  endfacet
  facet normal 0.0304559 -0.999536 0
    outer loop
      vertex 2.18636 -9.84575 2
      vertex 2.09381 -9.84857 1.4
      vertex 2.18636 -9.84575 1.4
    endloop
  endfacet
  facet normal 0.0503823 -0.99873 0
    outer loop
      vertex 2.00084 -9.85326 1.4
      vertex 2.09381 -9.84857 2
      vertex 2.00084 -9.85326 2
    endloop
  endfacet
  facet normal 0.0503823 -0.99873 0
    outer loop
      vertex 2.09381 -9.84857 2
      vertex 2.00084 -9.85326 1.4
      vertex 2.09381 -9.84857 1.4
    endloop
  endfacet
  facet normal 0.0701842 -0.997534 0
    outer loop
      vertex 1.90746 -9.85983 1.4
      vertex 2.00084 -9.85326 2
      vertex 1.90746 -9.85983 2
    endloop
  endfacet
  facet normal 0.0701842 -0.997534 0
    outer loop
      vertex 2.00084 -9.85326 2
      vertex 1.90746 -9.85983 1.4
      vertex 2.00084 -9.85326 1.4
    endloop
  endfacet
  facet normal 0.0899136 -0.99595 0
    outer loop
      vertex 1.81364 -9.8683 1.4
      vertex 1.90746 -9.85983 2
      vertex 1.81364 -9.8683 2
    endloop
  endfacet
  facet normal 0.0899136 -0.99595 0
    outer loop
      vertex 1.90746 -9.85983 2
      vertex 1.81364 -9.8683 1.4
      vertex 1.90746 -9.85983 1.4
    endloop
  endfacet
  facet normal 0.108984 -0.994044 0
    outer loop
      vertex 1.71942 -9.87863 1.4
      vertex 1.81364 -9.8683 2
      vertex 1.71942 -9.87863 2
    endloop
  endfacet
  facet normal 0.108984 -0.994044 0
    outer loop
      vertex 1.81364 -9.8683 2
      vertex 1.71942 -9.87863 1.4
      vertex 1.81364 -9.8683 1.4
    endloop
  endfacet
  facet normal 0.127968 -0.991778 0
    outer loop
      vertex 1.62479 -9.89084 1.4
      vertex 1.71942 -9.87863 2
      vertex 1.62479 -9.89084 2
    endloop
  endfacet
  facet normal 0.127968 -0.991778 0
    outer loop
      vertex 1.71942 -9.87863 2
      vertex 1.62479 -9.89084 1.4
      vertex 1.71942 -9.87863 1.4
    endloop
  endfacet
  facet normal 0.146707 -0.98918 0
    outer loop
      vertex 1.52972 -9.90494 1.4
      vertex 1.62479 -9.89084 2
      vertex 1.52972 -9.90494 2
    endloop
  endfacet
  facet normal 0.146707 -0.98918 0
    outer loop
      vertex 1.62479 -9.89084 2
      vertex 1.52972 -9.90494 1.4
      vertex 1.62479 -9.89084 1.4
    endloop
  endfacet
  facet normal 0.164973 -0.986298 0
    outer loop
      vertex 1.46569 -9.91565 1.4
      vertex 1.52972 -9.90494 2
      vertex 1.46569 -9.91565 2
    endloop
  endfacet
  facet normal 0.164973 -0.986298 0
    outer loop
      vertex 1.52972 -9.90494 2
      vertex 1.46569 -9.91565 1.4
      vertex 1.52972 -9.90494 1.4
    endloop
  endfacet
  facet normal 1 -0 0
    outer loop
      vertex 0.562836 -11.256 2
      vertex 0.562836 -10.3292 1.4
      vertex 0.562836 -10.3292 2
    endloop
  endfacet
  facet normal 1 0 0
    outer loop
      vertex 0.562836 -10.3292 1.4
      vertex 0.562836 -11.256 2
      vertex 0.562836 -11.256 1.4
    endloop
  endfacet
  facet normal -0.520774 0.853695 0
    outer loop
      vertex 0.654144 -11.2003 1.4
      vertex 0.562836 -11.256 2
      vertex 0.654144 -11.2003 2
    endloop
  endfacet
  facet normal -0.520774 0.853695 0
    outer loop
      vertex 0.562836 -11.256 2
      vertex 0.654144 -11.2003 1.4
      vertex 0.562836 -11.256 1.4
    endloop
  endfacet
  facet normal -0.503758 0.863845 0
    outer loop
      vertex 0.744171 -11.1478 1.4
      vertex 0.654144 -11.2003 2
      vertex 0.744171 -11.1478 2
    endloop
  endfacet
  facet normal -0.503758 0.863845 0
    outer loop
      vertex 0.654144 -11.2003 2
      vertex 0.744171 -11.1478 1.4
      vertex 0.654144 -11.2003 1.4
    endloop
  endfacet
  facet normal -0.48543 0.874276 0
    outer loop
      vertex 0.832962 -11.0985 1.4
      vertex 0.744171 -11.1478 2
      vertex 0.832962 -11.0985 2
    endloop
  endfacet
  facet normal -0.48543 0.874276 0
    outer loop
      vertex 0.744171 -11.1478 2
      vertex 0.832962 -11.0985 1.4
      vertex 0.744171 -11.1478 1.4
    endloop
  endfacet
  facet normal -0.467602 0.883939 0
    outer loop
      vertex 0.920486 -11.0522 1.4
      vertex 0.832962 -11.0985 2
      vertex 0.920486 -11.0522 2
    endloop
  endfacet
  facet normal -0.467602 0.883939 0
    outer loop
      vertex 0.832962 -11.0985 2
      vertex 0.920486 -11.0522 1.4
      vertex 0.832962 -11.0985 1.4
    endloop
  endfacet
  facet normal -0.446907 0.894581 0
    outer loop
      vertex 1.00676 -11.0091 1.4
      vertex 0.920486 -11.0522 2
      vertex 1.00676 -11.0091 2
    endloop
  endfacet
  facet normal -0.446907 0.894581 0
    outer loop
      vertex 0.920486 -11.0522 2
      vertex 1.00676 -11.0091 1.4
      vertex 0.920486 -11.0522 1.4
    endloop
  endfacet
  facet normal -0.425715 0.904857 0
    outer loop
      vertex 1.09178 -10.9691 1.4
      vertex 1.00676 -11.0091 2
      vertex 1.09178 -10.9691 2
    endloop
  endfacet
  facet normal -0.425715 0.904857 0
    outer loop
      vertex 1.00676 -11.0091 2
      vertex 1.09178 -10.9691 1.4
      vertex 1.00676 -11.0091 1.4
    endloop
  endfacet
  facet normal -0.40224 0.915534 0
    outer loop
      vertex 1.17554 -10.9323 1.4
      vertex 1.09178 -10.9691 2
      vertex 1.17554 -10.9323 2
    endloop
  endfacet
  facet normal -0.40224 0.915534 0
    outer loop
      vertex 1.09178 -10.9691 2
      vertex 1.17554 -10.9323 1.4
      vertex 1.09178 -10.9691 1.4
    endloop
  endfacet
  facet normal -0.378152 0.925743 0
    outer loop
      vertex 1.25804 -10.8986 1.4
      vertex 1.17554 -10.9323 2
      vertex 1.25804 -10.8986 2
    endloop
  endfacet
  facet normal -0.378152 0.925743 0
    outer loop
      vertex 1.17554 -10.9323 2
      vertex 1.25804 -10.8986 1.4
      vertex 1.17554 -10.9323 1.4
    endloop
  endfacet
  facet normal -0.351439 0.936211 0
    outer loop
      vertex 1.33929 -10.8681 1.4
      vertex 1.25804 -10.8986 2
      vertex 1.33929 -10.8681 2
    endloop
  endfacet
  facet normal -0.351439 0.936211 0
    outer loop
      vertex 1.25804 -10.8986 2
      vertex 1.33929 -10.8681 1.4
      vertex 1.25804 -10.8986 1.4
    endloop
  endfacet
  facet normal -0.324349 0.945938 0
    outer loop
      vertex 1.4192 -10.8407 1.4
      vertex 1.33929 -10.8681 2
      vertex 1.4192 -10.8407 2
    endloop
  endfacet
  facet normal -0.324349 0.945938 0
    outer loop
      vertex 1.33929 -10.8681 2
      vertex 1.4192 -10.8407 1.4
      vertex 1.33929 -10.8681 1.4
    endloop
  endfacet
  facet normal -0.294599 0.955621 0
    outer loop
      vertex 1.4977 -10.8165 1.4
      vertex 1.4192 -10.8407 2
      vertex 1.4977 -10.8165 2
    endloop
  endfacet
  facet normal -0.294599 0.955621 0
    outer loop
      vertex 1.4192 -10.8407 2
      vertex 1.4977 -10.8165 1.4
      vertex 1.4192 -10.8407 1.4
    endloop
  endfacet
  facet normal -0.261792 0.965124 0
    outer loop
      vertex 1.57475 -10.7956 1.4
      vertex 1.4977 -10.8165 2
      vertex 1.57475 -10.7956 2
    endloop
  endfacet
  facet normal -0.261792 0.965124 0
    outer loop
      vertex 1.4977 -10.8165 2
      vertex 1.57475 -10.7956 1.4
      vertex 1.4977 -10.8165 1.4
    endloop
  endfacet
  facet normal -0.227848 0.973697 0
    outer loop
      vertex 1.65039 -10.7779 1.4
      vertex 1.57475 -10.7956 2
      vertex 1.65039 -10.7779 2
    endloop
  endfacet
  facet normal -0.227848 0.973697 0
    outer loop
      vertex 1.57475 -10.7956 2
      vertex 1.65039 -10.7779 1.4
      vertex 1.57475 -10.7956 1.4
    endloop
  endfacet
  facet normal -0.19174 0.981446 0
    outer loop
      vertex 1.72461 -10.7634 1.4
      vertex 1.65039 -10.7779 2
      vertex 1.72461 -10.7634 2
    endloop
  endfacet
  facet normal -0.19174 0.981446 0
    outer loop
      vertex 1.65039 -10.7779 2
      vertex 1.72461 -10.7634 1.4
      vertex 1.65039 -10.7779 1.4
    endloop
  endfacet
  facet normal -0.153383 0.988167 0
    outer loop
      vertex 1.79741 -10.7521 1.4
      vertex 1.72461 -10.7634 2
      vertex 1.79741 -10.7521 2
    endloop
  endfacet
  facet normal -0.153383 0.988167 0
    outer loop
      vertex 1.72461 -10.7634 2
      vertex 1.79741 -10.7521 1.4
      vertex 1.72461 -10.7634 1.4
    endloop
  endfacet
  facet normal -0.112785 0.993619 0
    outer loop
      vertex 1.86877 -10.744 1.4
      vertex 1.79741 -10.7521 2
      vertex 1.86877 -10.744 2
    endloop
  endfacet
  facet normal -0.112785 0.993619 0
    outer loop
      vertex 1.79741 -10.7521 2
      vertex 1.86877 -10.744 1.4
      vertex 1.79741 -10.7521 1.4
    endloop
  endfacet
  facet normal -0.0684595 0.997654 0
    outer loop
      vertex 1.93872 -10.7392 1.4
      vertex 1.86877 -10.744 2
      vertex 1.93872 -10.7392 2
    endloop
  endfacet
  facet normal -0.0684595 0.997654 0
    outer loop
      vertex 1.86877 -10.744 2
      vertex 1.93872 -10.7392 1.4
      vertex 1.86877 -10.744 1.4
    endloop
  endfacet
  facet normal -0.0233411 0.999728 0
    outer loop
      vertex 2.00725 -10.7376 1.4
      vertex 1.93872 -10.7392 2
      vertex 2.00725 -10.7376 2
    endloop
  endfacet
  facet normal -0.0233411 0.999728 0
    outer loop
      vertex 1.93872 -10.7392 2
      vertex 2.00725 -10.7376 1.4
      vertex 1.93872 -10.7392 1.4
    endloop
  endfacet
  facet normal 0.0313108 0.99951 -0
    outer loop
      vertex 2.09344 -10.7403 1.4
      vertex 2.00725 -10.7376 2
      vertex 2.09344 -10.7403 2
    endloop
  endfacet
  facet normal 0.0313108 0.99951 0
    outer loop
      vertex 2.00725 -10.7376 2
      vertex 2.09344 -10.7403 1.4
      vertex 2.00725 -10.7376 1.4
    endloop
  endfacet
  facet normal 0.0967144 0.995312 -0
    outer loop
      vertex 2.17577 -10.7483 1.4
      vertex 2.09344 -10.7403 2
      vertex 2.17577 -10.7483 2
    endloop
  endfacet
  facet normal 0.0967144 0.995312 0
    outer loop
      vertex 2.09344 -10.7403 2
      vertex 2.17577 -10.7483 1.4
      vertex 2.09344 -10.7403 1.4
    endloop
  endfacet
  facet normal 0.168413 0.985717 -0
    outer loop
      vertex 2.2542 -10.7617 1.4
      vertex 2.17577 -10.7483 2
      vertex 2.2542 -10.7617 2
    endloop
  endfacet
  facet normal 0.168413 0.985717 0
    outer loop
      vertex 2.17577 -10.7483 2
      vertex 2.2542 -10.7617 1.4
      vertex 2.17577 -10.7483 1.4
    endloop
  endfacet
  facet normal 0.244617 0.96962 -0
    outer loop
      vertex 2.32872 -10.7805 1.4
      vertex 2.2542 -10.7617 2
      vertex 2.32872 -10.7805 2
    endloop
  endfacet
  facet normal 0.244617 0.96962 0
    outer loop
      vertex 2.2542 -10.7617 2
      vertex 2.32872 -10.7805 1.4
      vertex 2.2542 -10.7617 1.4
    endloop
  endfacet
  facet normal 0.322851 0.94645 -0
    outer loop
      vertex 2.39937 -10.8046 1.4
      vertex 2.32872 -10.7805 2
      vertex 2.39937 -10.8046 2
    endloop
  endfacet
  facet normal 0.322851 0.94645 0
    outer loop
      vertex 2.32872 -10.7805 2
      vertex 2.39937 -10.8046 1.4
      vertex 2.32872 -10.7805 1.4
    endloop
  endfacet
  facet normal 0.403134 0.915141 -0
    outer loop
      vertex 2.46611 -10.834 1.4
      vertex 2.39937 -10.8046 2
      vertex 2.46611 -10.834 2
    endloop
  endfacet
  facet normal 0.403134 0.915141 0
    outer loop
      vertex 2.39937 -10.8046 2
      vertex 2.46611 -10.834 1.4
      vertex 2.39937 -10.8046 1.4
    endloop
  endfacet
  facet normal 0.485466 0.874256 -0
    outer loop
      vertex 2.52896 -10.8689 1.4
      vertex 2.46611 -10.834 2
      vertex 2.52896 -10.8689 2
    endloop
  endfacet
  facet normal 0.485466 0.874256 0
    outer loop
      vertex 2.46611 -10.834 2
      vertex 2.52896 -10.8689 1.4
      vertex 2.46611 -10.834 1.4
    endloop
  endfacet
  facet normal 0.563337 0.826227 -0
    outer loop
      vertex 2.58792 -10.9091 1.4
      vertex 2.52896 -10.8689 2
      vertex 2.58792 -10.9091 2
    endloop
  endfacet
  facet normal 0.563337 0.826227 0
    outer loop
      vertex 2.52896 -10.8689 2
      vertex 2.58792 -10.9091 1.4
      vertex 2.52896 -10.8689 1.4
    endloop
  endfacet
  facet normal 0.636943 0.770911 -0
    outer loop
      vertex 2.64299 -10.9546 1.4
      vertex 2.58792 -10.9091 2
      vertex 2.64299 -10.9546 2
    endloop
  endfacet
  facet normal 0.636943 0.770911 0
    outer loop
      vertex 2.58792 -10.9091 2
      vertex 2.64299 -10.9546 1.4
      vertex 2.58792 -10.9091 1.4
    endloop
  endfacet
  facet normal 0.705196 0.709012 -0
    outer loop
      vertex 2.69316 -11.0045 1.4
      vertex 2.64299 -10.9546 2
      vertex 2.69316 -11.0045 2
    endloop
  endfacet
  facet normal 0.705196 0.709012 0
    outer loop
      vertex 2.64299 -10.9546 2
      vertex 2.69316 -11.0045 1.4
      vertex 2.64299 -10.9546 1.4
    endloop
  endfacet
  facet normal 0.76985 0.638225 0
    outer loop
      vertex 2.73743 -11.0579 2
      vertex 2.69316 -11.0045 1.4
      vertex 2.69316 -11.0045 2
    endloop
  endfacet
  facet normal 0.76985 0.638225 0
    outer loop
      vertex 2.69316 -11.0045 1.4
      vertex 2.73743 -11.0579 2
      vertex 2.73743 -11.0579 1.4
    endloop
  endfacet
  facet normal 0.828646 0.559773 0
    outer loop
      vertex 2.7758 -11.1147 2
      vertex 2.73743 -11.0579 1.4
      vertex 2.73743 -11.0579 2
    endloop
  endfacet
  facet normal 0.828646 0.559773 0
    outer loop
      vertex 2.73743 -11.0579 1.4
      vertex 2.7758 -11.1147 2
      vertex 2.7758 -11.1147 1.4
    endloop
  endfacet
  facet normal 0.880199 0.474605 0
    outer loop
      vertex 2.80826 -11.1749 2
      vertex 2.7758 -11.1147 1.4
      vertex 2.7758 -11.1147 2
    endloop
  endfacet
  facet normal 0.880199 0.474605 0
    outer loop
      vertex 2.7758 -11.1147 1.4
      vertex 2.80826 -11.1749 2
      vertex 2.80826 -11.1749 1.4
    endloop
  endfacet
  facet normal 0.922983 0.384842 0
    outer loop
      vertex 2.83482 -11.2386 2
      vertex 2.80826 -11.1749 1.4
      vertex 2.80826 -11.1749 2
    endloop
  endfacet
  facet normal 0.922983 0.384842 0
    outer loop
      vertex 2.80826 -11.1749 1.4
      vertex 2.83482 -11.2386 2
      vertex 2.83482 -11.2386 1.4
    endloop
  endfacet
  facet normal 0.9556 0.294667 0
    outer loop
      vertex 2.85548 -11.3056 2
      vertex 2.83482 -11.2386 1.4
      vertex 2.83482 -11.2386 2
    endloop
  endfacet
  facet normal 0.9556 0.294667 0
    outer loop
      vertex 2.83482 -11.2386 1.4
      vertex 2.85548 -11.3056 2
      vertex 2.85548 -11.3056 1.4
    endloop
  endfacet
  facet normal 0.978837 0.204641 0
    outer loop
      vertex 2.87024 -11.3762 2
      vertex 2.85548 -11.3056 1.4
      vertex 2.85548 -11.3056 2
    endloop
  endfacet
  facet normal 0.978837 0.204641 0
    outer loop
      vertex 2.85548 -11.3056 1.4
      vertex 2.87024 -11.3762 2
      vertex 2.87024 -11.3762 1.4
    endloop
  endfacet
  facet normal 0.992905 0.118907 0
    outer loop
      vertex 2.87909 -11.4501 2
      vertex 2.87024 -11.3762 1.4
      vertex 2.87024 -11.3762 2
    endloop
  endfacet
  facet normal 0.992905 0.118907 0
    outer loop
      vertex 2.87024 -11.3762 1.4
      vertex 2.87909 -11.4501 2
      vertex 2.87909 -11.4501 1.4
    endloop
  endfacet
  facet normal 0.99927 0.038215 0
    outer loop
      vertex 2.88205 -11.5275 2
      vertex 2.87909 -11.4501 1.4
      vertex 2.87909 -11.4501 2
    endloop
  endfacet
  facet normal 0.99927 0.038215 0
    outer loop
      vertex 2.87909 -11.4501 1.4
      vertex 2.88205 -11.5275 2
      vertex 2.88205 -11.5275 1.4
    endloop
  endfacet
  facet normal 0.999579 -0.0290074 0
    outer loop
      vertex 2.88057 -11.5785 2
      vertex 2.88205 -11.5275 1.4
      vertex 2.88205 -11.5275 2
    endloop
  endfacet
  facet normal 0.999579 -0.0290074 0
    outer loop
      vertex 2.88205 -11.5275 1.4
      vertex 2.88057 -11.5785 2
      vertex 2.88057 -11.5785 1.4
    endloop
  endfacet
  facet normal 0.996241 -0.0866296 0
    outer loop
      vertex 2.87617 -11.6291 2
      vertex 2.88057 -11.5785 1.4
      vertex 2.88057 -11.5785 2
    endloop
  endfacet
  facet normal 0.996241 -0.0866296 0
    outer loop
      vertex 2.88057 -11.5785 1.4
      vertex 2.87617 -11.6291 2
      vertex 2.87617 -11.6291 1.4
    endloop
  endfacet
  facet normal 0.989535 -0.144291 0
    outer loop
      vertex 2.86885 -11.6793 2
      vertex 2.87617 -11.6291 1.4
      vertex 2.87617 -11.6291 2
    endloop
  endfacet
  facet normal 0.989535 -0.144291 0
    outer loop
      vertex 2.87617 -11.6291 1.4
      vertex 2.86885 -11.6793 2
      vertex 2.86885 -11.6793 1.4
    endloop
  endfacet
  facet normal 0.979468 -0.201597 0
    outer loop
      vertex 2.8586 -11.7291 2
      vertex 2.86885 -11.6793 1.4
      vertex 2.86885 -11.6793 2
    endloop
  endfacet
  facet normal 0.979468 -0.201597 0
    outer loop
      vertex 2.86885 -11.6793 1.4
      vertex 2.8586 -11.7291 2
      vertex 2.8586 -11.7291 1.4
    endloop
  endfacet
  facet normal 0.966023 -0.258455 0
    outer loop
      vertex 2.84541 -11.7784 2
      vertex 2.8586 -11.7291 1.4
      vertex 2.8586 -11.7291 2
    endloop
  endfacet
  facet normal 0.966023 -0.258455 0
    outer loop
      vertex 2.8586 -11.7291 1.4
      vertex 2.84541 -11.7784 2
      vertex 2.84541 -11.7784 1.4
    endloop
  endfacet
  facet normal 0.949859 -0.312678 0
    outer loop
      vertex 2.82928 -11.8274 2
      vertex 2.84541 -11.7784 1.4
      vertex 2.84541 -11.7784 2
    endloop
  endfacet
  facet normal 0.949859 -0.312678 0
    outer loop
      vertex 2.84541 -11.7784 1.4
      vertex 2.82928 -11.8274 2
      vertex 2.82928 -11.8274 1.4
    endloop
  endfacet
  facet normal 0.93084 -0.365427 0
    outer loop
      vertex 2.81024 -11.8759 2
      vertex 2.82928 -11.8274 1.4
      vertex 2.82928 -11.8274 2
    endloop
  endfacet
  facet normal 0.93084 -0.365427 0
    outer loop
      vertex 2.82928 -11.8274 1.4
      vertex 2.81024 -11.8759 2
      vertex 2.81024 -11.8759 1.4
    endloop
  endfacet
  facet normal 0.909464 -0.415782 0
    outer loop
      vertex 2.78825 -11.924 2
      vertex 2.81024 -11.8759 1.4
      vertex 2.81024 -11.8759 2
    endloop
  endfacet
  facet normal 0.909464 -0.415782 0
    outer loop
      vertex 2.81024 -11.8759 1.4
      vertex 2.78825 -11.924 2
      vertex 2.78825 -11.924 1.4
    endloop
  endfacet
  facet normal 0.886409 -0.462903 0
    outer loop
      vertex 2.76334 -11.9717 2
      vertex 2.78825 -11.924 1.4
      vertex 2.78825 -11.924 2
    endloop
  endfacet
  facet normal 0.886409 -0.462903 0
    outer loop
      vertex 2.78825 -11.924 1.4
      vertex 2.76334 -11.9717 2
      vertex 2.76334 -11.9717 1.4
    endloop
  endfacet
  facet normal 0.861785 -0.507274 0
    outer loop
      vertex 2.73538 -12.0192 2
      vertex 2.76334 -11.9717 1.4
      vertex 2.76334 -11.9717 2
    endloop
  endfacet
  facet normal 0.861785 -0.507274 0
    outer loop
      vertex 2.76334 -11.9717 1.4
      vertex 2.73538 -12.0192 2
      vertex 2.73538 -12.0192 1.4
    endloop
  endfacet
  facet normal 0.838404 -0.54505 0
    outer loop
      vertex 2.70424 -12.0671 2
      vertex 2.73538 -12.0192 1.4
      vertex 2.73538 -12.0192 2
    endloop
  endfacet
  facet normal 0.838404 -0.54505 0
    outer loop
      vertex 2.73538 -12.0192 1.4
      vertex 2.70424 -12.0671 2
      vertex 2.70424 -12.0671 1.4
    endloop
  endfacet
  facet normal 0.814031 -0.580822 0
    outer loop
      vertex 2.66992 -12.1152 2
      vertex 2.70424 -12.0671 1.4
      vertex 2.70424 -12.0671 2
    endloop
  endfacet
  facet normal 0.814031 -0.580822 0
    outer loop
      vertex 2.70424 -12.0671 1.4
      vertex 2.66992 -12.1152 2
      vertex 2.66992 -12.1152 1.4
    endloop
  endfacet
  facet normal 0.78988 -0.613261 0
    outer loop
      vertex 2.63242 -12.1635 2
      vertex 2.66992 -12.1152 1.4
      vertex 2.66992 -12.1152 2
    endloop
  endfacet
  facet normal 0.78988 -0.613261 0
    outer loop
      vertex 2.66992 -12.1152 1.4
      vertex 2.63242 -12.1635 2
      vertex 2.63242 -12.1635 1.4
    endloop
  endfacet
  facet normal 0.766667 -0.642044 0
    outer loop
      vertex 2.59172 -12.2121 2
      vertex 2.63242 -12.1635 1.4
      vertex 2.63242 -12.1635 2
    endloop
  endfacet
  facet normal 0.766667 -0.642044 0
    outer loop
      vertex 2.63242 -12.1635 1.4
      vertex 2.59172 -12.2121 2
      vertex 2.59172 -12.2121 1.4
    endloop
  endfacet
  facet normal 0.743673 -0.668544 0
    outer loop
      vertex 2.54785 -12.2609 2
      vertex 2.59172 -12.2121 1.4
      vertex 2.59172 -12.2121 2
    endloop
  endfacet
  facet normal 0.743673 -0.668544 0
    outer loop
      vertex 2.59172 -12.2121 1.4
      vertex 2.54785 -12.2609 2
      vertex 2.54785 -12.2609 1.4
    endloop
  endfacet
  facet normal 0.721945 -0.69195 0
    outer loop
      vertex 2.50079 -12.31 2
      vertex 2.54785 -12.2609 1.4
      vertex 2.54785 -12.2609 2
    endloop
  endfacet
  facet normal 0.721945 -0.69195 0
    outer loop
      vertex 2.54785 -12.2609 1.4
      vertex 2.50079 -12.31 2
      vertex 2.50079 -12.31 1.4
    endloop
  endfacet
  facet normal 0.701192 -0.712973 0
    outer loop
      vertex 2.45056 -12.3594 1.4
      vertex 2.50079 -12.31 2
      vertex 2.45056 -12.3594 2
    endloop
  endfacet
  facet normal 0.701192 -0.712973 0
    outer loop
      vertex 2.50079 -12.31 2
      vertex 2.45056 -12.3594 1.4
      vertex 2.50079 -12.31 1.4
    endloop
  endfacet
  facet normal 0.68042 -0.732823 0
    outer loop
      vertex 2.39714 -12.409 1.4
      vertex 2.45056 -12.3594 2
      vertex 2.39714 -12.409 2
    endloop
  endfacet
  facet normal 0.68042 -0.732823 0
    outer loop
      vertex 2.45056 -12.3594 2
      vertex 2.39714 -12.409 1.4
      vertex 2.45056 -12.3594 1.4
    endloop
  endfacet
  facet normal 0.661745 -0.749729 0
    outer loop
      vertex 0.549286 -14.04 1.4
      vertex 2.39714 -12.409 2
      vertex 0.549286 -14.04 2
    endloop
  endfacet
  facet normal 0.661745 -0.749729 0
    outer loop
      vertex 2.39714 -12.409 2
      vertex 0.549286 -14.04 1.4
      vertex 2.39714 -12.409 1.4
    endloop
  endfacet
  facet normal 1 -0 0
    outer loop
      vertex 0.549286 -15 2
      vertex 0.549286 -14.04 1.4
      vertex 0.549286 -14.04 2
    endloop
  endfacet
  facet normal 1 0 0
    outer loop
      vertex 0.549286 -14.04 1.4
      vertex 0.549286 -15 2
      vertex 0.549286 -15 1.4
    endloop
  endfacet
  facet normal 0 1 -0
    outer loop
      vertex 4.22809 -15 1.4
      vertex 0.549286 -15 2
      vertex 4.22809 -15 2
    endloop
  endfacet
  facet normal 0 1 0
    outer loop
      vertex 0.549286 -15 2
      vertex 4.22809 -15 1.4
      vertex 0.549286 -15 1.4
    endloop
  endfacet
  facet normal -1 0 0
    outer loop
      vertex 4.22809 -15 1.4
      vertex 4.22809 -14.04 2
      vertex 4.22809 -14.04 1.4
    endloop
  endfacet
  facet normal -1 -0 0
    outer loop
      vertex 4.22809 -14.04 2
      vertex 4.22809 -15 1.4
      vertex 4.22809 -15 2
    endloop
  endfacet
  facet normal 0 1 -0
    outer loop
      vertex -0.205795 -14.0784 1.4
      vertex -0.927994 -14.0784 2
      vertex -0.205795 -14.0784 2
    endloop
  endfacet
  facet normal 0 1 0
    outer loop
      vertex -0.927994 -14.0784 2
      vertex -0.205795 -14.0784 1.4
      vertex -0.927994 -14.0784 1.4
    endloop
  endfacet
  facet normal -1 0 0
    outer loop
      vertex -0.205795 -14.0784 1.4
      vertex -0.205795 -13.1312 2
      vertex -0.205795 -13.1312 1.4
    endloop
  endfacet
  facet normal -1 -0 0
    outer loop
      vertex -0.205795 -13.1312 2
      vertex -0.205795 -14.0784 1.4
      vertex -0.205795 -14.0784 2
    endloop
  endfacet
  facet normal 0 -1 0
    outer loop
      vertex -0.927994 -13.1312 1.4
      vertex -0.205795 -13.1312 2
      vertex -0.927994 -13.1312 2
    endloop
  endfacet
  facet normal 0 -1 -0
    outer loop
      vertex -0.205795 -13.1312 2
      vertex -0.927994 -13.1312 1.4
      vertex -0.205795 -13.1312 1.4
    endloop
  endfacet
  facet normal -1 0 0
    outer loop
      vertex -0.927994 -13.1312 1.4
      vertex -0.927994 -10.2184 2
      vertex -0.927994 -10.2184 1.4
    endloop
  endfacet
  facet normal -1 -0 0
    outer loop
      vertex -0.927994 -10.2184 2
      vertex -0.927994 -13.1312 1.4
      vertex -0.927994 -13.1312 2
    endloop
  endfacet
  facet normal 0 -1 0
    outer loop
      vertex -2.37915 -9.93761 1.4
      vertex -1.43894 -9.93761 2
      vertex -2.37915 -9.93761 2
    endloop
  endfacet
  facet normal 0 -1 -0
    outer loop
      vertex -1.43894 -9.93761 2
      vertex -2.37915 -9.93761 1.4
      vertex -1.43894 -9.93761 1.4
    endloop
  endfacet
  facet normal 0.830381 -0.557196 0
    outer loop
      vertex -4.40674 -12.9593 2
      vertex -2.37915 -9.93761 1.4
      vertex -2.37915 -9.93761 2
    endloop
  endfacet
  facet normal 0.830381 -0.557196 0
    outer loop
      vertex -2.37915 -9.93761 1.4
      vertex -4.40674 -12.9593 2
      vertex -4.40674 -12.9593 1.4
    endloop
  endfacet
  facet normal 1 -0 0
    outer loop
      vertex -4.40674 -14.0784 2
      vertex -4.40674 -12.9593 1.4
      vertex -4.40674 -12.9593 2
    endloop
  endfacet
  facet normal 1 0 0
    outer loop
      vertex -4.40674 -12.9593 1.4
      vertex -4.40674 -14.0784 2
      vertex -4.40674 -14.0784 1.4
    endloop
  endfacet
  facet normal 0 1 -0
    outer loop
      vertex -2.16214 -14.0784 1.4
      vertex -4.40674 -14.0784 2
      vertex -2.16214 -14.0784 2
    endloop
  endfacet
  facet normal 0 1 0
    outer loop
      vertex -4.40674 -14.0784 2
      vertex -2.16214 -14.0784 1.4
      vertex -4.40674 -14.0784 1.4
    endloop
  endfacet
  facet normal 1 -0 0
    outer loop
      vertex -2.16214 -15 2
      vertex -2.16214 -14.0784 1.4
      vertex -2.16214 -14.0784 2
    endloop
  endfacet
  facet normal 1 0 0
    outer loop
      vertex -2.16214 -14.0784 1.4
      vertex -2.16214 -15 2
      vertex -2.16214 -15 1.4
    endloop
  endfacet
  facet normal 0 1 -0
    outer loop
      vertex -0.927994 -15 1.4
      vertex -2.16214 -15 2
      vertex -0.927994 -15 2
    endloop
  endfacet
  facet normal 0 1 0
    outer loop
      vertex -2.16214 -15 2
      vertex -0.927994 -15 1.4
      vertex -2.16214 -15 1.4
    endloop
  endfacet
  facet normal -1 0 0
    outer loop
      vertex -0.927994 -15 1.4
      vertex -0.927994 -14.0784 2
      vertex -0.927994 -14.0784 1.4
    endloop
  endfacet
  facet normal -1 -0 0
    outer loop
      vertex -0.927994 -14.0784 2
      vertex -0.927994 -15 1.4
      vertex -0.927994 -15 2
    endloop
  endfacet
  facet normal -0.828741 0.559632 0
    outer loop
      vertex -3.59299 -13.1312 1.4
      vertex -2.16214 -11.0123 2
      vertex -2.16214 -11.0123 1.4
    endloop
  endfacet
  facet normal -0.828741 0.559632 0
    outer loop
      vertex -2.16214 -11.0123 2
      vertex -3.59299 -13.1312 1.4
      vertex -3.59299 -13.1312 2
    endloop
  endfacet
  facet normal 1 -0 0
    outer loop
      vertex -2.16214 -13.1312 2
      vertex -2.16214 -11.0123 1.4
      vertex -2.16214 -11.0123 2
    endloop
  endfacet
  facet normal 1 0 0
    outer loop
      vertex -2.16214 -11.0123 1.4
      vertex -2.16214 -13.1312 2
      vertex -2.16214 -13.1312 1.4
    endloop
  endfacet
  facet normal 0 -1 0
    outer loop
      vertex -3.59299 -13.1312 1.4
      vertex -2.16214 -13.1312 2
      vertex -3.59299 -13.1312 2
    endloop
  endfacet
  facet normal 0 -1 -0
    outer loop
      vertex -2.16214 -13.1312 2
      vertex -3.59299 -13.1312 1.4
      vertex -2.16214 -13.1312 1.4
    endloop
  endfacet
endsolid OpenSCAD_Model
